AudioSeal 탐지기 로딩 중... (device=cuda)
완료!

총 원본 파일 수: 100개
============================================================
공격 단계: ['MP3_128kbps', 'MP3_320kbps', 'Resample_44100RT', 'Crop_10pct', 'TSM_1.1x', 'AWGN_30dB', 'Limiter', 'Opus_32kbps', 'AAC_128kbps', 'TelephoneFilter', 'EnCodec_6kbps', 'DAC']

[1/100] 0431_민속악_판소리.wav
  [CACHE]  캐시된 임베딩 재사용 (10.1초)
  [NoAttack]  BER=0.0 NC=1.0 DSR=1 MIoU=0.5 SI-SNR=26.35dB
  [MP3_128kbps] BER=0.0 NC=1.0 DSR=1 MIoU=0.5 SI-SNR=21.14dB
  [MP3_320kbps] BER=0.0 NC=1.0 DSR=1 MIoU=0.5 SI-SNR=21.14dB
  [Resample_44100RT] BER=0.0 NC=1.0 DSR=1 MIoU=0.5 SI-SNR=26.17dB
  [Crop_10pct] BER=0.0 NC=1.0 DSR=1 MIoU=0.4214 SI-SNR=26.34dB
  [TSM_1.1x] BER=0.0 NC=1.0 DSR=0 MIoU=0.0804 SI-SNR=dB
  [AWGN_30dB] BER=0.0625 NC=0.875 DSR=1 MIoU=0.4785 SI-SNR=24.79dB
  [Limiter] BER=0.0 NC=1.0 DSR=1 MIoU=0.5 SI-SNR=26.35dB
  [Opus_32kbps] BER=0.0 NC=1.0 DSR=1 MIoU=0.5 SI-SNR=16.43dB
  [AAC_128kbps] BER=0.0 NC=1.0 DSR=1 MIoU=0.5 SI-SNR=25.59dB
  [TelephoneFilter] BER=0.0 NC=1.0 DSR=1 MIoU=0.5 SI-SNR=-5.1dB
  [EnCodec_6kbps] BER=0.5625 NC=-0.125 DSR=0 MIoU=0.1019 SI-SNR=1.6dB
  [DAC] BER=0.75 NC=-0.5 DSR=0 MIoU=0.08 SI-SNR=-12.44dB

[2/100] 0435_민속악_판소리.wav
  [CACHE]  캐시된 임베딩 재사용 (10.1초)
  [NoAttack]  BER=0.0 NC=1.0 DSR=1 MIoU=0.5 SI-SNR=28.25dB
  [MP3_128kbps] BER=0.0 NC=1.0 DSR=1 MIoU=0.5 SI-SNR=24.66dB
  [MP3_320kbps] BER=0.0 NC=1.0 DSR=1 MIoU=0.5 SI-SNR=24.66dB
  [Resample_44100RT] BER=0.0 NC=1.0 DSR=1 MIoU=0.5 SI-SNR=28.14dB
  [Crop_10pct] BER=0.0 NC=1.0 DSR=1 MIoU=0.3764 SI-SNR=28.14dB
  [TSM_1.1x] BER=0.0 NC=1.0 DSR=0 MIoU=0.1389 SI-SNR=dB
  [AWGN_30dB] BER=0.0 NC=1.0 DSR=1 MIoU=0.4965 SI-SNR=26.02dB
  [Limiter] BER=0.0 NC=1.0 DSR=1 MIoU=0.5 SI-SNR=28.25dB
  [Opus_32kbps] BER=0.0 NC=1.0 DSR=1 MIoU=0.4998 SI-SNR=17.96dB
  [AAC_128kbps] BER=0.0 NC=1.0 DSR=1 MIoU=0.5 SI-SNR=27.12dB
  [TelephoneFilter] BER=0.0 NC=1.0 DSR=1 MIoU=0.5 SI-SNR=-5.36dB
  [EnCodec_6kbps] BER=0.25 NC=0.5 DSR=0 MIoU=0.135 SI-SNR=1.93dB
  [DAC] BER=0.8125 NC=-0.625 DSR=0 MIoU=0.0 SI-SNR=-14.14dB

[3/100] 0437_민속악_판소리.wav
  [CACHE]  캐시된 임베딩 재사용 (10.1초)
  [NoAttack]  BER=0.0 NC=1.0 DSR=1 MIoU=0.5 SI-SNR=26.21dB
  [MP3_128kbps] BER=0.0 NC=1.0 DSR=1 MIoU=0.5 SI-SNR=23.92dB
  [MP3_320kbps] BER=0.0 NC=1.0 DSR=1 MIoU=0.5 SI-SNR=23.92dB
  [Resample_44100RT] BER=0.0 NC=1.0 DSR=1 MIoU=0.5 SI-SNR=26.15dB
  [Crop_10pct] BER=0.0 NC=1.0 DSR=1 MIoU=0.3177 SI-SNR=26.0dB
  [TSM_1.1x] BER=0.0625 NC=0.875 DSR=0 MIoU=0.1093 SI-SNR=dB
  [AWGN_30dB] BER=0.0 NC=1.0 DSR=1 MIoU=0.4628 SI-SNR=24.68dB
  [Limiter] BER=0.0 NC=1.0 DSR=1 MIoU=0.5 SI-SNR=26.21dB
  [Opus_32kbps] BER=0.0 NC=1.0 DSR=1 MIoU=0.5 SI-SNR=17.92dB
  [AAC_128kbps] BER=0.0 NC=1.0 DSR=1 MIoU=0.5 SI-SNR=25.63dB
  [TelephoneFilter] BER=0.0 NC=1.0 DSR=1 MIoU=0.5 SI-SNR=-6.36dB
  [EnCodec_6kbps] BER=0.375 NC=0.25 DSR=0 MIoU=0.1543 SI-SNR=1.26dB
  [DAC] BER=0.6875 NC=-0.375 DSR=0 MIoU=0.0005 SI-SNR=-12.55dB

[4/100] 0438_민속악_판소리.wav
  [CACHE]  캐시된 임베딩 재사용 (10.1초)
  [NoAttack]  BER=0.0 NC=1.0 DSR=1 MIoU=0.5 SI-SNR=26.81dB
  [MP3_128kbps] BER=0.0 NC=1.0 DSR=1 MIoU=0.5 SI-SNR=24.14dB
  [MP3_320kbps] BER=0.0 NC=1.0 DSR=1 MIoU=0.5 SI-SNR=24.13dB
  [Resample_44100RT] BER=0.0 NC=1.0 DSR=1 MIoU=0.5 SI-SNR=26.68dB
  [Crop_10pct] BER=0.375 NC=0.25 DSR=1 MIoU=0.457 SI-SNR=26.81dB
  [TSM_1.1x] BER=0.125 NC=0.75 DSR=0 MIoU=0.226 SI-SNR=dB
  [AWGN_30dB] BER=0.0 NC=1.0 DSR=1 MIoU=0.4761 SI-SNR=25.11dB
  [Limiter] BER=0.0 NC=1.0 DSR=1 MIoU=0.5 SI-SNR=26.81dB
  [Opus_32kbps] BER=0.0 NC=1.0 DSR=1 MIoU=0.5 SI-SNR=17.2dB
  [AAC_128kbps] BER=0.0 NC=1.0 DSR=1 MIoU=0.5 SI-SNR=25.95dB
  [TelephoneFilter] BER=0.0 NC=1.0 DSR=1 MIoU=0.4936 SI-SNR=-3.67dB
  [EnCodec_6kbps] BER=0.4375 NC=0.125 DSR=0 MIoU=0.2016 SI-SNR=0.76dB
  [DAC] BER=0.75 NC=-0.5 DSR=0 MIoU=0.0244 SI-SNR=-33.74dB

[5/100] 0442_민속악_판소리.wav
  [CACHE]  캐시된 임베딩 재사용 (10.1초)
  [NoAttack]  BER=0.0 NC=1.0 DSR=1 MIoU=0.5 SI-SNR=25.5dB
  [MP3_128kbps] BER=0.0 NC=1.0 DSR=1 MIoU=0.5 SI-SNR=22.87dB
  [MP3_320kbps] BER=0.0 NC=1.0 DSR=1 MIoU=0.5 SI-SNR=22.87dB
  [Resample_44100RT] BER=0.0 NC=1.0 DSR=1 MIoU=0.5 SI-SNR=25.36dB
  [Crop_10pct] BER=0.0 NC=1.0 DSR=1 MIoU=0.2698 SI-SNR=25.38dB
  [TSM_1.1x] BER=0.0 NC=1.0 DSR=0 MIoU=0.1298 SI-SNR=dB
  [AWGN_30dB] BER=0.0 NC=1.0 DSR=1 MIoU=0.5 SI-SNR=24.17dB
  [Limiter] BER=0.0 NC=1.0 DSR=1 MIoU=0.5 SI-SNR=25.5dB
  [Opus_32kbps] BER=0.0625 NC=0.875 DSR=1 MIoU=0.5 SI-SNR=18.72dB
  [AAC_128kbps] BER=0.0 NC=1.0 DSR=1 MIoU=0.5 SI-SNR=25.12dB
  [TelephoneFilter] BER=0.0 NC=1.0 DSR=1 MIoU=0.5 SI-SNR=-0.96dB
  [EnCodec_6kbps] BER=0.375 NC=0.25 DSR=0 MIoU=0.1091 SI-SNR=2.58dB
  [DAC] BER=0.5625 NC=-0.125 DSR=0 MIoU=0.0136 SI-SNR=-13.94dB

[6/100] 0451_민속악_판소리.wav
  [CACHE]  캐시된 임베딩 재사용 (10.1초)
  [NoAttack]  BER=0.0 NC=1.0 DSR=1 MIoU=0.5 SI-SNR=26.81dB
  [MP3_128kbps] BER=0.0 NC=1.0 DSR=1 MIoU=0.5 SI-SNR=23.38dB
  [MP3_320kbps] BER=0.0 NC=1.0 DSR=1 MIoU=0.5 SI-SNR=23.38dB
  [Resample_44100RT] BER=0.0 NC=1.0 DSR=1 MIoU=0.5 SI-SNR=26.72dB
  [Crop_10pct] BER=0.125 NC=0.75 DSR=0 MIoU=0.1222 SI-SNR=26.66dB
  [TSM_1.1x] BER=0.1875 NC=0.625 DSR=0 MIoU=0.1655 SI-SNR=dB
  [AWGN_30dB] BER=0.0625 NC=0.875 DSR=1 MIoU=0.4873 SI-SNR=25.1dB
  [Limiter] BER=0.0 NC=1.0 DSR=1 MIoU=0.5 SI-SNR=26.81dB
  [Opus_32kbps] BER=0.0 NC=1.0 DSR=1 MIoU=0.5 SI-SNR=18.02dB
  [AAC_128kbps] BER=0.0 NC=1.0 DSR=1 MIoU=0.5 SI-SNR=26.53dB
  [TelephoneFilter] BER=0.0625 NC=0.875 DSR=1 MIoU=0.5 SI-SNR=-7.71dB
  [EnCodec_6kbps] BER=0.375 NC=0.25 DSR=0 MIoU=0.1657 SI-SNR=-3.0dB
  [DAC] BER=0.6875 NC=-0.375 DSR=0 MIoU=0.0029 SI-SNR=-18.42dB

[7/100] 0466_민속악_판소리.wav
  [CACHE]  캐시된 임베딩 재사용 (10.1초)
  [NoAttack]  BER=0.0 NC=1.0 DSR=1 MIoU=0.4993 SI-SNR=23.69dB
  [MP3_128kbps] BER=0.0 NC=1.0 DSR=1 MIoU=0.4992 SI-SNR=22.38dB
  [MP3_320kbps] BER=0.0 NC=1.0 DSR=1 MIoU=0.4992 SI-SNR=22.38dB
  [Resample_44100RT] BER=0.0 NC=1.0 DSR=1 MIoU=0.4993 SI-SNR=23.66dB
  [Crop_10pct] BER=0.0 NC=1.0 DSR=1 MIoU=0.3734 SI-SNR=23.6dB
  [TSM_1.1x] BER=0.5625 NC=-0.125 DSR=1 MIoU=0.3401 SI-SNR=dB
  [AWGN_30dB] BER=0.0 NC=1.0 DSR=1 MIoU=0.486 SI-SNR=22.75dB
  [Limiter] BER=0.0 NC=1.0 DSR=1 MIoU=0.4993 SI-SNR=23.69dB
  [Opus_32kbps] BER=0.0 NC=1.0 DSR=1 MIoU=0.4998 SI-SNR=16.76dB
  [AAC_128kbps] BER=0.0 NC=1.0 DSR=1 MIoU=0.4993 SI-SNR=23.45dB
  [TelephoneFilter] BER=0.0 NC=1.0 DSR=1 MIoU=0.5 SI-SNR=-0.93dB
  [EnCodec_6kbps] BER=0.4375 NC=0.125 DSR=0 MIoU=0.2306 SI-SNR=-1.45dB
  [DAC] BER=0.6875 NC=-0.375 DSR=0 MIoU=0.0064 SI-SNR=-14.71dB

[8/100] 0467_민속악_판소리.wav
  [CACHE]  캐시된 임베딩 재사용 (10.1초)
  [NoAttack]  BER=0.0 NC=1.0 DSR=1 MIoU=0.5 SI-SNR=26.43dB
  [MP3_128kbps] BER=0.0 NC=1.0 DSR=1 MIoU=0.5 SI-SNR=22.79dB
  [MP3_320kbps] BER=0.0 NC=1.0 DSR=1 MIoU=0.5 SI-SNR=22.79dB
  [Resample_44100RT] BER=0.0 NC=1.0 DSR=1 MIoU=0.5 SI-SNR=26.03dB
  [Crop_10pct] BER=0.0 NC=1.0 DSR=1 MIoU=0.2908 SI-SNR=26.49dB
  [TSM_1.1x] BER=0.0 NC=1.0 DSR=1 MIoU=0.2917 SI-SNR=dB
  [AWGN_30dB] BER=0.0 NC=1.0 DSR=1 MIoU=0.4921 SI-SNR=24.84dB
  [Limiter] BER=0.0 NC=1.0 DSR=1 MIoU=0.5 SI-SNR=26.43dB
  [Opus_32kbps] BER=0.0 NC=1.0 DSR=1 MIoU=0.5 SI-SNR=16.93dB
  [AAC_128kbps] BER=0.0 NC=1.0 DSR=1 MIoU=0.5 SI-SNR=25.7dB
  [TelephoneFilter] BER=0.0 NC=1.0 DSR=1 MIoU=0.5 SI-SNR=-2.84dB
  [EnCodec_6kbps] BER=0.3125 NC=0.375 DSR=0 MIoU=0.1693 SI-SNR=-0.1dB
  [DAC] BER=0.75 NC=-0.5 DSR=0 MIoU=0.0003 SI-SNR=-41.73dB

[9/100] 0477_민속악_판소리.wav
  [CACHE]  캐시된 임베딩 재사용 (10.1초)
  [NoAttack]  BER=0.0 NC=1.0 DSR=1 MIoU=0.5 SI-SNR=29.12dB
  [MP3_128kbps] BER=0.0 NC=1.0 DSR=1 MIoU=0.5 SI-SNR=26.53dB
  [MP3_320kbps] BER=0.0 NC=1.0 DSR=1 MIoU=0.5 SI-SNR=26.53dB
  [Resample_44100RT] BER=0.0 NC=1.0 DSR=1 MIoU=0.5 SI-SNR=29.0dB
  [Crop_10pct] BER=0.125 NC=0.75 DSR=0 MIoU=0.0946 SI-SNR=29.02dB
  [TSM_1.1x] BER=0.1875 NC=0.625 DSR=0 MIoU=0.1972 SI-SNR=dB
  [AWGN_30dB] BER=0.1875 NC=0.625 DSR=1 MIoU=0.4963 SI-SNR=26.51dB
  [Limiter] BER=0.0 NC=1.0 DSR=1 MIoU=0.5 SI-SNR=29.12dB
  [Opus_32kbps] BER=0.0 NC=1.0 DSR=1 MIoU=0.5 SI-SNR=18.46dB
  [AAC_128kbps] BER=0.0 NC=1.0 DSR=1 MIoU=0.5 SI-SNR=28.51dB
  [TelephoneFilter] BER=0.0 NC=1.0 DSR=1 MIoU=0.5 SI-SNR=-0.88dB
  [EnCodec_6kbps] BER=0.4375 NC=0.125 DSR=0 MIoU=0.2035 SI-SNR=1.13dB
  [DAC] BER=0.875 NC=-0.75 DSR=0 MIoU=0.004 SI-SNR=-12.33dB

[10/100] 0479_민속악_판소리.wav
  [CACHE]  캐시된 임베딩 재사용 (10.1초)
  [NoAttack]  BER=0.0 NC=1.0 DSR=1 MIoU=0.5 SI-SNR=28.22dB
  [MP3_128kbps] BER=0.0 NC=1.0 DSR=1 MIoU=0.5 SI-SNR=26.29dB
  [MP3_320kbps] BER=0.0 NC=1.0 DSR=1 MIoU=0.5 SI-SNR=26.29dB
  [Resample_44100RT] BER=0.0 NC=1.0 DSR=1 MIoU=0.5 SI-SNR=28.18dB
  [Crop_10pct] BER=0.0 NC=1.0 DSR=1 MIoU=0.4623 SI-SNR=28.33dB
  [TSM_1.1x] BER=0.25 NC=0.5 DSR=0 MIoU=0.1651 SI-SNR=dB
  [AWGN_30dB] BER=0.125 NC=0.75 DSR=1 MIoU=0.4825 SI-SNR=26.01dB
  [Limiter] BER=0.0 NC=1.0 DSR=1 MIoU=0.5 SI-SNR=28.22dB
  [Opus_32kbps] BER=0.0 NC=1.0 DSR=1 MIoU=0.5 SI-SNR=18.64dB
  [AAC_128kbps] BER=0.0 NC=1.0 DSR=1 MIoU=0.5 SI-SNR=27.75dB
  [TelephoneFilter] BER=0.0 NC=1.0 DSR=1 MIoU=0.5 SI-SNR=-3.71dB
  [EnCodec_6kbps] BER=0.625 NC=-0.25 DSR=0 MIoU=0.0969 SI-SNR=1.18dB
  [DAC] BER=0.6875 NC=-0.375 DSR=0 MIoU=0.0021 SI-SNR=-27.87dB

[11/100] 0484_민속악_판소리.wav
  [CACHE]  캐시된 임베딩 재사용 (10.1초)
  [NoAttack]  BER=0.0 NC=1.0 DSR=1 MIoU=0.5 SI-SNR=26.81dB
  [MP3_128kbps] BER=0.0 NC=1.0 DSR=1 MIoU=0.5 SI-SNR=23.89dB
  [MP3_320kbps] BER=0.0 NC=1.0 DSR=1 MIoU=0.5 SI-SNR=23.89dB
  [Resample_44100RT] BER=0.0 NC=1.0 DSR=1 MIoU=0.5 SI-SNR=26.62dB
  [Crop_10pct] BER=0.0 NC=1.0 DSR=1 MIoU=0.3167 SI-SNR=26.5dB
  [TSM_1.1x] BER=0.125 NC=0.75 DSR=0 MIoU=0.1888 SI-SNR=dB
  [AWGN_30dB] BER=0.0 NC=1.0 DSR=1 MIoU=0.47 SI-SNR=25.11dB
  [Limiter] BER=0.0 NC=1.0 DSR=1 MIoU=0.5 SI-SNR=26.81dB
  [Opus_32kbps] BER=0.0 NC=1.0 DSR=1 MIoU=0.5 SI-SNR=18.46dB
  [AAC_128kbps] BER=0.0 NC=1.0 DSR=1 MIoU=0.5 SI-SNR=26.42dB
  [TelephoneFilter] BER=0.0 NC=1.0 DSR=1 MIoU=0.5 SI-SNR=-3.3dB
  [EnCodec_6kbps] BER=0.375 NC=0.25 DSR=0 MIoU=0.1352 SI-SNR=1.58dB
  [DAC] BER=0.8125 NC=-0.625 DSR=0 MIoU=0.0077 SI-SNR=-21.63dB

[12/100] 0487_민속악_판소리.wav
  [CACHE]  캐시된 임베딩 재사용 (10.1초)
  [NoAttack]  BER=0.0 NC=1.0 DSR=1 MIoU=0.5 SI-SNR=25.47dB
  [MP3_128kbps] BER=0.0 NC=1.0 DSR=1 MIoU=0.5 SI-SNR=20.89dB
  [MP3_320kbps] BER=0.0 NC=1.0 DSR=1 MIoU=0.5 SI-SNR=20.89dB
  [Resample_44100RT] BER=0.0 NC=1.0 DSR=1 MIoU=0.5 SI-SNR=25.14dB
  [Crop_10pct] BER=0.0 NC=1.0 DSR=0 MIoU=0.1739 SI-SNR=25.89dB
  [TSM_1.1x] BER=0.125 NC=0.75 DSR=1 MIoU=0.3125 SI-SNR=dB
  [AWGN_30dB] BER=0.0 NC=1.0 DSR=1 MIoU=0.4753 SI-SNR=24.17dB
  [Limiter] BER=0.0 NC=1.0 DSR=1 MIoU=0.5 SI-SNR=25.47dB
  [Opus_32kbps] BER=0.0 NC=1.0 DSR=1 MIoU=0.5 SI-SNR=16.82dB
  [AAC_128kbps] BER=0.0 NC=1.0 DSR=1 MIoU=0.5 SI-SNR=25.04dB
  [TelephoneFilter] BER=0.0 NC=1.0 DSR=1 MIoU=0.5 SI-SNR=-2.11dB
  [EnCodec_6kbps] BER=0.3125 NC=0.375 DSR=0 MIoU=0.1895 SI-SNR=-1.59dB
  [DAC] BER=0.6875 NC=-0.375 DSR=0 MIoU=0.0289 SI-SNR=-14.42dB

[13/100] 0488_민속악_판소리.wav
  [CACHE]  캐시된 임베딩 재사용 (10.1초)
  [NoAttack]  BER=0.0 NC=1.0 DSR=1 MIoU=0.5 SI-SNR=25.08dB
  [MP3_128kbps] BER=0.0 NC=1.0 DSR=1 MIoU=0.5 SI-SNR=21.08dB
  [MP3_320kbps] BER=0.0 NC=1.0 DSR=1 MIoU=0.5 SI-SNR=21.08dB
  [Resample_44100RT] BER=0.0 NC=1.0 DSR=1 MIoU=0.5 SI-SNR=24.93dB
  [Crop_10pct] BER=0.0 NC=1.0 DSR=1 MIoU=0.4899 SI-SNR=25.19dB
  [TSM_1.1x] BER=0.5 NC=0.0 DSR=1 MIoU=0.3866 SI-SNR=dB
  [AWGN_30dB] BER=0.0625 NC=0.875 DSR=1 MIoU=0.4246 SI-SNR=23.87dB
  [Limiter] BER=0.0 NC=1.0 DSR=1 MIoU=0.5 SI-SNR=25.08dB
  [Opus_32kbps] BER=0.0 NC=1.0 DSR=1 MIoU=0.5 SI-SNR=18.62dB
  [AAC_128kbps] BER=0.0 NC=1.0 DSR=1 MIoU=0.5 SI-SNR=24.87dB
  [TelephoneFilter] BER=0.0 NC=1.0 DSR=1 MIoU=0.497 SI-SNR=1.44dB
  [EnCodec_6kbps] BER=0.5 NC=0.0 DSR=0 MIoU=0.0209 SI-SNR=0.81dB
  [DAC] BER=0.8125 NC=-0.625 DSR=0 MIoU=0.0294 SI-SNR=-6.27dB

[14/100] 0496_민속악_판소리.wav
  [CACHE]  캐시된 임베딩 재사용 (10.1초)
  [NoAttack]  BER=0.0 NC=1.0 DSR=1 MIoU=0.5 SI-SNR=23.48dB
  [MP3_128kbps] BER=0.0 NC=1.0 DSR=1 MIoU=0.5 SI-SNR=22.73dB
  [MP3_320kbps] BER=0.0 NC=1.0 DSR=1 MIoU=0.5 SI-SNR=22.73dB
  [Resample_44100RT] BER=0.0 NC=1.0 DSR=1 MIoU=0.5 SI-SNR=23.44dB
  [Crop_10pct] BER=0.0625 NC=0.875 DSR=0 MIoU=0.1556 SI-SNR=23.58dB
  [TSM_1.1x] BER=0.0625 NC=0.875 DSR=0 MIoU=0.1428 SI-SNR=dB
  [AWGN_30dB] BER=0.0625 NC=0.875 DSR=1 MIoU=0.5 SI-SNR=22.61dB
  [Limiter] BER=0.0 NC=1.0 DSR=1 MIoU=0.5 SI-SNR=23.48dB
  [Opus_32kbps] BER=0.0625 NC=0.875 DSR=1 MIoU=0.5 SI-SNR=17.15dB
  [AAC_128kbps] BER=0.0 NC=1.0 DSR=1 MIoU=0.5 SI-SNR=23.24dB
  [TelephoneFilter] BER=0.0 NC=1.0 DSR=1 MIoU=0.5 SI-SNR=-1.75dB
  [EnCodec_6kbps] BER=0.4375 NC=0.125 DSR=1 MIoU=0.3326 SI-SNR=2.79dB
  [DAC] BER=0.75 NC=-0.5 DSR=0 MIoU=0.0 SI-SNR=-22.6dB

[15/100] 0497_민속악_판소리.wav
  [CACHE]  캐시된 임베딩 재사용 (10.1초)
  [NoAttack]  BER=0.0 NC=1.0 DSR=1 MIoU=0.5 SI-SNR=26.16dB
  [MP3_128kbps] BER=0.0 NC=1.0 DSR=1 MIoU=0.5 SI-SNR=25.51dB
  [MP3_320kbps] BER=0.0 NC=1.0 DSR=1 MIoU=0.5 SI-SNR=25.51dB
  [Resample_44100RT] BER=0.0 NC=1.0 DSR=1 MIoU=0.5 SI-SNR=26.1dB
  [Crop_10pct] BER=0.0 NC=1.0 DSR=1 MIoU=0.3456 SI-SNR=26.43dB
  [TSM_1.1x] BER=0.125 NC=0.75 DSR=0 MIoU=0.1188 SI-SNR=dB
  [AWGN_30dB] BER=0.0 NC=1.0 DSR=1 MIoU=0.3861 SI-SNR=24.64dB
  [Limiter] BER=0.0 NC=1.0 DSR=1 MIoU=0.5 SI-SNR=26.16dB
  [Opus_32kbps] BER=0.0 NC=1.0 DSR=1 MIoU=0.5 SI-SNR=19.43dB
  [AAC_128kbps] BER=0.0 NC=1.0 DSR=1 MIoU=0.5 SI-SNR=25.86dB
  [TelephoneFilter] BER=0.0 NC=1.0 DSR=1 MIoU=0.5 SI-SNR=-3.05dB
  [EnCodec_6kbps] BER=0.375 NC=0.25 DSR=0 MIoU=0.2114 SI-SNR=5.96dB
  [DAC] BER=0.8125 NC=-0.625 DSR=0 MIoU=0.0065 SI-SNR=-12.47dB

[16/100] 0505_민속악_판소리.wav
  [CACHE]  캐시된 임베딩 재사용 (10.1초)
  [NoAttack]  BER=0.0 NC=1.0 DSR=1 MIoU=0.5 SI-SNR=24.99dB
  [MP3_128kbps] BER=0.0 NC=1.0 DSR=1 MIoU=0.5 SI-SNR=24.64dB
  [MP3_320kbps] BER=0.0 NC=1.0 DSR=1 MIoU=0.5 SI-SNR=24.64dB
  [Resample_44100RT] BER=0.0 NC=1.0 DSR=1 MIoU=0.5 SI-SNR=24.97dB
  [Crop_10pct] BER=0.0 NC=1.0 DSR=0 MIoU=0.0911 SI-SNR=25.04dB
  [TSM_1.1x] BER=0.0 NC=1.0 DSR=0 MIoU=0.1312 SI-SNR=dB
  [AWGN_30dB] BER=0.0 NC=1.0 DSR=1 MIoU=0.4719 SI-SNR=23.8dB
  [Limiter] BER=0.0 NC=1.0 DSR=1 MIoU=0.5 SI-SNR=24.99dB
  [Opus_32kbps] BER=0.0 NC=1.0 DSR=1 MIoU=0.5 SI-SNR=17.46dB
  [AAC_128kbps] BER=0.0 NC=1.0 DSR=1 MIoU=0.5 SI-SNR=24.52dB
  [TelephoneFilter] BER=0.0 NC=1.0 DSR=1 MIoU=0.5 SI-SNR=-2.59dB
  [EnCodec_6kbps] BER=0.4375 NC=0.125 DSR=0 MIoU=0.1877 SI-SNR=3.88dB
  [DAC] BER=0.75 NC=-0.5 DSR=0 MIoU=0.0014 SI-SNR=-14.85dB

[17/100] 0507_민속악_판소리.wav
  [CACHE]  캐시된 임베딩 재사용 (10.1초)
  [NoAttack]  BER=0.0 NC=1.0 DSR=1 MIoU=0.5 SI-SNR=24.52dB
  [MP3_128kbps] BER=0.0 NC=1.0 DSR=1 MIoU=0.5 SI-SNR=23.82dB
  [MP3_320kbps] BER=0.0 NC=1.0 DSR=1 MIoU=0.5 SI-SNR=23.82dB
  [Resample_44100RT] BER=0.0 NC=1.0 DSR=1 MIoU=0.5 SI-SNR=24.48dB
  [Crop_10pct] BER=0.0625 NC=0.875 DSR=1 MIoU=0.2568 SI-SNR=24.4dB
  [TSM_1.1x] BER=0.0625 NC=0.875 DSR=0 MIoU=0.071 SI-SNR=dB
  [AWGN_30dB] BER=0.0625 NC=0.875 DSR=1 MIoU=0.5 SI-SNR=23.43dB
  [Limiter] BER=0.0 NC=1.0 DSR=1 MIoU=0.5 SI-SNR=24.52dB
  [Opus_32kbps] BER=0.0 NC=1.0 DSR=1 MIoU=0.5 SI-SNR=17.78dB
  [AAC_128kbps] BER=0.0 NC=1.0 DSR=1 MIoU=0.5 SI-SNR=24.15dB
  [TelephoneFilter] BER=0.0 NC=1.0 DSR=1 MIoU=0.5 SI-SNR=-3.04dB
  [EnCodec_6kbps] BER=0.3125 NC=0.375 DSR=0 MIoU=0.2104 SI-SNR=4.4dB
  [DAC] BER=0.8125 NC=-0.625 DSR=0 MIoU=0.0022 SI-SNR=-13.31dB

[18/100] 0514_민속악_판소리.wav
  [CACHE]  캐시된 임베딩 재사용 (10.1초)
  [NoAttack]  BER=0.0 NC=1.0 DSR=1 MIoU=0.5 SI-SNR=25.7dB
  [MP3_128kbps] BER=0.0 NC=1.0 DSR=1 MIoU=0.5 SI-SNR=25.35dB
  [MP3_320kbps] BER=0.0 NC=1.0 DSR=1 MIoU=0.5 SI-SNR=25.35dB
  [Resample_44100RT] BER=0.0 NC=1.0 DSR=1 MIoU=0.5 SI-SNR=25.69dB
  [Crop_10pct] BER=0.0 NC=1.0 DSR=0 MIoU=0.2236 SI-SNR=25.49dB
  [TSM_1.1x] BER=0.0 NC=1.0 DSR=0 MIoU=0.085 SI-SNR=dB
  [AWGN_30dB] BER=0.0 NC=1.0 DSR=1 MIoU=0.4855 SI-SNR=24.32dB
  [Limiter] BER=0.0 NC=1.0 DSR=1 MIoU=0.5 SI-SNR=25.26dB
  [Opus_32kbps] BER=0.0 NC=1.0 DSR=1 MIoU=0.4999 SI-SNR=18.05dB
  [AAC_128kbps] BER=0.0 NC=1.0 DSR=1 MIoU=0.5 SI-SNR=24.52dB
  [TelephoneFilter] BER=0.0 NC=1.0 DSR=1 MIoU=0.5 SI-SNR=-5.4dB
  [EnCodec_6kbps] BER=0.1875 NC=0.625 DSR=0 MIoU=0.2163 SI-SNR=5.96dB
  [DAC] BER=0.8125 NC=-0.625 DSR=0 MIoU=0.0024 SI-SNR=-8.09dB

[19/100] 0515_민속악_판소리.wav
  [CACHE]  캐시된 임베딩 재사용 (10.1초)
  [NoAttack]  BER=0.0 NC=1.0 DSR=1 MIoU=0.5 SI-SNR=25.14dB
  [MP3_128kbps] BER=0.0 NC=1.0 DSR=1 MIoU=0.5 SI-SNR=24.46dB
  [MP3_320kbps] BER=0.0 NC=1.0 DSR=1 MIoU=0.5 SI-SNR=24.46dB
  [Resample_44100RT] BER=0.0 NC=1.0 DSR=1 MIoU=0.5 SI-SNR=25.11dB
  [Crop_10pct] BER=0.0 NC=1.0 DSR=1 MIoU=0.3332 SI-SNR=24.96dB
  [TSM_1.1x] BER=0.0625 NC=0.875 DSR=0 MIoU=0.0833 SI-SNR=dB
  [AWGN_30dB] BER=0.0 NC=1.0 DSR=1 MIoU=0.5 SI-SNR=23.9dB
  [Limiter] BER=0.0 NC=1.0 DSR=1 MIoU=0.5 SI-SNR=25.14dB
  [Opus_32kbps] BER=0.0 NC=1.0 DSR=1 MIoU=0.5 SI-SNR=17.41dB
  [AAC_128kbps] BER=0.0 NC=1.0 DSR=1 MIoU=0.5 SI-SNR=24.46dB
  [TelephoneFilter] BER=0.0625 NC=0.875 DSR=1 MIoU=0.5 SI-SNR=-3.86dB
  [EnCodec_6kbps] BER=0.3125 NC=0.375 DSR=1 MIoU=0.2788 SI-SNR=4.98dB
  [DAC] BER=0.5625 NC=-0.125 DSR=0 MIoU=0.1903 SI-SNR=-12.6dB

[20/100] 0519_민속악_판소리.wav
  [CACHE]  캐시된 임베딩 재사용 (10.1초)
  [NoAttack]  BER=0.0 NC=1.0 DSR=1 MIoU=0.5 SI-SNR=26.91dB
  [MP3_128kbps] BER=0.0 NC=1.0 DSR=1 MIoU=0.5 SI-SNR=26.49dB
  [MP3_320kbps] BER=0.0 NC=1.0 DSR=1 MIoU=0.5 SI-SNR=26.49dB
  [Resample_44100RT] BER=0.0 NC=1.0 DSR=1 MIoU=0.5 SI-SNR=26.88dB
  [Crop_10pct] BER=0.0 NC=1.0 DSR=0 MIoU=0.0964 SI-SNR=27.15dB
  [TSM_1.1x] BER=0.0 NC=1.0 DSR=0 MIoU=0.0779 SI-SNR=dB
  [AWGN_30dB] BER=0.0625 NC=0.875 DSR=1 MIoU=0.3954 SI-SNR=25.17dB
  [Limiter] BER=0.0 NC=1.0 DSR=1 MIoU=0.5 SI-SNR=26.91dB
  [Opus_32kbps] BER=0.0 NC=1.0 DSR=1 MIoU=0.4999 SI-SNR=19.18dB
  [AAC_128kbps] BER=0.0 NC=1.0 DSR=1 MIoU=0.5 SI-SNR=26.2dB
  [TelephoneFilter] BER=0.0 NC=1.0 DSR=1 MIoU=0.5 SI-SNR=-4.11dB
  [EnCodec_6kbps] BER=0.375 NC=0.25 DSR=0 MIoU=0.0629 SI-SNR=5.83dB
  [DAC] BER=0.6875 NC=-0.375 DSR=0 MIoU=0.001 SI-SNR=-10.75dB

[21/100] Similar_Dance_00002_Cover_Arrangement_A.wav
  [CACHE]  캐시된 임베딩 재사용 (10.0초)
  [NoAttack]  BER=0.0 NC=1.0 DSR=1 MIoU=0.5 SI-SNR=28.02dB
  [MP3_128kbps] BER=0.0 NC=1.0 DSR=1 MIoU=0.5 SI-SNR=26.16dB
  [MP3_320kbps] BER=0.0 NC=1.0 DSR=1 MIoU=0.5 SI-SNR=26.16dB
  [Resample_44100RT] BER=0.0 NC=1.0 DSR=1 MIoU=0.5 SI-SNR=27.94dB
  [Crop_10pct] BER=0.0 NC=1.0 DSR=1 MIoU=0.4073 SI-SNR=28.07dB
  [TSM_1.1x] BER=0.0 NC=1.0 DSR=0 MIoU=0.0529 SI-SNR=dB
  [AWGN_30dB] BER=0.0625 NC=0.875 DSR=1 MIoU=0.5 SI-SNR=25.89dB
  [Limiter] BER=0.0625 NC=0.875 DSR=1 MIoU=0.5 SI-SNR=19.69dB
  [Opus_32kbps] BER=0.0 NC=1.0 DSR=1 MIoU=0.5 SI-SNR=18.42dB
  [AAC_128kbps] BER=0.0 NC=1.0 DSR=1 MIoU=0.5 SI-SNR=26.68dB
  [TelephoneFilter] BER=0.0 NC=1.0 DSR=1 MIoU=0.5 SI-SNR=-21.49dB
  [EnCodec_6kbps] BER=0.75 NC=-0.5 DSR=0 MIoU=0.1554 SI-SNR=9.81dB
  [DAC] BER=0.5625 NC=-0.125 DSR=0 MIoU=0.0013 SI-SNR=3.38dB

[22/100] Similar_Dance_00002_Cover_Genre_A.wav
  [CACHE]  캐시된 임베딩 재사용 (10.0초)
  [NoAttack]  BER=0.0 NC=1.0 DSR=1 MIoU=0.4999 SI-SNR=26.59dB
  [MP3_128kbps] BER=0.0 NC=1.0 DSR=1 MIoU=0.5 SI-SNR=25.06dB
  [MP3_320kbps] BER=0.0 NC=1.0 DSR=1 MIoU=0.5 SI-SNR=25.06dB
  [Resample_44100RT] BER=0.0 NC=1.0 DSR=1 MIoU=0.4999 SI-SNR=26.54dB
  [Crop_10pct] BER=0.0625 NC=0.875 DSR=0 MIoU=0.163 SI-SNR=26.31dB
  [TSM_1.1x] BER=0.125 NC=0.75 DSR=0 MIoU=0.1127 SI-SNR=dB
  [AWGN_30dB] BER=0.0 NC=1.0 DSR=1 MIoU=0.4999 SI-SNR=24.96dB
  [Limiter] BER=0.0 NC=1.0 DSR=1 MIoU=0.4999 SI-SNR=21.36dB
  [Opus_32kbps] BER=0.0625 NC=0.875 DSR=1 MIoU=0.5 SI-SNR=17.13dB
  [AAC_128kbps] BER=0.0 NC=1.0 DSR=1 MIoU=0.5 SI-SNR=25.65dB
  [TelephoneFilter] BER=0.0 NC=1.0 DSR=1 MIoU=0.5 SI-SNR=-14.51dB
  [EnCodec_6kbps] BER=0.4375 NC=0.125 DSR=1 MIoU=0.2745 SI-SNR=8.55dB
  [DAC] BER=0.625 NC=-0.25 DSR=0 MIoU=0.0049 SI-SNR=0.75dB

[23/100] Similar_Dance_00002_Cover_Instrument_A.wav
  [CACHE]  캐시된 임베딩 재사용 (10.0초)
  [NoAttack]  BER=0.0 NC=1.0 DSR=1 MIoU=0.4959 SI-SNR=24.84dB
  [MP3_128kbps] BER=0.0 NC=1.0 DSR=1 MIoU=0.4951 SI-SNR=24.23dB
  [MP3_320kbps] BER=0.0 NC=1.0 DSR=1 MIoU=0.4951 SI-SNR=24.23dB
  [Resample_44100RT] BER=0.0 NC=1.0 DSR=1 MIoU=0.4959 SI-SNR=24.83dB
  [Crop_10pct] BER=0.0 NC=1.0 DSR=1 MIoU=0.4343 SI-SNR=24.54dB
  [TSM_1.1x] BER=0.1875 NC=0.625 DSR=0 MIoU=0.1332 SI-SNR=dB
  [AWGN_30dB] BER=0.0 NC=1.0 DSR=1 MIoU=0.5 SI-SNR=23.67dB
  [Limiter] BER=0.0 NC=1.0 DSR=1 MIoU=0.4959 SI-SNR=19.03dB
  [Opus_32kbps] BER=0.0 NC=1.0 DSR=1 MIoU=0.4968 SI-SNR=18.32dB
  [AAC_128kbps] BER=0.0 NC=1.0 DSR=1 MIoU=0.4953 SI-SNR=23.53dB
  [TelephoneFilter] BER=0.0 NC=1.0 DSR=1 MIoU=0.4955 SI-SNR=-6.77dB
  [EnCodec_6kbps] BER=0.25 NC=0.5 DSR=1 MIoU=0.2666 SI-SNR=6.75dB
  [DAC] BER=0.6875 NC=-0.375 DSR=0 MIoU=0.0886 SI-SNR=-6.98dB

[24/100] Similar_Dance_00002_Cover_Instrument_C.wav
  [CACHE]  캐시된 임베딩 재사용 (10.0초)
  [NoAttack]  BER=0.0 NC=1.0 DSR=1 MIoU=0.5 SI-SNR=25.05dB
  [MP3_128kbps] BER=0.0 NC=1.0 DSR=1 MIoU=0.5 SI-SNR=24.37dB
  [MP3_320kbps] BER=0.0 NC=1.0 DSR=1 MIoU=0.5 SI-SNR=24.37dB
  [Resample_44100RT] BER=0.0 NC=1.0 DSR=1 MIoU=0.5 SI-SNR=25.03dB
  [Crop_10pct] BER=0.0 NC=1.0 DSR=0 MIoU=0.1725 SI-SNR=25.24dB
  [TSM_1.1x] BER=0.1875 NC=0.625 DSR=0 MIoU=0.1168 SI-SNR=dB
  [AWGN_30dB] BER=0.0 NC=1.0 DSR=1 MIoU=0.5 SI-SNR=23.85dB
  [Limiter] BER=0.0 NC=1.0 DSR=1 MIoU=0.5 SI-SNR=19.25dB
  [Opus_32kbps] BER=0.0 NC=1.0 DSR=1 MIoU=0.4989 SI-SNR=18.42dB
  [AAC_128kbps] BER=0.0 NC=1.0 DSR=1 MIoU=0.5 SI-SNR=23.78dB
  [TelephoneFilter] BER=0.0 NC=1.0 DSR=1 MIoU=0.5 SI-SNR=-6.87dB
  [EnCodec_6kbps] BER=0.375 NC=0.25 DSR=0 MIoU=0.2023 SI-SNR=6.65dB
  [DAC] BER=0.6875 NC=-0.375 DSR=0 MIoU=0.0828 SI-SNR=-7.05dB

[25/100] Similar_Dance_00002_Cover_Rhythm_A.wav
  [CACHE]  캐시된 임베딩 재사용 (10.0초)
  [NoAttack]  BER=0.125 NC=0.75 DSR=1 MIoU=0.5 SI-SNR=27.93dB
  [MP3_128kbps] BER=0.125 NC=0.75 DSR=1 MIoU=0.5 SI-SNR=26.99dB
  [MP3_320kbps] BER=0.125 NC=0.75 DSR=1 MIoU=0.5 SI-SNR=26.99dB
  [Resample_44100RT] BER=0.125 NC=0.75 DSR=1 MIoU=0.5 SI-SNR=27.9dB
  [Crop_10pct] BER=0.125 NC=0.75 DSR=0 MIoU=0.1872 SI-SNR=28.01dB
  [TSM_1.1x] BER=0.3125 NC=0.375 DSR=0 MIoU=0.0933 SI-SNR=dB
  [AWGN_30dB] BER=0.125 NC=0.75 DSR=1 MIoU=0.5 SI-SNR=25.83dB
  [Limiter] BER=0.125 NC=0.75 DSR=1 MIoU=0.5 SI-SNR=25.51dB
  [Opus_32kbps] BER=0.125 NC=0.75 DSR=1 MIoU=0.5 SI-SNR=18.96dB
  [AAC_128kbps] BER=0.125 NC=0.75 DSR=1 MIoU=0.5 SI-SNR=27.43dB
  [TelephoneFilter] BER=0.125 NC=0.75 DSR=1 MIoU=0.4992 SI-SNR=-21.87dB
  [EnCodec_6kbps] BER=0.625 NC=-0.25 DSR=0 MIoU=0.1742 SI-SNR=9.97dB
  [DAC] BER=0.625 NC=-0.25 DSR=0 MIoU=0.0034 SI-SNR=2.93dB

[26/100] Similar_Dance_00002_Cover_Tempo_A.wav
  [CACHE]  캐시된 임베딩 재사용 (10.0초)
  [NoAttack]  BER=0.125 NC=0.75 DSR=1 MIoU=0.5 SI-SNR=21.21dB
  [MP3_128kbps] BER=0.125 NC=0.75 DSR=1 MIoU=0.5 SI-SNR=20.5dB
  [MP3_320kbps] BER=0.125 NC=0.75 DSR=1 MIoU=0.5 SI-SNR=20.51dB
  [Resample_44100RT] BER=0.125 NC=0.75 DSR=1 MIoU=0.5 SI-SNR=21.18dB
  [Crop_10pct] BER=0.125 NC=0.75 DSR=1 MIoU=0.411 SI-SNR=21.25dB
  [TSM_1.1x] BER=0.1875 NC=0.625 DSR=0 MIoU=0.0257 SI-SNR=dB
  [AWGN_30dB] BER=0.125 NC=0.75 DSR=1 MIoU=0.5 SI-SNR=20.67dB
  [Limiter] BER=0.125 NC=0.75 DSR=1 MIoU=0.5 SI-SNR=21.21dB
  [Opus_32kbps] BER=0.125 NC=0.75 DSR=1 MIoU=0.5 SI-SNR=15.06dB
  [AAC_128kbps] BER=0.125 NC=0.75 DSR=1 MIoU=0.5 SI-SNR=20.85dB
  [TelephoneFilter] BER=0.125 NC=0.75 DSR=1 MIoU=0.5 SI-SNR=-1.34dB
  [EnCodec_6kbps] BER=0.25 NC=0.5 DSR=0 MIoU=0.2401 SI-SNR=2.21dB
  [DAC] BER=0.5625 NC=-0.125 DSR=0 MIoU=0.016 SI-SNR=-21.4dB

[27/100] Similar_Dance_00002_Cover_Tempo_C.wav
  [CACHE]  캐시된 임베딩 재사용 (10.0초)
  [NoAttack]  BER=0.0 NC=1.0 DSR=1 MIoU=0.4982 SI-SNR=22.24dB
  [MP3_128kbps] BER=0.0 NC=1.0 DSR=1 MIoU=0.4981 SI-SNR=21.49dB
  [MP3_320kbps] BER=0.0 NC=1.0 DSR=1 MIoU=0.498 SI-SNR=21.49dB
  [Resample_44100RT] BER=0.0 NC=1.0 DSR=1 MIoU=0.4982 SI-SNR=22.21dB
  [Crop_10pct] BER=0.0 NC=1.0 DSR=1 MIoU=0.4021 SI-SNR=22.44dB
  [TSM_1.1x] BER=0.0 NC=1.0 DSR=0 MIoU=0.1228 SI-SNR=dB
  [AWGN_30dB] BER=0.0 NC=1.0 DSR=1 MIoU=0.4978 SI-SNR=21.57dB
  [Limiter] BER=0.0 NC=1.0 DSR=1 MIoU=0.4982 SI-SNR=22.24dB
  [Opus_32kbps] BER=0.0 NC=1.0 DSR=1 MIoU=0.49 SI-SNR=15.23dB
  [AAC_128kbps] BER=0.0 NC=1.0 DSR=1 MIoU=0.4979 SI-SNR=22.0dB
  [TelephoneFilter] BER=0.0 NC=1.0 DSR=1 MIoU=0.5 SI-SNR=1.07dB
  [EnCodec_6kbps] BER=0.25 NC=0.5 DSR=0 MIoU=0.2153 SI-SNR=0.55dB
  [DAC] BER=0.4375 NC=0.125 DSR=0 MIoU=0.0049 SI-SNR=-26.48dB

[28/100] Similar_Dance_00002_Cover_Timbre_A.wav
  [CACHE]  캐시된 임베딩 재사용 (10.0초)
  [NoAttack]  BER=0.0625 NC=0.875 DSR=1 MIoU=0.5 SI-SNR=24.27dB
  [MP3_128kbps] BER=0.0625 NC=0.875 DSR=1 MIoU=0.5 SI-SNR=23.5dB
  [MP3_320kbps] BER=0.0625 NC=0.875 DSR=1 MIoU=0.5 SI-SNR=23.5dB
  [Resample_44100RT] BER=0.0625 NC=0.875 DSR=1 MIoU=0.5 SI-SNR=24.25dB
  [Crop_10pct] BER=0.0625 NC=0.875 DSR=1 MIoU=0.4595 SI-SNR=23.59dB
  [TSM_1.1x] BER=0.1875 NC=0.625 DSR=0 MIoU=0.1459 SI-SNR=dB
  [AWGN_30dB] BER=0.0625 NC=0.875 DSR=1 MIoU=0.4998 SI-SNR=23.24dB
  [Limiter] BER=0.0625 NC=0.875 DSR=1 MIoU=0.5 SI-SNR=21.15dB
  [Opus_32kbps] BER=0.0625 NC=0.875 DSR=1 MIoU=0.5 SI-SNR=17.86dB
  [AAC_128kbps] BER=0.0625 NC=0.875 DSR=1 MIoU=0.5 SI-SNR=23.28dB
  [TelephoneFilter] BER=0.0625 NC=0.875 DSR=1 MIoU=0.4998 SI-SNR=-4.72dB
  [EnCodec_6kbps] BER=0.3125 NC=0.375 DSR=0 MIoU=0.146 SI-SNR=5.7dB
  [DAC] BER=0.625 NC=-0.25 DSR=0 MIoU=0.1007 SI-SNR=-10.2dB

[29/100] Similar_Dance_00002_Cover_Timbre_C.wav
  [CACHE]  캐시된 임베딩 재사용 (10.0초)
  [NoAttack]  BER=0.0 NC=1.0 DSR=1 MIoU=0.4998 SI-SNR=24.28dB
  [MP3_128kbps] BER=0.0 NC=1.0 DSR=1 MIoU=0.4998 SI-SNR=23.49dB
  [MP3_320kbps] BER=0.0 NC=1.0 DSR=1 MIoU=0.4998 SI-SNR=23.48dB
  [Resample_44100RT] BER=0.0 NC=1.0 DSR=1 MIoU=0.4998 SI-SNR=24.26dB
  [Crop_10pct] BER=0.0625 NC=0.875 DSR=1 MIoU=0.3417 SI-SNR=24.35dB
  [TSM_1.1x] BER=0.1875 NC=0.625 DSR=0 MIoU=0.2209 SI-SNR=dB
  [AWGN_30dB] BER=0.0 NC=1.0 DSR=1 MIoU=0.4995 SI-SNR=23.25dB
  [Limiter] BER=0.0 NC=1.0 DSR=1 MIoU=0.4998 SI-SNR=21.05dB
  [Opus_32kbps] BER=0.0 NC=1.0 DSR=1 MIoU=0.4992 SI-SNR=17.54dB
  [AAC_128kbps] BER=0.0 NC=1.0 DSR=1 MIoU=0.4999 SI-SNR=23.22dB
  [TelephoneFilter] BER=0.0625 NC=0.875 DSR=1 MIoU=0.5 SI-SNR=-4.65dB
  [EnCodec_6kbps] BER=0.375 NC=0.25 DSR=0 MIoU=0.1812 SI-SNR=5.66dB
  [DAC] BER=0.75 NC=-0.5 DSR=0 MIoU=0.1487 SI-SNR=-10.24dB

[30/100] Similar_Dance_00002_Org.wav
  [CACHE]  캐시된 임베딩 재사용 (10.1초)
  [NoAttack]  BER=0.25 NC=0.5 DSR=1 MIoU=0.5 SI-SNR=28.16dB
  [MP3_128kbps] BER=0.1875 NC=0.625 DSR=1 MIoU=0.5 SI-SNR=26.04dB
  [MP3_320kbps] BER=0.1875 NC=0.625 DSR=1 MIoU=0.5 SI-SNR=26.04dB
  [Resample_44100RT] BER=0.25 NC=0.5 DSR=1 MIoU=0.5 SI-SNR=27.94dB
  [Crop_10pct] BER=0.1875 NC=0.625 DSR=0 MIoU=0.1737 SI-SNR=28.26dB
  [TSM_1.1x] BER=0.3125 NC=0.375 DSR=0 MIoU=0.1011 SI-SNR=dB
  [AWGN_30dB] BER=0.25 NC=0.5 DSR=1 MIoU=0.5 SI-SNR=25.94dB
  [Limiter] BER=0.125 NC=0.75 DSR=1 MIoU=0.5 SI-SNR=23.11dB
  [Opus_32kbps] BER=0.25 NC=0.5 DSR=1 MIoU=0.4983 SI-SNR=17.85dB
  [AAC_128kbps] BER=0.25 NC=0.5 DSR=1 MIoU=0.5 SI-SNR=26.87dB
  [TelephoneFilter] BER=0.1875 NC=0.625 DSR=1 MIoU=0.4964 SI-SNR=-8.68dB
  [EnCodec_6kbps] BER=0.625 NC=-0.25 DSR=0 MIoU=0.1237 SI-SNR=8.73dB
  [DAC] BER=0.6875 NC=-0.375 DSR=0 MIoU=0.0 SI-SNR=-2.16dB

[31/100] Similar_Dance_00003_Cover_Arrangement_A.wav
  [CACHE]  캐시된 임베딩 재사용 (10.0초)
  [NoAttack]  BER=0.0 NC=1.0 DSR=1 MIoU=0.4993 SI-SNR=26.05dB
  [MP3_128kbps] BER=0.0 NC=1.0 DSR=1 MIoU=0.4993 SI-SNR=25.03dB
  [MP3_320kbps] BER=0.0 NC=1.0 DSR=1 MIoU=0.4993 SI-SNR=25.03dB
  [Resample_44100RT] BER=0.0 NC=1.0 DSR=1 MIoU=0.4993 SI-SNR=26.01dB
  [Crop_10pct] BER=0.0 NC=1.0 DSR=0 MIoU=0.2297 SI-SNR=26.06dB
  [TSM_1.1x] BER=0.125 NC=0.75 DSR=0 MIoU=0.1014 SI-SNR=dB
  [AWGN_30dB] BER=0.0 NC=1.0 DSR=1 MIoU=0.4964 SI-SNR=24.57dB
  [Limiter] BER=0.0 NC=1.0 DSR=1 MIoU=0.4993 SI-SNR=25.66dB
  [Opus_32kbps] BER=0.0 NC=1.0 DSR=1 MIoU=0.4974 SI-SNR=18.13dB
  [AAC_128kbps] BER=0.0 NC=1.0 DSR=1 MIoU=0.4993 SI-SNR=25.47dB
  [TelephoneFilter] BER=0.0 NC=1.0 DSR=1 MIoU=0.5 SI-SNR=-10.3dB
  [EnCodec_6kbps] BER=0.3125 NC=0.375 DSR=0 MIoU=0.1304 SI-SNR=7.04dB
  [DAC] BER=0.75 NC=-0.5 DSR=0 MIoU=0.0465 SI-SNR=-1.1dB

[32/100] Similar_Dance_00003_Cover_Genre_A.wav
  [CACHE]  캐시된 임베딩 재사용 (10.0초)
  [NoAttack]  BER=0.0 NC=1.0 DSR=1 MIoU=0.4996 SI-SNR=33.45dB
  [MP3_128kbps] BER=0.0 NC=1.0 DSR=1 MIoU=0.4996 SI-SNR=31.4dB
  [MP3_320kbps] BER=0.0 NC=1.0 DSR=1 MIoU=0.4996 SI-SNR=31.4dB
  [Resample_44100RT] BER=0.0 NC=1.0 DSR=1 MIoU=0.4996 SI-SNR=33.29dB
  [Crop_10pct] BER=0.0625 NC=0.875 DSR=0 MIoU=0.1086 SI-SNR=33.56dB
  [TSM_1.1x] BER=0.125 NC=0.75 DSR=0 MIoU=0.2031 SI-SNR=dB
  [AWGN_30dB] BER=0.0625 NC=0.875 DSR=1 MIoU=0.4889 SI-SNR=28.41dB
  [Limiter] BER=0.0 NC=1.0 DSR=1 MIoU=0.4994 SI-SNR=19.17dB
  [Opus_32kbps] BER=0.0625 NC=0.875 DSR=1 MIoU=0.4998 SI-SNR=21.15dB
  [AAC_128kbps] BER=0.0 NC=1.0 DSR=1 MIoU=0.4998 SI-SNR=31.99dB
  [TelephoneFilter] BER=0.0 NC=1.0 DSR=1 MIoU=0.4877 SI-SNR=-25.1dB
  [EnCodec_6kbps] BER=0.4375 NC=0.125 DSR=0 MIoU=0.0314 SI-SNR=10.29dB
  [DAC] BER=0.5625 NC=-0.125 DSR=0 MIoU=0.0001 SI-SNR=3.41dB

[33/100] Similar_Dance_00003_Cover_Instrument_A.wav
  [CACHE]  캐시된 임베딩 재사용 (10.0초)
  [NoAttack]  BER=0.125 NC=0.75 DSR=1 MIoU=0.5 SI-SNR=28.7dB
  [MP3_128kbps] BER=0.0625 NC=0.875 DSR=1 MIoU=0.5 SI-SNR=27.95dB
  [MP3_320kbps] BER=0.125 NC=0.75 DSR=1 MIoU=0.5 SI-SNR=27.95dB
  [Resample_44100RT] BER=0.125 NC=0.75 DSR=1 MIoU=0.5 SI-SNR=28.67dB
  [Crop_10pct] BER=0.0 NC=1.0 DSR=0 MIoU=0.0552 SI-SNR=29.08dB
  [TSM_1.1x] BER=0.0625 NC=0.875 DSR=0 MIoU=0.0208 SI-SNR=dB
  [AWGN_30dB] BER=0.0625 NC=0.875 DSR=1 MIoU=0.5 SI-SNR=26.27dB
  [Limiter] BER=0.0625 NC=0.875 DSR=1 MIoU=0.5 SI-SNR=22.31dB
  [Opus_32kbps] BER=0.125 NC=0.75 DSR=1 MIoU=0.5 SI-SNR=18.63dB
  [AAC_128kbps] BER=0.125 NC=0.75 DSR=1 MIoU=0.5 SI-SNR=28.05dB
  [TelephoneFilter] BER=0.125 NC=0.75 DSR=1 MIoU=0.4949 SI-SNR=-11.73dB
  [EnCodec_6kbps] BER=0.3125 NC=0.375 DSR=0 MIoU=0.2084 SI-SNR=7.07dB
  [DAC] BER=0.5625 NC=-0.125 DSR=0 MIoU=0.0 SI-SNR=-2.11dB

[34/100] Similar_Dance_00003_Cover_Instrument_C.wav
  [CACHE]  캐시된 임베딩 재사용 (10.0초)
  [NoAttack]  BER=0.0 NC=1.0 DSR=1 MIoU=0.5 SI-SNR=28.63dB
  [MP3_128kbps] BER=0.0 NC=1.0 DSR=1 MIoU=0.5 SI-SNR=28.18dB
  [MP3_320kbps] BER=0.0 NC=1.0 DSR=1 MIoU=0.5 SI-SNR=28.14dB
  [Resample_44100RT] BER=0.0 NC=1.0 DSR=1 MIoU=0.5 SI-SNR=28.61dB
  [Crop_10pct] BER=0.0 NC=1.0 DSR=0 MIoU=0.2419 SI-SNR=28.57dB
  [TSM_1.1x] BER=0.0 NC=1.0 DSR=0 MIoU=0.1518 SI-SNR=dB
  [AWGN_30dB] BER=0.0 NC=1.0 DSR=1 MIoU=0.5 SI-SNR=26.14dB
  [Limiter] BER=0.0 NC=1.0 DSR=1 MIoU=0.5 SI-SNR=28.63dB
  [Opus_32kbps] BER=0.0 NC=1.0 DSR=1 MIoU=0.5 SI-SNR=14.53dB
  [AAC_128kbps] BER=0.0 NC=1.0 DSR=1 MIoU=0.5 SI-SNR=28.29dB
  [TelephoneFilter] BER=0.0 NC=1.0 DSR=1 MIoU=0.4883 SI-SNR=-10.88dB
  [EnCodec_6kbps] BER=0.3125 NC=0.375 DSR=0 MIoU=0.1699 SI-SNR=7.15dB
  [DAC] BER=0.6875 NC=-0.375 DSR=0 MIoU=0.0 SI-SNR=-1.85dB

[35/100] Similar_Dance_00003_Cover_Rhythm_A.wav
  [CACHE]  캐시된 임베딩 재사용 (10.0초)
  [NoAttack]  BER=0.0625 NC=0.875 DSR=1 MIoU=0.5 SI-SNR=23.82dB
  [MP3_128kbps] BER=0.0625 NC=0.875 DSR=1 MIoU=0.5 SI-SNR=23.81dB
  [MP3_320kbps] BER=0.0625 NC=0.875 DSR=1 MIoU=0.5 SI-SNR=23.81dB
  [Resample_44100RT] BER=0.0625 NC=0.875 DSR=1 MIoU=0.5 SI-SNR=23.82dB
  [Crop_10pct] BER=0.0625 NC=0.875 DSR=0 MIoU=0.1019 SI-SNR=23.78dB
  [TSM_1.1x] BER=0.125 NC=0.75 DSR=0 MIoU=0.0675 SI-SNR=dB
  [AWGN_30dB] BER=0.0625 NC=0.875 DSR=1 MIoU=0.5 SI-SNR=22.88dB
  [Limiter] BER=0.0625 NC=0.875 DSR=1 MIoU=0.5 SI-SNR=23.82dB
  [Opus_32kbps] BER=0.0625 NC=0.875 DSR=1 MIoU=0.5 SI-SNR=18.44dB
  [AAC_128kbps] BER=0.0625 NC=0.875 DSR=1 MIoU=0.5 SI-SNR=23.76dB
  [TelephoneFilter] BER=0.125 NC=0.75 DSR=1 MIoU=0.5 SI-SNR=1.49dB
  [EnCodec_6kbps] BER=0.3125 NC=0.375 DSR=0 MIoU=0.2401 SI-SNR=7.32dB
  [DAC] BER=0.625 NC=-0.25 DSR=0 MIoU=0.0225 SI-SNR=-16.55dB

[36/100] Similar_Dance_00003_Cover_Tempo_A.wav
  [CACHE]  캐시된 임베딩 재사용 (10.0초)
  [NoAttack]  BER=0.0 NC=1.0 DSR=1 MIoU=0.5 SI-SNR=26.28dB
  [MP3_128kbps] BER=0.0 NC=1.0 DSR=1 MIoU=0.5 SI-SNR=26.05dB
  [MP3_320kbps] BER=0.0 NC=1.0 DSR=1 MIoU=0.5 SI-SNR=26.05dB
  [Resample_44100RT] BER=0.0 NC=1.0 DSR=1 MIoU=0.5 SI-SNR=26.27dB
  [Crop_10pct] BER=0.0 NC=1.0 DSR=0 MIoU=0.1083 SI-SNR=26.16dB
  [TSM_1.1x] BER=0.0625 NC=0.875 DSR=0 MIoU=0.1102 SI-SNR=dB
  [AWGN_30dB] BER=0.0 NC=1.0 DSR=1 MIoU=0.5 SI-SNR=24.73dB
  [Limiter] BER=0.0 NC=1.0 DSR=1 MIoU=0.5 SI-SNR=26.28dB
  [Opus_32kbps] BER=0.0 NC=1.0 DSR=1 MIoU=0.5 SI-SNR=17.61dB
  [AAC_128kbps] BER=0.0 NC=1.0 DSR=1 MIoU=0.5 SI-SNR=25.96dB
  [TelephoneFilter] BER=0.0 NC=1.0 DSR=1 MIoU=0.4994 SI-SNR=-15.18dB
  [EnCodec_6kbps] BER=0.125 NC=0.75 DSR=1 MIoU=0.2622 SI-SNR=8.05dB
  [DAC] BER=0.875 NC=-0.75 DSR=0 MIoU=0.1283 SI-SNR=0.4dB

[37/100] Similar_Dance_00003_Cover_Tempo_C.wav
  [CACHE]  캐시된 임베딩 재사용 (10.0초)
  [NoAttack]  BER=0.0 NC=1.0 DSR=1 MIoU=0.5 SI-SNR=24.82dB
  [MP3_128kbps] BER=0.0 NC=1.0 DSR=1 MIoU=0.5 SI-SNR=24.66dB
  [MP3_320kbps] BER=0.0 NC=1.0 DSR=1 MIoU=0.5 SI-SNR=24.66dB
  [Resample_44100RT] BER=0.0 NC=1.0 DSR=1 MIoU=0.5 SI-SNR=24.81dB
  [Crop_10pct] BER=0.0 NC=1.0 DSR=1 MIoU=0.3337 SI-SNR=24.69dB
  [TSM_1.1x] BER=0.0 NC=1.0 DSR=0 MIoU=0.0868 SI-SNR=dB
  [AWGN_30dB] BER=0.0 NC=1.0 DSR=1 MIoU=0.4993 SI-SNR=23.67dB
  [Limiter] BER=0.0 NC=1.0 DSR=1 MIoU=0.5 SI-SNR=24.82dB
  [Opus_32kbps] BER=0.0 NC=1.0 DSR=1 MIoU=0.4998 SI-SNR=17.91dB
  [AAC_128kbps] BER=0.0 NC=1.0 DSR=1 MIoU=0.5 SI-SNR=24.43dB
  [TelephoneFilter] BER=0.0 NC=1.0 DSR=1 MIoU=0.4891 SI-SNR=-10.72dB
  [EnCodec_6kbps] BER=0.1875 NC=0.625 DSR=1 MIoU=0.2787 SI-SNR=7.82dB
  [DAC] BER=0.5625 NC=-0.125 DSR=0 MIoU=0.0332 SI-SNR=-2.31dB

[38/100] Similar_Dance_00003_Cover_Timbre_A.wav
  [CACHE]  캐시된 임베딩 재사용 (10.0초)
  [NoAttack]  BER=0.0 NC=1.0 DSR=1 MIoU=0.5 SI-SNR=29.3dB
  [MP3_128kbps] BER=0.0 NC=1.0 DSR=1 MIoU=0.5 SI-SNR=29.03dB
  [MP3_320kbps] BER=0.0 NC=1.0 DSR=1 MIoU=0.5 SI-SNR=29.03dB
  [Resample_44100RT] BER=0.0 NC=1.0 DSR=1 MIoU=0.5 SI-SNR=29.29dB
  [Crop_10pct] BER=0.0 NC=1.0 DSR=1 MIoU=0.2913 SI-SNR=29.57dB
  [TSM_1.1x] BER=0.0 NC=1.0 DSR=0 MIoU=0.1 SI-SNR=dB
  [AWGN_30dB] BER=0.0 NC=1.0 DSR=1 MIoU=0.4841 SI-SNR=26.54dB
  [Limiter] BER=0.0 NC=1.0 DSR=1 MIoU=0.5 SI-SNR=29.3dB
  [Opus_32kbps] BER=0.0 NC=1.0 DSR=1 MIoU=0.5 SI-SNR=15.61dB
  [AAC_128kbps] BER=0.0 NC=1.0 DSR=1 MIoU=0.5 SI-SNR=29.16dB
  [TelephoneFilter] BER=0.0 NC=1.0 DSR=1 MIoU=0.4886 SI-SNR=-9.45dB
  [EnCodec_6kbps] BER=0.3125 NC=0.375 DSR=0 MIoU=0.1296 SI-SNR=7.32dB
  [DAC] BER=0.6875 NC=-0.375 DSR=0 MIoU=0.0006 SI-SNR=-2.74dB

[39/100] Similar_Dance_00003_Cover_Timbre_C.wav
  [CACHE]  캐시된 임베딩 재사용 (10.0초)
  [NoAttack]  BER=0.0 NC=1.0 DSR=1 MIoU=0.5 SI-SNR=28.63dB
  [MP3_128kbps] BER=0.0 NC=1.0 DSR=1 MIoU=0.5 SI-SNR=28.18dB
  [MP3_320kbps] BER=0.0 NC=1.0 DSR=1 MIoU=0.5 SI-SNR=28.14dB
  [Resample_44100RT] BER=0.0 NC=1.0 DSR=1 MIoU=0.5 SI-SNR=28.61dB
  [Crop_10pct] BER=0.0 NC=1.0 DSR=0 MIoU=0.2001 SI-SNR=28.64dB
  [TSM_1.1x] BER=0.0 NC=1.0 DSR=0 MIoU=0.1518 SI-SNR=dB
  [AWGN_30dB] BER=0.0 NC=1.0 DSR=1 MIoU=0.5 SI-SNR=26.14dB
  [Limiter] BER=0.0 NC=1.0 DSR=1 MIoU=0.5 SI-SNR=28.63dB
  [Opus_32kbps] BER=0.0 NC=1.0 DSR=1 MIoU=0.5 SI-SNR=14.53dB
  [AAC_128kbps] BER=0.0 NC=1.0 DSR=1 MIoU=0.5 SI-SNR=28.29dB
  [TelephoneFilter] BER=0.0 NC=1.0 DSR=1 MIoU=0.4883 SI-SNR=-10.88dB
  [EnCodec_6kbps] BER=0.3125 NC=0.375 DSR=0 MIoU=0.1699 SI-SNR=7.15dB
  [DAC] BER=0.6875 NC=-0.375 DSR=0 MIoU=0.0 SI-SNR=-1.85dB

[40/100] Similar_Dance_00003_Org.wav
  [CACHE]  캐시된 임베딩 재사용 (10.1초)
  [NoAttack]  BER=0.0625 NC=0.875 DSR=1 MIoU=0.5 SI-SNR=29.96dB
  [MP3_128kbps] BER=0.0625 NC=0.875 DSR=1 MIoU=0.5 SI-SNR=28.38dB
  [MP3_320kbps] BER=0.0625 NC=0.875 DSR=1 MIoU=0.5 SI-SNR=28.38dB
  [Resample_44100RT] BER=0.0625 NC=0.875 DSR=1 MIoU=0.5 SI-SNR=29.9dB
  [Crop_10pct] BER=0.0625 NC=0.875 DSR=1 MIoU=0.3496 SI-SNR=29.86dB
  [TSM_1.1x] BER=0.125 NC=0.75 DSR=0 MIoU=0.1901 SI-SNR=dB
  [AWGN_30dB] BER=0.0625 NC=0.875 DSR=1 MIoU=0.4999 SI-SNR=26.99dB
  [Limiter] BER=0.0625 NC=0.875 DSR=1 MIoU=0.5 SI-SNR=21.89dB
  [Opus_32kbps] BER=0.0625 NC=0.875 DSR=1 MIoU=0.5 SI-SNR=19.7dB
  [AAC_128kbps] BER=0.0625 NC=0.875 DSR=1 MIoU=0.5 SI-SNR=28.66dB
  [TelephoneFilter] BER=0.0 NC=1.0 DSR=1 MIoU=0.4998 SI-SNR=-16.33dB
  [EnCodec_6kbps] BER=0.3125 NC=0.375 DSR=0 MIoU=0.0585 SI-SNR=8.36dB
  [DAC] BER=0.625 NC=-0.25 DSR=0 MIoU=0.0024 SI-SNR=0.8dB

[41/100] Similar_Trot_00138_Cover_Arrangement_A.wav
  [CACHE]  캐시된 임베딩 재사용 (10.0초)
  [NoAttack]  BER=0.0 NC=1.0 DSR=1 MIoU=0.5 SI-SNR=26.69dB
  [MP3_128kbps] BER=0.0 NC=1.0 DSR=1 MIoU=0.5 SI-SNR=26.38dB
  [MP3_320kbps] BER=0.0 NC=1.0 DSR=1 MIoU=0.5 SI-SNR=26.38dB
  [Resample_44100RT] BER=0.0 NC=1.0 DSR=1 MIoU=0.5 SI-SNR=26.67dB
  [Crop_10pct] BER=0.0 NC=1.0 DSR=1 MIoU=0.2651 SI-SNR=26.64dB
  [TSM_1.1x] BER=0.0 NC=1.0 DSR=0 MIoU=0.0676 SI-SNR=dB
  [AWGN_30dB] BER=0.0 NC=1.0 DSR=1 MIoU=0.5 SI-SNR=25.02dB
  [Limiter] BER=0.0 NC=1.0 DSR=1 MIoU=0.5 SI-SNR=26.69dB
  [Opus_32kbps] BER=0.0 NC=1.0 DSR=1 MIoU=0.5 SI-SNR=18.33dB
  [AAC_128kbps] BER=0.0 NC=1.0 DSR=1 MIoU=0.5 SI-SNR=26.21dB
  [TelephoneFilter] BER=0.0 NC=1.0 DSR=1 MIoU=0.5 SI-SNR=-10.01dB
  [EnCodec_6kbps] BER=0.3125 NC=0.375 DSR=0 MIoU=0.1545 SI-SNR=6.73dB
  [DAC] BER=0.6875 NC=-0.375 DSR=0 MIoU=0.0053 SI-SNR=-4.73dB

[42/100] Similar_Trot_00138_Cover_Genre_A.wav
  [CACHE]  캐시된 임베딩 재사용 (10.0초)
  [NoAttack]  BER=0.0625 NC=0.875 DSR=1 MIoU=0.4961 SI-SNR=25.8dB
  [MP3_128kbps] BER=0.0625 NC=0.875 DSR=1 MIoU=0.4979 SI-SNR=25.32dB
  [MP3_320kbps] BER=0.0625 NC=0.875 DSR=1 MIoU=0.4978 SI-SNR=25.32dB
  [Resample_44100RT] BER=0.0625 NC=0.875 DSR=1 MIoU=0.496 SI-SNR=25.76dB
  [Crop_10pct] BER=0.0625 NC=0.875 DSR=1 MIoU=0.4277 SI-SNR=25.76dB
  [TSM_1.1x] BER=0.0625 NC=0.875 DSR=0 MIoU=0.1466 SI-SNR=dB
  [AWGN_30dB] BER=0.0625 NC=0.875 DSR=1 MIoU=0.4973 SI-SNR=24.4dB
  [Limiter] BER=0.0625 NC=0.875 DSR=1 MIoU=0.4963 SI-SNR=25.58dB
  [Opus_32kbps] BER=0.0625 NC=0.875 DSR=1 MIoU=0.4996 SI-SNR=17.21dB
  [AAC_128kbps] BER=0.0625 NC=0.875 DSR=1 MIoU=0.4969 SI-SNR=25.15dB
  [TelephoneFilter] BER=0.0625 NC=0.875 DSR=1 MIoU=0.4881 SI-SNR=-9.6dB
  [EnCodec_6kbps] BER=0.25 NC=0.5 DSR=0 MIoU=0.2407 SI-SNR=6.28dB
  [DAC] BER=0.5625 NC=-0.125 DSR=0 MIoU=0.03 SI-SNR=-1.9dB

[43/100] Similar_Trot_00138_Cover_Instrument_A.wav
  [CACHE]  캐시된 임베딩 재사용 (10.0초)
  [NoAttack]  BER=0.0 NC=1.0 DSR=1 MIoU=0.5 SI-SNR=25.08dB
  [MP3_128kbps] BER=0.0 NC=1.0 DSR=1 MIoU=0.5 SI-SNR=24.88dB
  [MP3_320kbps] BER=0.0 NC=1.0 DSR=1 MIoU=0.5 SI-SNR=24.88dB
  [Resample_44100RT] BER=0.0 NC=1.0 DSR=1 MIoU=0.5 SI-SNR=25.07dB
  [Crop_10pct] BER=0.0 NC=1.0 DSR=1 MIoU=0.3236 SI-SNR=25.16dB
  [TSM_1.1x] BER=0.0 NC=1.0 DSR=0 MIoU=0.0507 SI-SNR=dB
  [AWGN_30dB] BER=0.0 NC=1.0 DSR=1 MIoU=0.5 SI-SNR=23.87dB
  [Limiter] BER=0.0 NC=1.0 DSR=1 MIoU=0.5 SI-SNR=25.08dB
  [Opus_32kbps] BER=0.0 NC=1.0 DSR=1 MIoU=0.5 SI-SNR=16.83dB
  [AAC_128kbps] BER=0.0 NC=1.0 DSR=1 MIoU=0.5 SI-SNR=24.75dB
  [TelephoneFilter] BER=0.0 NC=1.0 DSR=1 MIoU=0.4969 SI-SNR=-17.98dB
  [EnCodec_6kbps] BER=0.0625 NC=0.875 DSR=1 MIoU=0.2791 SI-SNR=6.5dB
  [DAC] BER=0.5625 NC=-0.125 DSR=0 MIoU=0.0059 SI-SNR=-0.71dB

[44/100] Similar_Trot_00138_Cover_Instrument_C.wav
  [CACHE]  캐시된 임베딩 재사용 (10.0초)
  [NoAttack]  BER=0.0 NC=1.0 DSR=1 MIoU=0.5 SI-SNR=26.46dB
  [MP3_128kbps] BER=0.0 NC=1.0 DSR=1 MIoU=0.5 SI-SNR=26.21dB
  [MP3_320kbps] BER=0.0 NC=1.0 DSR=1 MIoU=0.5 SI-SNR=26.21dB
  [Resample_44100RT] BER=0.0 NC=1.0 DSR=1 MIoU=0.5 SI-SNR=26.45dB
  [Crop_10pct] BER=0.0 NC=1.0 DSR=0 MIoU=0.104 SI-SNR=26.3dB
  [TSM_1.1x] BER=0.0625 NC=0.875 DSR=0 MIoU=0.0834 SI-SNR=dB
  [AWGN_30dB] BER=0.0 NC=1.0 DSR=1 MIoU=0.5 SI-SNR=24.87dB
  [Limiter] BER=0.0 NC=1.0 DSR=1 MIoU=0.5 SI-SNR=26.46dB
  [Opus_32kbps] BER=0.0 NC=1.0 DSR=1 MIoU=0.5 SI-SNR=17.41dB
  [AAC_128kbps] BER=0.0 NC=1.0 DSR=1 MIoU=0.5 SI-SNR=26.08dB
  [TelephoneFilter] BER=0.0 NC=1.0 DSR=1 MIoU=0.5 SI-SNR=-19.14dB
  [EnCodec_6kbps] BER=0.1875 NC=0.625 DSR=0 MIoU=0.2402 SI-SNR=7.7dB
  [DAC] BER=0.875 NC=-0.75 DSR=0 MIoU=0.0055 SI-SNR=-0.15dB

[45/100] Similar_Trot_00138_Cover_Rhythm_A.wav
  [CACHE]  캐시된 임베딩 재사용 (10.0초)
  [NoAttack]  BER=0.0 NC=1.0 DSR=1 MIoU=0.5 SI-SNR=28.82dB
  [MP3_128kbps] BER=0.0 NC=1.0 DSR=1 MIoU=0.5 SI-SNR=25.99dB
  [MP3_320kbps] BER=0.0 NC=1.0 DSR=1 MIoU=0.5 SI-SNR=25.98dB
  [Resample_44100RT] BER=0.0 NC=1.0 DSR=1 MIoU=0.5 SI-SNR=28.68dB
  [Crop_10pct] BER=0.0 NC=1.0 DSR=0 MIoU=0.1788 SI-SNR=28.54dB
  [TSM_1.1x] BER=0.0 NC=1.0 DSR=0 MIoU=0.057 SI-SNR=dB
  [AWGN_30dB] BER=0.0 NC=1.0 DSR=1 MIoU=0.5 SI-SNR=26.38dB
  [Limiter] BER=0.0 NC=1.0 DSR=1 MIoU=0.5 SI-SNR=28.76dB
  [Opus_32kbps] BER=0.0 NC=1.0 DSR=1 MIoU=0.5 SI-SNR=18.51dB
  [AAC_128kbps] BER=0.0 NC=1.0 DSR=1 MIoU=0.5 SI-SNR=27.64dB
  [TelephoneFilter] BER=0.0 NC=1.0 DSR=1 MIoU=0.4796 SI-SNR=-16.49dB
  [EnCodec_6kbps] BER=0.25 NC=0.5 DSR=0 MIoU=0.15 SI-SNR=9.73dB
  [DAC] BER=0.625 NC=-0.25 DSR=0 MIoU=0.0079 SI-SNR=2.24dB

[46/100] Similar_Trot_00138_Cover_Tempo_B.wav
  [CACHE]  캐시된 임베딩 재사용 (10.0초)
  [NoAttack]  BER=0.0 NC=1.0 DSR=1 MIoU=0.5 SI-SNR=25.81dB
  [MP3_128kbps] BER=0.0 NC=1.0 DSR=1 MIoU=0.5 SI-SNR=25.57dB
  [MP3_320kbps] BER=0.0 NC=1.0 DSR=1 MIoU=0.5 SI-SNR=25.57dB
  [Resample_44100RT] BER=0.0 NC=1.0 DSR=1 MIoU=0.5 SI-SNR=25.8dB
  [Crop_10pct] BER=0.0 NC=1.0 DSR=1 MIoU=0.3714 SI-SNR=25.94dB
  [TSM_1.1x] BER=0.0 NC=1.0 DSR=0 MIoU=0.0478 SI-SNR=dB
  [AWGN_30dB] BER=0.0 NC=1.0 DSR=1 MIoU=0.5 SI-SNR=24.41dB
  [Limiter] BER=0.0 NC=1.0 DSR=1 MIoU=0.5 SI-SNR=25.81dB
  [Opus_32kbps] BER=0.0 NC=1.0 DSR=1 MIoU=0.5 SI-SNR=17.24dB
  [AAC_128kbps] BER=0.0 NC=1.0 DSR=1 MIoU=0.5 SI-SNR=25.39dB
  [TelephoneFilter] BER=0.0 NC=1.0 DSR=1 MIoU=0.4831 SI-SNR=-18.14dB
  [EnCodec_6kbps] BER=0.0 NC=1.0 DSR=0 MIoU=0.2232 SI-SNR=7.53dB
  [DAC] BER=0.625 NC=-0.25 DSR=0 MIoU=0.0137 SI-SNR=-0.34dB

[47/100] Similar_Trot_00138_Cover_Tempo_D.wav
  [CACHE]  캐시된 임베딩 재사용 (10.0초)
  [NoAttack]  BER=0.0625 NC=0.875 DSR=1 MIoU=0.5 SI-SNR=25.53dB
  [MP3_128kbps] BER=0.0625 NC=0.875 DSR=1 MIoU=0.5 SI-SNR=25.22dB
  [MP3_320kbps] BER=0.0625 NC=0.875 DSR=1 MIoU=0.5 SI-SNR=25.22dB
  [Resample_44100RT] BER=0.0625 NC=0.875 DSR=1 MIoU=0.5 SI-SNR=25.52dB
  [Crop_10pct] BER=0.0 NC=1.0 DSR=0 MIoU=0.2455 SI-SNR=25.45dB
  [TSM_1.1x] BER=0.0625 NC=0.875 DSR=0 MIoU=0.0904 SI-SNR=dB
  [AWGN_30dB] BER=0.0625 NC=0.875 DSR=1 MIoU=0.5 SI-SNR=24.2dB
  [Limiter] BER=0.0625 NC=0.875 DSR=1 MIoU=0.5 SI-SNR=25.53dB
  [Opus_32kbps] BER=0.0625 NC=0.875 DSR=1 MIoU=0.5 SI-SNR=16.87dB
  [AAC_128kbps] BER=0.0 NC=1.0 DSR=1 MIoU=0.5 SI-SNR=25.13dB
  [TelephoneFilter] BER=0.0 NC=1.0 DSR=1 MIoU=0.491 SI-SNR=-17.56dB
  [EnCodec_6kbps] BER=0.3125 NC=0.375 DSR=0 MIoU=0.1036 SI-SNR=7.27dB
  [DAC] BER=0.625 NC=-0.25 DSR=0 MIoU=0.0031 SI-SNR=-0.45dB

[48/100] Similar_Trot_00138_Cover_Timbre_A.wav
  [CACHE]  캐시된 임베딩 재사용 (10.0초)
  [NoAttack]  BER=0.0 NC=1.0 DSR=1 MIoU=0.5 SI-SNR=28.76dB
  [MP3_128kbps] BER=0.0 NC=1.0 DSR=1 MIoU=0.5 SI-SNR=28.45dB
  [MP3_320kbps] BER=0.0 NC=1.0 DSR=1 MIoU=0.5 SI-SNR=28.45dB
  [Resample_44100RT] BER=0.0 NC=1.0 DSR=1 MIoU=0.5 SI-SNR=28.75dB
  [Crop_10pct] BER=0.0 NC=1.0 DSR=1 MIoU=0.4785 SI-SNR=28.6dB
  [TSM_1.1x] BER=0.0 NC=1.0 DSR=0 MIoU=0.0586 SI-SNR=dB
  [AWGN_30dB] BER=0.0 NC=1.0 DSR=1 MIoU=0.5 SI-SNR=26.33dB
  [Limiter] BER=0.0 NC=1.0 DSR=1 MIoU=0.5 SI-SNR=28.76dB
  [Opus_32kbps] BER=0.0 NC=1.0 DSR=1 MIoU=0.5 SI-SNR=18.67dB
  [AAC_128kbps] BER=0.0 NC=1.0 DSR=1 MIoU=0.5 SI-SNR=27.35dB
  [TelephoneFilter] BER=0.0 NC=1.0 DSR=1 MIoU=0.4999 SI-SNR=-28.15dB
  [EnCodec_6kbps] BER=0.125 NC=0.75 DSR=0 MIoU=0.091 SI-SNR=9.43dB
  [DAC] BER=0.4375 NC=0.125 DSR=0 MIoU=0.0015 SI-SNR=1.75dB

[49/100] Similar_Trot_00138_Cover_Timbre_C.wav
  [CACHE]  캐시된 임베딩 재사용 (10.0초)
  [NoAttack]  BER=0.0 NC=1.0 DSR=1 MIoU=0.5 SI-SNR=26.66dB
  [MP3_128kbps] BER=0.0 NC=1.0 DSR=1 MIoU=0.5 SI-SNR=26.4dB
  [MP3_320kbps] BER=0.0 NC=1.0 DSR=1 MIoU=0.5 SI-SNR=26.4dB
  [Resample_44100RT] BER=0.0 NC=1.0 DSR=1 MIoU=0.5 SI-SNR=26.65dB
  [Crop_10pct] BER=0.0 NC=1.0 DSR=0 MIoU=0.2297 SI-SNR=26.67dB
  [TSM_1.1x] BER=0.0 NC=1.0 DSR=0 MIoU=0.0623 SI-SNR=dB
  [AWGN_30dB] BER=0.0 NC=1.0 DSR=1 MIoU=0.5 SI-SNR=25.0dB
  [Limiter] BER=0.0 NC=1.0 DSR=1 MIoU=0.5 SI-SNR=26.66dB
  [Opus_32kbps] BER=0.0 NC=1.0 DSR=1 MIoU=0.5 SI-SNR=17.51dB
  [AAC_128kbps] BER=0.0 NC=1.0 DSR=1 MIoU=0.5 SI-SNR=26.25dB
  [TelephoneFilter] BER=0.0 NC=1.0 DSR=1 MIoU=0.499 SI-SNR=-19.02dB
  [EnCodec_6kbps] BER=0.0625 NC=0.875 DSR=0 MIoU=0.1377 SI-SNR=7.61dB
  [DAC] BER=0.75 NC=-0.5 DSR=0 MIoU=0.0003 SI-SNR=-0.04dB

[50/100] Similar_Trot_00138_Org.wav
  [CACHE]  캐시된 임베딩 재사용 (10.1초)
  [NoAttack]  BER=0.0 NC=1.0 DSR=1 MIoU=0.5 SI-SNR=25.46dB
  [MP3_128kbps] BER=0.0 NC=1.0 DSR=1 MIoU=0.5 SI-SNR=24.71dB
  [MP3_320kbps] BER=0.0 NC=1.0 DSR=1 MIoU=0.5 SI-SNR=24.71dB
  [Resample_44100RT] BER=0.0 NC=1.0 DSR=1 MIoU=0.5 SI-SNR=25.43dB
  [Crop_10pct] BER=0.0 NC=1.0 DSR=1 MIoU=0.4861 SI-SNR=25.36dB
  [TSM_1.1x] BER=0.0625 NC=0.875 DSR=0 MIoU=0.0332 SI-SNR=dB
  [AWGN_30dB] BER=0.0 NC=1.0 DSR=1 MIoU=0.4999 SI-SNR=24.16dB
  [Limiter] BER=0.0 NC=1.0 DSR=1 MIoU=0.5 SI-SNR=25.46dB
  [Opus_32kbps] BER=0.0 NC=1.0 DSR=1 MIoU=0.5 SI-SNR=17.29dB
  [AAC_128kbps] BER=0.0 NC=1.0 DSR=1 MIoU=0.5 SI-SNR=24.73dB
  [TelephoneFilter] BER=0.0 NC=1.0 DSR=1 MIoU=0.4996 SI-SNR=-4.97dB
  [EnCodec_6kbps] BER=0.1875 NC=0.625 DSR=0 MIoU=0.1921 SI-SNR=4.97dB
  [DAC] BER=0.75 NC=-0.5 DSR=0 MIoU=0.0368 SI-SNR=-9.95dB

[51/100] Similar_Trot_00162_Cover_Arrangement_A.wav
  [CACHE]  캐시된 임베딩 재사용 (10.0초)
  [NoAttack]  BER=0.0 NC=1.0 DSR=1 MIoU=0.5 SI-SNR=25.36dB
  [MP3_128kbps] BER=0.0 NC=1.0 DSR=1 MIoU=0.5 SI-SNR=24.91dB
  [MP3_320kbps] BER=0.0 NC=1.0 DSR=1 MIoU=0.5 SI-SNR=24.91dB
  [Resample_44100RT] BER=0.0 NC=1.0 DSR=1 MIoU=0.5 SI-SNR=25.34dB
  [Crop_10pct] BER=0.0 NC=1.0 DSR=1 MIoU=0.4355 SI-SNR=25.31dB
  [TSM_1.1x] BER=0.0 NC=1.0 DSR=0 MIoU=0.0715 SI-SNR=dB
  [AWGN_30dB] BER=0.0 NC=1.0 DSR=1 MIoU=0.5 SI-SNR=24.08dB
  [Limiter] BER=0.0 NC=1.0 DSR=1 MIoU=0.5 SI-SNR=25.36dB
  [Opus_32kbps] BER=0.0 NC=1.0 DSR=1 MIoU=0.5 SI-SNR=19.12dB
  [AAC_128kbps] BER=0.0 NC=1.0 DSR=1 MIoU=0.5 SI-SNR=25.11dB
  [TelephoneFilter] BER=0.0 NC=1.0 DSR=1 MIoU=0.5 SI-SNR=-28.25dB
  [EnCodec_6kbps] BER=0.375 NC=0.25 DSR=0 MIoU=0.072 SI-SNR=9.5dB
  [DAC] BER=0.75 NC=-0.5 DSR=0 MIoU=0.0381 SI-SNR=1.04dB

[52/100] Similar_Trot_00162_Cover_Genre_A.wav
  [CACHE]  캐시된 임베딩 재사용 (10.0초)
  [NoAttack]  BER=0.0 NC=1.0 DSR=1 MIoU=0.5 SI-SNR=23.73dB
  [MP3_128kbps] BER=0.0 NC=1.0 DSR=1 MIoU=0.5 SI-SNR=23.04dB
  [MP3_320kbps] BER=0.0 NC=1.0 DSR=1 MIoU=0.5 SI-SNR=23.04dB
  [Resample_44100RT] BER=0.0 NC=1.0 DSR=1 MIoU=0.5 SI-SNR=23.68dB
  [Crop_10pct] BER=0.0 NC=1.0 DSR=1 MIoU=0.4185 SI-SNR=23.72dB
  [TSM_1.1x] BER=0.0 NC=1.0 DSR=0 MIoU=0.0933 SI-SNR=dB
  [AWGN_30dB] BER=0.0 NC=1.0 DSR=1 MIoU=0.5 SI-SNR=22.81dB
  [Limiter] BER=0.0 NC=1.0 DSR=1 MIoU=0.5 SI-SNR=23.73dB
  [Opus_32kbps] BER=0.0 NC=1.0 DSR=1 MIoU=0.5 SI-SNR=16.45dB
  [AAC_128kbps] BER=0.0 NC=1.0 DSR=1 MIoU=0.5 SI-SNR=23.2dB
  [TelephoneFilter] BER=0.0 NC=1.0 DSR=1 MIoU=0.4993 SI-SNR=-16.77dB
  [EnCodec_6kbps] BER=0.3125 NC=0.375 DSR=0 MIoU=0.2417 SI-SNR=5.1dB
  [DAC] BER=0.5 NC=0.0 DSR=0 MIoU=0.0074 SI-SNR=-0.66dB

[53/100] Similar_Trot_00162_Cover_Instrument_A.wav
  [CACHE]  캐시된 임베딩 재사용 (10.0초)
  [NoAttack]  BER=0.0 NC=1.0 DSR=1 MIoU=0.5 SI-SNR=25.07dB
  [MP3_128kbps] BER=0.0 NC=1.0 DSR=1 MIoU=0.5 SI-SNR=24.81dB
  [MP3_320kbps] BER=0.0 NC=1.0 DSR=1 MIoU=0.5 SI-SNR=24.8dB
  [Resample_44100RT] BER=0.0 NC=1.0 DSR=1 MIoU=0.5 SI-SNR=25.06dB
  [Crop_10pct] BER=0.0 NC=1.0 DSR=1 MIoU=0.2818 SI-SNR=24.95dB
  [TSM_1.1x] BER=0.0625 NC=0.875 DSR=0 MIoU=0.1515 SI-SNR=dB
  [AWGN_30dB] BER=0.0 NC=1.0 DSR=1 MIoU=0.5 SI-SNR=23.87dB
  [Limiter] BER=0.0 NC=1.0 DSR=1 MIoU=0.5 SI-SNR=23.67dB
  [Opus_32kbps] BER=0.0 NC=1.0 DSR=1 MIoU=0.5 SI-SNR=18.91dB
  [AAC_128kbps] BER=0.0 NC=1.0 DSR=1 MIoU=0.5 SI-SNR=24.28dB
  [TelephoneFilter] BER=0.0 NC=1.0 DSR=1 MIoU=0.5 SI-SNR=-15.38dB
  [EnCodec_6kbps] BER=0.25 NC=0.5 DSR=0 MIoU=0.1904 SI-SNR=8.71dB
  [DAC] BER=0.5625 NC=-0.125 DSR=0 MIoU=0.1077 SI-SNR=0.18dB

[54/100] Similar_Trot_00162_Cover_Instrument_C.wav
  [CACHE]  캐시된 임베딩 재사용 (10.0초)
  [NoAttack]  BER=0.0 NC=1.0 DSR=1 MIoU=0.5 SI-SNR=24.77dB
  [MP3_128kbps] BER=0.0 NC=1.0 DSR=1 MIoU=0.5 SI-SNR=24.41dB
  [MP3_320kbps] BER=0.0 NC=1.0 DSR=1 MIoU=0.5 SI-SNR=24.4dB
  [Resample_44100RT] BER=0.0 NC=1.0 DSR=1 MIoU=0.5 SI-SNR=24.75dB
  [Crop_10pct] BER=0.0 NC=1.0 DSR=1 MIoU=0.4 SI-SNR=24.66dB
  [TSM_1.1x] BER=0.0 NC=1.0 DSR=0 MIoU=0.0472 SI-SNR=dB
  [AWGN_30dB] BER=0.0 NC=1.0 DSR=1 MIoU=0.5 SI-SNR=23.63dB
  [Limiter] BER=0.0 NC=1.0 DSR=1 MIoU=0.5 SI-SNR=23.64dB
  [Opus_32kbps] BER=0.0 NC=1.0 DSR=1 MIoU=0.4999 SI-SNR=18.62dB
  [AAC_128kbps] BER=0.0 NC=1.0 DSR=1 MIoU=0.5 SI-SNR=24.0dB
  [TelephoneFilter] BER=0.0 NC=1.0 DSR=1 MIoU=0.5 SI-SNR=-11.78dB
  [EnCodec_6kbps] BER=0.3125 NC=0.375 DSR=0 MIoU=0.1511 SI-SNR=8.09dB
  [DAC] BER=0.625 NC=-0.25 DSR=0 MIoU=0.0069 SI-SNR=-0.93dB

[55/100] Similar_Trot_00162_Cover_Rhythm_B.wav
  [CACHE]  캐시된 임베딩 재사용 (10.0초)
  [NoAttack]  BER=0.0 NC=1.0 DSR=1 MIoU=0.5 SI-SNR=25.13dB
  [MP3_128kbps] BER=0.0 NC=1.0 DSR=1 MIoU=0.5 SI-SNR=23.94dB
  [MP3_320kbps] BER=0.0 NC=1.0 DSR=1 MIoU=0.5 SI-SNR=23.94dB
  [Resample_44100RT] BER=0.0 NC=1.0 DSR=1 MIoU=0.5 SI-SNR=25.03dB
  [Crop_10pct] BER=0.0 NC=1.0 DSR=1 MIoU=0.3959 SI-SNR=25.31dB
  [TSM_1.1x] BER=0.0 NC=1.0 DSR=0 MIoU=0.0675 SI-SNR=dB
  [AWGN_30dB] BER=0.0 NC=1.0 DSR=1 MIoU=0.5 SI-SNR=23.9dB
  [Limiter] BER=0.0 NC=1.0 DSR=1 MIoU=0.5 SI-SNR=25.13dB
  [Opus_32kbps] BER=0.0 NC=1.0 DSR=1 MIoU=0.4993 SI-SNR=16.36dB
  [AAC_128kbps] BER=0.0 NC=1.0 DSR=1 MIoU=0.5 SI-SNR=24.36dB
  [TelephoneFilter] BER=0.0 NC=1.0 DSR=1 MIoU=0.4943 SI-SNR=-26.61dB
  [EnCodec_6kbps] BER=0.1875 NC=0.625 DSR=0 MIoU=0.1818 SI-SNR=5.33dB
  [DAC] BER=0.8125 NC=-0.625 DSR=0 MIoU=0.0535 SI-SNR=0.78dB

[56/100] Similar_Trot_00162_Cover_Tempo_A.wav
  [CACHE]  캐시된 임베딩 재사용 (10.0초)
  [NoAttack]  BER=0.0 NC=1.0 DSR=1 MIoU=0.5 SI-SNR=25.17dB
  [MP3_128kbps] BER=0.0 NC=1.0 DSR=1 MIoU=0.5 SI-SNR=24.95dB
  [MP3_320kbps] BER=0.0 NC=1.0 DSR=1 MIoU=0.5 SI-SNR=24.95dB
  [Resample_44100RT] BER=0.0 NC=1.0 DSR=1 MIoU=0.5 SI-SNR=25.16dB
  [Crop_10pct] BER=0.0 NC=1.0 DSR=1 MIoU=0.3272 SI-SNR=24.91dB
  [TSM_1.1x] BER=0.0 NC=1.0 DSR=0 MIoU=0.097 SI-SNR=dB
  [AWGN_30dB] BER=0.0 NC=1.0 DSR=1 MIoU=0.5 SI-SNR=23.93dB
  [Limiter] BER=0.0 NC=1.0 DSR=1 MIoU=0.5 SI-SNR=24.99dB
  [Opus_32kbps] BER=0.0 NC=1.0 DSR=1 MIoU=0.5 SI-SNR=18.36dB
  [AAC_128kbps] BER=0.0 NC=1.0 DSR=1 MIoU=0.5 SI-SNR=24.89dB
  [TelephoneFilter] BER=0.0 NC=1.0 DSR=1 MIoU=0.4969 SI-SNR=-13.52dB
  [EnCodec_6kbps] BER=0.125 NC=0.75 DSR=0 MIoU=0.2049 SI-SNR=8.31dB
  [DAC] BER=0.8125 NC=-0.625 DSR=0 MIoU=0.0526 SI-SNR=0.05dB

[57/100] Similar_Trot_00162_Cover_Tempo_C.wav
  [CACHE]  캐시된 임베딩 재사용 (10.0초)
  [NoAttack]  BER=0.0 NC=1.0 DSR=1 MIoU=0.5 SI-SNR=25.53dB
  [MP3_128kbps] BER=0.0 NC=1.0 DSR=1 MIoU=0.5 SI-SNR=25.06dB
  [MP3_320kbps] BER=0.0 NC=1.0 DSR=1 MIoU=0.5 SI-SNR=25.06dB
  [Resample_44100RT] BER=0.0 NC=1.0 DSR=1 MIoU=0.5 SI-SNR=25.48dB
  [Crop_10pct] BER=0.0 NC=1.0 DSR=0 MIoU=0.2364 SI-SNR=25.59dB
  [TSM_1.1x] BER=0.0 NC=1.0 DSR=0 MIoU=0.0405 SI-SNR=dB
  [AWGN_30dB] BER=0.0 NC=1.0 DSR=1 MIoU=0.5 SI-SNR=24.19dB
  [Limiter] BER=0.0 NC=1.0 DSR=1 MIoU=0.5 SI-SNR=25.19dB
  [Opus_32kbps] BER=0.0 NC=1.0 DSR=1 MIoU=0.5 SI-SNR=18.64dB
  [AAC_128kbps] BER=0.0 NC=1.0 DSR=1 MIoU=0.5 SI-SNR=24.69dB
  [TelephoneFilter] BER=0.0 NC=1.0 DSR=1 MIoU=0.5 SI-SNR=-13.8dB
  [EnCodec_6kbps] BER=0.1875 NC=0.625 DSR=0 MIoU=0.1153 SI-SNR=7.33dB
  [DAC] BER=0.5625 NC=-0.125 DSR=0 MIoU=0.0232 SI-SNR=-0.8dB

[58/100] Similar_Trot_00162_Cover_Timbre_A.wav
  [CACHE]  캐시된 임베딩 재사용 (10.0초)
  [NoAttack]  BER=0.0 NC=1.0 DSR=1 MIoU=0.5 SI-SNR=24.15dB
  [MP3_128kbps] BER=0.0 NC=1.0 DSR=1 MIoU=0.5 SI-SNR=23.82dB
  [MP3_320kbps] BER=0.0 NC=1.0 DSR=1 MIoU=0.5 SI-SNR=23.82dB
  [Resample_44100RT] BER=0.0 NC=1.0 DSR=1 MIoU=0.5 SI-SNR=24.14dB
  [Crop_10pct] BER=0.5625 NC=-0.125 DSR=0 MIoU=0.0278 SI-SNR=24.12dB
  [TSM_1.1x] BER=0.0 NC=1.0 DSR=0 MIoU=0.1525 SI-SNR=dB
  [AWGN_30dB] BER=0.0 NC=1.0 DSR=1 MIoU=0.5 SI-SNR=23.14dB
  [Limiter] BER=0.0 NC=1.0 DSR=1 MIoU=0.5 SI-SNR=24.11dB
  [Opus_32kbps] BER=0.0 NC=1.0 DSR=1 MIoU=0.5 SI-SNR=18.31dB
  [AAC_128kbps] BER=0.0 NC=1.0 DSR=1 MIoU=0.5 SI-SNR=23.58dB
  [TelephoneFilter] BER=0.0 NC=1.0 DSR=1 MIoU=0.5 SI-SNR=-10.03dB
  [EnCodec_6kbps] BER=0.3125 NC=0.375 DSR=0 MIoU=0.0984 SI-SNR=7.5dB
  [DAC] BER=0.8125 NC=-0.625 DSR=0 MIoU=0.0853 SI-SNR=-1.69dB

[59/100] Similar_Trot_00162_Cover_Timbre_C.wav
  [CACHE]  캐시된 임베딩 재사용 (10.0초)
  [NoAttack]  BER=0.0 NC=1.0 DSR=1 MIoU=0.5 SI-SNR=23.91dB
  [MP3_128kbps] BER=0.0 NC=1.0 DSR=1 MIoU=0.5 SI-SNR=23.59dB
  [MP3_320kbps] BER=0.0 NC=1.0 DSR=1 MIoU=0.5 SI-SNR=23.59dB
  [Resample_44100RT] BER=0.0 NC=1.0 DSR=1 MIoU=0.5 SI-SNR=23.9dB
  [Crop_10pct] BER=0.0 NC=1.0 DSR=1 MIoU=0.2947 SI-SNR=23.67dB
  [TSM_1.1x] BER=0.0 NC=1.0 DSR=0 MIoU=0.0699 SI-SNR=dB
  [AWGN_30dB] BER=0.0 NC=1.0 DSR=1 MIoU=0.5 SI-SNR=22.93dB
  [Limiter] BER=0.0 NC=1.0 DSR=1 MIoU=0.5 SI-SNR=23.78dB
  [Opus_32kbps] BER=0.0 NC=1.0 DSR=1 MIoU=0.4999 SI-SNR=18.5dB
  [AAC_128kbps] BER=0.0 NC=1.0 DSR=1 MIoU=0.5 SI-SNR=23.41dB
  [TelephoneFilter] BER=0.0 NC=1.0 DSR=1 MIoU=0.5 SI-SNR=-11.14dB
  [EnCodec_6kbps] BER=0.4375 NC=0.125 DSR=0 MIoU=0.1297 SI-SNR=8.02dB
  [DAC] BER=0.75 NC=-0.5 DSR=0 MIoU=0.0075 SI-SNR=-1.1dB

[60/100] Similar_Trot_00162_Org.wav
  [CACHE]  캐시된 임베딩 재사용 (10.1초)
  [NoAttack]  BER=0.0 NC=1.0 DSR=1 MIoU=0.5 SI-SNR=27.47dB
  [MP3_128kbps] BER=0.0 NC=1.0 DSR=1 MIoU=0.5 SI-SNR=26.4dB
  [MP3_320kbps] BER=0.0 NC=1.0 DSR=1 MIoU=0.5 SI-SNR=26.4dB
  [Resample_44100RT] BER=0.0 NC=1.0 DSR=1 MIoU=0.5 SI-SNR=27.41dB
  [Crop_10pct] BER=0.0 NC=1.0 DSR=0 MIoU=0.1677 SI-SNR=27.28dB
  [TSM_1.1x] BER=0.0 NC=1.0 DSR=0 MIoU=0.0536 SI-SNR=dB
  [AWGN_30dB] BER=0.0 NC=1.0 DSR=1 MIoU=0.5 SI-SNR=25.55dB
  [Limiter] BER=0.0 NC=1.0 DSR=1 MIoU=0.5 SI-SNR=27.1dB
  [Opus_32kbps] BER=0.0 NC=1.0 DSR=1 MIoU=0.5 SI-SNR=19.48dB
  [AAC_128kbps] BER=0.0 NC=1.0 DSR=1 MIoU=0.5 SI-SNR=27.04dB
  [TelephoneFilter] BER=0.0 NC=1.0 DSR=1 MIoU=0.5 SI-SNR=-23.23dB
  [EnCodec_6kbps] BER=0.25 NC=0.5 DSR=0 MIoU=0.1266 SI-SNR=10.79dB
  [DAC] BER=0.5625 NC=-0.125 DSR=0 MIoU=0.0112 SI-SNR=3.28dB

[61/100] 일반남여_일반통합06_F_1524374974_25_수도권_실내_07802.wav
  [CACHE]  캐시된 임베딩 재사용 (3.5초)
  [NoAttack]  BER=0.0 NC=1.0 DSR=1 MIoU=0.5 SI-SNR=27.48dB
  [MP3_128kbps] BER=0.0 NC=1.0 DSR=1 MIoU=0.5 SI-SNR=27.43dB
  [MP3_320kbps] BER=0.0 NC=1.0 DSR=1 MIoU=0.5 SI-SNR=27.43dB
  [Resample_44100RT] BER=0.0 NC=1.0 DSR=1 MIoU=0.5 SI-SNR=27.48dB
  [Crop_10pct] BER=0.0 NC=1.0 DSR=1 MIoU=0.3354 SI-SNR=27.76dB
  [TSM_1.1x] BER=0.0 NC=1.0 DSR=0 MIoU=0.135 SI-SNR=dB
  [AWGN_30dB] BER=0.0 NC=1.0 DSR=1 MIoU=0.331 SI-SNR=25.57dB
  [Limiter] BER=0.0 NC=1.0 DSR=1 MIoU=0.5 SI-SNR=27.48dB
  [Opus_32kbps] BER=0.0 NC=1.0 DSR=1 MIoU=0.5 SI-SNR=22.23dB
  [AAC_128kbps] BER=0.0 NC=1.0 DSR=1 MIoU=0.5 SI-SNR=27.4dB
  [TelephoneFilter] BER=0.0 NC=1.0 DSR=1 MIoU=0.5 SI-SNR=-11.7dB
  [EnCodec_6kbps] BER=0.4375 NC=0.125 DSR=0 MIoU=0.1647 SI-SNR=8.05dB
  [DAC] BER=0.5 NC=0.0 DSR=0 MIoU=0.1559 SI-SNR=-6.36dB

[62/100] 일반남여_일반통합06_F_1524374974_25_수도권_실내_07811.wav
  [CACHE]  캐시된 임베딩 재사용 (3.4초)
  [NoAttack]  BER=0.0 NC=1.0 DSR=1 MIoU=0.5 SI-SNR=23.47dB
  [MP3_128kbps] BER=0.0 NC=1.0 DSR=1 MIoU=0.5 SI-SNR=23.39dB
  [MP3_320kbps] BER=0.0 NC=1.0 DSR=1 MIoU=0.5 SI-SNR=23.39dB
  [Resample_44100RT] BER=0.0 NC=1.0 DSR=1 MIoU=0.5 SI-SNR=23.46dB
  [Crop_10pct] BER=0.0 NC=1.0 DSR=0 MIoU=0.0822 SI-SNR=23.53dB
  [TSM_1.1x] BER=0.0 NC=1.0 DSR=0 MIoU=0.1477 SI-SNR=dB
  [AWGN_30dB] BER=0.0 NC=1.0 DSR=1 MIoU=0.4964 SI-SNR=22.58dB
  [Limiter] BER=0.0 NC=1.0 DSR=1 MIoU=0.5 SI-SNR=23.47dB
  [Opus_32kbps] BER=0.0 NC=1.0 DSR=1 MIoU=0.5 SI-SNR=21.13dB
  [AAC_128kbps] BER=0.0 NC=1.0 DSR=1 MIoU=0.5 SI-SNR=23.47dB
  [TelephoneFilter] BER=0.0 NC=1.0 DSR=1 MIoU=0.5 SI-SNR=-0.99dB
  [EnCodec_6kbps] BER=0.4375 NC=0.125 DSR=0 MIoU=0.0887 SI-SNR=6.91dB
  [DAC] BER=0.5 NC=0.0 DSR=0 MIoU=0.1898 SI-SNR=-38.72dB

[63/100] 일반남여_일반통합06_F_1524374974_25_수도권_실내_07812.wav
  [CACHE]  캐시된 임베딩 재사용 (2.8초)
  [NoAttack]  BER=0.0 NC=1.0 DSR=1 MIoU=0.5 SI-SNR=26.34dB
  [MP3_128kbps] BER=0.0 NC=1.0 DSR=1 MIoU=0.5 SI-SNR=26.31dB
  [MP3_320kbps] BER=0.0 NC=1.0 DSR=1 MIoU=0.5 SI-SNR=26.31dB
  [Resample_44100RT] BER=0.0 NC=1.0 DSR=1 MIoU=0.5 SI-SNR=26.34dB
  [Crop_10pct] BER=0.0 NC=1.0 DSR=1 MIoU=0.4187 SI-SNR=26.41dB
  [TSM_1.1x] BER=0.0 NC=1.0 DSR=0 MIoU=0.1868 SI-SNR=dB
  [AWGN_30dB] BER=0.0 NC=1.0 DSR=1 MIoU=0.4106 SI-SNR=24.8dB
  [Limiter] BER=0.0 NC=1.0 DSR=1 MIoU=0.5 SI-SNR=26.34dB
  [Opus_32kbps] BER=0.0 NC=1.0 DSR=1 MIoU=0.5 SI-SNR=23.32dB
  [AAC_128kbps] BER=0.0 NC=1.0 DSR=1 MIoU=0.5 SI-SNR=26.34dB
  [TelephoneFilter] BER=0.0 NC=1.0 DSR=1 MIoU=0.5 SI-SNR=-2.76dB
  [EnCodec_6kbps] BER=0.5 NC=0.0 DSR=0 MIoU=0.1173 SI-SNR=8.42dB
  [DAC] BER=0.5 NC=0.0 DSR=1 MIoU=0.2922 SI-SNR=-37.19dB

[64/100] 일반남여_일반통합06_F_1524374974_25_수도권_실내_07814.wav
  [CACHE]  캐시된 임베딩 재사용 (3.2초)
  [NoAttack]  BER=0.0 NC=1.0 DSR=1 MIoU=0.5 SI-SNR=23.74dB
  [MP3_128kbps] BER=0.0 NC=1.0 DSR=1 MIoU=0.5 SI-SNR=23.62dB
  [MP3_320kbps] BER=0.0 NC=1.0 DSR=1 MIoU=0.5 SI-SNR=23.62dB
  [Resample_44100RT] BER=0.0 NC=1.0 DSR=1 MIoU=0.5 SI-SNR=23.74dB
  [Crop_10pct] BER=0.0 NC=1.0 DSR=0 MIoU=0.2245 SI-SNR=23.57dB
  [TSM_1.1x] BER=0.0 NC=1.0 DSR=0 MIoU=0.1592 SI-SNR=dB
  [AWGN_30dB] BER=0.0 NC=1.0 DSR=1 MIoU=0.3703 SI-SNR=22.8dB
  [Limiter] BER=0.0 NC=1.0 DSR=1 MIoU=0.5 SI-SNR=23.74dB
  [Opus_32kbps] BER=0.0 NC=1.0 DSR=1 MIoU=0.5 SI-SNR=19.73dB
  [AAC_128kbps] BER=0.0 NC=1.0 DSR=1 MIoU=0.5 SI-SNR=23.69dB
  [TelephoneFilter] BER=0.0 NC=1.0 DSR=1 MIoU=0.5 SI-SNR=-2.07dB
  [EnCodec_6kbps] BER=0.5 NC=0.0 DSR=0 MIoU=0.0885 SI-SNR=6.09dB
  [DAC] BER=0.5 NC=0.0 DSR=0 MIoU=0.1623 SI-SNR=-26.74dB

[65/100] 일반남여_일반통합06_F_1524374974_25_수도권_실내_07820.wav
  [CACHE]  캐시된 임베딩 재사용 (3.4초)
  [NoAttack]  BER=0.0 NC=1.0 DSR=1 MIoU=0.5 SI-SNR=25.63dB
  [MP3_128kbps] BER=0.0 NC=1.0 DSR=1 MIoU=0.5 SI-SNR=25.61dB
  [MP3_320kbps] BER=0.0 NC=1.0 DSR=1 MIoU=0.5 SI-SNR=25.61dB
  [Resample_44100RT] BER=0.0 NC=1.0 DSR=1 MIoU=0.5 SI-SNR=25.63dB
  [Crop_10pct] BER=0.0 NC=1.0 DSR=1 MIoU=0.2585 SI-SNR=24.5dB
  [TSM_1.1x] BER=0.0 NC=1.0 DSR=0 MIoU=0.1538 SI-SNR=dB
  [AWGN_30dB] BER=0.0 NC=1.0 DSR=1 MIoU=0.46 SI-SNR=24.28dB
  [Limiter] BER=0.0 NC=1.0 DSR=1 MIoU=0.5 SI-SNR=25.63dB
  [Opus_32kbps] BER=0.0 NC=1.0 DSR=1 MIoU=0.5 SI-SNR=23.44dB
  [AAC_128kbps] BER=0.0 NC=1.0 DSR=1 MIoU=0.5 SI-SNR=25.61dB
  [TelephoneFilter] BER=0.0 NC=1.0 DSR=1 MIoU=0.5 SI-SNR=-4.96dB
  [EnCodec_6kbps] BER=0.4375 NC=0.125 DSR=0 MIoU=0.0257 SI-SNR=8.33dB
  [DAC] BER=0.5 NC=0.0 DSR=0 MIoU=0.1723 SI-SNR=-16.83dB

[66/100] 일반남여_일반통합06_F_1524374974_25_수도권_실내_07822.wav
  [CACHE]  캐시된 임베딩 재사용 (3.4초)
  [NoAttack]  BER=0.0 NC=1.0 DSR=1 MIoU=0.5 SI-SNR=23.7dB
  [MP3_128kbps] BER=0.0 NC=1.0 DSR=1 MIoU=0.5 SI-SNR=23.68dB
  [MP3_320kbps] BER=0.0 NC=1.0 DSR=1 MIoU=0.5 SI-SNR=23.69dB
  [Resample_44100RT] BER=0.0 NC=1.0 DSR=1 MIoU=0.5 SI-SNR=23.7dB
  [Crop_10pct] BER=0.0 NC=1.0 DSR=1 MIoU=0.4745 SI-SNR=23.74dB
  [TSM_1.1x] BER=0.0 NC=1.0 DSR=0 MIoU=0.1517 SI-SNR=dB
  [AWGN_30dB] BER=0.0 NC=1.0 DSR=1 MIoU=0.4208 SI-SNR=22.78dB
  [Limiter] BER=0.0 NC=1.0 DSR=1 MIoU=0.5 SI-SNR=23.7dB
  [Opus_32kbps] BER=0.0 NC=1.0 DSR=1 MIoU=0.5 SI-SNR=21.55dB
  [AAC_128kbps] BER=0.0 NC=1.0 DSR=1 MIoU=0.5 SI-SNR=23.68dB
  [TelephoneFilter] BER=0.0 NC=1.0 DSR=1 MIoU=0.5 SI-SNR=-4.35dB
  [EnCodec_6kbps] BER=0.375 NC=0.25 DSR=0 MIoU=0.1321 SI-SNR=9.02dB
  [DAC] BER=0.5 NC=0.0 DSR=0 MIoU=0.1781 SI-SNR=-21.48dB

[67/100] 일반남여_일반통합06_F_1524374974_25_수도권_실내_07826.wav
  [CACHE]  캐시된 임베딩 재사용 (3.3초)
  [NoAttack]  BER=0.0 NC=1.0 DSR=1 MIoU=0.5 SI-SNR=25.33dB
  [MP3_128kbps] BER=0.0 NC=1.0 DSR=1 MIoU=0.5 SI-SNR=25.33dB
  [MP3_320kbps] BER=0.0 NC=1.0 DSR=1 MIoU=0.5 SI-SNR=25.33dB
  [Resample_44100RT] BER=0.0 NC=1.0 DSR=1 MIoU=0.5 SI-SNR=25.33dB
  [Crop_10pct] BER=0.0 NC=1.0 DSR=0 MIoU=0.071 SI-SNR=25.32dB
  [TSM_1.1x] BER=0.0 NC=1.0 DSR=0 MIoU=0.1529 SI-SNR=dB
  [AWGN_30dB] BER=0.0 NC=1.0 DSR=1 MIoU=0.353 SI-SNR=24.05dB
  [Limiter] BER=0.0 NC=1.0 DSR=1 MIoU=0.5 SI-SNR=25.33dB
  [Opus_32kbps] BER=0.0 NC=1.0 DSR=1 MIoU=0.5 SI-SNR=23.68dB
  [AAC_128kbps] BER=0.0 NC=1.0 DSR=1 MIoU=0.5 SI-SNR=25.32dB
  [TelephoneFilter] BER=0.0 NC=1.0 DSR=1 MIoU=0.5 SI-SNR=-8.77dB
  [EnCodec_6kbps] BER=0.375 NC=0.25 DSR=0 MIoU=0.1203 SI-SNR=10.37dB
  [DAC] BER=0.625 NC=-0.25 DSR=0 MIoU=0.2358 SI-SNR=-9.59dB

[68/100] 일반남여_일반통합06_F_1524374974_25_수도권_실내_07834.wav
  [CACHE]  캐시된 임베딩 재사용 (3.3초)
  [NoAttack]  BER=0.0 NC=1.0 DSR=1 MIoU=0.5 SI-SNR=26.08dB
  [MP3_128kbps] BER=0.0 NC=1.0 DSR=1 MIoU=0.5 SI-SNR=25.97dB
  [MP3_320kbps] BER=0.0 NC=1.0 DSR=1 MIoU=0.5 SI-SNR=25.97dB
  [Resample_44100RT] BER=0.0 NC=1.0 DSR=1 MIoU=0.5 SI-SNR=26.08dB
  [Crop_10pct] BER=0.0 NC=1.0 DSR=0 MIoU=0.1794 SI-SNR=27.79dB
  [TSM_1.1x] BER=0.0 NC=1.0 DSR=0 MIoU=0.1742 SI-SNR=dB
  [AWGN_30dB] BER=0.0 NC=1.0 DSR=1 MIoU=0.3906 SI-SNR=24.61dB
  [Limiter] BER=0.0 NC=1.0 DSR=1 MIoU=0.5 SI-SNR=26.08dB
  [Opus_32kbps] BER=0.0 NC=1.0 DSR=1 MIoU=0.5 SI-SNR=21.62dB
  [AAC_128kbps] BER=0.0 NC=1.0 DSR=1 MIoU=0.5 SI-SNR=26.01dB
  [TelephoneFilter] BER=0.0 NC=1.0 DSR=1 MIoU=0.5 SI-SNR=-3.93dB
  [EnCodec_6kbps] BER=0.375 NC=0.25 DSR=0 MIoU=0.0997 SI-SNR=6.85dB
  [DAC] BER=0.5625 NC=-0.125 DSR=0 MIoU=0.1936 SI-SNR=-18.38dB

[69/100] 일반남여_일반통합06_F_1524374974_25_수도권_실내_07836.wav
  [CACHE]  캐시된 임베딩 재사용 (2.0초)
  [NoAttack]  BER=0.0 NC=1.0 DSR=1 MIoU=0.5 SI-SNR=15.49dB
  [MP3_128kbps] BER=0.0 NC=1.0 DSR=1 MIoU=0.5 SI-SNR=15.48dB
  [MP3_320kbps] BER=0.0 NC=1.0 DSR=1 MIoU=0.5 SI-SNR=15.48dB
  [Resample_44100RT] BER=0.0 NC=1.0 DSR=1 MIoU=0.5 SI-SNR=15.49dB
  [Crop_10pct] BER=0.0 NC=1.0 DSR=0 MIoU=0.222 SI-SNR=19.71dB
  [TSM_1.1x] BER=0.0 NC=1.0 DSR=1 MIoU=0.2557 SI-SNR=dB
  [AWGN_30dB] BER=0.0 NC=1.0 DSR=1 MIoU=0.3826 SI-SNR=15.34dB
  [Limiter] BER=0.0 NC=1.0 DSR=1 MIoU=0.5 SI-SNR=15.49dB
  [Opus_32kbps] BER=0.0 NC=1.0 DSR=1 MIoU=0.5 SI-SNR=15.02dB
  [AAC_128kbps] BER=0.0 NC=1.0 DSR=1 MIoU=0.5 SI-SNR=15.49dB
  [TelephoneFilter] BER=0.0 NC=1.0 DSR=1 MIoU=0.5 SI-SNR=-1.68dB
  [EnCodec_6kbps] BER=0.375 NC=0.25 DSR=1 MIoU=0.3018 SI-SNR=6.29dB
  [DAC] BER=0.5625 NC=-0.125 DSR=0 MIoU=0.2156 SI-SNR=-16.86dB

[70/100] 일반남여_일반통합06_F_1524374974_25_수도권_실내_07838.wav
  [CACHE]  캐시된 임베딩 재사용 (3.2초)
  [NoAttack]  BER=0.0 NC=1.0 DSR=1 MIoU=0.5 SI-SNR=27.58dB
  [MP3_128kbps] BER=0.0 NC=1.0 DSR=1 MIoU=0.5 SI-SNR=27.24dB
  [MP3_320kbps] BER=0.0 NC=1.0 DSR=1 MIoU=0.5 SI-SNR=27.24dB
  [Resample_44100RT] BER=0.0 NC=1.0 DSR=1 MIoU=0.5 SI-SNR=27.58dB
  [Crop_10pct] BER=0.1875 NC=0.625 DSR=0 MIoU=0.0638 SI-SNR=27.59dB
  [TSM_1.1x] BER=0.0 NC=1.0 DSR=0 MIoU=0.1783 SI-SNR=dB
  [AWGN_30dB] BER=0.0 NC=1.0 DSR=1 MIoU=0.403 SI-SNR=25.62dB
  [Limiter] BER=0.0 NC=1.0 DSR=1 MIoU=0.5 SI-SNR=27.58dB
  [Opus_32kbps] BER=0.0 NC=1.0 DSR=1 MIoU=0.5 SI-SNR=21.42dB
  [AAC_128kbps] BER=0.0 NC=1.0 DSR=1 MIoU=0.5 SI-SNR=27.5dB
  [TelephoneFilter] BER=0.0 NC=1.0 DSR=1 MIoU=0.5 SI-SNR=-2.83dB
  [EnCodec_6kbps] BER=0.375 NC=0.25 DSR=0 MIoU=0.1845 SI-SNR=6.17dB
  [DAC] BER=0.5625 NC=-0.125 DSR=1 MIoU=0.2517 SI-SNR=-28.05dB

[71/100] 일반남여_일반통합06_F_1524374974_25_수도권_실내_07840.wav
  [CACHE]  캐시된 임베딩 재사용 (2.6초)
  [NoAttack]  BER=0.0 NC=1.0 DSR=1 MIoU=0.5 SI-SNR=28.66dB
  [MP3_128kbps] BER=0.0 NC=1.0 DSR=1 MIoU=0.5 SI-SNR=28.62dB
  [MP3_320kbps] BER=0.0 NC=1.0 DSR=1 MIoU=0.5 SI-SNR=28.62dB
  [Resample_44100RT] BER=0.0 NC=1.0 DSR=1 MIoU=0.5 SI-SNR=28.66dB
  [Crop_10pct] BER=0.0 NC=1.0 DSR=1 MIoU=0.3632 SI-SNR=28.56dB
  [TSM_1.1x] BER=0.0 NC=1.0 DSR=0 MIoU=0.1595 SI-SNR=dB
  [AWGN_30dB] BER=0.0 NC=1.0 DSR=1 MIoU=0.3454 SI-SNR=26.26dB
  [Limiter] BER=0.0 NC=1.0 DSR=1 MIoU=0.5 SI-SNR=28.66dB
  [Opus_32kbps] BER=0.0 NC=1.0 DSR=1 MIoU=0.5 SI-SNR=25.04dB
  [AAC_128kbps] BER=0.0 NC=1.0 DSR=1 MIoU=0.5 SI-SNR=28.59dB
  [TelephoneFilter] BER=0.0 NC=1.0 DSR=1 MIoU=0.5 SI-SNR=-10.12dB
  [EnCodec_6kbps] BER=0.4375 NC=0.125 DSR=0 MIoU=0.121 SI-SNR=9.94dB
  [DAC] BER=0.5625 NC=-0.125 DSR=0 MIoU=0.197 SI-SNR=-9.28dB

[72/100] 일반남여_일반통합06_F_1524374974_25_수도권_실내_07843.wav
  [CACHE]  캐시된 임베딩 재사용 (2.5초)
  [NoAttack]  BER=0.0 NC=1.0 DSR=1 MIoU=0.5 SI-SNR=24.96dB
  [MP3_128kbps] BER=0.0 NC=1.0 DSR=1 MIoU=0.5 SI-SNR=24.96dB
  [MP3_320kbps] BER=0.0 NC=1.0 DSR=1 MIoU=0.5 SI-SNR=24.96dB
  [Resample_44100RT] BER=0.0 NC=1.0 DSR=1 MIoU=0.5 SI-SNR=24.96dB
  [Crop_10pct] BER=0.0 NC=1.0 DSR=1 MIoU=0.2743 SI-SNR=24.36dB
  [TSM_1.1x] BER=0.0 NC=1.0 DSR=0 MIoU=0.1919 SI-SNR=dB
  [AWGN_30dB] BER=0.0 NC=1.0 DSR=1 MIoU=0.3959 SI-SNR=23.76dB
  [Limiter] BER=0.0 NC=1.0 DSR=1 MIoU=0.5 SI-SNR=24.96dB
  [Opus_32kbps] BER=0.0 NC=1.0 DSR=1 MIoU=0.5 SI-SNR=23.71dB
  [AAC_128kbps] BER=0.0 NC=1.0 DSR=1 MIoU=0.5 SI-SNR=24.94dB
  [TelephoneFilter] BER=0.0 NC=1.0 DSR=1 MIoU=0.5 SI-SNR=-2.18dB
  [EnCodec_6kbps] BER=0.25 NC=0.5 DSR=0 MIoU=0.1044 SI-SNR=9.17dB
  [DAC] BER=0.625 NC=-0.25 DSR=0 MIoU=0.24 SI-SNR=-28.89dB

[73/100] 일반남여_일반통합06_F_1524374974_25_수도권_실내_07845.wav
  [CACHE]  캐시된 임베딩 재사용 (3.1초)
  [NoAttack]  BER=0.0 NC=1.0 DSR=1 MIoU=0.5 SI-SNR=24.78dB
  [MP3_128kbps] BER=0.0 NC=1.0 DSR=1 MIoU=0.5 SI-SNR=24.77dB
  [MP3_320kbps] BER=0.0 NC=1.0 DSR=1 MIoU=0.5 SI-SNR=24.77dB
  [Resample_44100RT] BER=0.0 NC=1.0 DSR=1 MIoU=0.5 SI-SNR=24.78dB
  [Crop_10pct] BER=0.0 NC=1.0 DSR=0 MIoU=0.125 SI-SNR=24.78dB
  [TSM_1.1x] BER=0.0 NC=1.0 DSR=0 MIoU=0.1829 SI-SNR=dB
  [AWGN_30dB] BER=0.0 NC=1.0 DSR=1 MIoU=0.3132 SI-SNR=23.61dB
  [Limiter] BER=0.0 NC=1.0 DSR=1 MIoU=0.5 SI-SNR=24.78dB
  [Opus_32kbps] BER=0.0 NC=1.0 DSR=1 MIoU=0.5 SI-SNR=23.18dB
  [AAC_128kbps] BER=0.0 NC=1.0 DSR=1 MIoU=0.5 SI-SNR=24.76dB
  [TelephoneFilter] BER=0.0 NC=1.0 DSR=1 MIoU=0.5 SI-SNR=-4.45dB
  [EnCodec_6kbps] BER=0.1875 NC=0.625 DSR=0 MIoU=0.1121 SI-SNR=9.42dB
  [DAC] BER=0.5625 NC=-0.125 DSR=0 MIoU=0.1824 SI-SNR=-22.0dB

[74/100] 일반남여_일반통합06_F_1524374974_25_수도권_실내_07847.wav
  [CACHE]  캐시된 임베딩 재사용 (2.2초)
  [NoAttack]  BER=0.0 NC=1.0 DSR=1 MIoU=0.5 SI-SNR=20.92dB
  [MP3_128kbps] BER=0.0 NC=1.0 DSR=1 MIoU=0.5 SI-SNR=20.92dB
  [MP3_320kbps] BER=0.0 NC=1.0 DSR=1 MIoU=0.5 SI-SNR=20.92dB
  [Resample_44100RT] BER=0.0 NC=1.0 DSR=1 MIoU=0.5 SI-SNR=20.92dB
  [Crop_10pct] BER=0.0 NC=1.0 DSR=1 MIoU=0.4176 SI-SNR=23.3dB
  [TSM_1.1x] BER=0.0 NC=1.0 DSR=1 MIoU=0.2905 SI-SNR=dB
  [AWGN_30dB] BER=0.0 NC=1.0 DSR=1 MIoU=0.2674 SI-SNR=20.4dB
  [Limiter] BER=0.0 NC=1.0 DSR=1 MIoU=0.5 SI-SNR=20.92dB
  [Opus_32kbps] BER=0.0 NC=1.0 DSR=1 MIoU=0.5 SI-SNR=20.42dB
  [AAC_128kbps] BER=0.0 NC=1.0 DSR=1 MIoU=0.5 SI-SNR=20.93dB
  [TelephoneFilter] BER=0.0 NC=1.0 DSR=1 MIoU=0.5 SI-SNR=-3.89dB
  [EnCodec_6kbps] BER=0.5 NC=0.0 DSR=0 MIoU=0.2047 SI-SNR=8.48dB
  [DAC] BER=0.5625 NC=-0.125 DSR=0 MIoU=0.2182 SI-SNR=-22.7dB

[75/100] 일반남여_일반통합06_F_1524374974_25_수도권_실내_07849.wav
  [CACHE]  캐시된 임베딩 재사용 (2.0초)
  [NoAttack]  BER=0.0 NC=1.0 DSR=1 MIoU=0.5 SI-SNR=23.42dB
  [MP3_128kbps] BER=0.0 NC=1.0 DSR=1 MIoU=0.5 SI-SNR=23.42dB
  [MP3_320kbps] BER=0.0 NC=1.0 DSR=1 MIoU=0.5 SI-SNR=23.42dB
  [Resample_44100RT] BER=0.0 NC=1.0 DSR=1 MIoU=0.5 SI-SNR=23.42dB
  [Crop_10pct] BER=0.0 NC=1.0 DSR=1 MIoU=0.2541 SI-SNR=21.13dB
  [TSM_1.1x] BER=0.0 NC=1.0 DSR=0 MIoU=0.1777 SI-SNR=dB
  [AWGN_30dB] BER=0.0 NC=1.0 DSR=1 MIoU=0.5 SI-SNR=22.53dB
  [Limiter] BER=0.0 NC=1.0 DSR=1 MIoU=0.5 SI-SNR=23.42dB
  [Opus_32kbps] BER=0.0 NC=1.0 DSR=1 MIoU=0.5 SI-SNR=22.12dB
  [AAC_128kbps] BER=0.0 NC=1.0 DSR=1 MIoU=0.5 SI-SNR=23.43dB
  [TelephoneFilter] BER=0.0 NC=1.0 DSR=1 MIoU=0.5 SI-SNR=-0.04dB
  [EnCodec_6kbps] BER=0.3125 NC=0.375 DSR=0 MIoU=0.0718 SI-SNR=8.08dB
  [DAC] BER=0.5625 NC=-0.125 DSR=1 MIoU=0.2878 SI-SNR=-15.79dB

[76/100] 일반남여_일반통합06_F_1524374974_25_수도권_실내_07851.wav
  [CACHE]  캐시된 임베딩 재사용 (2.6초)
  [NoAttack]  BER=0.0 NC=1.0 DSR=1 MIoU=0.5 SI-SNR=25.0dB
  [MP3_128kbps] BER=0.0 NC=1.0 DSR=1 MIoU=0.5 SI-SNR=24.93dB
  [MP3_320kbps] BER=0.0 NC=1.0 DSR=1 MIoU=0.5 SI-SNR=24.94dB
  [Resample_44100RT] BER=0.0 NC=1.0 DSR=1 MIoU=0.5 SI-SNR=25.0dB
  [Crop_10pct] BER=0.0 NC=1.0 DSR=1 MIoU=0.2515 SI-SNR=25.0dB
  [TSM_1.1x] BER=0.0 NC=1.0 DSR=0 MIoU=0.2192 SI-SNR=dB
  [AWGN_30dB] BER=0.0 NC=1.0 DSR=1 MIoU=0.466 SI-SNR=23.79dB
  [Limiter] BER=0.0 NC=1.0 DSR=1 MIoU=0.5 SI-SNR=25.0dB
  [Opus_32kbps] BER=0.0 NC=1.0 DSR=1 MIoU=0.5 SI-SNR=19.58dB
  [AAC_128kbps] BER=0.0 NC=1.0 DSR=1 MIoU=0.5 SI-SNR=24.65dB
  [TelephoneFilter] BER=0.0 NC=1.0 DSR=1 MIoU=0.5 SI-SNR=-9.36dB
  [EnCodec_6kbps] BER=0.5625 NC=-0.125 DSR=0 MIoU=0.0452 SI-SNR=6.43dB
  [DAC] BER=0.5 NC=0.0 DSR=0 MIoU=0.2025 SI-SNR=-8.81dB

[77/100] 일반남여_일반통합06_F_1524374974_25_수도권_실내_07853.wav
  [CACHE]  캐시된 임베딩 재사용 (3.0초)
  [NoAttack]  BER=0.0 NC=1.0 DSR=1 MIoU=0.5 SI-SNR=25.22dB
  [MP3_128kbps] BER=0.0 NC=1.0 DSR=1 MIoU=0.5 SI-SNR=25.08dB
  [MP3_320kbps] BER=0.0 NC=1.0 DSR=1 MIoU=0.5 SI-SNR=25.07dB
  [Resample_44100RT] BER=0.0 NC=1.0 DSR=1 MIoU=0.5 SI-SNR=25.21dB
  [Crop_10pct] BER=0.0 NC=1.0 DSR=1 MIoU=0.4295 SI-SNR=25.07dB
  [TSM_1.1x] BER=0.0 NC=1.0 DSR=0 MIoU=0.1533 SI-SNR=dB
  [AWGN_30dB] BER=0.0 NC=1.0 DSR=1 MIoU=0.4251 SI-SNR=23.96dB
  [Limiter] BER=0.0 NC=1.0 DSR=1 MIoU=0.5 SI-SNR=25.22dB
  [Opus_32kbps] BER=0.0 NC=1.0 DSR=1 MIoU=0.5 SI-SNR=22.74dB
  [AAC_128kbps] BER=0.0 NC=1.0 DSR=1 MIoU=0.5 SI-SNR=25.18dB
  [TelephoneFilter] BER=0.0 NC=1.0 DSR=1 MIoU=0.5 SI-SNR=-3.79dB
  [EnCodec_6kbps] BER=0.4375 NC=0.125 DSR=0 MIoU=0.0695 SI-SNR=7.64dB
  [DAC] BER=0.625 NC=-0.25 DSR=0 MIoU=0.1698 SI-SNR=-36.72dB

[78/100] 일반남여_일반통합06_F_1524374974_25_수도권_실내_07855.wav
  [CACHE]  캐시된 임베딩 재사용 (2.8초)
  [NoAttack]  BER=0.0 NC=1.0 DSR=1 MIoU=0.5 SI-SNR=23.2dB
  [MP3_128kbps] BER=0.0 NC=1.0 DSR=1 MIoU=0.5 SI-SNR=23.14dB
  [MP3_320kbps] BER=0.0 NC=1.0 DSR=1 MIoU=0.5 SI-SNR=23.15dB
  [Resample_44100RT] BER=0.0 NC=1.0 DSR=1 MIoU=0.5 SI-SNR=23.2dB
  [Crop_10pct] BER=0.0 NC=1.0 DSR=1 MIoU=0.3324 SI-SNR=22.79dB
  [TSM_1.1x] BER=0.0 NC=1.0 DSR=0 MIoU=0.1299 SI-SNR=dB
  [AWGN_30dB] BER=0.0 NC=1.0 DSR=1 MIoU=0.4948 SI-SNR=22.36dB
  [Limiter] BER=0.0 NC=1.0 DSR=1 MIoU=0.5 SI-SNR=23.2dB
  [Opus_32kbps] BER=0.0 NC=1.0 DSR=1 MIoU=0.5 SI-SNR=20.77dB
  [AAC_128kbps] BER=0.0 NC=1.0 DSR=1 MIoU=0.5 SI-SNR=23.18dB
  [TelephoneFilter] BER=0.0 NC=1.0 DSR=1 MIoU=0.5 SI-SNR=2.55dB
  [EnCodec_6kbps] BER=0.5 NC=0.0 DSR=0 MIoU=0.0834 SI-SNR=5.95dB
  [DAC] BER=0.5625 NC=-0.125 DSR=0 MIoU=0.2375 SI-SNR=-6.1dB

[79/100] 일반남여_일반통합06_F_1524374974_25_수도권_실내_08316.wav
  [CACHE]  캐시된 임베딩 재사용 (2.8초)
  [NoAttack]  BER=0.0 NC=1.0 DSR=1 MIoU=0.5 SI-SNR=27.32dB
  [MP3_128kbps] BER=0.0 NC=1.0 DSR=1 MIoU=0.5 SI-SNR=27.16dB
  [MP3_320kbps] BER=0.0 NC=1.0 DSR=1 MIoU=0.5 SI-SNR=27.16dB
  [Resample_44100RT] BER=0.0 NC=1.0 DSR=1 MIoU=0.5 SI-SNR=27.32dB
  [Crop_10pct] BER=0.0 NC=1.0 DSR=1 MIoU=0.2969 SI-SNR=27.09dB
  [TSM_1.1x] BER=0.0 NC=1.0 DSR=0 MIoU=0.128 SI-SNR=dB
  [AWGN_30dB] BER=0.0 NC=1.0 DSR=1 MIoU=0.4047 SI-SNR=25.42dB
  [Limiter] BER=0.0 NC=1.0 DSR=1 MIoU=0.5 SI-SNR=27.32dB
  [Opus_32kbps] BER=0.0 NC=1.0 DSR=1 MIoU=0.5 SI-SNR=23.69dB
  [AAC_128kbps] BER=0.0 NC=1.0 DSR=1 MIoU=0.5 SI-SNR=27.27dB
  [TelephoneFilter] BER=0.0 NC=1.0 DSR=1 MIoU=0.5 SI-SNR=-12.47dB
  [EnCodec_6kbps] BER=0.1875 NC=0.625 DSR=0 MIoU=0.0757 SI-SNR=9.19dB
  [DAC] BER=0.6875 NC=-0.375 DSR=0 MIoU=0.2286 SI-SNR=-6.25dB

[80/100] 일반남여_일반통합06_F_1524374974_25_수도권_실내_08318.wav
  [CACHE]  캐시된 임베딩 재사용 (2.8초)
  [NoAttack]  BER=0.0 NC=1.0 DSR=1 MIoU=0.5 SI-SNR=26.43dB
  [MP3_128kbps] BER=0.0 NC=1.0 DSR=1 MIoU=0.5 SI-SNR=26.31dB
  [MP3_320kbps] BER=0.0 NC=1.0 DSR=1 MIoU=0.5 SI-SNR=26.31dB
  [Resample_44100RT] BER=0.0 NC=1.0 DSR=1 MIoU=0.5 SI-SNR=26.43dB
  [Crop_10pct] BER=0.0 NC=1.0 DSR=0 MIoU=0.1611 SI-SNR=27.91dB
  [TSM_1.1x] BER=0.0 NC=1.0 DSR=0 MIoU=0.2243 SI-SNR=dB
  [AWGN_30dB] BER=0.0 NC=1.0 DSR=1 MIoU=0.4202 SI-SNR=24.84dB
  [Limiter] BER=0.0 NC=1.0 DSR=1 MIoU=0.5 SI-SNR=26.43dB
  [Opus_32kbps] BER=0.0 NC=1.0 DSR=1 MIoU=0.5 SI-SNR=21.71dB
  [AAC_128kbps] BER=0.0 NC=1.0 DSR=1 MIoU=0.5 SI-SNR=26.39dB
  [TelephoneFilter] BER=0.0 NC=1.0 DSR=1 MIoU=0.5 SI-SNR=-6.56dB
  [EnCodec_6kbps] BER=0.375 NC=0.25 DSR=0 MIoU=0.103 SI-SNR=7.37dB
  [DAC] BER=0.5625 NC=-0.125 DSR=1 MIoU=0.2588 SI-SNR=-13.24dB

[81/100] 통화 7727-0029.wav
  [CACHE]  캐시된 임베딩 재사용 (1.0초)
  [NoAttack]  BER=0.0 NC=1.0 DSR=1 MIoU=0.5 SI-SNR=24.64dB
  [MP3_128kbps] BER=0.0 NC=1.0 DSR=1 MIoU=0.5 SI-SNR=24.64dB
  [MP3_320kbps] BER=0.0 NC=1.0 DSR=1 MIoU=0.5 SI-SNR=24.63dB
  [Resample_44100RT] BER=0.0 NC=1.0 DSR=1 MIoU=0.5 SI-SNR=24.64dB
    ViSQOL 계산 실패: Reference spectrum size (41) smaller than minimum patch size (45).
  [Crop_10pct] BER=0.0 NC=1.0 DSR=1 MIoU=0.4203 SI-SNR=26.01dB
  [TSM_1.1x] BER=0.0 NC=1.0 DSR=1 MIoU=0.2796 SI-SNR=dB
  [AWGN_30dB] BER=0.0 NC=1.0 DSR=1 MIoU=0.5 SI-SNR=23.53dB
  [Limiter] BER=0.0 NC=1.0 DSR=1 MIoU=0.5 SI-SNR=24.64dB
  [Opus_32kbps] BER=0.0 NC=1.0 DSR=1 MIoU=0.5 SI-SNR=22.34dB
  [AAC_128kbps] BER=0.0 NC=1.0 DSR=1 MIoU=0.5 SI-SNR=24.61dB
  [TelephoneFilter] BER=0.0 NC=1.0 DSR=1 MIoU=0.5 SI-SNR=-4.69dB
  [EnCodec_6kbps] BER=0.3125 NC=0.375 DSR=1 MIoU=0.5 SI-SNR=7.42dB
  [DAC] BER=0.6875 NC=-0.375 DSR=0 MIoU=0.0 SI-SNR=-12.72dB

[82/100] 통화 7728-0017.wav
  [CACHE]  캐시된 임베딩 재사용 (0.9초)
    ViSQOL 계산 실패: Reference spectrum size (41) smaller than minimum patch size (45).
  [NoAttack]  BER=0.0 NC=1.0 DSR=1 MIoU=0.5 SI-SNR=26.92dB
    ViSQOL 계산 실패: Reference spectrum size (41) smaller than minimum patch size (45).
  [MP3_128kbps] BER=0.0 NC=1.0 DSR=1 MIoU=0.5 SI-SNR=26.92dB
    ViSQOL 계산 실패: Reference spectrum size (41) smaller than minimum patch size (45).
  [MP3_320kbps] BER=0.0 NC=1.0 DSR=1 MIoU=0.5 SI-SNR=26.92dB
    ViSQOL 계산 실패: Reference spectrum size (41) smaller than minimum patch size (45).
  [Resample_44100RT] BER=0.0 NC=1.0 DSR=1 MIoU=0.5 SI-SNR=26.91dB
    ViSQOL 계산 실패: Reference spectrum size (36) smaller than minimum patch size (45).
  [Crop_10pct] BER=0.0 NC=1.0 DSR=1 MIoU=0.3183 SI-SNR=26.93dB
    ViSQOL 계산 실패: Reference spectrum size (41) smaller than minimum patch size (45).
  [TSM_1.1x] BER=0.0 NC=1.0 DSR=1 MIoU=0.2905 SI-SNR=dB
    ViSQOL 계산 실패: Reference spectrum size (41) smaller than minimum patch size (45).
  [AWGN_30dB] BER=0.0 NC=1.0 DSR=1 MIoU=0.5 SI-SNR=25.15dB
    ViSQOL 계산 실패: Reference spectrum size (41) smaller than minimum patch size (45).
  [Limiter] BER=0.0 NC=1.0 DSR=1 MIoU=0.5 SI-SNR=26.92dB
    ViSQOL 계산 실패: Reference spectrum size (41) smaller than minimum patch size (45).
  [Opus_32kbps] BER=0.0 NC=1.0 DSR=1 MIoU=0.5 SI-SNR=23.87dB
    ViSQOL 계산 실패: Reference spectrum size (41) smaller than minimum patch size (45).
  [AAC_128kbps] BER=0.0 NC=1.0 DSR=1 MIoU=0.5 SI-SNR=26.9dB
    ViSQOL 계산 실패: Reference spectrum size (41) smaller than minimum patch size (45).
  [TelephoneFilter] BER=0.0 NC=1.0 DSR=1 MIoU=0.5 SI-SNR=-1.94dB
    ViSQOL 계산 실패: Reference spectrum size (41) smaller than minimum patch size (45).
  [EnCodec_6kbps] BER=0.125 NC=0.75 DSR=0 MIoU=0.2225 SI-SNR=8.3dB
    ViSQOL 계산 실패: Reference spectrum size (40) smaller than minimum patch size (45).
  [DAC] BER=0.6875 NC=-0.375 DSR=0 MIoU=0.0 SI-SNR=-18.96dB

[83/100] 통화 7728-0022.wav
  [CACHE]  캐시된 임베딩 재사용 (0.9초)
    ViSQOL 계산 실패: Reference spectrum size (41) smaller than minimum patch size (45).
  [NoAttack]  BER=0.0 NC=1.0 DSR=1 MIoU=0.5 SI-SNR=24.91dB
    ViSQOL 계산 실패: Reference spectrum size (41) smaller than minimum patch size (45).
  [MP3_128kbps] BER=0.0 NC=1.0 DSR=1 MIoU=0.5 SI-SNR=24.91dB
    ViSQOL 계산 실패: Reference spectrum size (41) smaller than minimum patch size (45).
  [MP3_320kbps] BER=0.0 NC=1.0 DSR=1 MIoU=0.5 SI-SNR=24.91dB
    ViSQOL 계산 실패: Reference spectrum size (41) smaller than minimum patch size (45).
  [Resample_44100RT] BER=0.0 NC=1.0 DSR=1 MIoU=0.5 SI-SNR=24.91dB
    ViSQOL 계산 실패: Reference spectrum size (36) smaller than minimum patch size (45).
  [Crop_10pct] BER=0.0 NC=1.0 DSR=0 MIoU=0.1761 SI-SNR=24.11dB
    ViSQOL 계산 실패: Reference spectrum size (41) smaller than minimum patch size (45).
  [TSM_1.1x] BER=0.0 NC=1.0 DSR=0 MIoU=0.2464 SI-SNR=dB
    ViSQOL 계산 실패: Reference spectrum size (41) smaller than minimum patch size (45).
  [AWGN_30dB] BER=0.0 NC=1.0 DSR=1 MIoU=0.5 SI-SNR=23.75dB
    ViSQOL 계산 실패: Reference spectrum size (41) smaller than minimum patch size (45).
  [Limiter] BER=0.0 NC=1.0 DSR=1 MIoU=0.5 SI-SNR=24.91dB
    ViSQOL 계산 실패: Reference spectrum size (41) smaller than minimum patch size (45).
  [Opus_32kbps] BER=0.0 NC=1.0 DSR=1 MIoU=0.5 SI-SNR=22.41dB
    ViSQOL 계산 실패: Reference spectrum size (41) smaller than minimum patch size (45).
  [AAC_128kbps] BER=0.0 NC=1.0 DSR=1 MIoU=0.5 SI-SNR=24.9dB
    ViSQOL 계산 실패: Reference spectrum size (41) smaller than minimum patch size (45).
  [TelephoneFilter] BER=0.0 NC=1.0 DSR=1 MIoU=0.5 SI-SNR=-6.33dB
    ViSQOL 계산 실패: Reference spectrum size (41) smaller than minimum patch size (45).
  [EnCodec_6kbps] BER=0.375 NC=0.25 DSR=1 MIoU=0.5 SI-SNR=7.55dB
    ViSQOL 계산 실패: Reference spectrum size (40) smaller than minimum patch size (45).
  [DAC] BER=0.5625 NC=-0.125 DSR=0 MIoU=0.0 SI-SNR=-12.75dB

[84/100] 통화 7728-0038.wav
  [CACHE]  캐시된 임베딩 재사용 (0.8초)
    ViSQOL 계산 실패: Reference spectrum size (36) smaller than minimum patch size (45).
  [NoAttack]  BER=0.0 NC=1.0 DSR=1 MIoU=0.5 SI-SNR=26.93dB
    ViSQOL 계산 실패: Reference spectrum size (36) smaller than minimum patch size (45).
  [MP3_128kbps] BER=0.0 NC=1.0 DSR=1 MIoU=0.5 SI-SNR=26.93dB
    ViSQOL 계산 실패: Reference spectrum size (36) smaller than minimum patch size (45).
  [MP3_320kbps] BER=0.0 NC=1.0 DSR=1 MIoU=0.5 SI-SNR=26.93dB
    ViSQOL 계산 실패: Reference spectrum size (36) smaller than minimum patch size (45).
  [Resample_44100RT] BER=0.0 NC=1.0 DSR=1 MIoU=0.5 SI-SNR=26.93dB
    ViSQOL 계산 실패: Reference spectrum size (32) smaller than minimum patch size (45).
  [Crop_10pct] BER=0.0 NC=1.0 DSR=0 MIoU=0.0958 SI-SNR=25.66dB
    ViSQOL 계산 실패: Reference spectrum size (36) smaller than minimum patch size (45).
  [TSM_1.1x] BER=0.0 NC=1.0 DSR=1 MIoU=0.5 SI-SNR=dB
    ViSQOL 계산 실패: Reference spectrum size (36) smaller than minimum patch size (45).
  [AWGN_30dB] BER=0.0 NC=1.0 DSR=1 MIoU=0.5 SI-SNR=25.19dB
    ViSQOL 계산 실패: Reference spectrum size (36) smaller than minimum patch size (45).
  [Limiter] BER=0.0 NC=1.0 DSR=1 MIoU=0.5 SI-SNR=26.93dB
    ViSQOL 계산 실패: Reference spectrum size (36) smaller than minimum patch size (45).
  [Opus_32kbps] BER=0.0 NC=1.0 DSR=1 MIoU=0.5 SI-SNR=23.55dB
    ViSQOL 계산 실패: Reference spectrum size (36) smaller than minimum patch size (45).
  [AAC_128kbps] BER=0.0 NC=1.0 DSR=1 MIoU=0.5 SI-SNR=26.91dB
    ViSQOL 계산 실패: Reference spectrum size (36) smaller than minimum patch size (45).
  [TelephoneFilter] BER=0.0 NC=1.0 DSR=1 MIoU=0.5 SI-SNR=-3.88dB
    ViSQOL 계산 실패: Reference spectrum size (36) smaller than minimum patch size (45).
  [EnCodec_6kbps] BER=0.5 NC=0.0 DSR=1 MIoU=0.2936 SI-SNR=7.75dB
    ViSQOL 계산 실패: Reference spectrum size (36) smaller than minimum patch size (45).
  [DAC] BER=0.4375 NC=0.125 DSR=0 MIoU=0.0 SI-SNR=-13.7dB

[85/100] 통화 7729-0014.wav
  [CACHE]  캐시된 임베딩 재사용 (0.8초)
    ViSQOL 계산 실패: Reference spectrum size (37) smaller than minimum patch size (45).
  [NoAttack]  BER=0.0 NC=1.0 DSR=1 MIoU=0.5 SI-SNR=17.66dB
    ViSQOL 계산 실패: Reference spectrum size (37) smaller than minimum patch size (45).
  [MP3_128kbps] BER=0.0 NC=1.0 DSR=1 MIoU=0.5 SI-SNR=17.66dB
    ViSQOL 계산 실패: Reference spectrum size (37) smaller than minimum patch size (45).
  [MP3_320kbps] BER=0.0 NC=1.0 DSR=1 MIoU=0.5 SI-SNR=17.66dB
    ViSQOL 계산 실패: Reference spectrum size (37) smaller than minimum patch size (45).
  [Resample_44100RT] BER=0.0 NC=1.0 DSR=1 MIoU=0.5 SI-SNR=17.66dB
    ViSQOL 계산 실패: Reference spectrum size (33) smaller than minimum patch size (45).
  [Crop_10pct] BER=0.25 NC=0.5 DSR=1 MIoU=0.4982 SI-SNR=18.02dB
    ViSQOL 계산 실패: Reference spectrum size (37) smaller than minimum patch size (45).
  [TSM_1.1x] BER=0.0 NC=1.0 DSR=1 MIoU=0.4941 SI-SNR=dB
    ViSQOL 계산 실패: Reference spectrum size (37) smaller than minimum patch size (45).
  [AWGN_30dB] BER=0.0 NC=1.0 DSR=1 MIoU=0.5 SI-SNR=17.44dB
    ViSQOL 계산 실패: Reference spectrum size (37) smaller than minimum patch size (45).
  [Limiter] BER=0.0 NC=1.0 DSR=1 MIoU=0.5 SI-SNR=17.66dB
    ViSQOL 계산 실패: Reference spectrum size (37) smaller than minimum patch size (45).
  [Opus_32kbps] BER=0.0 NC=1.0 DSR=1 MIoU=0.5 SI-SNR=16.63dB
    ViSQOL 계산 실패: Reference spectrum size (37) smaller than minimum patch size (45).
  [AAC_128kbps] BER=0.0 NC=1.0 DSR=1 MIoU=0.5 SI-SNR=17.68dB
    ViSQOL 계산 실패: Reference spectrum size (37) smaller than minimum patch size (45).
  [TelephoneFilter] BER=0.0 NC=1.0 DSR=1 MIoU=0.5 SI-SNR=-3.0dB
    ViSQOL 계산 실패: Reference spectrum size (37) smaller than minimum patch size (45).
  [EnCodec_6kbps] BER=0.5625 NC=-0.125 DSR=1 MIoU=0.4997 SI-SNR=4.75dB
    ViSQOL 계산 실패: Reference spectrum size (37) smaller than minimum patch size (45).
  [DAC] BER=0.625 NC=-0.25 DSR=0 MIoU=0.0 SI-SNR=-24.28dB

[86/100] 통화 7729-0018.wav
  [CACHE]  캐시된 임베딩 재사용 (0.6초)
    ViSQOL 계산 실패: Reference spectrum size (25) smaller than minimum patch size (45).
  [NoAttack]  BER=0.0 NC=1.0 DSR=1 MIoU=0.5 SI-SNR=19.66dB
    ViSQOL 계산 실패: Reference spectrum size (25) smaller than minimum patch size (45).
  [MP3_128kbps] BER=0.0 NC=1.0 DSR=1 MIoU=0.5 SI-SNR=19.66dB
    ViSQOL 계산 실패: Reference spectrum size (25) smaller than minimum patch size (45).
  [MP3_320kbps] BER=0.0 NC=1.0 DSR=1 MIoU=0.5 SI-SNR=19.66dB
    ViSQOL 계산 실패: Reference spectrum size (25) smaller than minimum patch size (45).
  [Resample_44100RT] BER=0.0 NC=1.0 DSR=1 MIoU=0.5 SI-SNR=19.66dB
    ViSQOL 계산 실패: Reference spectrum size (22) smaller than minimum patch size (45).
  [Crop_10pct] BER=0.0 NC=1.0 DSR=1 MIoU=0.3506 SI-SNR=19.88dB
    ViSQOL 계산 실패: Reference spectrum size (25) smaller than minimum patch size (45).
  [TSM_1.1x] BER=0.0 NC=1.0 DSR=1 MIoU=0.3239 SI-SNR=dB
    ViSQOL 계산 실패: Reference spectrum size (25) smaller than minimum patch size (45).
  [AWGN_30dB] BER=0.0 NC=1.0 DSR=1 MIoU=0.5 SI-SNR=19.24dB
    ViSQOL 계산 실패: Reference spectrum size (25) smaller than minimum patch size (45).
  [Limiter] BER=0.0 NC=1.0 DSR=1 MIoU=0.5 SI-SNR=19.66dB
    ViSQOL 계산 실패: Reference spectrum size (25) smaller than minimum patch size (45).
  [Opus_32kbps] BER=0.0 NC=1.0 DSR=1 MIoU=0.5 SI-SNR=18.42dB
    ViSQOL 계산 실패: Reference spectrum size (25) smaller than minimum patch size (45).
  [AAC_128kbps] BER=0.0 NC=1.0 DSR=1 MIoU=0.5 SI-SNR=19.64dB
    ViSQOL 계산 실패: Reference spectrum size (25) smaller than minimum patch size (45).
  [TelephoneFilter] BER=0.0 NC=1.0 DSR=1 MIoU=0.5 SI-SNR=-9.12dB
    ViSQOL 계산 실패: Reference spectrum size (25) smaller than minimum patch size (45).
  [EnCodec_6kbps] BER=0.5625 NC=-0.125 DSR=1 MIoU=0.5 SI-SNR=5.52dB
    ViSQOL 계산 실패: Reference spectrum size (25) smaller than minimum patch size (45).
  [DAC] BER=0.5625 NC=-0.125 DSR=0 MIoU=0.0164 SI-SNR=-7.55dB

[87/100] 통화 7729-0020.wav
  [CACHE]  캐시된 임베딩 재사용 (0.7초)
    ViSQOL 계산 실패: Reference spectrum size (32) smaller than minimum patch size (45).
  [NoAttack]  BER=0.0 NC=1.0 DSR=1 MIoU=0.5 SI-SNR=18.45dB
    ViSQOL 계산 실패: Reference spectrum size (32) smaller than minimum patch size (45).
  [MP3_128kbps] BER=0.0 NC=1.0 DSR=1 MIoU=0.5 SI-SNR=18.45dB
    ViSQOL 계산 실패: Reference spectrum size (32) smaller than minimum patch size (45).
  [MP3_320kbps] BER=0.0 NC=1.0 DSR=1 MIoU=0.5 SI-SNR=18.45dB
    ViSQOL 계산 실패: Reference spectrum size (32) smaller than minimum patch size (45).
  [Resample_44100RT] BER=0.0 NC=1.0 DSR=1 MIoU=0.5 SI-SNR=18.45dB
    ViSQOL 계산 실패: Reference spectrum size (29) smaller than minimum patch size (45).
  [Crop_10pct] BER=0.0 NC=1.0 DSR=1 MIoU=0.3786 SI-SNR=18.22dB
    ViSQOL 계산 실패: Reference spectrum size (32) smaller than minimum patch size (45).
  [TSM_1.1x] BER=0.0 NC=1.0 DSR=1 MIoU=0.4468 SI-SNR=dB
    ViSQOL 계산 실패: Reference spectrum size (32) smaller than minimum patch size (45).
  [AWGN_30dB] BER=0.0 NC=1.0 DSR=1 MIoU=0.5 SI-SNR=18.19dB
    ViSQOL 계산 실패: Reference spectrum size (32) smaller than minimum patch size (45).
  [Limiter] BER=0.0 NC=1.0 DSR=1 MIoU=0.5 SI-SNR=18.45dB
    ViSQOL 계산 실패: Reference spectrum size (32) smaller than minimum patch size (45).
  [Opus_32kbps] BER=0.0 NC=1.0 DSR=1 MIoU=0.5 SI-SNR=17.52dB
    ViSQOL 계산 실패: Reference spectrum size (32) smaller than minimum patch size (45).
  [AAC_128kbps] BER=0.0 NC=1.0 DSR=1 MIoU=0.5 SI-SNR=18.46dB
    ViSQOL 계산 실패: Reference spectrum size (32) smaller than minimum patch size (45).
  [TelephoneFilter] BER=0.0 NC=1.0 DSR=1 MIoU=0.5 SI-SNR=-4.38dB
    ViSQOL 계산 실패: Reference spectrum size (32) smaller than minimum patch size (45).
  [EnCodec_6kbps] BER=0.4375 NC=0.125 DSR=1 MIoU=0.3638 SI-SNR=4.59dB
    ViSQOL 계산 실패: Reference spectrum size (32) smaller than minimum patch size (45).
  [DAC] BER=0.6875 NC=-0.375 DSR=0 MIoU=0.0603 SI-SNR=-14.69dB

[88/100] 통화 7729-0025.wav
  [CACHE]  캐시된 임베딩 재사용 (0.5초)
    ViSQOL 계산 실패: Reference spectrum size (24) smaller than minimum patch size (45).
  [NoAttack]  BER=0.0 NC=1.0 DSR=1 MIoU=0.5 SI-SNR=14.44dB
    ViSQOL 계산 실패: Reference spectrum size (24) smaller than minimum patch size (45).
  [MP3_128kbps] BER=0.0 NC=1.0 DSR=1 MIoU=0.5 SI-SNR=14.44dB
    ViSQOL 계산 실패: Reference spectrum size (24) smaller than minimum patch size (45).
  [MP3_320kbps] BER=0.0 NC=1.0 DSR=1 MIoU=0.5 SI-SNR=14.44dB
    ViSQOL 계산 실패: Reference spectrum size (24) smaller than minimum patch size (45).
  [Resample_44100RT] BER=0.0 NC=1.0 DSR=1 MIoU=0.5 SI-SNR=14.44dB
    ViSQOL 계산 실패: Reference spectrum size (21) smaller than minimum patch size (45).
  [Crop_10pct] BER=0.0 NC=1.0 DSR=1 MIoU=0.304 SI-SNR=14.42dB
    ViSQOL 계산 실패: Reference spectrum size (24) smaller than minimum patch size (45).
  [TSM_1.1x] BER=0.0 NC=1.0 DSR=1 MIoU=0.4935 SI-SNR=dB
    ViSQOL 계산 실패: Reference spectrum size (24) smaller than minimum patch size (45).
  [AWGN_30dB] BER=0.0 NC=1.0 DSR=1 MIoU=0.5 SI-SNR=14.31dB
    ViSQOL 계산 실패: Reference spectrum size (24) smaller than minimum patch size (45).
  [Limiter] BER=0.0 NC=1.0 DSR=1 MIoU=0.5 SI-SNR=14.44dB
    ViSQOL 계산 실패: Reference spectrum size (24) smaller than minimum patch size (45).
  [Opus_32kbps] BER=0.0 NC=1.0 DSR=1 MIoU=0.5 SI-SNR=14.14dB
    ViSQOL 계산 실패: Reference spectrum size (24) smaller than minimum patch size (45).
  [AAC_128kbps] BER=0.0 NC=1.0 DSR=1 MIoU=0.5 SI-SNR=14.42dB
    ViSQOL 계산 실패: Reference spectrum size (24) smaller than minimum patch size (45).
  [TelephoneFilter] BER=0.0 NC=1.0 DSR=1 MIoU=0.5 SI-SNR=-1.01dB
    ViSQOL 계산 실패: Reference spectrum size (24) smaller than minimum patch size (45).
  [EnCodec_6kbps] BER=0.375 NC=0.25 DSR=1 MIoU=0.2819 SI-SNR=5.23dB
    ViSQOL 계산 실패: Reference spectrum size (24) smaller than minimum patch size (45).
  [DAC] BER=0.75 NC=-0.5 DSR=0 MIoU=0.0037 SI-SNR=-17.98dB

[89/100] 통화 7729-0027.wav
  [CACHE]  캐시된 임베딩 재사용 (0.7초)
    ViSQOL 계산 실패: Reference spectrum size (32) smaller than minimum patch size (45).
  [NoAttack]  BER=0.0 NC=1.0 DSR=1 MIoU=0.5 SI-SNR=21.61dB
    ViSQOL 계산 실패: Reference spectrum size (32) smaller than minimum patch size (45).
  [MP3_128kbps] BER=0.0 NC=1.0 DSR=1 MIoU=0.5 SI-SNR=21.61dB
    ViSQOL 계산 실패: Reference spectrum size (32) smaller than minimum patch size (45).
  [MP3_320kbps] BER=0.0 NC=1.0 DSR=1 MIoU=0.5 SI-SNR=21.61dB
    ViSQOL 계산 실패: Reference spectrum size (32) smaller than minimum patch size (45).
  [Resample_44100RT] BER=0.0 NC=1.0 DSR=1 MIoU=0.5 SI-SNR=21.61dB
    ViSQOL 계산 실패: Reference spectrum size (28) smaller than minimum patch size (45).
  [Crop_10pct] BER=0.0 NC=1.0 DSR=0 MIoU=0.1167 SI-SNR=20.49dB
    ViSQOL 계산 실패: Reference spectrum size (32) smaller than minimum patch size (45).
  [TSM_1.1x] BER=0.0 NC=1.0 DSR=1 MIoU=0.4936 SI-SNR=dB
    ViSQOL 계산 실패: Reference spectrum size (32) smaller than minimum patch size (45).
  [AWGN_30dB] BER=0.0 NC=1.0 DSR=1 MIoU=0.5 SI-SNR=20.99dB
    ViSQOL 계산 실패: Reference spectrum size (32) smaller than minimum patch size (45).
  [Limiter] BER=0.0 NC=1.0 DSR=1 MIoU=0.5 SI-SNR=21.61dB
    ViSQOL 계산 실패: Reference spectrum size (32) smaller than minimum patch size (45).
  [Opus_32kbps] BER=0.0 NC=1.0 DSR=1 MIoU=0.5 SI-SNR=20.0dB
    ViSQOL 계산 실패: Reference spectrum size (32) smaller than minimum patch size (45).
  [AAC_128kbps] BER=0.0 NC=1.0 DSR=1 MIoU=0.5 SI-SNR=21.61dB
    ViSQOL 계산 실패: Reference spectrum size (32) smaller than minimum patch size (45).
  [TelephoneFilter] BER=0.0 NC=1.0 DSR=1 MIoU=0.5 SI-SNR=-11.74dB
    ViSQOL 계산 실패: Reference spectrum size (32) smaller than minimum patch size (45).
  [EnCodec_6kbps] BER=0.4375 NC=0.125 DSR=1 MIoU=0.4939 SI-SNR=7.51dB
    ViSQOL 계산 실패: Reference spectrum size (32) smaller than minimum patch size (45).
  [DAC] BER=0.6875 NC=-0.375 DSR=0 MIoU=0.0977 SI-SNR=-5.88dB

[90/100] 통화 7732-0011.wav
  [CACHE]  캐시된 임베딩 재사용 (0.8초)
    ViSQOL 계산 실패: Reference spectrum size (38) smaller than minimum patch size (45).
  [NoAttack]  BER=0.0 NC=1.0 DSR=1 MIoU=0.5 SI-SNR=26.49dB
    ViSQOL 계산 실패: Reference spectrum size (38) smaller than minimum patch size (45).
  [MP3_128kbps] BER=0.0 NC=1.0 DSR=1 MIoU=0.5 SI-SNR=26.49dB
    ViSQOL 계산 실패: Reference spectrum size (38) smaller than minimum patch size (45).
  [MP3_320kbps] BER=0.0 NC=1.0 DSR=1 MIoU=0.5 SI-SNR=26.49dB
    ViSQOL 계산 실패: Reference spectrum size (38) smaller than minimum patch size (45).
  [Resample_44100RT] BER=0.0 NC=1.0 DSR=1 MIoU=0.5 SI-SNR=26.49dB
    ViSQOL 계산 실패: Reference spectrum size (34) smaller than minimum patch size (45).
  [Crop_10pct] BER=0.0 NC=1.0 DSR=0 MIoU=0.0473 SI-SNR=26.51dB
    ViSQOL 계산 실패: Reference spectrum size (38) smaller than minimum patch size (45).
  [TSM_1.1x] BER=0.0 NC=1.0 DSR=1 MIoU=0.3164 SI-SNR=dB
    ViSQOL 계산 실패: Reference spectrum size (38) smaller than minimum patch size (45).
  [AWGN_30dB] BER=0.0 NC=1.0 DSR=1 MIoU=0.4787 SI-SNR=24.81dB
    ViSQOL 계산 실패: Reference spectrum size (38) smaller than minimum patch size (45).
  [Limiter] BER=0.0 NC=1.0 DSR=1 MIoU=0.5 SI-SNR=26.49dB
    ViSQOL 계산 실패: Reference spectrum size (38) smaller than minimum patch size (45).
  [Opus_32kbps] BER=0.0 NC=1.0 DSR=1 MIoU=0.5 SI-SNR=24.01dB
    ViSQOL 계산 실패: Reference spectrum size (38) smaller than minimum patch size (45).
  [AAC_128kbps] BER=0.0 NC=1.0 DSR=1 MIoU=0.5 SI-SNR=26.48dB
    ViSQOL 계산 실패: Reference spectrum size (38) smaller than minimum patch size (45).
  [TelephoneFilter] BER=0.0 NC=1.0 DSR=1 MIoU=0.5 SI-SNR=-5.88dB
    ViSQOL 계산 실패: Reference spectrum size (38) smaller than minimum patch size (45).
  [EnCodec_6kbps] BER=0.3125 NC=0.375 DSR=0 MIoU=0.1536 SI-SNR=6.35dB
    ViSQOL 계산 실패: Reference spectrum size (38) smaller than minimum patch size (45).
  [DAC] BER=0.625 NC=-0.25 DSR=0 MIoU=0.0 SI-SNR=-12.77dB

[91/100] 통화 7732-0024.wav
  [CACHE]  캐시된 임베딩 재사용 (0.8초)
    ViSQOL 계산 실패: Reference spectrum size (39) smaller than minimum patch size (45).
  [NoAttack]  BER=0.0 NC=1.0 DSR=1 MIoU=0.5 SI-SNR=23.2dB
    ViSQOL 계산 실패: Reference spectrum size (39) smaller than minimum patch size (45).
  [MP3_128kbps] BER=0.0 NC=1.0 DSR=1 MIoU=0.5 SI-SNR=23.2dB
    ViSQOL 계산 실패: Reference spectrum size (39) smaller than minimum patch size (45).
  [MP3_320kbps] BER=0.0 NC=1.0 DSR=1 MIoU=0.5 SI-SNR=23.2dB
    ViSQOL 계산 실패: Reference spectrum size (39) smaller than minimum patch size (45).
  [Resample_44100RT] BER=0.0 NC=1.0 DSR=1 MIoU=0.5 SI-SNR=23.17dB
    ViSQOL 계산 실패: Reference spectrum size (34) smaller than minimum patch size (45).
  [Crop_10pct] BER=0.0 NC=1.0 DSR=0 MIoU=0.2436 SI-SNR=22.85dB
    ViSQOL 계산 실패: Reference spectrum size (39) smaller than minimum patch size (45).
  [TSM_1.1x] BER=0.0 NC=1.0 DSR=1 MIoU=0.2968 SI-SNR=dB
    ViSQOL 계산 실패: Reference spectrum size (39) smaller than minimum patch size (45).
  [AWGN_30dB] BER=0.0 NC=1.0 DSR=1 MIoU=0.5 SI-SNR=22.38dB
    ViSQOL 계산 실패: Reference spectrum size (39) smaller than minimum patch size (45).
  [Limiter] BER=0.0 NC=1.0 DSR=1 MIoU=0.5 SI-SNR=23.2dB
    ViSQOL 계산 실패: Reference spectrum size (39) smaller than minimum patch size (45).
  [Opus_32kbps] BER=0.0 NC=1.0 DSR=1 MIoU=0.5 SI-SNR=20.61dB
    ViSQOL 계산 실패: Reference spectrum size (39) smaller than minimum patch size (45).
  [AAC_128kbps] BER=0.0 NC=1.0 DSR=1 MIoU=0.5 SI-SNR=23.21dB
    ViSQOL 계산 실패: Reference spectrum size (39) smaller than minimum patch size (45).
  [TelephoneFilter] BER=0.0 NC=1.0 DSR=1 MIoU=0.5 SI-SNR=-6.4dB
    ViSQOL 계산 실패: Reference spectrum size (39) smaller than minimum patch size (45).
  [EnCodec_6kbps] BER=0.375 NC=0.25 DSR=0 MIoU=0.1095 SI-SNR=5.65dB
    ViSQOL 계산 실패: Reference spectrum size (39) smaller than minimum patch size (45).
  [DAC] BER=0.6875 NC=-0.375 DSR=0 MIoU=0.0 SI-SNR=-12.74dB

[92/100] 통화 7751-0017.wav
  [CACHE]  캐시된 임베딩 재사용 (0.5초)
    ViSQOL 계산 실패: Reference spectrum size (24) smaller than minimum patch size (45).
  [NoAttack]  BER=0.0 NC=1.0 DSR=1 MIoU=0.5 SI-SNR=15.47dB
    ViSQOL 계산 실패: Reference spectrum size (24) smaller than minimum patch size (45).
  [MP3_128kbps] BER=0.0 NC=1.0 DSR=1 MIoU=0.5 SI-SNR=15.46dB
    ViSQOL 계산 실패: Reference spectrum size (24) smaller than minimum patch size (45).
  [MP3_320kbps] BER=0.0 NC=1.0 DSR=1 MIoU=0.5 SI-SNR=15.46dB
    ViSQOL 계산 실패: Reference spectrum size (24) smaller than minimum patch size (45).
  [Resample_44100RT] BER=0.0 NC=1.0 DSR=1 MIoU=0.5 SI-SNR=15.47dB
    ViSQOL 계산 실패: Reference spectrum size (21) smaller than minimum patch size (45).
  [Crop_10pct] BER=0.0 NC=1.0 DSR=1 MIoU=0.3873 SI-SNR=18.41dB
    ViSQOL 계산 실패: Reference spectrum size (24) smaller than minimum patch size (45).
  [TSM_1.1x] BER=0.0 NC=1.0 DSR=1 MIoU=0.3219 SI-SNR=dB
    ViSQOL 계산 실패: Reference spectrum size (24) smaller than minimum patch size (45).
  [AWGN_30dB] BER=0.0 NC=1.0 DSR=1 MIoU=0.5 SI-SNR=15.31dB
    ViSQOL 계산 실패: Reference spectrum size (24) smaller than minimum patch size (45).
  [Limiter] BER=0.0 NC=1.0 DSR=1 MIoU=0.5 SI-SNR=15.47dB
    ViSQOL 계산 실패: Reference spectrum size (24) smaller than minimum patch size (45).
  [Opus_32kbps] BER=0.0 NC=1.0 DSR=1 MIoU=0.5 SI-SNR=14.85dB
    ViSQOL 계산 실패: Reference spectrum size (24) smaller than minimum patch size (45).
  [AAC_128kbps] BER=0.0 NC=1.0 DSR=1 MIoU=0.5 SI-SNR=15.46dB
    ViSQOL 계산 실패: Reference spectrum size (24) smaller than minimum patch size (45).
  [TelephoneFilter] BER=0.0 NC=1.0 DSR=1 MIoU=0.5 SI-SNR=-7.34dB
    ViSQOL 계산 실패: Reference spectrum size (24) smaller than minimum patch size (45).
  [EnCodec_6kbps] BER=0.5625 NC=-0.125 DSR=1 MIoU=0.3781 SI-SNR=3.68dB
    ViSQOL 계산 실패: Reference spectrum size (24) smaller than minimum patch size (45).
  [DAC] BER=0.75 NC=-0.5 DSR=0 MIoU=0.0039 SI-SNR=-10.52dB

[93/100] 통화 7751-0024.wav
  [CACHE]  캐시된 임베딩 재사용 (0.5초)
    ViSQOL 계산 실패: Reference spectrum size (24) smaller than minimum patch size (45).
  [NoAttack]  BER=0.0 NC=1.0 DSR=1 MIoU=0.5 SI-SNR=15.73dB
    ViSQOL 계산 실패: Reference spectrum size (24) smaller than minimum patch size (45).
  [MP3_128kbps] BER=0.0 NC=1.0 DSR=1 MIoU=0.5 SI-SNR=15.73dB
    ViSQOL 계산 실패: Reference spectrum size (24) smaller than minimum patch size (45).
  [MP3_320kbps] BER=0.0 NC=1.0 DSR=1 MIoU=0.5 SI-SNR=15.73dB
    ViSQOL 계산 실패: Reference spectrum size (24) smaller than minimum patch size (45).
  [Resample_44100RT] BER=0.0 NC=1.0 DSR=1 MIoU=0.5 SI-SNR=15.73dB
    ViSQOL 계산 실패: Reference spectrum size (21) smaller than minimum patch size (45).
  [Crop_10pct] BER=0.0 NC=1.0 DSR=0 MIoU=0.1855 SI-SNR=15.78dB
    ViSQOL 계산 실패: Reference spectrum size (24) smaller than minimum patch size (45).
  [TSM_1.1x] BER=0.0 NC=1.0 DSR=1 MIoU=0.396 SI-SNR=dB
    ViSQOL 계산 실패: Reference spectrum size (24) smaller than minimum patch size (45).
  [AWGN_30dB] BER=0.0 NC=1.0 DSR=1 MIoU=0.5 SI-SNR=15.55dB
    ViSQOL 계산 실패: Reference spectrum size (24) smaller than minimum patch size (45).
  [Limiter] BER=0.0 NC=1.0 DSR=1 MIoU=0.5 SI-SNR=15.73dB
    ViSQOL 계산 실패: Reference spectrum size (24) smaller than minimum patch size (45).
  [Opus_32kbps] BER=0.0 NC=1.0 DSR=1 MIoU=0.5 SI-SNR=15.26dB
    ViSQOL 계산 실패: Reference spectrum size (24) smaller than minimum patch size (45).
  [AAC_128kbps] BER=0.0 NC=1.0 DSR=1 MIoU=0.5 SI-SNR=15.73dB
    ViSQOL 계산 실패: Reference spectrum size (24) smaller than minimum patch size (45).
  [TelephoneFilter] BER=0.0 NC=1.0 DSR=1 MIoU=0.5 SI-SNR=-0.23dB
    ViSQOL 계산 실패: Reference spectrum size (24) smaller than minimum patch size (45).
  [EnCodec_6kbps] BER=0.3125 NC=0.375 DSR=1 MIoU=0.3756 SI-SNR=4.9dB
    ViSQOL 계산 실패: Reference spectrum size (24) smaller than minimum patch size (45).
  [DAC] BER=0.75 NC=-0.5 DSR=0 MIoU=0.0381 SI-SNR=-18.8dB

[94/100] 통화 7755-0009.wav
  [CACHE]  캐시된 임베딩 재사용 (0.7초)
    ViSQOL 계산 실패: Reference spectrum size (34) smaller than minimum patch size (45).
  [NoAttack]  BER=0.0 NC=1.0 DSR=1 MIoU=0.5 SI-SNR=20.49dB
    ViSQOL 계산 실패: Reference spectrum size (34) smaller than minimum patch size (45).
  [MP3_128kbps] BER=0.0 NC=1.0 DSR=1 MIoU=0.5 SI-SNR=20.49dB
    ViSQOL 계산 실패: Reference spectrum size (34) smaller than minimum patch size (45).
  [MP3_320kbps] BER=0.0 NC=1.0 DSR=1 MIoU=0.5 SI-SNR=20.49dB
    ViSQOL 계산 실패: Reference spectrum size (34) smaller than minimum patch size (45).
  [Resample_44100RT] BER=0.0 NC=1.0 DSR=1 MIoU=0.5 SI-SNR=20.49dB
    ViSQOL 계산 실패: Reference spectrum size (30) smaller than minimum patch size (45).
  [Crop_10pct] BER=0.0 NC=1.0 DSR=1 MIoU=0.2639 SI-SNR=21.7dB
    ViSQOL 계산 실패: Reference spectrum size (34) smaller than minimum patch size (45).
  [TSM_1.1x] BER=0.0 NC=1.0 DSR=1 MIoU=0.4528 SI-SNR=dB
    ViSQOL 계산 실패: Reference spectrum size (34) smaller than minimum patch size (45).
  [AWGN_30dB] BER=0.0 NC=1.0 DSR=1 MIoU=0.5 SI-SNR=19.95dB
    ViSQOL 계산 실패: Reference spectrum size (34) smaller than minimum patch size (45).
  [Limiter] BER=0.0 NC=1.0 DSR=1 MIoU=0.5 SI-SNR=20.49dB
    ViSQOL 계산 실패: Reference spectrum size (34) smaller than minimum patch size (45).
  [Opus_32kbps] BER=0.0 NC=1.0 DSR=1 MIoU=0.5 SI-SNR=19.15dB
    ViSQOL 계산 실패: Reference spectrum size (34) smaller than minimum patch size (45).
  [AAC_128kbps] BER=0.0 NC=1.0 DSR=1 MIoU=0.5 SI-SNR=20.48dB
    ViSQOL 계산 실패: Reference spectrum size (34) smaller than minimum patch size (45).
  [TelephoneFilter] BER=0.0 NC=1.0 DSR=1 MIoU=0.5 SI-SNR=-14.81dB
    ViSQOL 계산 실패: Reference spectrum size (34) smaller than minimum patch size (45).
  [EnCodec_6kbps] BER=0.25 NC=0.5 DSR=0 MIoU=0.2316 SI-SNR=6.51dB
    ViSQOL 계산 실패: Reference spectrum size (34) smaller than minimum patch size (45).
  [DAC] BER=0.6875 NC=-0.375 DSR=0 MIoU=0.0 SI-SNR=-5.62dB

[95/100] 통화 7755-0016.wav
  [CACHE]  캐시된 임베딩 재사용 (0.7초)
    ViSQOL 계산 실패: Reference spectrum size (33) smaller than minimum patch size (45).
  [NoAttack]  BER=0.0 NC=1.0 DSR=1 MIoU=0.5 SI-SNR=19.58dB
    ViSQOL 계산 실패: Reference spectrum size (33) smaller than minimum patch size (45).
  [MP3_128kbps] BER=0.0 NC=1.0 DSR=1 MIoU=0.5 SI-SNR=19.58dB
    ViSQOL 계산 실패: Reference spectrum size (33) smaller than minimum patch size (45).
  [MP3_320kbps] BER=0.0 NC=1.0 DSR=1 MIoU=0.5 SI-SNR=19.58dB
    ViSQOL 계산 실패: Reference spectrum size (33) smaller than minimum patch size (45).
  [Resample_44100RT] BER=0.0 NC=1.0 DSR=1 MIoU=0.5 SI-SNR=19.58dB
    ViSQOL 계산 실패: Reference spectrum size (29) smaller than minimum patch size (45).
  [Crop_10pct] BER=0.0 NC=1.0 DSR=1 MIoU=0.3464 SI-SNR=19.9dB
    ViSQOL 계산 실패: Reference spectrum size (33) smaller than minimum patch size (45).
  [TSM_1.1x] BER=0.0 NC=1.0 DSR=1 MIoU=0.4126 SI-SNR=dB
    ViSQOL 계산 실패: Reference spectrum size (33) smaller than minimum patch size (45).
  [AWGN_30dB] BER=0.0 NC=1.0 DSR=1 MIoU=0.5 SI-SNR=19.2dB
    ViSQOL 계산 실패: Reference spectrum size (33) smaller than minimum patch size (45).
  [Limiter] BER=0.0 NC=1.0 DSR=1 MIoU=0.5 SI-SNR=19.58dB
    ViSQOL 계산 실패: Reference spectrum size (33) smaller than minimum patch size (45).
  [Opus_32kbps] BER=0.0 NC=1.0 DSR=1 MIoU=0.5 SI-SNR=18.19dB
    ViSQOL 계산 실패: Reference spectrum size (33) smaller than minimum patch size (45).
  [AAC_128kbps] BER=0.0 NC=1.0 DSR=1 MIoU=0.5 SI-SNR=19.57dB
    ViSQOL 계산 실패: Reference spectrum size (33) smaller than minimum patch size (45).
  [TelephoneFilter] BER=0.0 NC=1.0 DSR=1 MIoU=0.5 SI-SNR=-6.08dB
    ViSQOL 계산 실패: Reference spectrum size (33) smaller than minimum patch size (45).
  [EnCodec_6kbps] BER=0.3125 NC=0.375 DSR=0 MIoU=0.0961 SI-SNR=5.25dB
    ViSQOL 계산 실패: Reference spectrum size (33) smaller than minimum patch size (45).
  [DAC] BER=0.625 NC=-0.25 DSR=0 MIoU=0.0 SI-SNR=-13.09dB

[96/100] 통화 7756-0007.wav
  [CACHE]  캐시된 임베딩 재사용 (0.7초)
    ViSQOL 계산 실패: Reference spectrum size (33) smaller than minimum patch size (45).
  [NoAttack]  BER=0.0 NC=1.0 DSR=1 MIoU=0.5 SI-SNR=18.72dB
    ViSQOL 계산 실패: Reference spectrum size (33) smaller than minimum patch size (45).
  [MP3_128kbps] BER=0.0 NC=1.0 DSR=1 MIoU=0.5 SI-SNR=18.73dB
    ViSQOL 계산 실패: Reference spectrum size (33) smaller than minimum patch size (45).
  [MP3_320kbps] BER=0.0 NC=1.0 DSR=1 MIoU=0.5 SI-SNR=18.73dB
    ViSQOL 계산 실패: Reference spectrum size (33) smaller than minimum patch size (45).
  [Resample_44100RT] BER=0.0 NC=1.0 DSR=1 MIoU=0.5 SI-SNR=18.72dB
    ViSQOL 계산 실패: Reference spectrum size (30) smaller than minimum patch size (45).
  [Crop_10pct] BER=0.0 NC=1.0 DSR=1 MIoU=0.2797 SI-SNR=18.25dB
    ViSQOL 계산 실패: Reference spectrum size (33) smaller than minimum patch size (45).
  [TSM_1.1x] BER=0.0 NC=1.0 DSR=1 MIoU=0.2796 SI-SNR=dB
    ViSQOL 계산 실패: Reference spectrum size (33) smaller than minimum patch size (45).
  [AWGN_30dB] BER=0.0 NC=1.0 DSR=1 MIoU=0.5 SI-SNR=18.42dB
    ViSQOL 계산 실패: Reference spectrum size (33) smaller than minimum patch size (45).
  [Limiter] BER=0.0 NC=1.0 DSR=1 MIoU=0.5 SI-SNR=18.72dB
    ViSQOL 계산 실패: Reference spectrum size (33) smaller than minimum patch size (45).
  [Opus_32kbps] BER=0.0 NC=1.0 DSR=1 MIoU=0.493 SI-SNR=17.61dB
    ViSQOL 계산 실패: Reference spectrum size (33) smaller than minimum patch size (45).
  [AAC_128kbps] BER=0.0 NC=1.0 DSR=1 MIoU=0.5 SI-SNR=18.73dB
    ViSQOL 계산 실패: Reference spectrum size (33) smaller than minimum patch size (45).
  [TelephoneFilter] BER=0.0 NC=1.0 DSR=1 MIoU=0.5 SI-SNR=-8.15dB
    ViSQOL 계산 실패: Reference spectrum size (33) smaller than minimum patch size (45).
  [EnCodec_6kbps] BER=0.5625 NC=-0.125 DSR=1 MIoU=0.4836 SI-SNR=5.42dB
    ViSQOL 계산 실패: Reference spectrum size (33) smaller than minimum patch size (45).
  [DAC] BER=0.6875 NC=-0.375 DSR=0 MIoU=0.0303 SI-SNR=-8.72dB

[97/100] 통화 7756-0014.wav
  [CACHE]  캐시된 임베딩 재사용 (0.8초)
    ViSQOL 계산 실패: Reference spectrum size (36) smaller than minimum patch size (45).
  [NoAttack]  BER=0.0 NC=1.0 DSR=1 MIoU=0.5 SI-SNR=18.89dB
    ViSQOL 계산 실패: Reference spectrum size (36) smaller than minimum patch size (45).
  [MP3_128kbps] BER=0.0 NC=1.0 DSR=1 MIoU=0.5 SI-SNR=18.89dB
    ViSQOL 계산 실패: Reference spectrum size (36) smaller than minimum patch size (45).
  [MP3_320kbps] BER=0.0 NC=1.0 DSR=1 MIoU=0.5 SI-SNR=18.89dB
    ViSQOL 계산 실패: Reference spectrum size (36) smaller than minimum patch size (45).
  [Resample_44100RT] BER=0.0 NC=1.0 DSR=1 MIoU=0.5 SI-SNR=18.89dB
    ViSQOL 계산 실패: Reference spectrum size (32) smaller than minimum patch size (45).
  [Crop_10pct] BER=0.0 NC=1.0 DSR=1 MIoU=0.2993 SI-SNR=18.75dB
    ViSQOL 계산 실패: Reference spectrum size (36) smaller than minimum patch size (45).
  [TSM_1.1x] BER=0.0 NC=1.0 DSR=1 MIoU=0.5 SI-SNR=dB
    ViSQOL 계산 실패: Reference spectrum size (36) smaller than minimum patch size (45).
  [AWGN_30dB] BER=0.0 NC=1.0 DSR=1 MIoU=0.5 SI-SNR=18.54dB
    ViSQOL 계산 실패: Reference spectrum size (36) smaller than minimum patch size (45).
  [Limiter] BER=0.0 NC=1.0 DSR=1 MIoU=0.5 SI-SNR=18.89dB
    ViSQOL 계산 실패: Reference spectrum size (36) smaller than minimum patch size (45).
  [Opus_32kbps] BER=0.0 NC=1.0 DSR=1 MIoU=0.5 SI-SNR=17.91dB
    ViSQOL 계산 실패: Reference spectrum size (36) smaller than minimum patch size (45).
  [AAC_128kbps] BER=0.0 NC=1.0 DSR=1 MIoU=0.5 SI-SNR=18.89dB
    ViSQOL 계산 실패: Reference spectrum size (36) smaller than minimum patch size (45).
  [TelephoneFilter] BER=0.0 NC=1.0 DSR=1 MIoU=0.5 SI-SNR=-1.98dB
    ViSQOL 계산 실패: Reference spectrum size (36) smaller than minimum patch size (45).
  [EnCodec_6kbps] BER=0.375 NC=0.25 DSR=1 MIoU=0.5 SI-SNR=4.0dB
    ViSQOL 계산 실패: Reference spectrum size (36) smaller than minimum patch size (45).
  [DAC] BER=0.5625 NC=-0.125 DSR=0 MIoU=0.0196 SI-SNR=-65.03dB

[98/100] 통화 7756-0030.wav
  [CACHE]  캐시된 임베딩 재사용 (0.7초)
    ViSQOL 계산 실패: Reference spectrum size (34) smaller than minimum patch size (45).
  [NoAttack]  BER=0.0 NC=1.0 DSR=1 MIoU=0.5 SI-SNR=21.03dB
    ViSQOL 계산 실패: Reference spectrum size (34) smaller than minimum patch size (45).
  [MP3_128kbps] BER=0.0 NC=1.0 DSR=1 MIoU=0.5 SI-SNR=21.03dB
    ViSQOL 계산 실패: Reference spectrum size (34) smaller than minimum patch size (45).
  [MP3_320kbps] BER=0.0 NC=1.0 DSR=1 MIoU=0.5 SI-SNR=21.03dB
    ViSQOL 계산 실패: Reference spectrum size (34) smaller than minimum patch size (45).
  [Resample_44100RT] BER=0.0 NC=1.0 DSR=1 MIoU=0.5 SI-SNR=21.03dB
    ViSQOL 계산 실패: Reference spectrum size (30) smaller than minimum patch size (45).
  [Crop_10pct] BER=0.0 NC=1.0 DSR=0 MIoU=0.1252 SI-SNR=21.15dB
    ViSQOL 계산 실패: Reference spectrum size (34) smaller than minimum patch size (45).
  [TSM_1.1x] BER=0.0 NC=1.0 DSR=1 MIoU=0.3615 SI-SNR=dB
    ViSQOL 계산 실패: Reference spectrum size (34) smaller than minimum patch size (45).
  [AWGN_30dB] BER=0.0 NC=1.0 DSR=1 MIoU=0.5 SI-SNR=20.48dB
    ViSQOL 계산 실패: Reference spectrum size (34) smaller than minimum patch size (45).
  [Limiter] BER=0.0 NC=1.0 DSR=1 MIoU=0.5 SI-SNR=21.03dB
    ViSQOL 계산 실패: Reference spectrum size (34) smaller than minimum patch size (45).
  [Opus_32kbps] BER=0.0 NC=1.0 DSR=1 MIoU=0.5 SI-SNR=18.78dB
    ViSQOL 계산 실패: Reference spectrum size (34) smaller than minimum patch size (45).
  [AAC_128kbps] BER=0.0 NC=1.0 DSR=1 MIoU=0.5 SI-SNR=20.99dB
    ViSQOL 계산 실패: Reference spectrum size (34) smaller than minimum patch size (45).
  [TelephoneFilter] BER=0.0 NC=1.0 DSR=1 MIoU=0.5 SI-SNR=-7.78dB
    ViSQOL 계산 실패: Reference spectrum size (34) smaller than minimum patch size (45).
  [EnCodec_6kbps] BER=0.5 NC=0.0 DSR=0 MIoU=0.0973 SI-SNR=6.08dB
    ViSQOL 계산 실패: Reference spectrum size (34) smaller than minimum patch size (45).
  [DAC] BER=0.6875 NC=-0.375 DSR=0 MIoU=0.0 SI-SNR=-8.1dB

[99/100] 통화 7761-0025.wav
  [CACHE]  캐시된 임베딩 재사용 (0.8초)
    ViSQOL 계산 실패: Reference spectrum size (36) smaller than minimum patch size (45).
  [NoAttack]  BER=0.0 NC=1.0 DSR=1 MIoU=0.5 SI-SNR=16.68dB
    ViSQOL 계산 실패: Reference spectrum size (36) smaller than minimum patch size (45).
  [MP3_128kbps] BER=0.0 NC=1.0 DSR=1 MIoU=0.5 SI-SNR=16.68dB
    ViSQOL 계산 실패: Reference spectrum size (36) smaller than minimum patch size (45).
  [MP3_320kbps] BER=0.0 NC=1.0 DSR=1 MIoU=0.5 SI-SNR=16.68dB
    ViSQOL 계산 실패: Reference spectrum size (36) smaller than minimum patch size (45).
  [Resample_44100RT] BER=0.0 NC=1.0 DSR=1 MIoU=0.5 SI-SNR=16.68dB
    ViSQOL 계산 실패: Reference spectrum size (32) smaller than minimum patch size (45).
  [Crop_10pct] BER=0.0 NC=1.0 DSR=1 MIoU=0.4451 SI-SNR=16.7dB
    ViSQOL 계산 실패: Reference spectrum size (36) smaller than minimum patch size (45).
  [TSM_1.1x] BER=0.0 NC=1.0 DSR=1 MIoU=0.298 SI-SNR=dB
    ViSQOL 계산 실패: Reference spectrum size (36) smaller than minimum patch size (45).
  [AWGN_30dB] BER=0.0 NC=1.0 DSR=1 MIoU=0.5 SI-SNR=16.5dB
    ViSQOL 계산 실패: Reference spectrum size (36) smaller than minimum patch size (45).
  [Limiter] BER=0.0 NC=1.0 DSR=1 MIoU=0.5 SI-SNR=16.68dB
    ViSQOL 계산 실패: Reference spectrum size (36) smaller than minimum patch size (45).
  [Opus_32kbps] BER=0.0 NC=1.0 DSR=1 MIoU=0.5 SI-SNR=16.22dB
    ViSQOL 계산 실패: Reference spectrum size (36) smaller than minimum patch size (45).
  [AAC_128kbps] BER=0.0 NC=1.0 DSR=1 MIoU=0.5 SI-SNR=16.69dB
    ViSQOL 계산 실패: Reference spectrum size (36) smaller than minimum patch size (45).
  [TelephoneFilter] BER=0.0 NC=1.0 DSR=1 MIoU=0.5 SI-SNR=-9.73dB
    ViSQOL 계산 실패: Reference spectrum size (36) smaller than minimum patch size (45).
  [EnCodec_6kbps] BER=0.625 NC=-0.25 DSR=1 MIoU=0.3142 SI-SNR=6.99dB
    ViSQOL 계산 실패: Reference spectrum size (36) smaller than minimum patch size (45).
  [DAC] BER=0.6875 NC=-0.375 DSR=0 MIoU=0.0 SI-SNR=-10.5dB

[100/100] 통화 7763-0020.wav
  [CACHE]  캐시된 임베딩 재사용 (0.8초)
    ViSQOL 계산 실패: Reference spectrum size (35) smaller than minimum patch size (45).
  [NoAttack]  BER=0.0 NC=1.0 DSR=1 MIoU=0.5 SI-SNR=14.38dB
    ViSQOL 계산 실패: Reference spectrum size (35) smaller than minimum patch size (45).
  [MP3_128kbps] BER=0.0 NC=1.0 DSR=1 MIoU=0.5 SI-SNR=14.38dB
    ViSQOL 계산 실패: Reference spectrum size (35) smaller than minimum patch size (45).
  [MP3_320kbps] BER=0.0 NC=1.0 DSR=1 MIoU=0.5 SI-SNR=14.38dB
    ViSQOL 계산 실패: Reference spectrum size (35) smaller than minimum patch size (45).
  [Resample_44100RT] BER=0.0 NC=1.0 DSR=1 MIoU=0.5 SI-SNR=14.38dB
    ViSQOL 계산 실패: Reference spectrum size (32) smaller than minimum patch size (45).
  [Crop_10pct] BER=0.0 NC=1.0 DSR=1 MIoU=0.4566 SI-SNR=14.4dB
    ViSQOL 계산 실패: Reference spectrum size (35) smaller than minimum patch size (45).
  [TSM_1.1x] BER=0.0 NC=1.0 DSR=1 MIoU=0.4571 SI-SNR=dB
    ViSQOL 계산 실패: Reference spectrum size (35) smaller than minimum patch size (45).
  [AWGN_30dB] BER=0.0 NC=1.0 DSR=1 MIoU=0.5 SI-SNR=14.26dB
    ViSQOL 계산 실패: Reference spectrum size (35) smaller than minimum patch size (45).
  [Limiter] BER=0.0 NC=1.0 DSR=1 MIoU=0.5 SI-SNR=14.38dB
    ViSQOL 계산 실패: Reference spectrum size (35) smaller than minimum patch size (45).
  [Opus_32kbps] BER=0.0 NC=1.0 DSR=1 MIoU=0.5 SI-SNR=12.39dB
    ViSQOL 계산 실패: Reference spectrum size (35) smaller than minimum patch size (45).
  [AAC_128kbps] BER=0.0 NC=1.0 DSR=1 MIoU=0.5 SI-SNR=14.27dB
    ViSQOL 계산 실패: Reference spectrum size (35) smaller than minimum patch size (45).
  [TelephoneFilter] BER=0.0 NC=1.0 DSR=1 MIoU=0.5 SI-SNR=-12.28dB
    ViSQOL 계산 실패: Reference spectrum size (35) smaller than minimum patch size (45).
  [EnCodec_6kbps] BER=0.625 NC=-0.25 DSR=1 MIoU=0.4382 SI-SNR=1.71dB
    ViSQOL 계산 실패: Reference spectrum size (35) smaller than minimum patch size (45).
  [DAC] BER=0.625 NC=-0.25 DSR=0 MIoU=0.0 SI-SNR=-5.24dB

============================================================
  전체 파이프라인 완료
============================================================
  단계                   BER      DSR      MIoU     SI-SNR     판정
  -----------------------------------------------------------------
  NoAttack             0.0094   100.0%     0.4999   24.7dB     통과
  MP3_128kbps          0.0081   100.0%     0.4999   23.95dB     통과
  MP3_320kbps          0.0088   100.0%     0.4999   23.95dB     통과
  Resample_44100RT     0.0094   100.0%     0.4999   24.66dB     통과
  Crop_10pct           0.0262   60.0%     0.2791   24.75dB     붕괴
  TSM_1.1x             0.0506   25.0%     0.1851   dB     붕괴
  AWGN_30dB            0.0169   100.0%     0.4746   23.35dB     통과
  Limiter              0.0081   100.0%     0.4999   23.97dB     통과
  Opus_32kbps          0.0119   100.0%     0.4997   18.77dB     통과
  AAC_128kbps          0.0088   100.0%     0.4999   24.31dB     통과
  TelephoneFilter      0.01     100.0%     0.4985   -8.27dB     통과
  EnCodec_6kbps        0.3594   22.0%     0.1954   6.08dB     붕괴
  DAC                  0.6506   4.0%     0.0613   -11.44dB     붕괴
============================================================
  전체 결과 CSV: /home/hansung1/.vscode-server/audio/as_pipeline_results/pipeline_full_results.csv
  콘텐츠 특성 CSV: /home/hansung1/.vscode-server/audio/as_pipeline_results/content_features.csv
  요약 CSV     : /home/hansung1/.vscode-server/audio/as_pipeline_results/pipeline_full_summary.csv
  임베딩 결과  : /home/hansung1/.vscode-server/audio/embed
  16k 원본     : /home/hansung1/.vscode-server/audio/as_pipeline_results/original_16k_mono
  차이 스펙트로그램(1300개): /home/hansung1/.vscode-server/audio/as_pipeline_results/diff_spectrograms
============================================================
