SilentCipher SC-16 모델 로딩 중...
ckpt path or config path does not exist! Downloading the model from the Hugging Face Hub...
Fetching 13 files:   0%|          | 0/13 [00:00<?, ?it/s]Fetching 13 files: 100%|██████████| 13/13 [00:00<00:00, 797.84it/s]
완료!

메시지: [24, 97, 134] (24비트)
총 원본 파일 수: 100개
============================================================
공격 단계: ['MP3_128kbps', 'MP3_320kbps', 'Resample_44100RT', 'Crop_10pct', 'TSM_1.1x', 'AWGN_30dB', 'Limiter', 'Opus_32kbps', 'AAC_128kbps', 'TelephoneFilter', 'EnCodec_6kbps', 'DAC']
============================================================

[1/100] 0431_민속악_판소리.wav
  [OK] 임베딩 완료 (원본 sr=48000 -> 16kHz, 10.1초, encode SDR=48.91dB)
  [NoAttack]  BER=0.0 NC=1.0 DSR=1 PLV=0.9998 SI-SNR=48.92dB
  [MP3_128kbps] BER=0.0 NC=1.0 DSR=1 PLV=0.9775 SI-SNR=22.7dB
  [MP3_320kbps] BER=0.0 NC=1.0 DSR=1 PLV=0.9776 SI-SNR=22.7dB
  [Resample_44100RT] BER=0.0 NC=1.0 DSR=1 PLV=0.9996 SI-SNR=39.59dB
  [Crop_10pct] BER=0.0 NC=1.0 DSR=1 PLV=0.9997 SI-SNR=48.77dB
  [TSM_1.1x] BER=1.0 NC=-1.0 DSR=0 PLV= SI-SNR=dB
  [AWGN_30dB] BER=1.0 NC=-1.0 DSR=0 PLV=0.9873 SI-SNR=29.96dB
  [Limiter] BER=0.0 NC=1.0 DSR=1 PLV=0.9998 SI-SNR=48.92dB
  [Opus_32kbps] BER=1.0 NC=-1.0 DSR=0 PLV=0.9385 SI-SNR=16.97dB
  [AAC_128kbps] BER=0.0 NC=1.0 DSR=1 PLV=0.9977 SI-SNR=33.37dB
  [TelephoneFilter] BER=0.0 NC=1.0 DSR=1 PLV=0.3093 SI-SNR=-5.06dB
  [EnCodec_6kbps] BER=1.0 NC=-1.0 DSR=0 PLV=0.3854 SI-SNR=1.64dB
  [DAC] BER=1.0 NC=-1.0 DSR=0 PLV=0.1805 SI-SNR=-12.59dB

[2/100] 0435_민속악_판소리.wav
  [OK] 임베딩 완료 (원본 sr=48000 -> 16kHz, 10.1초, encode SDR=48.90dB)
  [NoAttack]  BER=0.0 NC=1.0 DSR=1 PLV=0.9997 SI-SNR=48.9dB
  [MP3_128kbps] BER=0.0 NC=1.0 DSR=1 PLV=0.9832 SI-SNR=27.16dB
  [MP3_320kbps] BER=0.0 NC=1.0 DSR=1 PLV=0.9832 SI-SNR=27.16dB
  [Resample_44100RT] BER=0.0 NC=1.0 DSR=1 PLV=0.9997 SI-SNR=42.93dB
  [Crop_10pct] BER=0.0 NC=1.0 DSR=1 PLV=0.9997 SI-SNR=48.95dB
  [TSM_1.1x] BER=1.0 NC=-1.0 DSR=0 PLV= SI-SNR=dB
  [AWGN_30dB] BER=1.0 NC=-1.0 DSR=0 PLV=0.9867 SI-SNR=29.95dB
  [Limiter] BER=0.0 NC=1.0 DSR=1 PLV=0.9997 SI-SNR=48.9dB
  [Opus_32kbps] BER=1.0 NC=-1.0 DSR=0 PLV=0.9456 SI-SNR=18.35dB
  [AAC_128kbps] BER=0.0 NC=1.0 DSR=1 PLV=0.9979 SI-SNR=33.08dB
  [TelephoneFilter] BER=0.0 NC=1.0 DSR=1 PLV=0.3245 SI-SNR=-5.33dB
  [EnCodec_6kbps] BER=1.0 NC=-1.0 DSR=0 PLV=0.4403 SI-SNR=1.91dB
  [DAC] BER=1.0 NC=-1.0 DSR=0 PLV=0.2189 SI-SNR=-14.44dB

[3/100] 0437_민속악_판소리.wav
  [OK] 임베딩 완료 (원본 sr=48000 -> 16kHz, 10.1초, encode SDR=48.82dB)
  [NoAttack]  BER=0.0 NC=1.0 DSR=1 PLV=0.9997 SI-SNR=48.82dB
  [MP3_128kbps] BER=0.0 NC=1.0 DSR=1 PLV=0.9858 SI-SNR=27.76dB
  [MP3_320kbps] BER=0.0 NC=1.0 DSR=1 PLV=0.9858 SI-SNR=27.76dB
  [Resample_44100RT] BER=0.0 NC=1.0 DSR=1 PLV=0.9996 SI-SNR=43.03dB
  [Crop_10pct] BER=0.0 NC=1.0 DSR=1 PLV=0.9996 SI-SNR=48.86dB
  [TSM_1.1x] BER=1.0 NC=-1.0 DSR=0 PLV= SI-SNR=dB
  [AWGN_30dB] BER=1.0 NC=-1.0 DSR=0 PLV=0.9841 SI-SNR=29.93dB
  [Limiter] BER=0.0 NC=1.0 DSR=1 PLV=0.9997 SI-SNR=48.82dB
  [Opus_32kbps] BER=0.3333 NC=0.3333 DSR=1 PLV=0.9503 SI-SNR=18.66dB
  [AAC_128kbps] BER=0.0 NC=1.0 DSR=1 PLV=0.9978 SI-SNR=34.3dB
  [TelephoneFilter] BER=0.0 NC=1.0 DSR=1 PLV=0.2936 SI-SNR=-6.31dB
  [EnCodec_6kbps] BER=1.0 NC=-1.0 DSR=0 PLV=0.4172 SI-SNR=1.29dB
  [DAC] BER=0.5 NC=0.0 DSR=1 PLV=0.219 SI-SNR=-12.65dB

[4/100] 0438_민속악_판소리.wav
  [OK] 임베딩 완료 (원본 sr=48000 -> 16kHz, 10.1초, encode SDR=48.84dB)
  [NoAttack]  BER=0.0 NC=1.0 DSR=1 PLV=0.9997 SI-SNR=48.84dB
  [MP3_128kbps] BER=0.0 NC=1.0 DSR=1 PLV=0.983 SI-SNR=27.49dB
  [MP3_320kbps] BER=0.0 NC=1.0 DSR=1 PLV=0.983 SI-SNR=27.49dB
  [Resample_44100RT] BER=0.0 NC=1.0 DSR=1 PLV=0.9996 SI-SNR=41.14dB
  [Crop_10pct] BER=0.0 NC=1.0 DSR=1 PLV=0.9997 SI-SNR=48.73dB
  [TSM_1.1x] BER=0.4167 NC=0.1667 DSR=1 PLV= SI-SNR=dB
  [AWGN_30dB] BER=0.5833 NC=-0.1667 DSR=1 PLV=0.9862 SI-SNR=29.92dB
  [Limiter] BER=0.0 NC=1.0 DSR=1 PLV=0.9997 SI-SNR=48.84dB
  [Opus_32kbps] BER=0.125 NC=0.75 DSR=1 PLV=0.9419 SI-SNR=18.0dB
  [AAC_128kbps] BER=0.0 NC=1.0 DSR=1 PLV=0.9976 SI-SNR=32.71dB
  [TelephoneFilter] BER=0.0 NC=1.0 DSR=1 PLV=0.3478 SI-SNR=-3.62dB
  [EnCodec_6kbps] BER=1.0 NC=-1.0 DSR=0 PLV=0.4133 SI-SNR=0.9dB
  [DAC] BER=1.0 NC=-1.0 DSR=0 PLV=0.131 SI-SNR=-35.42dB

[5/100] 0442_민속악_판소리.wav
  [OK] 임베딩 완료 (원본 sr=48000 -> 16kHz, 10.1초, encode SDR=48.76dB)
  [NoAttack]  BER=0.0 NC=1.0 DSR=1 PLV=0.9997 SI-SNR=48.76dB
  [MP3_128kbps] BER=0.0 NC=1.0 DSR=1 PLV=0.9817 SI-SNR=26.3dB
  [MP3_320kbps] BER=0.0 NC=1.0 DSR=1 PLV=0.9817 SI-SNR=26.3dB
  [Resample_44100RT] BER=0.0 NC=1.0 DSR=1 PLV=0.9996 SI-SNR=39.8dB
  [Crop_10pct] BER=0.0 NC=1.0 DSR=1 PLV=0.9997 SI-SNR=48.8dB
  [TSM_1.1x] BER=1.0 NC=-1.0 DSR=0 PLV= SI-SNR=dB
  [AWGN_30dB] BER=1.0 NC=-1.0 DSR=0 PLV=0.9837 SI-SNR=29.97dB
  [Limiter] BER=0.0 NC=1.0 DSR=1 PLV=0.9997 SI-SNR=48.76dB
  [Opus_32kbps] BER=1.0 NC=-1.0 DSR=0 PLV=0.9454 SI-SNR=19.79dB
  [AAC_128kbps] BER=0.0 NC=1.0 DSR=1 PLV=0.998 SI-SNR=35.09dB
  [TelephoneFilter] BER=0.0 NC=1.0 DSR=1 PLV=0.4002 SI-SNR=-0.91dB
  [EnCodec_6kbps] BER=1.0 NC=-1.0 DSR=0 PLV=0.4135 SI-SNR=2.6dB
  [DAC] BER=0.3333 NC=0.3333 DSR=1 PLV=0.1572 SI-SNR=-14.08dB

[6/100] 0451_민속악_판소리.wav
  [OK] 임베딩 완료 (원본 sr=48000 -> 16kHz, 10.1초, encode SDR=48.72dB)
  [NoAttack]  BER=0.0 NC=1.0 DSR=1 PLV=0.9996 SI-SNR=48.72dB
  [MP3_128kbps] BER=0.0 NC=1.0 DSR=1 PLV=0.9848 SI-SNR=26.01dB
  [MP3_320kbps] BER=0.0 NC=1.0 DSR=1 PLV=0.9847 SI-SNR=26.0dB
  [Resample_44100RT] BER=0.0 NC=1.0 DSR=1 PLV=0.9995 SI-SNR=42.49dB
  [Crop_10pct] BER=0.0 NC=1.0 DSR=1 PLV=0.9996 SI-SNR=48.33dB
  [TSM_1.1x] BER=1.0 NC=-1.0 DSR=0 PLV= SI-SNR=dB
  [AWGN_30dB] BER=0.2083 NC=0.5833 DSR=1 PLV=0.9826 SI-SNR=29.95dB
  [Limiter] BER=0.0 NC=1.0 DSR=1 PLV=0.9996 SI-SNR=48.72dB
  [Opus_32kbps] BER=0.2083 NC=0.5833 DSR=1 PLV=0.9471 SI-SNR=18.75dB
  [AAC_128kbps] BER=0.0 NC=1.0 DSR=1 PLV=0.9982 SI-SNR=37.36dB
  [TelephoneFilter] BER=0.0 NC=1.0 DSR=1 PLV=0.3219 SI-SNR=-7.64dB
  [EnCodec_6kbps] BER=1.0 NC=-1.0 DSR=0 PLV=0.3304 SI-SNR=-2.96dB
  [DAC] BER=0.4583 NC=0.0833 DSR=1 PLV=0.1177 SI-SNR=-18.64dB

[7/100] 0466_민속악_판소리.wav
  [OK] 임베딩 완료 (원본 sr=48000 -> 16kHz, 10.1초, encode SDR=48.84dB)
  [NoAttack]  BER=0.0 NC=1.0 DSR=1 PLV=0.9997 SI-SNR=48.85dB
  [MP3_128kbps] BER=0.0 NC=1.0 DSR=1 PLV=0.9852 SI-SNR=28.33dB
  [MP3_320kbps] BER=0.0 NC=1.0 DSR=1 PLV=0.9853 SI-SNR=28.33dB
  [Resample_44100RT] BER=0.0 NC=1.0 DSR=1 PLV=0.9997 SI-SNR=43.91dB
  [Crop_10pct] BER=0.0 NC=1.0 DSR=1 PLV=0.9998 SI-SNR=49.2dB
  [TSM_1.1x] BER=1.0 NC=-1.0 DSR=0 PLV= SI-SNR=dB
  [AWGN_30dB] BER=1.0 NC=-1.0 DSR=0 PLV=0.9867 SI-SNR=29.94dB
  [Limiter] BER=0.0 NC=1.0 DSR=1 PLV=0.9997 SI-SNR=48.85dB
  [Opus_32kbps] BER=1.0 NC=-1.0 DSR=0 PLV=0.9426 SI-SNR=17.96dB
  [AAC_128kbps] BER=0.0 NC=1.0 DSR=1 PLV=0.9984 SI-SNR=35.8dB
  [TelephoneFilter] BER=0.0 NC=1.0 DSR=1 PLV=0.4297 SI-SNR=-0.85dB
  [EnCodec_6kbps] BER=1.0 NC=-1.0 DSR=0 PLV=0.3477 SI-SNR=-1.47dB
  [DAC] BER=1.0 NC=-1.0 DSR=0 PLV=0.0931 SI-SNR=-14.52dB

[8/100] 0467_민속악_판소리.wav
  [OK] 임베딩 완료 (원본 sr=48000 -> 16kHz, 10.1초, encode SDR=48.82dB)
  [NoAttack]  BER=0.0 NC=1.0 DSR=1 PLV=0.9997 SI-SNR=48.82dB
  [MP3_128kbps] BER=0.0 NC=1.0 DSR=1 PLV=0.9821 SI-SNR=25.26dB
  [MP3_320kbps] BER=0.0 NC=1.0 DSR=1 PLV=0.982 SI-SNR=25.25dB
  [Resample_44100RT] BER=0.0 NC=1.0 DSR=1 PLV=0.9996 SI-SNR=36.32dB
  [Crop_10pct] BER=0.0 NC=1.0 DSR=1 PLV=0.9997 SI-SNR=48.75dB
  [TSM_1.1x] BER=1.0 NC=-1.0 DSR=0 PLV= SI-SNR=dB
  [AWGN_30dB] BER=0.0 NC=1.0 DSR=1 PLV=0.9859 SI-SNR=29.94dB
  [Limiter] BER=0.0 NC=1.0 DSR=1 PLV=0.9997 SI-SNR=48.82dB
  [Opus_32kbps] BER=1.0 NC=-1.0 DSR=0 PLV=0.9372 SI-SNR=16.68dB
  [AAC_128kbps] BER=0.0 NC=1.0 DSR=1 PLV=0.9977 SI-SNR=32.94dB
  [TelephoneFilter] BER=0.0417 NC=0.9167 DSR=1 PLV=0.3709 SI-SNR=-2.8dB
  [EnCodec_6kbps] BER=1.0 NC=-1.0 DSR=0 PLV=0.3579 SI-SNR=-0.07dB
  [DAC] BER=1.0 NC=-1.0 DSR=0 PLV=0.1552 SI-SNR=-53.99dB

[9/100] 0477_민속악_판소리.wav
  [OK] 임베딩 완료 (원본 sr=48000 -> 16kHz, 10.1초, encode SDR=48.79dB)
  [NoAttack]  BER=0.0 NC=1.0 DSR=1 PLV=0.9997 SI-SNR=48.79dB
  [MP3_128kbps] BER=0.0 NC=1.0 DSR=1 PLV=0.9855 SI-SNR=29.93dB
  [MP3_320kbps] BER=0.0 NC=1.0 DSR=1 PLV=0.9856 SI-SNR=29.93dB
  [Resample_44100RT] BER=0.0 NC=1.0 DSR=1 PLV=0.9996 SI-SNR=43.01dB
  [Crop_10pct] BER=0.0417 NC=0.9167 DSR=1 PLV=0.9997 SI-SNR=49.02dB
  [TSM_1.1x] BER=1.0 NC=-1.0 DSR=0 PLV= SI-SNR=dB
  [AWGN_30dB] BER=1.0 NC=-1.0 DSR=0 PLV=0.9847 SI-SNR=29.93dB
  [Limiter] BER=0.0 NC=1.0 DSR=1 PLV=0.9997 SI-SNR=48.79dB
  [Opus_32kbps] BER=1.0 NC=-1.0 DSR=0 PLV=0.9449 SI-SNR=19.04dB
  [AAC_128kbps] BER=0.0 NC=1.0 DSR=1 PLV=0.9981 SI-SNR=36.3dB
  [TelephoneFilter] BER=0.0 NC=1.0 DSR=1 PLV=0.4132 SI-SNR=-0.86dB
  [EnCodec_6kbps] BER=1.0 NC=-1.0 DSR=0 PLV=0.3697 SI-SNR=1.15dB
  [DAC] BER=1.0 NC=-1.0 DSR=0 PLV=0.1608 SI-SNR=-12.38dB

[10/100] 0479_민속악_판소리.wav
  [OK] 임베딩 완료 (원본 sr=48000 -> 16kHz, 10.1초, encode SDR=48.79dB)
  [NoAttack]  BER=0.0 NC=1.0 DSR=1 PLV=0.9997 SI-SNR=48.79dB
  [MP3_128kbps] BER=0.0 NC=1.0 DSR=1 PLV=0.9878 SI-SNR=30.71dB
  [MP3_320kbps] BER=0.0 NC=1.0 DSR=1 PLV=0.9877 SI-SNR=30.71dB
  [Resample_44100RT] BER=0.0 NC=1.0 DSR=1 PLV=0.9996 SI-SNR=45.75dB
  [Crop_10pct] BER=0.0 NC=1.0 DSR=1 PLV=0.9997 SI-SNR=48.71dB
  [TSM_1.1x] BER=1.0 NC=-1.0 DSR=0 PLV= SI-SNR=dB
  [AWGN_30dB] BER=1.0 NC=-1.0 DSR=0 PLV=0.9845 SI-SNR=29.93dB
  [Limiter] BER=0.0 NC=1.0 DSR=1 PLV=0.9997 SI-SNR=48.79dB
  [Opus_32kbps] BER=1.0 NC=-1.0 DSR=0 PLV=0.9453 SI-SNR=19.23dB
  [AAC_128kbps] BER=0.0 NC=1.0 DSR=1 PLV=0.9986 SI-SNR=37.14dB
  [TelephoneFilter] BER=0.0 NC=1.0 DSR=1 PLV=0.398 SI-SNR=-3.68dB
  [EnCodec_6kbps] BER=1.0 NC=-1.0 DSR=0 PLV=0.3919 SI-SNR=1.22dB
  [DAC] BER=0.5 NC=0.0 DSR=1 PLV=0.1501 SI-SNR=-28.83dB

[11/100] 0484_민속악_판소리.wav
  [OK] 임베딩 완료 (원본 sr=48000 -> 16kHz, 10.1초, encode SDR=48.81dB)
  [NoAttack]  BER=0.0 NC=1.0 DSR=1 PLV=0.9996 SI-SNR=48.81dB
  [MP3_128kbps] BER=0.0 NC=1.0 DSR=1 PLV=0.981 SI-SNR=26.99dB
  [MP3_320kbps] BER=0.0 NC=1.0 DSR=1 PLV=0.981 SI-SNR=26.99dB
  [Resample_44100RT] BER=0.0 NC=1.0 DSR=1 PLV=0.9995 SI-SNR=39.74dB
  [Crop_10pct] BER=0.0 NC=1.0 DSR=1 PLV=0.9996 SI-SNR=48.54dB
  [TSM_1.1x] BER=1.0 NC=-1.0 DSR=0 PLV= SI-SNR=dB
  [AWGN_30dB] BER=0.125 NC=0.75 DSR=1 PLV=0.9848 SI-SNR=29.95dB
  [Limiter] BER=0.0 NC=1.0 DSR=1 PLV=0.9996 SI-SNR=48.81dB
  [Opus_32kbps] BER=0.0833 NC=0.8333 DSR=1 PLV=0.9456 SI-SNR=19.26dB
  [AAC_128kbps] BER=0.0 NC=1.0 DSR=1 PLV=0.9981 SI-SNR=36.41dB
  [TelephoneFilter] BER=0.0 NC=1.0 DSR=1 PLV=0.3827 SI-SNR=-3.25dB
  [EnCodec_6kbps] BER=1.0 NC=-1.0 DSR=0 PLV=0.4038 SI-SNR=1.69dB
  [DAC] BER=1.0 NC=-1.0 DSR=0 PLV=0.1232 SI-SNR=-21.82dB

[12/100] 0487_민속악_판소리.wav
  [OK] 임베딩 완료 (원본 sr=48000 -> 16kHz, 10.1초, encode SDR=48.87dB)
  [NoAttack]  BER=0.0 NC=1.0 DSR=1 PLV=0.9997 SI-SNR=48.87dB
  [MP3_128kbps] BER=0.0 NC=1.0 DSR=1 PLV=0.9799 SI-SNR=22.76dB
  [MP3_320kbps] BER=0.0 NC=1.0 DSR=1 PLV=0.98 SI-SNR=22.76dB
  [Resample_44100RT] BER=0.0 NC=1.0 DSR=1 PLV=0.9996 SI-SNR=36.37dB
  [Crop_10pct] BER=0.0 NC=1.0 DSR=1 PLV=0.9997 SI-SNR=48.75dB
  [TSM_1.1x] BER=1.0 NC=-1.0 DSR=0 PLV= SI-SNR=dB
  [AWGN_30dB] BER=1.0 NC=-1.0 DSR=0 PLV=0.9864 SI-SNR=29.97dB
  [Limiter] BER=0.0 NC=1.0 DSR=1 PLV=0.9997 SI-SNR=48.87dB
  [Opus_32kbps] BER=1.0 NC=-1.0 DSR=0 PLV=0.9407 SI-SNR=17.55dB
  [AAC_128kbps] BER=0.0 NC=1.0 DSR=1 PLV=0.998 SI-SNR=34.89dB
  [TelephoneFilter] BER=0.0 NC=1.0 DSR=1 PLV=0.4188 SI-SNR=-2.05dB
  [EnCodec_6kbps] BER=1.0 NC=-1.0 DSR=0 PLV=0.3617 SI-SNR=-1.56dB
  [DAC] BER=1.0 NC=-1.0 DSR=0 PLV=0.1395 SI-SNR=-14.29dB

[13/100] 0488_민속악_판소리.wav
  [OK] 임베딩 완료 (원본 sr=48000 -> 16kHz, 10.1초, encode SDR=48.84dB)
  [NoAttack]  BER=0.0 NC=1.0 DSR=1 PLV=0.9996 SI-SNR=48.84dB
  [MP3_128kbps] BER=0.0 NC=1.0 DSR=1 PLV=0.9779 SI-SNR=23.29dB
  [MP3_320kbps] BER=0.0 NC=1.0 DSR=1 PLV=0.978 SI-SNR=23.29dB
  [Resample_44100RT] BER=0.0 NC=1.0 DSR=1 PLV=0.9994 SI-SNR=38.91dB
  [Crop_10pct] BER=0.0 NC=1.0 DSR=1 PLV=0.9996 SI-SNR=49.12dB
  [TSM_1.1x] BER=1.0 NC=-1.0 DSR=0 PLV= SI-SNR=dB
  [AWGN_30dB] BER=0.375 NC=0.25 DSR=1 PLV=0.9835 SI-SNR=29.94dB
  [Limiter] BER=0.0 NC=1.0 DSR=1 PLV=0.9996 SI-SNR=48.84dB
  [Opus_32kbps] BER=1.0 NC=-1.0 DSR=0 PLV=0.9433 SI-SNR=19.85dB
  [AAC_128kbps] BER=0.0 NC=1.0 DSR=1 PLV=0.9975 SI-SNR=34.82dB
  [TelephoneFilter] BER=0.0 NC=1.0 DSR=1 PLV=0.4041 SI-SNR=1.5dB
  [EnCodec_6kbps] BER=1.0 NC=-1.0 DSR=0 PLV=0.3658 SI-SNR=0.8dB
  [DAC] BER=1.0 NC=-1.0 DSR=0 PLV=0.1383 SI-SNR=-6.29dB

[14/100] 0496_민속악_판소리.wav
  [OK] 임베딩 완료 (원본 sr=48000 -> 16kHz, 10.1초, encode SDR=48.81dB)
  [NoAttack]  BER=0.0 NC=1.0 DSR=1 PLV=0.9998 SI-SNR=48.81dB
  [MP3_128kbps] BER=0.0 NC=1.0 DSR=1 PLV=0.9897 SI-SNR=30.75dB
  [MP3_320kbps] BER=0.0 NC=1.0 DSR=1 PLV=0.9897 SI-SNR=30.75dB
  [Resample_44100RT] BER=0.0 NC=1.0 DSR=1 PLV=0.9997 SI-SNR=42.2dB
  [Crop_10pct] BER=0.0 NC=1.0 DSR=1 PLV=0.9998 SI-SNR=48.9dB
  [TSM_1.1x] BER=1.0 NC=-1.0 DSR=0 PLV= SI-SNR=dB
  [AWGN_30dB] BER=1.0 NC=-1.0 DSR=0 PLV=0.987 SI-SNR=29.94dB
  [Limiter] BER=0.0 NC=1.0 DSR=1 PLV=0.9998 SI-SNR=48.81dB
  [Opus_32kbps] BER=1.0 NC=-1.0 DSR=0 PLV=0.9466 SI-SNR=18.45dB
  [AAC_128kbps] BER=0.0 NC=1.0 DSR=1 PLV=0.9986 SI-SNR=35.07dB
  [TelephoneFilter] BER=0.0 NC=1.0 DSR=1 PLV=0.4684 SI-SNR=-1.67dB
  [EnCodec_6kbps] BER=0.5 NC=0.0 DSR=1 PLV=0.4565 SI-SNR=2.85dB
  [DAC] BER=0.7083 NC=-0.4167 DSR=1 PLV=0.1696 SI-SNR=-22.73dB

[15/100] 0497_민속악_판소리.wav
  [OK] 임베딩 완료 (원본 sr=48000 -> 16kHz, 10.1초, encode SDR=48.93dB)
  [NoAttack]  BER=0.0 NC=1.0 DSR=1 PLV=0.9994 SI-SNR=48.93dB
  [MP3_128kbps] BER=0.0 NC=1.0 DSR=1 PLV=0.9904 SI-SNR=34.04dB
  [MP3_320kbps] BER=0.0 NC=1.0 DSR=1 PLV=0.9904 SI-SNR=34.04dB
  [Resample_44100RT] BER=0.0 NC=1.0 DSR=1 PLV=0.9993 SI-SNR=43.41dB
  [Crop_10pct] BER=0.0 NC=1.0 DSR=1 PLV=0.9994 SI-SNR=48.71dB
  [TSM_1.1x] BER=1.0 NC=-1.0 DSR=0 PLV= SI-SNR=dB
  [AWGN_30dB] BER=0.0833 NC=0.8333 DSR=1 PLV=0.9813 SI-SNR=29.94dB
  [Limiter] BER=0.0 NC=1.0 DSR=1 PLV=0.9994 SI-SNR=48.93dB
  [Opus_32kbps] BER=1.0 NC=-1.0 DSR=0 PLV=0.9571 SI-SNR=19.48dB
  [AAC_128kbps] BER=0.0 NC=1.0 DSR=1 PLV=0.9979 SI-SNR=36.79dB
  [TelephoneFilter] BER=0.0 NC=1.0 DSR=1 PLV=0.3941 SI-SNR=-3.01dB
  [EnCodec_6kbps] BER=1.0 NC=-1.0 DSR=0 PLV=0.5429 SI-SNR=5.99dB
  [DAC] BER=0.375 NC=0.25 DSR=1 PLV=0.2542 SI-SNR=-12.68dB

[16/100] 0505_민속악_판소리.wav
  [OK] 임베딩 완료 (원본 sr=48000 -> 16kHz, 10.1초, encode SDR=48.87dB)
  [NoAttack]  BER=0.0 NC=1.0 DSR=1 PLV=0.9997 SI-SNR=48.88dB
  [MP3_128kbps] BER=0.0 NC=1.0 DSR=1 PLV=0.9926 SI-SNR=35.53dB
  [MP3_320kbps] BER=0.0 NC=1.0 DSR=1 PLV=0.9927 SI-SNR=35.53dB
  [Resample_44100RT] BER=0.0 NC=1.0 DSR=1 PLV=0.9996 SI-SNR=45.23dB
  [Crop_10pct] BER=0.0 NC=1.0 DSR=1 PLV=0.9997 SI-SNR=48.87dB
  [TSM_1.1x] BER=1.0 NC=-1.0 DSR=0 PLV= SI-SNR=dB
  [AWGN_30dB] BER=0.1667 NC=0.6667 DSR=1 PLV=0.9859 SI-SNR=29.95dB
  [Limiter] BER=0.0 NC=1.0 DSR=1 PLV=0.9997 SI-SNR=48.88dB
  [Opus_32kbps] BER=1.0 NC=-1.0 DSR=0 PLV=0.9472 SI-SNR=18.19dB
  [AAC_128kbps] BER=0.0 NC=1.0 DSR=1 PLV=0.9978 SI-SNR=33.94dB
  [TelephoneFilter] BER=1.0 NC=-1.0 DSR=0 PLV=0.4458 SI-SNR=-2.53dB
  [EnCodec_6kbps] BER=1.0 NC=-1.0 DSR=0 PLV=0.501 SI-SNR=3.91dB
  [DAC] BER=1.0 NC=-1.0 DSR=0 PLV=0.1679 SI-SNR=-15.03dB

[17/100] 0507_민속악_판소리.wav
  [OK] 임베딩 완료 (원본 sr=48000 -> 16kHz, 10.1초, encode SDR=48.86dB)
  [NoAttack]  BER=0.0 NC=1.0 DSR=1 PLV=0.9997 SI-SNR=48.87dB
  [MP3_128kbps] BER=0.0 NC=1.0 DSR=1 PLV=0.9904 SI-SNR=31.98dB
  [MP3_320kbps] BER=0.0 NC=1.0 DSR=1 PLV=0.9904 SI-SNR=31.98dB
  [Resample_44100RT] BER=0.0 NC=1.0 DSR=1 PLV=0.9996 SI-SNR=43.4dB
  [Crop_10pct] BER=0.0 NC=1.0 DSR=1 PLV=0.9997 SI-SNR=49.03dB
  [TSM_1.1x] BER=1.0 NC=-1.0 DSR=0 PLV= SI-SNR=dB
  [AWGN_30dB] BER=1.0 NC=-1.0 DSR=0 PLV=0.9848 SI-SNR=29.94dB
  [Limiter] BER=0.0 NC=1.0 DSR=1 PLV=0.9997 SI-SNR=47.71dB
  [Opus_32kbps] BER=1.0 NC=-1.0 DSR=0 PLV=0.9472 SI-SNR=18.66dB
  [AAC_128kbps] BER=0.0 NC=1.0 DSR=1 PLV=0.998 SI-SNR=35.17dB
  [TelephoneFilter] BER=1.0 NC=-1.0 DSR=0 PLV=0.4189 SI-SNR=-2.98dB
  [EnCodec_6kbps] BER=1.0 NC=-1.0 DSR=0 PLV=0.4865 SI-SNR=4.51dB
  [DAC] BER=1.0 NC=-1.0 DSR=0 PLV=0.1598 SI-SNR=-13.55dB

[18/100] 0514_민속악_판소리.wav
  [OK] 임베딩 완료 (원본 sr=48000 -> 16kHz, 10.1초, encode SDR=48.84dB)
  [NoAttack]  BER=0.0 NC=1.0 DSR=1 PLV=0.9996 SI-SNR=48.85dB
  [MP3_128kbps] BER=0.0 NC=1.0 DSR=1 PLV=0.9934 SI-SNR=36.2dB
  [MP3_320kbps] BER=0.0 NC=1.0 DSR=1 PLV=0.9934 SI-SNR=36.2dB
  [Resample_44100RT] BER=0.0 NC=1.0 DSR=1 PLV=0.9996 SI-SNR=46.5dB
  [Crop_10pct] BER=0.0 NC=1.0 DSR=1 PLV=0.9997 SI-SNR=48.92dB
  [TSM_1.1x] BER=1.0 NC=-1.0 DSR=0 PLV= SI-SNR=dB
  [AWGN_30dB] BER=0.125 NC=0.75 DSR=1 PLV=0.9826 SI-SNR=29.92dB
  [Limiter] BER=0.0 NC=1.0 DSR=1 PLV=0.9996 SI-SNR=35.2dB
  [Opus_32kbps] BER=1.0 NC=-1.0 DSR=0 PLV=0.952 SI-SNR=18.96dB
  [AAC_128kbps] BER=0.0 NC=1.0 DSR=1 PLV=0.9974 SI-SNR=31.02dB
  [TelephoneFilter] BER=0.0 NC=1.0 DSR=1 PLV=0.3586 SI-SNR=-5.35dB
  [EnCodec_6kbps] BER=0.4583 NC=0.0833 DSR=1 PLV=0.5506 SI-SNR=6.03dB
  [DAC] BER=0.4583 NC=0.0833 DSR=1 PLV=0.2173 SI-SNR=-8.24dB

[19/100] 0515_민속악_판소리.wav
  [OK] 임베딩 완료 (원본 sr=48000 -> 16kHz, 10.1초, encode SDR=48.84dB)
  [NoAttack]  BER=0.0 NC=1.0 DSR=1 PLV=0.9997 SI-SNR=48.84dB
  [MP3_128kbps] BER=0.0 NC=1.0 DSR=1 PLV=0.9904 SI-SNR=32.77dB
  [MP3_320kbps] BER=0.0 NC=1.0 DSR=1 PLV=0.9904 SI-SNR=32.77dB
  [Resample_44100RT] BER=0.0 NC=1.0 DSR=1 PLV=0.9997 SI-SNR=45.37dB
  [Crop_10pct] BER=0.0 NC=1.0 DSR=1 PLV=0.9997 SI-SNR=48.83dB
  [TSM_1.1x] BER=1.0 NC=-1.0 DSR=0 PLV= SI-SNR=dB
  [AWGN_30dB] BER=1.0 NC=-1.0 DSR=0 PLV=0.9847 SI-SNR=29.95dB
  [Limiter] BER=0.0 NC=1.0 DSR=1 PLV=0.9997 SI-SNR=48.82dB
  [Opus_32kbps] BER=1.0 NC=-1.0 DSR=0 PLV=0.9496 SI-SNR=19.08dB
  [AAC_128kbps] BER=0.0 NC=1.0 DSR=1 PLV=0.9976 SI-SNR=32.52dB
  [TelephoneFilter] BER=0.0 NC=1.0 DSR=1 PLV=0.3952 SI-SNR=-3.8dB
  [EnCodec_6kbps] BER=1.0 NC=-1.0 DSR=0 PLV=0.5086 SI-SNR=4.95dB
  [DAC] BER=1.0 NC=-1.0 DSR=0 PLV=0.2461 SI-SNR=-12.64dB

[20/100] 0519_민속악_판소리.wav
  [OK] 임베딩 완료 (원본 sr=48000 -> 16kHz, 10.1초, encode SDR=48.92dB)
  [NoAttack]  BER=0.0 NC=1.0 DSR=1 PLV=0.9995 SI-SNR=48.92dB
  [MP3_128kbps] BER=0.0 NC=1.0 DSR=1 PLV=0.9927 SI-SNR=36.57dB
  [MP3_320kbps] BER=0.0 NC=1.0 DSR=1 PLV=0.9927 SI-SNR=36.56dB
  [Resample_44100RT] BER=0.0 NC=1.0 DSR=1 PLV=0.9994 SI-SNR=45.48dB
  [Crop_10pct] BER=0.0 NC=1.0 DSR=1 PLV=0.9994 SI-SNR=48.84dB
  [TSM_1.1x] BER=1.0 NC=-1.0 DSR=0 PLV= SI-SNR=dB
  [AWGN_30dB] BER=1.0 NC=-1.0 DSR=0 PLV=0.9814 SI-SNR=29.95dB
  [Limiter] BER=0.0 NC=1.0 DSR=1 PLV=0.9995 SI-SNR=48.9dB
  [Opus_32kbps] BER=0.125 NC=0.75 DSR=1 PLV=0.9552 SI-SNR=19.45dB
  [AAC_128kbps] BER=0.0 NC=1.0 DSR=1 PLV=0.9977 SI-SNR=34.07dB
  [TelephoneFilter] BER=0.0 NC=1.0 DSR=1 PLV=0.4055 SI-SNR=-4.07dB
  [EnCodec_6kbps] BER=1.0 NC=-1.0 DSR=0 PLV=0.5428 SI-SNR=5.73dB
  [DAC] BER=1.0 NC=-1.0 DSR=0 PLV=0.2051 SI-SNR=-10.97dB

[21/100] Similar_Dance_00002_Cover_Arrangement_A.wav
  [OK] 임베딩 완료 (원본 sr=44100 -> 16kHz, 10.0초, encode SDR=48.88dB)
  [NoAttack]  BER=0.0 NC=1.0 DSR=1 PLV=0.9997 SI-SNR=48.88dB
  [MP3_128kbps] BER=0.0 NC=1.0 DSR=1 PLV=0.9815 SI-SNR=30.67dB
  [MP3_320kbps] BER=0.0 NC=1.0 DSR=1 PLV=0.9815 SI-SNR=30.67dB
  [Resample_44100RT] BER=0.0 NC=1.0 DSR=1 PLV=0.9996 SI-SNR=43.82dB
  [Crop_10pct] BER=0.0 NC=1.0 DSR=1 PLV=0.9997 SI-SNR=48.92dB
  [TSM_1.1x] BER=0.5417 NC=-0.0833 DSR=1 PLV= SI-SNR=dB
  [AWGN_30dB] BER=1.0 NC=-1.0 DSR=0 PLV=0.9832 SI-SNR=29.95dB
  [Limiter] BER=0.0 NC=1.0 DSR=1 PLV=0.9989 SI-SNR=20.3dB
  [Opus_32kbps] BER=0.5833 NC=-0.1667 DSR=1 PLV=0.9429 SI-SNR=19.0dB
  [AAC_128kbps] BER=0.0 NC=1.0 DSR=1 PLV=0.9979 SI-SNR=32.26dB
  [TelephoneFilter] BER=1.0 NC=-1.0 DSR=0 PLV=0.1273 SI-SNR=-21.2dB
  [EnCodec_6kbps] BER=1.0 NC=-1.0 DSR=0 PLV=0.5598 SI-SNR=9.84dB
  [DAC] BER=1.0 NC=-1.0 DSR=0 PLV=0.3301 SI-SNR=3.28dB

[22/100] Similar_Dance_00002_Cover_Genre_A.wav
  [OK] 임베딩 완료 (원본 sr=44100 -> 16kHz, 10.0초, encode SDR=48.99dB)
  [NoAttack]  BER=0.0 NC=1.0 DSR=1 PLV=0.9998 SI-SNR=48.99dB
  [MP3_128kbps] BER=0.0 NC=1.0 DSR=1 PLV=0.9835 SI-SNR=30.29dB
  [MP3_320kbps] BER=0.0 NC=1.0 DSR=1 PLV=0.9835 SI-SNR=30.29dB
  [Resample_44100RT] BER=0.0 NC=1.0 DSR=1 PLV=0.9998 SI-SNR=44.01dB
  [Crop_10pct] BER=1.0 NC=-1.0 DSR=0 PLV=0.9998 SI-SNR=48.84dB
  [TSM_1.1x] BER=1.0 NC=-1.0 DSR=0 PLV= SI-SNR=dB
  [AWGN_30dB] BER=1.0 NC=-1.0 DSR=0 PLV=0.9874 SI-SNR=29.95dB
  [Limiter] BER=0.0 NC=1.0 DSR=1 PLV=0.9992 SI-SNR=22.84dB
  [Opus_32kbps] BER=1.0 NC=-1.0 DSR=0 PLV=0.9447 SI-SNR=17.48dB
  [AAC_128kbps] BER=0.0 NC=1.0 DSR=1 PLV=0.9982 SI-SNR=32.4dB
  [TelephoneFilter] BER=1.0 NC=-1.0 DSR=0 PLV=0.143 SI-SNR=-14.34dB
  [EnCodec_6kbps] BER=1.0 NC=-1.0 DSR=0 PLV=0.566 SI-SNR=8.6dB
  [DAC] BER=1.0 NC=-1.0 DSR=0 PLV=0.3161 SI-SNR=0.67dB

[23/100] Similar_Dance_00002_Cover_Instrument_A.wav
  [OK] 임베딩 완료 (원본 sr=44100 -> 16kHz, 10.0초, encode SDR=48.91dB)
  [NoAttack]  BER=0.0 NC=1.0 DSR=1 PLV=0.9997 SI-SNR=48.91dB
  [MP3_128kbps] BER=0.0 NC=1.0 DSR=1 PLV=0.9893 SI-SNR=32.93dB
  [MP3_320kbps] BER=0.0 NC=1.0 DSR=1 PLV=0.9894 SI-SNR=32.92dB
  [Resample_44100RT] BER=0.0 NC=1.0 DSR=1 PLV=0.9996 SI-SNR=46.14dB
  [Crop_10pct] BER=0.0 NC=1.0 DSR=1 PLV=0.9996 SI-SNR=47.79dB
  [TSM_1.1x] BER=1.0 NC=-1.0 DSR=0 PLV= SI-SNR=dB
  [AWGN_30dB] BER=0.125 NC=0.75 DSR=1 PLV=0.9818 SI-SNR=29.94dB
  [Limiter] BER=0.0 NC=1.0 DSR=1 PLV=0.9991 SI-SNR=20.39dB
  [Opus_32kbps] BER=0.125 NC=0.75 DSR=1 PLV=0.9574 SI-SNR=19.5dB
  [AAC_128kbps] BER=0.0 NC=1.0 DSR=1 PLV=0.9978 SI-SNR=29.93dB
  [TelephoneFilter] BER=0.0 NC=1.0 DSR=1 PLV=0.3685 SI-SNR=-6.69dB
  [EnCodec_6kbps] BER=0.5 NC=0.0 DSR=1 PLV=0.5666 SI-SNR=6.72dB
  [DAC] BER=1.0 NC=-1.0 DSR=0 PLV=0.2495 SI-SNR=-7.22dB

[24/100] Similar_Dance_00002_Cover_Instrument_C.wav
  [OK] 임베딩 완료 (원본 sr=44100 -> 16kHz, 10.0초, encode SDR=48.90dB)
  [NoAttack]  BER=0.0 NC=1.0 DSR=1 PLV=0.9997 SI-SNR=48.9dB
  [MP3_128kbps] BER=0.0 NC=1.0 DSR=1 PLV=0.9887 SI-SNR=32.72dB
  [MP3_320kbps] BER=0.0 NC=1.0 DSR=1 PLV=0.9887 SI-SNR=32.71dB
  [Resample_44100RT] BER=0.0 NC=1.0 DSR=1 PLV=0.9996 SI-SNR=46.18dB
  [Crop_10pct] BER=0.0 NC=1.0 DSR=1 PLV=0.9997 SI-SNR=48.99dB
  [TSM_1.1x] BER=1.0 NC=-1.0 DSR=0 PLV= SI-SNR=dB
  [AWGN_30dB] BER=0.2083 NC=0.5833 DSR=1 PLV=0.9819 SI-SNR=29.97dB
  [Limiter] BER=0.0 NC=1.0 DSR=1 PLV=0.9992 SI-SNR=20.59dB
  [Opus_32kbps] BER=1.0 NC=-1.0 DSR=0 PLV=0.9571 SI-SNR=19.48dB
  [AAC_128kbps] BER=0.0 NC=1.0 DSR=1 PLV=0.9978 SI-SNR=30.29dB
  [TelephoneFilter] BER=0.0 NC=1.0 DSR=1 PLV=0.3657 SI-SNR=-6.79dB
  [EnCodec_6kbps] BER=1.0 NC=-1.0 DSR=0 PLV=0.571 SI-SNR=6.75dB
  [DAC] BER=1.0 NC=-1.0 DSR=0 PLV=0.2645 SI-SNR=-7.04dB

[25/100] Similar_Dance_00002_Cover_Rhythm_A.wav
  [OK] 임베딩 완료 (원본 sr=44100 -> 16kHz, 10.0초, encode SDR=48.73dB)
  [NoAttack]  BER=0.0 NC=1.0 DSR=1 PLV=0.9996 SI-SNR=48.73dB
  [MP3_128kbps] BER=0.0 NC=1.0 DSR=1 PLV=0.9875 SI-SNR=33.98dB
  [MP3_320kbps] BER=0.0 NC=1.0 DSR=1 PLV=0.9875 SI-SNR=33.98dB
  [Resample_44100RT] BER=0.0 NC=1.0 DSR=1 PLV=0.9996 SI-SNR=46.21dB
  [Crop_10pct] BER=0.0833 NC=0.8333 DSR=1 PLV=0.9996 SI-SNR=48.92dB
  [TSM_1.1x] BER=1.0 NC=-1.0 DSR=0 PLV= SI-SNR=dB
  [AWGN_30dB] BER=0.0833 NC=0.8333 DSR=1 PLV=0.9787 SI-SNR=29.95dB
  [Limiter] BER=0.0 NC=1.0 DSR=1 PLV=0.9992 SI-SNR=29.1dB
  [Opus_32kbps] BER=0.1667 NC=0.6667 DSR=1 PLV=0.9604 SI-SNR=18.9dB
  [AAC_128kbps] BER=0.0 NC=1.0 DSR=1 PLV=0.9986 SI-SNR=38.16dB
  [TelephoneFilter] BER=1.0 NC=-1.0 DSR=0 PLV=0.2216 SI-SNR=-21.58dB
  [EnCodec_6kbps] BER=0.375 NC=0.25 DSR=1 PLV=0.6512 SI-SNR=9.99dB
  [DAC] BER=1.0 NC=-1.0 DSR=0 PLV=0.4348 SI-SNR=2.85dB

[26/100] Similar_Dance_00002_Cover_Tempo_A.wav
  [OK] 임베딩 완료 (원본 sr=44100 -> 16kHz, 10.0초, encode SDR=49.05dB)
  [NoAttack]  BER=0.0 NC=1.0 DSR=1 PLV=0.9998 SI-SNR=49.06dB
  [MP3_128kbps] BER=0.0 NC=1.0 DSR=1 PLV=0.9849 SI-SNR=28.78dB
  [MP3_320kbps] BER=0.0 NC=1.0 DSR=1 PLV=0.9853 SI-SNR=28.77dB
  [Resample_44100RT] BER=0.0 NC=1.0 DSR=1 PLV=0.9997 SI-SNR=41.3dB
  [Crop_10pct] BER=0.0 NC=1.0 DSR=1 PLV=0.9998 SI-SNR=48.48dB
  [TSM_1.1x] BER=1.0 NC=-1.0 DSR=0 PLV= SI-SNR=dB
  [AWGN_30dB] BER=1.0 NC=-1.0 DSR=0 PLV=0.9898 SI-SNR=29.96dB
  [Limiter] BER=0.0 NC=1.0 DSR=1 PLV=0.9998 SI-SNR=49.06dB
  [Opus_32kbps] BER=1.0 NC=-1.0 DSR=0 PLV=0.949 SI-SNR=16.39dB
  [AAC_128kbps] BER=0.0 NC=1.0 DSR=1 PLV=0.9978 SI-SNR=31.62dB
  [TelephoneFilter] BER=0.0 NC=1.0 DSR=1 PLV=0.3996 SI-SNR=-1.22dB
  [EnCodec_6kbps] BER=1.0 NC=-1.0 DSR=0 PLV=0.4628 SI-SNR=2.21dB
  [DAC] BER=0.3333 NC=0.3333 DSR=1 PLV=0.1803 SI-SNR=-22.42dB

[27/100] Similar_Dance_00002_Cover_Tempo_C.wav
  [OK] 임베딩 완료 (원본 sr=44100 -> 16kHz, 10.0초, encode SDR=49.02dB)
  [NoAttack]  BER=0.0 NC=1.0 DSR=1 PLV=0.9998 SI-SNR=49.02dB
  [MP3_128kbps] BER=0.0 NC=1.0 DSR=1 PLV=0.9873 SI-SNR=29.48dB
  [MP3_320kbps] BER=0.0 NC=1.0 DSR=1 PLV=0.9872 SI-SNR=29.48dB
  [Resample_44100RT] BER=0.0 NC=1.0 DSR=1 PLV=0.9997 SI-SNR=42.55dB
  [Crop_10pct] BER=0.0 NC=1.0 DSR=1 PLV=0.9998 SI-SNR=49.09dB
  [TSM_1.1x] BER=1.0 NC=-1.0 DSR=0 PLV= SI-SNR=dB
  [AWGN_30dB] BER=0.0833 NC=0.8333 DSR=1 PLV=0.9876 SI-SNR=29.95dB
  [Limiter] BER=0.0 NC=1.0 DSR=1 PLV=0.9998 SI-SNR=49.02dB
  [Opus_32kbps] BER=1.0 NC=-1.0 DSR=0 PLV=0.9486 SI-SNR=16.37dB
  [AAC_128kbps] BER=0.0 NC=1.0 DSR=1 PLV=0.9982 SI-SNR=34.33dB
  [TelephoneFilter] BER=0.0 NC=1.0 DSR=1 PLV=0.5034 SI-SNR=1.16dB
  [EnCodec_6kbps] BER=1.0 NC=-1.0 DSR=0 PLV=0.4655 SI-SNR=0.53dB
  [DAC] BER=1.0 NC=-1.0 DSR=0 PLV=0.1555 SI-SNR=-27.18dB

[28/100] Similar_Dance_00002_Cover_Timbre_A.wav
  [OK] 임베딩 완료 (원본 sr=44100 -> 16kHz, 10.0초, encode SDR=48.94dB)
  [NoAttack]  BER=0.0 NC=1.0 DSR=1 PLV=0.9997 SI-SNR=48.94dB
  [MP3_128kbps] BER=0.0 NC=1.0 DSR=1 PLV=0.9878 SI-SNR=31.39dB
  [MP3_320kbps] BER=0.0 NC=1.0 DSR=1 PLV=0.9877 SI-SNR=31.38dB
  [Resample_44100RT] BER=0.0 NC=1.0 DSR=1 PLV=0.9996 SI-SNR=45.33dB
  [Crop_10pct] BER=0.0 NC=1.0 DSR=1 PLV=0.9997 SI-SNR=47.82dB
  [TSM_1.1x] BER=1.0 NC=-1.0 DSR=0 PLV= SI-SNR=dB
  [AWGN_30dB] BER=1.0 NC=-1.0 DSR=0 PLV=0.9838 SI-SNR=29.96dB
  [Limiter] BER=0.0 NC=1.0 DSR=1 PLV=0.9994 SI-SNR=24.09dB
  [Opus_32kbps] BER=1.0 NC=-1.0 DSR=0 PLV=0.9506 SI-SNR=9.83dB
  [AAC_128kbps] BER=0.0 NC=1.0 DSR=1 PLV=0.9978 SI-SNR=30.53dB
  [TelephoneFilter] BER=0.0 NC=1.0 DSR=1 PLV=0.4159 SI-SNR=-4.65dB
  [EnCodec_6kbps] BER=0.375 NC=0.25 DSR=1 PLV=0.5341 SI-SNR=5.65dB
  [DAC] BER=1.0 NC=-1.0 DSR=0 PLV=0.2329 SI-SNR=-10.43dB

[29/100] Similar_Dance_00002_Cover_Timbre_C.wav
  [OK] 임베딩 완료 (원본 sr=44100 -> 16kHz, 10.0초, encode SDR=48.95dB)
  [NoAttack]  BER=0.0 NC=1.0 DSR=1 PLV=0.9997 SI-SNR=48.96dB
  [MP3_128kbps] BER=0.0 NC=1.0 DSR=1 PLV=0.9877 SI-SNR=31.23dB
  [MP3_320kbps] BER=0.0 NC=1.0 DSR=1 PLV=0.9877 SI-SNR=31.23dB
  [Resample_44100RT] BER=0.0 NC=1.0 DSR=1 PLV=0.9997 SI-SNR=45.24dB
  [Crop_10pct] BER=0.0 NC=1.0 DSR=1 PLV=0.9997 SI-SNR=49.21dB
  [TSM_1.1x] BER=1.0 NC=-1.0 DSR=0 PLV= SI-SNR=dB
  [AWGN_30dB] BER=1.0 NC=-1.0 DSR=0 PLV=0.9842 SI-SNR=29.93dB
  [Limiter] BER=0.0 NC=1.0 DSR=1 PLV=0.9994 SI-SNR=23.89dB
  [Opus_32kbps] BER=1.0 NC=-1.0 DSR=0 PLV=0.9514 SI-SNR=18.55dB
  [AAC_128kbps] BER=0.0 NC=1.0 DSR=1 PLV=0.9977 SI-SNR=30.11dB
  [TelephoneFilter] BER=0.0 NC=1.0 DSR=1 PLV=0.4169 SI-SNR=-4.58dB
  [EnCodec_6kbps] BER=1.0 NC=-1.0 DSR=0 PLV=0.5318 SI-SNR=5.63dB
  [DAC] BER=1.0 NC=-1.0 DSR=0 PLV=0.228 SI-SNR=-10.2dB

[30/100] Similar_Dance_00002_Org.wav
  [OK] 임베딩 완료 (원본 sr=48000 -> 16kHz, 10.1초, encode SDR=48.85dB)
  [NoAttack]  BER=0.0 NC=1.0 DSR=1 PLV=0.9998 SI-SNR=48.85dB
  [MP3_128kbps] BER=0.0 NC=1.0 DSR=1 PLV=0.9809 SI-SNR=30.13dB
  [MP3_320kbps] BER=0.0 NC=1.0 DSR=1 PLV=0.9808 SI-SNR=30.13dB
  [Resample_44100RT] BER=0.0 NC=1.0 DSR=1 PLV=0.9996 SI-SNR=40.43dB
  [Crop_10pct] BER=0.0 NC=1.0 DSR=1 PLV=0.9998 SI-SNR=48.84dB
  [TSM_1.1x] BER=0.2083 NC=0.5833 DSR=1 PLV= SI-SNR=dB
  [AWGN_30dB] BER=0.0 NC=1.0 DSR=1 PLV=0.9838 SI-SNR=29.92dB
  [Limiter] BER=0.0 NC=1.0 DSR=1 PLV=0.9992 SI-SNR=24.61dB
  [Opus_32kbps] BER=0.2083 NC=0.5833 DSR=1 PLV=0.9493 SI-SNR=19.22dB
  [AAC_128kbps] BER=0.0 NC=1.0 DSR=1 PLV=0.9974 SI-SNR=32.53dB
  [TelephoneFilter] BER=1.0 NC=-1.0 DSR=0 PLV=0.2023 SI-SNR=-8.63dB
  [EnCodec_6kbps] BER=1.0 NC=-1.0 DSR=0 PLV=0.5832 SI-SNR=8.76dB
  [DAC] BER=1.0 NC=-1.0 DSR=0 PLV=0.3563 SI-SNR=-2.04dB

[31/100] Similar_Dance_00003_Cover_Arrangement_A.wav
  [OK] 임베딩 완료 (원본 sr=44100 -> 16kHz, 10.0초, encode SDR=48.95dB)
  [NoAttack]  BER=0.0 NC=1.0 DSR=1 PLV=0.9997 SI-SNR=48.95dB
  [MP3_128kbps] BER=0.0 NC=1.0 DSR=1 PLV=0.9874 SI-SNR=31.79dB
  [MP3_320kbps] BER=0.0 NC=1.0 DSR=1 PLV=0.9874 SI-SNR=31.76dB
  [Resample_44100RT] BER=0.0 NC=1.0 DSR=1 PLV=0.9997 SI-SNR=44.32dB
  [Crop_10pct] BER=0.0 NC=1.0 DSR=1 PLV=0.9997 SI-SNR=49.09dB
  [TSM_1.1x] BER=1.0 NC=-1.0 DSR=0 PLV= SI-SNR=dB
  [AWGN_30dB] BER=1.0 NC=-1.0 DSR=0 PLV=0.9853 SI-SNR=29.94dB
  [Limiter] BER=0.0 NC=1.0 DSR=1 PLV=0.9997 SI-SNR=36.07dB
  [Opus_32kbps] BER=1.0 NC=-1.0 DSR=0 PLV=0.9614 SI-SNR=19.0dB
  [AAC_128kbps] BER=0.0 NC=1.0 DSR=1 PLV=0.9984 SI-SNR=34.56dB
  [TelephoneFilter] BER=0.125 NC=0.75 DSR=1 PLV=0.1956 SI-SNR=-10.21dB
  [EnCodec_6kbps] BER=1.0 NC=-1.0 DSR=0 PLV=0.5691 SI-SNR=7.08dB
  [DAC] BER=1.0 NC=-1.0 DSR=0 PLV=0.3177 SI-SNR=-1.16dB

[32/100] Similar_Dance_00003_Cover_Genre_A.wav
  [OK] 임베딩 완료 (원본 sr=44100 -> 16kHz, 10.0초, encode SDR=48.87dB)
  [NoAttack]  BER=0.0 NC=1.0 DSR=1 PLV=0.9994 SI-SNR=48.88dB
  [MP3_128kbps] BER=0.0 NC=1.0 DSR=1 PLV=0.9885 SI-SNR=35.43dB
  [MP3_320kbps] BER=0.0 NC=1.0 DSR=1 PLV=0.9884 SI-SNR=35.43dB
  [Resample_44100RT] BER=0.0 NC=1.0 DSR=1 PLV=0.9993 SI-SNR=45.21dB
  [Crop_10pct] BER=0.0417 NC=0.9167 DSR=1 PLV=0.9994 SI-SNR=48.97dB
  [TSM_1.1x] BER=1.0 NC=-1.0 DSR=0 PLV= SI-SNR=dB
  [AWGN_30dB] BER=1.0 NC=-1.0 DSR=0 PLV=0.9757 SI-SNR=29.97dB
  [Limiter] BER=0.0 NC=1.0 DSR=1 PLV=0.9967 SI-SNR=19.31dB
  [Opus_32kbps] BER=0.0 NC=1.0 DSR=1 PLV=0.9696 SI-SNR=19.76dB
  [AAC_128kbps] BER=0.0 NC=1.0 DSR=1 PLV=0.9979 SI-SNR=37.43dB
  [TelephoneFilter] BER=1.0 NC=-1.0 DSR=0 PLV=0.1693 SI-SNR=-24.97dB
  [EnCodec_6kbps] BER=1.0 NC=-1.0 DSR=0 PLV=0.6296 SI-SNR=10.34dB
  [DAC] BER=1.0 NC=-1.0 DSR=0 PLV=0.4462 SI-SNR=3.48dB

[33/100] Similar_Dance_00003_Cover_Instrument_A.wav
  [OK] 임베딩 완료 (원본 sr=44100 -> 16kHz, 10.0초, encode SDR=49.01dB)
  [NoAttack]  BER=0.0 NC=1.0 DSR=1 PLV=0.9998 SI-SNR=49.01dB
  [MP3_128kbps] BER=0.0 NC=1.0 DSR=1 PLV=0.9926 SI-SNR=35.73dB
  [MP3_320kbps] BER=0.0 NC=1.0 DSR=1 PLV=0.9926 SI-SNR=35.73dB
  [Resample_44100RT] BER=0.0 NC=1.0 DSR=1 PLV=0.9997 SI-SNR=46.94dB
  [Crop_10pct] BER=0.2917 NC=0.4167 DSR=1 PLV=0.9998 SI-SNR=49.0dB
  [TSM_1.1x] BER=1.0 NC=-1.0 DSR=0 PLV= SI-SNR=dB
  [AWGN_30dB] BER=1.0 NC=-1.0 DSR=0 PLV=0.9858 SI-SNR=29.95dB
  [Limiter] BER=0.0 NC=1.0 DSR=1 PLV=0.999 SI-SNR=23.41dB
  [Opus_32kbps] BER=1.0 NC=-1.0 DSR=0 PLV=0.9663 SI-SNR=19.15dB
  [AAC_128kbps] BER=0.0 NC=1.0 DSR=1 PLV=0.9986 SI-SNR=35.91dB
  [TelephoneFilter] BER=0.0 NC=1.0 DSR=1 PLV=0.1845 SI-SNR=-11.68dB
  [EnCodec_6kbps] BER=0.4167 NC=0.1667 DSR=1 PLV=0.597 SI-SNR=7.06dB
  [DAC] BER=1.0 NC=-1.0 DSR=0 PLV=0.3981 SI-SNR=-2.07dB

[34/100] Similar_Dance_00003_Cover_Instrument_C.wav
  [OK] 임베딩 완료 (원본 sr=44100 -> 16kHz, 10.0초, encode SDR=48.88dB)
  [NoAttack]  BER=0.0 NC=1.0 DSR=1 PLV=0.9993 SI-SNR=48.64dB
  [MP3_128kbps] BER=0.0 NC=1.0 DSR=1 PLV=0.995 SI-SNR=37.74dB
  [MP3_320kbps] BER=0.0 NC=1.0 DSR=1 PLV=0.995 SI-SNR=37.7dB
  [Resample_44100RT] BER=0.0 NC=1.0 DSR=1 PLV=0.9993 SI-SNR=47.14dB
  [Crop_10pct] BER=0.0 NC=1.0 DSR=1 PLV=0.9993 SI-SNR=48.64dB
  [TSM_1.1x] BER=1.0 NC=-1.0 DSR=0 PLV= SI-SNR=dB
  [AWGN_30dB] BER=1.0 NC=-1.0 DSR=0 PLV=0.9845 SI-SNR=29.69dB
  [Limiter] BER=0.0 NC=1.0 DSR=1 PLV=0.9993 SI-SNR=48.64dB
  [Opus_32kbps] BER=0.0 NC=1.0 DSR=1 PLV=0.9125 SI-SNR=15.21dB
  [AAC_128kbps] BER=0.0 NC=1.0 DSR=1 PLV=0.9985 SI-SNR=38.62dB
  [TelephoneFilter] BER=0.0 NC=1.0 DSR=1 PLV=0.2542 SI-SNR=-10.84dB
  [EnCodec_6kbps] BER=1.0 NC=-1.0 DSR=0 PLV=0.6706 SI-SNR=7.26dB
  [DAC] BER=0.4167 NC=0.1667 DSR=1 PLV=0.4686 SI-SNR=-1.73dB

[35/100] Similar_Dance_00003_Cover_Rhythm_A.wav
  [OK] 임베딩 완료 (원본 sr=44100 -> 16kHz, 10.0초, encode SDR=48.97dB)
  [NoAttack]  BER=0.0 NC=1.0 DSR=1 PLV=0.9997 SI-SNR=48.97dB
  [MP3_128kbps] BER=0.0 NC=1.0 DSR=1 PLV=0.9979 SI-SNR=45.86dB
  [MP3_320kbps] BER=0.0 NC=1.0 DSR=1 PLV=0.9979 SI-SNR=45.84dB
  [Resample_44100RT] BER=0.0 NC=1.0 DSR=1 PLV=0.9997 SI-SNR=48.72dB
  [Crop_10pct] BER=1.0 NC=-1.0 DSR=0 PLV=0.9997 SI-SNR=49.0dB
  [TSM_1.1x] BER=1.0 NC=-1.0 DSR=0 PLV= SI-SNR=dB
  [AWGN_30dB] BER=1.0 NC=-1.0 DSR=0 PLV=0.981 SI-SNR=29.94dB
  [Limiter] BER=0.0 NC=1.0 DSR=1 PLV=0.9997 SI-SNR=48.97dB
  [Opus_32kbps] BER=1.0 NC=-1.0 DSR=0 PLV=0.9624 SI-SNR=20.1dB
  [AAC_128kbps] BER=0.0 NC=1.0 DSR=1 PLV=0.999 SI-SNR=39.92dB
  [TelephoneFilter] BER=0.0 NC=1.0 DSR=1 PLV=0.5567 SI-SNR=1.55dB
  [EnCodec_6kbps] BER=1.0 NC=-1.0 DSR=0 PLV=0.6573 SI-SNR=7.36dB
  [DAC] BER=1.0 NC=-1.0 DSR=0 PLV=0.286 SI-SNR=-16.85dB

[36/100] Similar_Dance_00003_Cover_Tempo_A.wav
  [OK] 임베딩 완료 (원본 sr=44100 -> 16kHz, 10.0초, encode SDR=49.10dB)
  [NoAttack]  BER=0.0 NC=1.0 DSR=1 PLV=0.9998 SI-SNR=49.11dB
  [MP3_128kbps] BER=0.0 NC=1.0 DSR=1 PLV=0.9949 SI-SNR=38.55dB
  [MP3_320kbps] BER=0.0 NC=1.0 DSR=1 PLV=0.9949 SI-SNR=38.56dB
  [Resample_44100RT] BER=0.0 NC=1.0 DSR=1 PLV=0.9997 SI-SNR=47.31dB
  [Crop_10pct] BER=1.0 NC=-1.0 DSR=0 PLV=0.9998 SI-SNR=49.2dB
  [TSM_1.1x] BER=1.0 NC=-1.0 DSR=0 PLV= SI-SNR=dB
  [AWGN_30dB] BER=1.0 NC=-1.0 DSR=0 PLV=0.9859 SI-SNR=29.93dB
  [Limiter] BER=0.0 NC=1.0 DSR=1 PLV=0.9998 SI-SNR=49.11dB
  [Opus_32kbps] BER=1.0 NC=-1.0 DSR=0 PLV=0.9659 SI-SNR=18.33dB
  [AAC_128kbps] BER=0.0 NC=1.0 DSR=1 PLV=0.9989 SI-SNR=36.81dB
  [TelephoneFilter] BER=1.0 NC=-1.0 DSR=0 PLV=0.2295 SI-SNR=-15.0dB
  [EnCodec_6kbps] BER=1.0 NC=-1.0 DSR=0 PLV=0.6331 SI-SNR=8.09dB
  [DAC] BER=0.375 NC=0.25 DSR=1 PLV=0.3677 SI-SNR=0.26dB

[37/100] Similar_Dance_00003_Cover_Tempo_C.wav
  [OK] 임베딩 완료 (원본 sr=44100 -> 16kHz, 10.0초, encode SDR=49.05dB)
  [NoAttack]  BER=0.0 NC=1.0 DSR=1 PLV=0.9998 SI-SNR=49.05dB
  [MP3_128kbps] BER=0.0 NC=1.0 DSR=1 PLV=0.9949 SI-SNR=38.63dB
  [MP3_320kbps] BER=0.0 NC=1.0 DSR=1 PLV=0.9949 SI-SNR=38.58dB
  [Resample_44100RT] BER=0.0 NC=1.0 DSR=1 PLV=0.9997 SI-SNR=47.77dB
  [Crop_10pct] BER=0.0 NC=1.0 DSR=1 PLV=0.9998 SI-SNR=49.09dB
  [TSM_1.1x] BER=1.0 NC=-1.0 DSR=0 PLV= SI-SNR=dB
  [AWGN_30dB] BER=0.0 NC=1.0 DSR=1 PLV=0.9854 SI-SNR=29.95dB
  [Limiter] BER=0.0 NC=1.0 DSR=1 PLV=0.9998 SI-SNR=49.05dB
  [Opus_32kbps] BER=1.0 NC=-1.0 DSR=0 PLV=0.9646 SI-SNR=19.07dB
  [AAC_128kbps] BER=0.0 NC=1.0 DSR=1 PLV=0.9988 SI-SNR=34.95dB
  [TelephoneFilter] BER=0.0 NC=1.0 DSR=1 PLV=0.3008 SI-SNR=-10.59dB
  [EnCodec_6kbps] BER=0.375 NC=0.25 DSR=1 PLV=0.6478 SI-SNR=8.01dB
  [DAC] BER=1.0 NC=-1.0 DSR=0 PLV=0.3535 SI-SNR=-2.4dB

[38/100] Similar_Dance_00003_Cover_Timbre_A.wav
  [OK] 임베딩 완료 (원본 sr=44100 -> 16kHz, 10.0초, encode SDR=48.97dB)
  [NoAttack]  BER=0.0 NC=1.0 DSR=1 PLV=0.9992 SI-SNR=48.74dB
  [MP3_128kbps] BER=0.0 NC=1.0 DSR=1 PLV=0.9968 SI-SNR=40.54dB
  [MP3_320kbps] BER=0.0 NC=1.0 DSR=1 PLV=0.9969 SI-SNR=40.19dB
  [Resample_44100RT] BER=0.0 NC=1.0 DSR=1 PLV=0.9992 SI-SNR=48.24dB
  [Crop_10pct] BER=0.0 NC=1.0 DSR=1 PLV=0.9992 SI-SNR=48.78dB
  [TSM_1.1x] BER=1.0 NC=-1.0 DSR=0 PLV= SI-SNR=dB
  [AWGN_30dB] BER=0.5833 NC=-0.1667 DSR=1 PLV=0.9844 SI-SNR=29.72dB
  [Limiter] BER=0.0 NC=1.0 DSR=1 PLV=0.9992 SI-SNR=48.74dB
  [Opus_32kbps] BER=0.0417 NC=0.9167 DSR=1 PLV=0.9165 SI-SNR=15.96dB
  [AAC_128kbps] BER=0.0 NC=1.0 DSR=1 PLV=0.9986 SI-SNR=42.51dB
  [TelephoneFilter] BER=0.0 NC=1.0 DSR=1 PLV=0.2986 SI-SNR=-9.41dB
  [EnCodec_6kbps] BER=1.0 NC=-1.0 DSR=0 PLV=0.7034 SI-SNR=7.33dB
  [DAC] BER=1.0 NC=-1.0 DSR=0 PLV=0.5043 SI-SNR=-2.76dB

[39/100] Similar_Dance_00003_Cover_Timbre_C.wav
  [OK] 임베딩 완료 (원본 sr=44100 -> 16kHz, 10.0초, encode SDR=48.88dB)
  [NoAttack]  BER=0.0 NC=1.0 DSR=1 PLV=0.9993 SI-SNR=48.64dB
  [MP3_128kbps] BER=0.0 NC=1.0 DSR=1 PLV=0.995 SI-SNR=37.74dB
  [MP3_320kbps] BER=0.0 NC=1.0 DSR=1 PLV=0.995 SI-SNR=37.7dB
  [Resample_44100RT] BER=0.0 NC=1.0 DSR=1 PLV=0.9993 SI-SNR=47.14dB
  [Crop_10pct] BER=0.0 NC=1.0 DSR=1 PLV=0.9993 SI-SNR=48.73dB
  [TSM_1.1x] BER=1.0 NC=-1.0 DSR=0 PLV= SI-SNR=dB
  [AWGN_30dB] BER=1.0 NC=-1.0 DSR=0 PLV=0.9846 SI-SNR=29.7dB
  [Limiter] BER=0.0 NC=1.0 DSR=1 PLV=0.9993 SI-SNR=48.64dB
  [Opus_32kbps] BER=0.0 NC=1.0 DSR=1 PLV=0.9125 SI-SNR=15.21dB
  [AAC_128kbps] BER=0.0 NC=1.0 DSR=1 PLV=0.9985 SI-SNR=38.62dB
  [TelephoneFilter] BER=0.0 NC=1.0 DSR=1 PLV=0.2542 SI-SNR=-10.84dB
  [EnCodec_6kbps] BER=1.0 NC=-1.0 DSR=0 PLV=0.6706 SI-SNR=7.26dB
  [DAC] BER=0.4167 NC=0.1667 DSR=1 PLV=0.4686 SI-SNR=-1.73dB

[40/100] Similar_Dance_00003_Org.wav
  [OK] 임베딩 완료 (원본 sr=48000 -> 16kHz, 10.1초, encode SDR=49.00dB)
  [NoAttack]  BER=0.0 NC=1.0 DSR=1 PLV=0.9998 SI-SNR=49.01dB
  [MP3_128kbps] BER=0.0 NC=1.0 DSR=1 PLV=0.9883 SI-SNR=33.39dB
  [MP3_320kbps] BER=0.0 NC=1.0 DSR=1 PLV=0.9883 SI-SNR=33.39dB
  [Resample_44100RT] BER=0.0 NC=1.0 DSR=1 PLV=0.9997 SI-SNR=45.75dB
  [Crop_10pct] BER=0.0 NC=1.0 DSR=1 PLV=0.9998 SI-SNR=48.99dB
  [TSM_1.1x] BER=0.375 NC=0.25 DSR=1 PLV= SI-SNR=dB
  [AWGN_30dB] BER=1.0 NC=-1.0 DSR=0 PLV=0.9838 SI-SNR=29.96dB
  [Limiter] BER=0.0 NC=1.0 DSR=1 PLV=0.9984 SI-SNR=22.59dB
  [Opus_32kbps] BER=1.0 NC=-1.0 DSR=0 PLV=0.9615 SI-SNR=20.09dB
  [AAC_128kbps] BER=0.0 NC=1.0 DSR=1 PLV=0.9982 SI-SNR=34.29dB
  [TelephoneFilter] BER=1.0 NC=-1.0 DSR=0 PLV=0.0831 SI-SNR=-16.24dB
  [EnCodec_6kbps] BER=1.0 NC=-1.0 DSR=0 PLV=0.5604 SI-SNR=8.43dB
  [DAC] BER=1.0 NC=-1.0 DSR=0 PLV=0.3465 SI-SNR=0.81dB

[41/100] Similar_Trot_00138_Cover_Arrangement_A.wav
  [OK] 임베딩 완료 (원본 sr=44100 -> 16kHz, 10.0초, encode SDR=49.11dB)
  [NoAttack]  BER=0.0 NC=1.0 DSR=1 PLV=0.9998 SI-SNR=49.11dB
  [MP3_128kbps] BER=0.0 NC=1.0 DSR=1 PLV=0.9936 SI-SNR=37.79dB
  [MP3_320kbps] BER=0.0 NC=1.0 DSR=1 PLV=0.9936 SI-SNR=37.79dB
  [Resample_44100RT] BER=0.0 NC=1.0 DSR=1 PLV=0.9998 SI-SNR=47.07dB
  [Crop_10pct] BER=0.0 NC=1.0 DSR=1 PLV=0.9998 SI-SNR=49.1dB
  [TSM_1.1x] BER=1.0 NC=-1.0 DSR=0 PLV= SI-SNR=dB
  [AWGN_30dB] BER=1.0 NC=-1.0 DSR=0 PLV=0.9859 SI-SNR=29.96dB
  [Limiter] BER=0.0 NC=1.0 DSR=1 PLV=0.9998 SI-SNR=49.11dB
  [Opus_32kbps] BER=1.0 NC=-1.0 DSR=0 PLV=0.9644 SI-SNR=19.18dB
  [AAC_128kbps] BER=0.0 NC=1.0 DSR=1 PLV=0.9985 SI-SNR=35.39dB
  [TelephoneFilter] BER=0.0 NC=1.0 DSR=1 PLV=0.1848 SI-SNR=-9.95dB
  [EnCodec_6kbps] BER=1.0 NC=-1.0 DSR=0 PLV=0.5871 SI-SNR=6.83dB
  [DAC] BER=1.0 NC=-1.0 DSR=0 PLV=0.3655 SI-SNR=-4.86dB

[42/100] Similar_Trot_00138_Cover_Genre_A.wav
  [OK] 임베딩 완료 (원본 sr=44100 -> 16kHz, 10.0초, encode SDR=49.13dB)
  [NoAttack]  BER=0.0 NC=1.0 DSR=1 PLV=0.9999 SI-SNR=49.13dB
  [MP3_128kbps] BER=0.0 NC=1.0 DSR=1 PLV=0.9906 SI-SNR=34.93dB
  [MP3_320kbps] BER=0.0 NC=1.0 DSR=1 PLV=0.9907 SI-SNR=34.96dB
  [Resample_44100RT] BER=0.0 NC=1.0 DSR=1 PLV=0.9998 SI-SNR=44.9dB
  [Crop_10pct] BER=0.0 NC=1.0 DSR=1 PLV=0.9999 SI-SNR=49.12dB
  [TSM_1.1x] BER=0.3333 NC=0.3333 DSR=1 PLV= SI-SNR=dB
  [AWGN_30dB] BER=1.0 NC=-1.0 DSR=0 PLV=0.9895 SI-SNR=29.93dB
  [Limiter] BER=0.0 NC=1.0 DSR=1 PLV=0.9999 SI-SNR=37.61dB
  [Opus_32kbps] BER=1.0 NC=-1.0 DSR=0 PLV=0.9532 SI-SNR=17.92dB
  [AAC_128kbps] BER=0.0 NC=1.0 DSR=1 PLV=0.9983 SI-SNR=33.25dB
  [TelephoneFilter] BER=1.0 NC=-1.0 DSR=0 PLV=0.2237 SI-SNR=-9.52dB
  [EnCodec_6kbps] BER=1.0 NC=-1.0 DSR=0 PLV=0.4979 SI-SNR=6.34dB
  [DAC] BER=1.0 NC=-1.0 DSR=0 PLV=0.2466 SI-SNR=-1.97dB

[43/100] Similar_Trot_00138_Cover_Instrument_A.wav
  [OK] 임베딩 완료 (원본 sr=44100 -> 16kHz, 10.0초, encode SDR=49.28dB)
  [NoAttack]  BER=0.0 NC=1.0 DSR=1 PLV=0.9999 SI-SNR=49.28dB
  [MP3_128kbps] BER=0.0 NC=1.0 DSR=1 PLV=0.9948 SI-SNR=37.86dB
  [MP3_320kbps] BER=0.0 NC=1.0 DSR=1 PLV=0.9948 SI-SNR=37.87dB
  [Resample_44100RT] BER=0.0 NC=1.0 DSR=1 PLV=0.9999 SI-SNR=47.42dB
  [Crop_10pct] BER=1.0 NC=-1.0 DSR=0 PLV=0.9999 SI-SNR=49.38dB
  [TSM_1.1x] BER=0.5 NC=0.0 DSR=1 PLV= SI-SNR=dB
  [AWGN_30dB] BER=1.0 NC=-1.0 DSR=0 PLV=0.9897 SI-SNR=29.95dB
  [Limiter] BER=0.0 NC=1.0 DSR=1 PLV=0.9999 SI-SNR=49.28dB
  [Opus_32kbps] BER=1.0 NC=-1.0 DSR=0 PLV=0.9625 SI-SNR=17.51dB
  [AAC_128kbps] BER=1.0 NC=-1.0 DSR=0 PLV=0.9987 SI-SNR=35.29dB
  [TelephoneFilter] BER=1.0 NC=-1.0 DSR=0 PLV=0.1634 SI-SNR=-17.69dB
  [EnCodec_6kbps] BER=1.0 NC=-1.0 DSR=0 PLV=0.5638 SI-SNR=6.51dB
  [DAC] BER=1.0 NC=-1.0 DSR=0 PLV=0.3325 SI-SNR=-0.75dB

[44/100] Similar_Trot_00138_Cover_Instrument_C.wav
  [OK] 임베딩 완료 (원본 sr=44100 -> 16kHz, 10.0초, encode SDR=49.16dB)
  [NoAttack]  BER=0.0 NC=1.0 DSR=1 PLV=0.9999 SI-SNR=49.17dB
  [MP3_128kbps] BER=0.0 NC=1.0 DSR=1 PLV=0.9949 SI-SNR=38.29dB
  [MP3_320kbps] BER=0.0 NC=1.0 DSR=1 PLV=0.9949 SI-SNR=38.27dB
  [Resample_44100RT] BER=0.0 NC=1.0 DSR=1 PLV=0.9998 SI-SNR=47.61dB
  [Crop_10pct] BER=1.0 NC=-1.0 DSR=0 PLV=0.9999 SI-SNR=49.17dB
  [TSM_1.1x] BER=1.0 NC=-1.0 DSR=0 PLV= SI-SNR=dB
  [AWGN_30dB] BER=0.25 NC=0.5 DSR=1 PLV=0.9887 SI-SNR=29.97dB
  [Limiter] BER=0.0 NC=1.0 DSR=1 PLV=0.9999 SI-SNR=49.17dB
  [Opus_32kbps] BER=0.4583 NC=0.0833 DSR=1 PLV=0.9646 SI-SNR=18.08dB
  [AAC_128kbps] BER=0.0 NC=1.0 DSR=1 PLV=0.9988 SI-SNR=36.27dB
  [TelephoneFilter] BER=1.0 NC=-1.0 DSR=0 PLV=0.2426 SI-SNR=-18.88dB
  [EnCodec_6kbps] BER=0.25 NC=0.5 DSR=1 PLV=0.6097 SI-SNR=7.74dB
  [DAC] BER=0.3333 NC=0.3333 DSR=1 PLV=0.3922 SI-SNR=-0.23dB

[45/100] Similar_Trot_00138_Cover_Rhythm_A.wav
  [OK] 임베딩 완료 (원본 sr=44100 -> 16kHz, 10.0초, encode SDR=49.02dB)
  [NoAttack]  BER=0.0 NC=1.0 DSR=1 PLV=0.9998 SI-SNR=49.03dB
  [MP3_128kbps] BER=0.0 NC=1.0 DSR=1 PLV=0.98 SI-SNR=29.15dB
  [MP3_320kbps] BER=0.0 NC=1.0 DSR=1 PLV=0.9797 SI-SNR=29.14dB
  [Resample_44100RT] BER=0.0 NC=1.0 DSR=1 PLV=0.9997 SI-SNR=42.54dB
  [Crop_10pct] BER=0.0 NC=1.0 DSR=1 PLV=0.9998 SI-SNR=48.99dB
  [TSM_1.1x] BER=1.0 NC=-1.0 DSR=0 PLV= SI-SNR=dB
  [AWGN_30dB] BER=1.0 NC=-1.0 DSR=0 PLV=0.9835 SI-SNR=29.98dB
  [Limiter] BER=0.0 NC=1.0 DSR=1 PLV=0.9997 SI-SNR=44.78dB
  [Opus_32kbps] BER=1.0 NC=-1.0 DSR=0 PLV=0.9606 SI-SNR=19.04dB
  [AAC_128kbps] BER=0.0 NC=1.0 DSR=1 PLV=0.9978 SI-SNR=34.02dB
  [TelephoneFilter] BER=1.0 NC=-1.0 DSR=0 PLV=0.1083 SI-SNR=-16.4dB
  [EnCodec_6kbps] BER=1.0 NC=-1.0 DSR=0 PLV=0.5621 SI-SNR=9.83dB
  [DAC] BER=0.25 NC=0.5 DSR=1 PLV=0.358 SI-SNR=2.2dB

[46/100] Similar_Trot_00138_Cover_Tempo_B.wav
  [OK] 임베딩 완료 (원본 sr=44100 -> 16kHz, 10.0초, encode SDR=49.12dB)
  [NoAttack]  BER=0.0 NC=1.0 DSR=1 PLV=0.9999 SI-SNR=49.13dB
  [MP3_128kbps] BER=0.0 NC=1.0 DSR=1 PLV=0.9947 SI-SNR=38.04dB
  [MP3_320kbps] BER=0.0 NC=1.0 DSR=1 PLV=0.9947 SI-SNR=38.03dB
  [Resample_44100RT] BER=0.0 NC=1.0 DSR=1 PLV=0.9999 SI-SNR=47.55dB
  [Crop_10pct] BER=0.0 NC=1.0 DSR=1 PLV=0.9999 SI-SNR=49.12dB
  [TSM_1.1x] BER=1.0 NC=-1.0 DSR=0 PLV= SI-SNR=dB
  [AWGN_30dB] BER=1.0 NC=-1.0 DSR=0 PLV=0.9892 SI-SNR=29.93dB
  [Limiter] BER=0.0 NC=1.0 DSR=1 PLV=0.9999 SI-SNR=49.13dB
  [Opus_32kbps] BER=0.5417 NC=-0.0833 DSR=1 PLV=0.9656 SI-SNR=17.99dB
  [AAC_128kbps] BER=0.0 NC=1.0 DSR=1 PLV=0.9987 SI-SNR=35.31dB
  [TelephoneFilter] BER=1.0 NC=-1.0 DSR=0 PLV=0.238 SI-SNR=-17.9dB
  [EnCodec_6kbps] BER=1.0 NC=-1.0 DSR=0 PLV=0.6071 SI-SNR=7.57dB
  [DAC] BER=1.0 NC=-1.0 DSR=0 PLV=0.3868 SI-SNR=-0.36dB

[47/100] Similar_Trot_00138_Cover_Tempo_D.wav
  [OK] 임베딩 완료 (원본 sr=44100 -> 16kHz, 10.0초, encode SDR=49.06dB)
  [NoAttack]  BER=0.0 NC=1.0 DSR=1 PLV=0.9999 SI-SNR=49.07dB
  [MP3_128kbps] BER=0.0 NC=1.0 DSR=1 PLV=0.9936 SI-SNR=36.51dB
  [MP3_320kbps] BER=0.0 NC=1.0 DSR=1 PLV=0.9936 SI-SNR=36.51dB
  [Resample_44100RT] BER=0.0 NC=1.0 DSR=1 PLV=0.9999 SI-SNR=47.03dB
  [Crop_10pct] BER=0.0 NC=1.0 DSR=1 PLV=0.9999 SI-SNR=49.07dB
  [TSM_1.1x] BER=1.0 NC=-1.0 DSR=0 PLV= SI-SNR=dB
  [AWGN_30dB] BER=1.0 NC=-1.0 DSR=0 PLV=0.9903 SI-SNR=29.95dB
  [Limiter] BER=0.0 NC=1.0 DSR=1 PLV=0.9999 SI-SNR=49.07dB
  [Opus_32kbps] BER=1.0 NC=-1.0 DSR=0 PLV=0.9643 SI-SNR=17.68dB
  [AAC_128kbps] BER=0.0 NC=1.0 DSR=1 PLV=0.9989 SI-SNR=35.18dB
  [TelephoneFilter] BER=1.0 NC=-1.0 DSR=0 PLV=0.2147 SI-SNR=-17.32dB
  [EnCodec_6kbps] BER=1.0 NC=-1.0 DSR=0 PLV=0.5839 SI-SNR=7.29dB
  [DAC] BER=1.0 NC=-1.0 DSR=0 PLV=0.3647 SI-SNR=-0.56dB

[48/100] Similar_Trot_00138_Cover_Timbre_A.wav
  [OK] 임베딩 완료 (원본 sr=44100 -> 16kHz, 10.0초, encode SDR=49.09dB)
  [NoAttack]  BER=0.0 NC=1.0 DSR=1 PLV=0.9998 SI-SNR=49.09dB
  [MP3_128kbps] BER=0.0 NC=1.0 DSR=1 PLV=0.9948 SI-SNR=39.63dB
  [MP3_320kbps] BER=0.0 NC=1.0 DSR=1 PLV=0.9948 SI-SNR=39.62dB
  [Resample_44100RT] BER=0.0 NC=1.0 DSR=1 PLV=0.9998 SI-SNR=47.9dB
  [Crop_10pct] BER=0.0 NC=1.0 DSR=1 PLV=0.9998 SI-SNR=49.03dB
  [TSM_1.1x] BER=1.0 NC=-1.0 DSR=0 PLV= SI-SNR=dB
  [AWGN_30dB] BER=0.125 NC=0.75 DSR=1 PLV=0.9851 SI-SNR=29.94dB
  [Limiter] BER=0.0 NC=1.0 DSR=1 PLV=0.9998 SI-SNR=49.09dB
  [Opus_32kbps] BER=1.0 NC=-1.0 DSR=0 PLV=0.9642 SI-SNR=19.19dB
  [AAC_128kbps] BER=0.0 NC=1.0 DSR=1 PLV=0.9978 SI-SNR=33.05dB
  [TelephoneFilter] BER=0.2917 NC=0.4167 DSR=1 PLV=0.2472 SI-SNR=-27.62dB
  [EnCodec_6kbps] BER=1.0 NC=-1.0 DSR=0 PLV=0.6176 SI-SNR=9.4dB
  [DAC] BER=0.375 NC=0.25 DSR=1 PLV=0.4206 SI-SNR=1.75dB

[49/100] Similar_Trot_00138_Cover_Timbre_C.wav
  [OK] 임베딩 완료 (원본 sr=44100 -> 16kHz, 10.0초, encode SDR=49.15dB)
  [NoAttack]  BER=0.0 NC=1.0 DSR=1 PLV=0.9999 SI-SNR=49.16dB
  [MP3_128kbps] BER=0.0 NC=1.0 DSR=1 PLV=0.995 SI-SNR=38.36dB
  [MP3_320kbps] BER=0.0 NC=1.0 DSR=1 PLV=0.995 SI-SNR=38.38dB
  [Resample_44100RT] BER=0.0 NC=1.0 DSR=1 PLV=0.9998 SI-SNR=47.66dB
  [Crop_10pct] BER=0.0833 NC=0.8333 DSR=1 PLV=0.9999 SI-SNR=49.12dB
  [TSM_1.1x] BER=1.0 NC=-1.0 DSR=0 PLV= SI-SNR=dB
  [AWGN_30dB] BER=1.0 NC=-1.0 DSR=0 PLV=0.9887 SI-SNR=29.94dB
  [Limiter] BER=0.0 NC=1.0 DSR=1 PLV=0.9999 SI-SNR=49.16dB
  [Opus_32kbps] BER=0.5417 NC=-0.0833 DSR=1 PLV=0.9662 SI-SNR=17.77dB
  [AAC_128kbps] BER=0.0 NC=1.0 DSR=1 PLV=0.9988 SI-SNR=36.22dB
  [TelephoneFilter] BER=1.0 NC=-1.0 DSR=0 PLV=0.2405 SI-SNR=-18.78dB
  [EnCodec_6kbps] BER=1.0 NC=-1.0 DSR=0 PLV=0.6171 SI-SNR=7.66dB
  [DAC] BER=1.0 NC=-1.0 DSR=0 PLV=0.3981 SI-SNR=-0.08dB

[50/100] Similar_Trot_00138_Org.wav
  [OK] 임베딩 완료 (원본 sr=48000 -> 16kHz, 10.1초, encode SDR=49.09dB)
  [NoAttack]  BER=0.0 NC=1.0 DSR=1 PLV=0.9999 SI-SNR=49.09dB
  [MP3_128kbps] BER=0.0 NC=1.0 DSR=1 PLV=0.9886 SI-SNR=32.66dB
  [MP3_320kbps] BER=0.0 NC=1.0 DSR=1 PLV=0.9886 SI-SNR=32.66dB
  [Resample_44100RT] BER=0.0 NC=1.0 DSR=1 PLV=0.9998 SI-SNR=44.51dB
  [Crop_10pct] BER=0.0 NC=1.0 DSR=1 PLV=0.9998 SI-SNR=49.28dB
  [TSM_1.1x] BER=0.625 NC=-0.25 DSR=1 PLV= SI-SNR=dB
  [AWGN_30dB] BER=1.0 NC=-1.0 DSR=0 PLV=0.9873 SI-SNR=29.96dB
  [Limiter] BER=0.0 NC=1.0 DSR=1 PLV=0.9999 SI-SNR=49.09dB
  [Opus_32kbps] BER=1.0 NC=-1.0 DSR=0 PLV=0.9551 SI-SNR=18.09dB
  [AAC_128kbps] BER=0.0 NC=1.0 DSR=1 PLV=0.9981 SI-SNR=32.53dB
  [TelephoneFilter] BER=0.0 NC=1.0 DSR=1 PLV=0.2303 SI-SNR=-4.92dB
  [EnCodec_6kbps] BER=1.0 NC=-1.0 DSR=0 PLV=0.5493 SI-SNR=5.06dB
  [DAC] BER=1.0 NC=-1.0 DSR=0 PLV=0.2829 SI-SNR=-10.0dB

[51/100] Similar_Trot_00162_Cover_Arrangement_A.wav
  [OK] 임베딩 완료 (원본 sr=44100 -> 16kHz, 10.0초, encode SDR=48.97dB)
  [NoAttack]  BER=0.0 NC=1.0 DSR=1 PLV=0.9997 SI-SNR=48.98dB
  [MP3_128kbps] BER=0.0 NC=1.0 DSR=1 PLV=0.9908 SI-SNR=34.84dB
  [MP3_320kbps] BER=0.0 NC=1.0 DSR=1 PLV=0.9908 SI-SNR=34.84dB
  [Resample_44100RT] BER=0.0 NC=1.0 DSR=1 PLV=0.9996 SI-SNR=45.45dB
  [Crop_10pct] BER=0.0 NC=1.0 DSR=1 PLV=0.9997 SI-SNR=48.99dB
  [TSM_1.1x] BER=1.0 NC=-1.0 DSR=0 PLV= SI-SNR=dB
  [AWGN_30dB] BER=1.0 NC=-1.0 DSR=0 PLV=0.9826 SI-SNR=29.96dB
  [Limiter] BER=0.0 NC=1.0 DSR=1 PLV=0.9997 SI-SNR=48.98dB
  [Opus_32kbps] BER=1.0 NC=-1.0 DSR=0 PLV=0.9715 SI-SNR=20.28dB
  [AAC_128kbps] BER=0.0 NC=1.0 DSR=1 PLV=0.9987 SI-SNR=36.77dB
  [TelephoneFilter] BER=1.0 NC=-1.0 DSR=0 PLV=0.2927 SI-SNR=-27.15dB
  [EnCodec_6kbps] BER=0.4583 NC=0.0833 DSR=1 PLV=0.6663 SI-SNR=9.44dB
  [DAC] BER=0.4167 NC=0.1667 DSR=1 PLV=0.4587 SI-SNR=0.89dB

[52/100] Similar_Trot_00162_Cover_Genre_A.wav
  [OK] 임베딩 완료 (원본 sr=44100 -> 16kHz, 10.0초, encode SDR=49.08dB)
  [NoAttack]  BER=0.0 NC=1.0 DSR=1 PLV=0.9999 SI-SNR=49.09dB
  [MP3_128kbps] BER=0.0 NC=1.0 DSR=1 PLV=0.9893 SI-SNR=31.37dB
  [MP3_320kbps] BER=0.0 NC=1.0 DSR=1 PLV=0.9893 SI-SNR=31.36dB
  [Resample_44100RT] BER=0.0 NC=1.0 DSR=1 PLV=0.9998 SI-SNR=42.14dB
  [Crop_10pct] BER=0.0 NC=1.0 DSR=1 PLV=0.9999 SI-SNR=49.06dB
  [TSM_1.1x] BER=0.3333 NC=0.3333 DSR=1 PLV= SI-SNR=dB
  [AWGN_30dB] BER=0.125 NC=0.75 DSR=1 PLV=0.9902 SI-SNR=29.97dB
  [Limiter] BER=0.0 NC=1.0 DSR=1 PLV=0.9999 SI-SNR=49.09dB
  [Opus_32kbps] BER=1.0 NC=-1.0 DSR=0 PLV=0.9604 SI-SNR=17.63dB
  [AAC_128kbps] BER=0.0 NC=1.0 DSR=1 PLV=0.998 SI-SNR=31.97dB
  [TelephoneFilter] BER=1.0 NC=-1.0 DSR=0 PLV=0.1182 SI-SNR=-16.4dB
  [EnCodec_6kbps] BER=1.0 NC=-1.0 DSR=0 PLV=0.5002 SI-SNR=5.27dB
  [DAC] BER=0.4583 NC=0.0833 DSR=1 PLV=0.3035 SI-SNR=-0.69dB

[53/100] Similar_Trot_00162_Cover_Instrument_A.wav
  [OK] 임베딩 완료 (원본 sr=44100 -> 16kHz, 10.0초, encode SDR=48.99dB)
  [NoAttack]  BER=0.0 NC=1.0 DSR=1 PLV=0.9997 SI-SNR=49.0dB
  [MP3_128kbps] BER=0.0 NC=1.0 DSR=1 PLV=0.9934 SI-SNR=36.86dB
  [MP3_320kbps] BER=0.0 NC=1.0 DSR=1 PLV=0.9934 SI-SNR=36.85dB
  [Resample_44100RT] BER=0.0 NC=1.0 DSR=1 PLV=0.9996 SI-SNR=47.2dB
  [Crop_10pct] BER=0.0 NC=1.0 DSR=1 PLV=0.9997 SI-SNR=48.93dB
  [TSM_1.1x] BER=1.0 NC=-1.0 DSR=0 PLV= SI-SNR=dB
  [AWGN_30dB] BER=1.0 NC=-1.0 DSR=0 PLV=0.982 SI-SNR=29.94dB
  [Limiter] BER=0.0 NC=1.0 DSR=1 PLV=0.9994 SI-SNR=29.23dB
  [Opus_32kbps] BER=0.0833 NC=0.8333 DSR=1 PLV=0.9723 SI-SNR=20.28dB
  [AAC_128kbps] BER=0.0 NC=1.0 DSR=1 PLV=0.9984 SI-SNR=31.7dB
  [TelephoneFilter] BER=0.0417 NC=0.9167 DSR=1 PLV=0.2103 SI-SNR=-15.15dB
  [EnCodec_6kbps] BER=1.0 NC=-1.0 DSR=0 PLV=0.6479 SI-SNR=8.76dB
  [DAC] BER=1.0 NC=-1.0 DSR=0 PLV=0.4046 SI-SNR=0.18dB

[54/100] Similar_Trot_00162_Cover_Instrument_C.wav
  [OK] 임베딩 완료 (원본 sr=44100 -> 16kHz, 10.0초, encode SDR=48.92dB)
  [NoAttack]  BER=0.0 NC=1.0 DSR=1 PLV=0.9997 SI-SNR=48.92dB
  [MP3_128kbps] BER=0.0 NC=1.0 DSR=1 PLV=0.9918 SI-SNR=35.28dB
  [MP3_320kbps] BER=0.0 NC=1.0 DSR=1 PLV=0.9917 SI-SNR=35.27dB
  [Resample_44100RT] BER=0.0 NC=1.0 DSR=1 PLV=0.9996 SI-SNR=46.46dB
  [Crop_10pct] BER=0.0 NC=1.0 DSR=1 PLV=0.9997 SI-SNR=49.01dB
  [TSM_1.1x] BER=1.0 NC=-1.0 DSR=0 PLV= SI-SNR=dB
  [AWGN_30dB] BER=0.0417 NC=0.9167 DSR=1 PLV=0.9818 SI-SNR=29.97dB
  [Limiter] BER=0.0 NC=1.0 DSR=1 PLV=0.9994 SI-SNR=29.96dB
  [Opus_32kbps] BER=1.0 NC=-1.0 DSR=0 PLV=0.9663 SI-SNR=19.87dB
  [AAC_128kbps] BER=0.0 NC=1.0 DSR=1 PLV=0.9981 SI-SNR=31.72dB
  [TelephoneFilter] BER=1.0 NC=-1.0 DSR=0 PLV=0.1825 SI-SNR=-11.63dB
  [EnCodec_6kbps] BER=1.0 NC=-1.0 DSR=0 PLV=0.6097 SI-SNR=8.09dB
  [DAC] BER=1.0 NC=-1.0 DSR=0 PLV=0.3802 SI-SNR=-0.9dB

[55/100] Similar_Trot_00162_Cover_Rhythm_B.wav
  [OK] 임베딩 완료 (원본 sr=44100 -> 16kHz, 10.0초, encode SDR=49.07dB)
  [NoAttack]  BER=0.0 NC=1.0 DSR=1 PLV=0.9999 SI-SNR=49.08dB
  [MP3_128kbps] BER=0.0 NC=1.0 DSR=1 PLV=0.9866 SI-SNR=30.16dB
  [MP3_320kbps] BER=0.0 NC=1.0 DSR=1 PLV=0.9867 SI-SNR=30.13dB
  [Resample_44100RT] BER=0.0 NC=1.0 DSR=1 PLV=0.9998 SI-SNR=41.03dB
  [Crop_10pct] BER=0.0 NC=1.0 DSR=1 PLV=0.9999 SI-SNR=49.04dB
  [TSM_1.1x] BER=1.0 NC=-1.0 DSR=0 PLV= SI-SNR=dB
  [AWGN_30dB] BER=0.5 NC=0.0 DSR=1 PLV=0.9895 SI-SNR=29.96dB
  [Limiter] BER=0.0 NC=1.0 DSR=1 PLV=0.9999 SI-SNR=49.08dB
  [Opus_32kbps] BER=1.0 NC=-1.0 DSR=0 PLV=0.9608 SI-SNR=17.17dB
  [AAC_128kbps] BER=0.0 NC=1.0 DSR=1 PLV=0.9984 SI-SNR=32.67dB
  [TelephoneFilter] BER=1.0 NC=-1.0 DSR=0 PLV=0.1046 SI-SNR=-25.67dB
  [EnCodec_6kbps] BER=1.0 NC=-1.0 DSR=0 PLV=0.4782 SI-SNR=5.31dB
  [DAC] BER=1.0 NC=-1.0 DSR=0 PLV=0.327 SI-SNR=0.64dB

[56/100] Similar_Trot_00162_Cover_Tempo_A.wav
  [OK] 임베딩 완료 (원본 sr=44100 -> 16kHz, 10.0초, encode SDR=48.93dB)
  [NoAttack]  BER=0.0 NC=1.0 DSR=1 PLV=0.9996 SI-SNR=48.94dB
  [MP3_128kbps] BER=0.0 NC=1.0 DSR=1 PLV=0.9938 SI-SNR=37.72dB
  [MP3_320kbps] BER=0.0 NC=1.0 DSR=1 PLV=0.9938 SI-SNR=37.72dB
  [Resample_44100RT] BER=0.0 NC=1.0 DSR=1 PLV=0.9996 SI-SNR=46.54dB
  [Crop_10pct] BER=0.0 NC=1.0 DSR=1 PLV=0.9996 SI-SNR=48.9dB
  [TSM_1.1x] BER=1.0 NC=-1.0 DSR=0 PLV= SI-SNR=dB
  [AWGN_30dB] BER=1.0 NC=-1.0 DSR=0 PLV=0.9812 SI-SNR=29.93dB
  [Limiter] BER=0.0 NC=1.0 DSR=1 PLV=0.9996 SI-SNR=38.37dB
  [Opus_32kbps] BER=1.0 NC=-1.0 DSR=0 PLV=0.9678 SI-SNR=18.97dB
  [AAC_128kbps] BER=0.0 NC=1.0 DSR=1 PLV=0.9983 SI-SNR=35.68dB
  [TelephoneFilter] BER=0.0 NC=1.0 DSR=1 PLV=0.1855 SI-SNR=-13.34dB
  [EnCodec_6kbps] BER=1.0 NC=-1.0 DSR=0 PLV=0.623 SI-SNR=8.37dB
  [DAC] BER=0.5833 NC=-0.1667 DSR=1 PLV=0.3626 SI-SNR=0.08dB

[57/100] Similar_Trot_00162_Cover_Tempo_C.wav
  [OK] 임베딩 완료 (원본 sr=44100 -> 16kHz, 10.0초, encode SDR=48.99dB)
  [NoAttack]  BER=0.0 NC=1.0 DSR=1 PLV=0.9995 SI-SNR=48.99dB
  [MP3_128kbps] BER=0.0 NC=1.0 DSR=1 PLV=0.9922 SI-SNR=34.76dB
  [MP3_320kbps] BER=0.0 NC=1.0 DSR=1 PLV=0.9923 SI-SNR=34.77dB
  [Resample_44100RT] BER=0.0 NC=1.0 DSR=1 PLV=0.9995 SI-SNR=43.56dB
  [Crop_10pct] BER=0.0 NC=1.0 DSR=1 PLV=0.9995 SI-SNR=48.91dB
  [TSM_1.1x] BER=0.4167 NC=0.1667 DSR=1 PLV= SI-SNR=dB
  [AWGN_30dB] BER=1.0 NC=-1.0 DSR=0 PLV=0.9822 SI-SNR=29.94dB
  [Limiter] BER=0.0 NC=1.0 DSR=1 PLV=0.9994 SI-SNR=36.01dB
  [Opus_32kbps] BER=1.0 NC=-1.0 DSR=0 PLV=0.9661 SI-SNR=19.6dB
  [AAC_128kbps] BER=0.0 NC=1.0 DSR=1 PLV=0.9984 SI-SNR=32.51dB
  [TelephoneFilter] BER=0.0 NC=1.0 DSR=1 PLV=0.1784 SI-SNR=-13.66dB
  [EnCodec_6kbps] BER=1.0 NC=-1.0 DSR=0 PLV=0.6002 SI-SNR=7.43dB
  [DAC] BER=1.0 NC=-1.0 DSR=0 PLV=0.3652 SI-SNR=-0.85dB

[58/100] Similar_Trot_00162_Cover_Timbre_A.wav
  [OK] 임베딩 완료 (원본 sr=44100 -> 16kHz, 10.0초, encode SDR=48.93dB)
  [NoAttack]  BER=0.0 NC=1.0 DSR=1 PLV=0.9997 SI-SNR=48.94dB
  [MP3_128kbps] BER=0.0 NC=1.0 DSR=1 PLV=0.9915 SI-SNR=35.01dB
  [MP3_320kbps] BER=0.0 NC=1.0 DSR=1 PLV=0.9915 SI-SNR=35.01dB
  [Resample_44100RT] BER=0.0 NC=1.0 DSR=1 PLV=0.9996 SI-SNR=46.3dB
  [Crop_10pct] BER=0.125 NC=0.75 DSR=1 PLV=0.9997 SI-SNR=48.6dB
  [TSM_1.1x] BER=1.0 NC=-1.0 DSR=0 PLV= SI-SNR=dB
  [AWGN_30dB] BER=1.0 NC=-1.0 DSR=0 PLV=0.982 SI-SNR=29.94dB
  [Limiter] BER=0.0 NC=1.0 DSR=1 PLV=0.9997 SI-SNR=42.92dB
  [Opus_32kbps] BER=1.0 NC=-1.0 DSR=0 PLV=0.9646 SI-SNR=19.91dB
  [AAC_128kbps] BER=0.0 NC=1.0 DSR=1 PLV=0.9984 SI-SNR=32.18dB
  [TelephoneFilter] BER=0.0 NC=1.0 DSR=1 PLV=0.1267 SI-SNR=-9.88dB
  [EnCodec_6kbps] BER=1.0 NC=-1.0 DSR=0 PLV=0.5827 SI-SNR=7.58dB
  [DAC] BER=0.4583 NC=0.0833 DSR=1 PLV=0.3343 SI-SNR=-1.72dB

[59/100] Similar_Trot_00162_Cover_Timbre_C.wav
  [OK] 임베딩 완료 (원본 sr=44100 -> 16kHz, 10.0초, encode SDR=48.90dB)
  [NoAttack]  BER=0.0 NC=1.0 DSR=1 PLV=0.9997 SI-SNR=48.9dB
  [MP3_128kbps] BER=0.0 NC=1.0 DSR=1 PLV=0.9913 SI-SNR=35.0dB
  [MP3_320kbps] BER=0.0 NC=1.0 DSR=1 PLV=0.9913 SI-SNR=35.0dB
  [Resample_44100RT] BER=0.0 NC=1.0 DSR=1 PLV=0.9996 SI-SNR=46.29dB
  [Crop_10pct] BER=0.0 NC=1.0 DSR=1 PLV=0.9997 SI-SNR=48.74dB
  [TSM_1.1x] BER=1.0 NC=-1.0 DSR=0 PLV= SI-SNR=dB
  [AWGN_30dB] BER=0.0833 NC=0.8333 DSR=1 PLV=0.9818 SI-SNR=29.9dB
  [Limiter] BER=0.0 NC=1.0 DSR=1 PLV=0.9996 SI-SNR=38.64dB
  [Opus_32kbps] BER=1.0 NC=-1.0 DSR=0 PLV=0.9657 SI-SNR=19.9dB
  [AAC_128kbps] BER=0.0 NC=1.0 DSR=1 PLV=0.9983 SI-SNR=32.24dB
  [TelephoneFilter] BER=0.0417 NC=0.9167 DSR=1 PLV=0.1489 SI-SNR=-10.97dB
  [EnCodec_6kbps] BER=0.625 NC=-0.25 DSR=1 PLV=0.5927 SI-SNR=8.13dB
  [DAC] BER=1.0 NC=-1.0 DSR=0 PLV=0.3497 SI-SNR=-1.21dB

[60/100] Similar_Trot_00162_Org.wav
  [OK] 임베딩 완료 (원본 sr=48000 -> 16kHz, 10.1초, encode SDR=48.90dB)
  [NoAttack]  BER=0.0 NC=1.0 DSR=1 PLV=0.9997 SI-SNR=48.91dB
  [MP3_128kbps] BER=0.0 NC=1.0 DSR=1 PLV=0.988 SI-SNR=32.91dB
  [MP3_320kbps] BER=0.0 NC=1.0 DSR=1 PLV=0.988 SI-SNR=32.91dB
  [Resample_44100RT] BER=0.0 NC=1.0 DSR=1 PLV=0.9996 SI-SNR=44.07dB
  [Crop_10pct] BER=0.0 NC=1.0 DSR=1 PLV=0.9997 SI-SNR=48.88dB
  [TSM_1.1x] BER=1.0 NC=-1.0 DSR=0 PLV= SI-SNR=dB
  [AWGN_30dB] BER=0.0417 NC=0.9167 DSR=1 PLV=0.9807 SI-SNR=29.95dB
  [Limiter] BER=0.0 NC=1.0 DSR=1 PLV=0.9996 SI-SNR=37.55dB
  [Opus_32kbps] BER=1.0 NC=-1.0 DSR=0 PLV=0.9714 SI-SNR=20.4dB
  [AAC_128kbps] BER=0.0 NC=1.0 DSR=1 PLV=0.9984 SI-SNR=36.82dB
  [TelephoneFilter] BER=1.0 NC=-1.0 DSR=0 PLV=0.2775 SI-SNR=-23.81dB
  [EnCodec_6kbps] BER=1.0 NC=-1.0 DSR=0 PLV=0.6648 SI-SNR=10.73dB
  [DAC] BER=0.375 NC=0.25 DSR=1 PLV=0.4744 SI-SNR=3.22dB

[61/100] 일반남여_일반통합06_F_1524374974_25_수도권_실내_07802.wav
  [OK] 임베딩 완료 (원본 sr=16000 -> 16kHz, 3.5초, encode SDR=50.42dB)
  [NoAttack]  BER=0.0 NC=1.0 DSR=1 PLV=0.9992 SI-SNR=50.42dB
  [MP3_128kbps] BER=0.0 NC=1.0 DSR=1 PLV=0.9971 SI-SNR=45.06dB
  [MP3_320kbps] BER=0.0 NC=1.0 DSR=1 PLV=0.9972 SI-SNR=45.02dB
  [Resample_44100RT] BER=0.0 NC=1.0 DSR=1 PLV=0.9991 SI-SNR=50.28dB
  [Crop_10pct] BER=0.1667 NC=0.6667 DSR=1 PLV=0.9993 SI-SNR=50.29dB
  [TSM_1.1x] BER=0.5417 NC=-0.0833 DSR=1 PLV= SI-SNR=dB
  [AWGN_30dB] BER=0.1667 NC=0.6667 DSR=1 PLV=0.9813 SI-SNR=29.97dB
  [Limiter] BER=0.0 NC=1.0 DSR=1 PLV=0.9992 SI-SNR=50.42dB
  [Opus_32kbps] BER=0.625 NC=-0.25 DSR=1 PLV=0.9776 SI-SNR=24.38dB
  [AAC_128kbps] BER=0.0 NC=1.0 DSR=1 PLV=0.9982 SI-SNR=44.52dB
  [TelephoneFilter] BER=0.6667 NC=-0.3333 DSR=1 PLV=0.4105 SI-SNR=-11.61dB
  [EnCodec_6kbps] BER=1.0 NC=-1.0 DSR=0 PLV=0.583 SI-SNR=8.02dB
  [DAC] BER=0.4167 NC=0.1667 DSR=1 PLV=0.344 SI-SNR=-6.93dB

[62/100] 일반남여_일반통합06_F_1524374974_25_수도권_실내_07811.wav
  [OK] 임베딩 완료 (원본 sr=16000 -> 16kHz, 3.4초, encode SDR=50.21dB)
  [NoAttack]  BER=0.0 NC=1.0 DSR=1 PLV=0.9989 SI-SNR=50.21dB
  [MP3_128kbps] BER=0.0 NC=1.0 DSR=1 PLV=0.9952 SI-SNR=40.59dB
  [MP3_320kbps] BER=0.0 NC=1.0 DSR=1 PLV=0.9951 SI-SNR=40.43dB
  [Resample_44100RT] BER=0.0 NC=1.0 DSR=1 PLV=0.9988 SI-SNR=49.69dB
  [Crop_10pct] BER=0.2083 NC=0.5833 DSR=1 PLV=0.9989 SI-SNR=50.17dB
  [TSM_1.1x] BER=1.0 NC=-1.0 DSR=0 PLV= SI-SNR=dB
  [AWGN_30dB] BER=0.375 NC=0.25 DSR=1 PLV=0.9784 SI-SNR=29.92dB
  [Limiter] BER=0.0 NC=1.0 DSR=1 PLV=0.9989 SI-SNR=50.21dB
  [Opus_32kbps] BER=0.0 NC=1.0 DSR=1 PLV=0.9782 SI-SNR=24.75dB
  [AAC_128kbps] BER=0.0 NC=1.0 DSR=1 PLV=0.9976 SI-SNR=45.46dB
  [TelephoneFilter] BER=0.125 NC=0.75 DSR=1 PLV=0.575 SI-SNR=-0.92dB
  [EnCodec_6kbps] BER=1.0 NC=-1.0 DSR=0 PLV=0.629 SI-SNR=7.1dB
  [DAC] BER=1.0 NC=-1.0 DSR=0 PLV=0.3363 SI-SNR=-28.03dB

[63/100] 일반남여_일반통합06_F_1524374974_25_수도권_실내_07812.wav
  [OK] 임베딩 완료 (원본 sr=16000 -> 16kHz, 2.8초, encode SDR=50.65dB)
  [NoAttack]  BER=0.2083 NC=0.5833 DSR=1 PLV=0.9989 SI-SNR=50.65dB
  [MP3_128kbps] BER=0.2083 NC=0.5833 DSR=1 PLV=0.997 SI-SNR=46.45dB
  [MP3_320kbps] BER=0.2083 NC=0.5833 DSR=1 PLV=0.9971 SI-SNR=46.27dB
  [Resample_44100RT] BER=0.1667 NC=0.6667 DSR=1 PLV=0.9988 SI-SNR=50.41dB
  [Crop_10pct] BER=0.1667 NC=0.6667 DSR=1 PLV=0.9989 SI-SNR=51.18dB
  [TSM_1.1x] BER=0.4167 NC=0.1667 DSR=1 PLV= SI-SNR=dB
  [AWGN_30dB] BER=0.5417 NC=-0.0833 DSR=1 PLV=0.9778 SI-SNR=29.95dB
  [Limiter] BER=0.2083 NC=0.5833 DSR=1 PLV=0.9989 SI-SNR=50.65dB
  [Opus_32kbps] BER=0.2917 NC=0.4167 DSR=1 PLV=0.9796 SI-SNR=26.11dB
  [AAC_128kbps] BER=0.2083 NC=0.5833 DSR=1 PLV=0.9977 SI-SNR=46.83dB
  [TelephoneFilter] BER=0.2917 NC=0.4167 DSR=1 PLV=0.5123 SI-SNR=-2.72dB
  [EnCodec_6kbps] BER=0.3333 NC=0.3333 DSR=1 PLV=0.6323 SI-SNR=8.51dB
  [DAC] BER=1.0 NC=-1.0 DSR=0 PLV=0.3697 SI-SNR=-42.57dB

[64/100] 일반남여_일반통합06_F_1524374974_25_수도권_실내_07814.wav
  [OK] 임베딩 완료 (원본 sr=16000 -> 16kHz, 3.2초, encode SDR=50.76dB)
  [NoAttack]  BER=0.0 NC=1.0 DSR=1 PLV=0.9994 SI-SNR=50.76dB
  [MP3_128kbps] BER=0.0 NC=1.0 DSR=1 PLV=0.9958 SI-SNR=39.27dB
  [MP3_320kbps] BER=0.0 NC=1.0 DSR=1 PLV=0.9959 SI-SNR=39.06dB
  [Resample_44100RT] BER=0.0 NC=1.0 DSR=1 PLV=0.9993 SI-SNR=50.46dB
  [Crop_10pct] BER=0.4583 NC=0.0833 DSR=1 PLV=0.9994 SI-SNR=50.65dB
  [TSM_1.1x] BER=0.5 NC=0.0 DSR=1 PLV= SI-SNR=dB
  [AWGN_30dB] BER=1.0 NC=-1.0 DSR=0 PLV=0.9849 SI-SNR=29.99dB
  [Limiter] BER=0.0 NC=1.0 DSR=1 PLV=0.9994 SI-SNR=50.76dB
  [Opus_32kbps] BER=0.4167 NC=0.1667 DSR=1 PLV=0.9715 SI-SNR=21.63dB
  [AAC_128kbps] BER=0.0 NC=1.0 DSR=1 PLV=0.9984 SI-SNR=42.79dB
  [TelephoneFilter] BER=0.1667 NC=0.6667 DSR=1 PLV=0.5225 SI-SNR=-1.99dB
  [EnCodec_6kbps] BER=1.0 NC=-1.0 DSR=0 PLV=0.6187 SI-SNR=6.12dB
  [DAC] BER=1.0 NC=-1.0 DSR=0 PLV=0.2465 SI-SNR=-24.28dB

[65/100] 일반남여_일반통합06_F_1524374974_25_수도권_실내_07820.wav
  [OK] 임베딩 완료 (원본 sr=16000 -> 16kHz, 3.4초, encode SDR=50.56dB)
  [NoAttack]  BER=0.0 NC=1.0 DSR=1 PLV=0.9991 SI-SNR=50.57dB
  [MP3_128kbps] BER=0.0 NC=1.0 DSR=1 PLV=0.9969 SI-SNR=45.3dB
  [MP3_320kbps] BER=0.0 NC=1.0 DSR=1 PLV=0.9968 SI-SNR=45.31dB
  [Resample_44100RT] BER=0.0 NC=1.0 DSR=1 PLV=0.999 SI-SNR=50.45dB
  [Crop_10pct] BER=0.2917 NC=0.4167 DSR=1 PLV=0.999 SI-SNR=49.79dB
  [TSM_1.1x] BER=1.0 NC=-1.0 DSR=0 PLV= SI-SNR=dB
  [AWGN_30dB] BER=1.0 NC=-1.0 DSR=0 PLV=0.9811 SI-SNR=29.96dB
  [Limiter] BER=0.0 NC=1.0 DSR=1 PLV=0.9991 SI-SNR=50.57dB
  [Opus_32kbps] BER=0.0833 NC=0.8333 DSR=1 PLV=0.9825 SI-SNR=26.66dB
  [AAC_128kbps] BER=0.0 NC=1.0 DSR=1 PLV=0.9982 SI-SNR=45.49dB
  [TelephoneFilter] BER=1.0 NC=-1.0 DSR=0 PLV=0.5469 SI-SNR=-4.91dB
  [EnCodec_6kbps] BER=1.0 NC=-1.0 DSR=0 PLV=0.6656 SI-SNR=8.25dB
  [DAC] BER=0.4167 NC=0.1667 DSR=1 PLV=0.3399 SI-SNR=-16.21dB

[66/100] 일반남여_일반통합06_F_1524374974_25_수도권_실내_07822.wav
  [OK] 임베딩 완료 (원본 sr=16000 -> 16kHz, 3.4초, encode SDR=50.69dB)
  [NoAttack]  BER=0.0 NC=1.0 DSR=1 PLV=0.9992 SI-SNR=50.69dB
  [MP3_128kbps] BER=0.0 NC=1.0 DSR=1 PLV=0.9973 SI-SNR=46.29dB
  [MP3_320kbps] BER=0.0 NC=1.0 DSR=1 PLV=0.9972 SI-SNR=46.23dB
  [Resample_44100RT] BER=0.0 NC=1.0 DSR=1 PLV=0.999 SI-SNR=50.33dB
  [Crop_10pct] BER=0.0 NC=1.0 DSR=1 PLV=0.9991 SI-SNR=50.9dB
  [TSM_1.1x] BER=1.0 NC=-1.0 DSR=0 PLV= SI-SNR=dB
  [AWGN_30dB] BER=0.5 NC=0.0 DSR=1 PLV=0.9823 SI-SNR=29.94dB
  [Limiter] BER=0.0 NC=1.0 DSR=1 PLV=0.9992 SI-SNR=50.69dB
  [Opus_32kbps] BER=0.0 NC=1.0 DSR=1 PLV=0.9811 SI-SNR=25.88dB
  [AAC_128kbps] BER=0.0 NC=1.0 DSR=1 PLV=0.9982 SI-SNR=44.38dB
  [TelephoneFilter] BER=0.5417 NC=-0.0833 DSR=1 PLV=0.5369 SI-SNR=-4.27dB
  [EnCodec_6kbps] BER=1.0 NC=-1.0 DSR=0 PLV=0.6539 SI-SNR=8.89dB
  [DAC] BER=0.625 NC=-0.25 DSR=1 PLV=0.349 SI-SNR=-21.96dB

[67/100] 일반남여_일반통합06_F_1524374974_25_수도권_실내_07826.wav
  [OK] 임베딩 완료 (원본 sr=16000 -> 16kHz, 3.3초, encode SDR=51.04dB)
  [NoAttack]  BER=0.0 NC=1.0 DSR=1 PLV=0.9991 SI-SNR=51.04dB
  [MP3_128kbps] BER=0.0 NC=1.0 DSR=1 PLV=0.9977 SI-SNR=48.48dB
  [MP3_320kbps] BER=0.0 NC=1.0 DSR=1 PLV=0.9978 SI-SNR=48.46dB
  [Resample_44100RT] BER=0.0 NC=1.0 DSR=1 PLV=0.999 SI-SNR=50.99dB
  [Crop_10pct] BER=0.125 NC=0.75 DSR=1 PLV=0.9992 SI-SNR=51.16dB
  [TSM_1.1x] BER=0.4167 NC=0.1667 DSR=1 PLV= SI-SNR=dB
  [AWGN_30dB] BER=1.0 NC=-1.0 DSR=0 PLV=0.978 SI-SNR=29.98dB
  [Limiter] BER=0.0 NC=1.0 DSR=1 PLV=0.9991 SI-SNR=51.04dB
  [Opus_32kbps] BER=0.0 NC=1.0 DSR=1 PLV=0.9843 SI-SNR=28.57dB
  [AAC_128kbps] BER=0.0 NC=1.0 DSR=1 PLV=0.9982 SI-SNR=46.8dB
  [TelephoneFilter] BER=1.0 NC=-1.0 DSR=0 PLV=0.5245 SI-SNR=-8.63dB
  [EnCodec_6kbps] BER=1.0 NC=-1.0 DSR=0 PLV=0.7269 SI-SNR=10.3dB
  [DAC] BER=0.375 NC=0.25 DSR=1 PLV=0.3859 SI-SNR=-10.29dB

[68/100] 일반남여_일반통합06_F_1524374974_25_수도권_실내_07834.wav
  [OK] 임베딩 완료 (원본 sr=16000 -> 16kHz, 3.3초, encode SDR=50.62dB)
  [NoAttack]  BER=0.0 NC=1.0 DSR=1 PLV=0.9993 SI-SNR=50.62dB
  [MP3_128kbps] BER=0.0 NC=1.0 DSR=1 PLV=0.9957 SI-SNR=41.31dB
  [MP3_320kbps] BER=0.0 NC=1.0 DSR=1 PLV=0.9957 SI-SNR=41.2dB
  [Resample_44100RT] BER=0.0 NC=1.0 DSR=1 PLV=0.9992 SI-SNR=50.36dB
  [Crop_10pct] BER=1.0 NC=-1.0 DSR=0 PLV=0.9993 SI-SNR=50.67dB
  [TSM_1.1x] BER=1.0 NC=-1.0 DSR=0 PLV= SI-SNR=dB
  [AWGN_30dB] BER=1.0 NC=-1.0 DSR=0 PLV=0.9828 SI-SNR=29.94dB
  [Limiter] BER=0.0 NC=1.0 DSR=1 PLV=0.9993 SI-SNR=50.62dB
  [Opus_32kbps] BER=0.0 NC=1.0 DSR=1 PLV=0.9752 SI-SNR=23.32dB
  [AAC_128kbps] BER=0.0 NC=1.0 DSR=1 PLV=0.9982 SI-SNR=42.87dB
  [TelephoneFilter] BER=0.3333 NC=0.3333 DSR=1 PLV=0.5085 SI-SNR=-3.89dB
  [EnCodec_6kbps] BER=0.5 NC=0.0 DSR=1 PLV=0.5892 SI-SNR=6.69dB
  [DAC] BER=1.0 NC=-1.0 DSR=0 PLV=0.4022 SI-SNR=-19.42dB

[69/100] 일반남여_일반통합06_F_1524374974_25_수도권_실내_07836.wav
  [OK] 임베딩 완료 (원본 sr=16000 -> 16kHz, 2.0초, encode SDR=51.11dB)
  [NoAttack]  BER=0.2083 NC=0.5833 DSR=1 PLV=0.9995 SI-SNR=51.11dB
  [MP3_128kbps] BER=0.1667 NC=0.6667 DSR=1 PLV=0.9976 SI-SNR=44.53dB
  [MP3_320kbps] BER=0.1667 NC=0.6667 DSR=1 PLV=0.9976 SI-SNR=44.53dB
  [Resample_44100RT] BER=0.2083 NC=0.5833 DSR=1 PLV=0.9994 SI-SNR=50.77dB
  [Crop_10pct] BER=1.0 NC=-1.0 DSR=0 PLV=0.9994 SI-SNR=48.88dB
  [TSM_1.1x] BER=1.0 NC=-1.0 DSR=0 PLV= SI-SNR=dB
  [AWGN_30dB] BER=1.0 NC=-1.0 DSR=0 PLV=0.986 SI-SNR=29.99dB
  [Limiter] BER=0.2083 NC=0.5833 DSR=1 PLV=0.9995 SI-SNR=51.11dB
  [Opus_32kbps] BER=0.1667 NC=0.6667 DSR=1 PLV=0.9788 SI-SNR=23.22dB
  [AAC_128kbps] BER=0.2083 NC=0.5833 DSR=1 PLV=0.9985 SI-SNR=42.5dB
  [TelephoneFilter] BER=1.0 NC=-1.0 DSR=0 PLV=0.5573 SI-SNR=-1.18dB
  [EnCodec_6kbps] BER=0.375 NC=0.25 DSR=1 PLV=0.6366 SI-SNR=6.86dB
  [DAC] BER=1.0 NC=-1.0 DSR=0 PLV=0.2391 SI-SNR=-15.26dB

[70/100] 일반남여_일반통합06_F_1524374974_25_수도권_실내_07838.wav
  [OK] 임베딩 완료 (원본 sr=16000 -> 16kHz, 3.2초, encode SDR=50.88dB)
  [NoAttack]  BER=0.0 NC=1.0 DSR=1 PLV=0.9989 SI-SNR=50.88dB
  [MP3_128kbps] BER=0.0 NC=1.0 DSR=1 PLV=0.9948 SI-SNR=38.0dB
  [MP3_320kbps] BER=0.0 NC=1.0 DSR=1 PLV=0.9946 SI-SNR=38.05dB
  [Resample_44100RT] BER=0.0 NC=1.0 DSR=1 PLV=0.9988 SI-SNR=50.25dB
  [Crop_10pct] BER=0.1667 NC=0.6667 DSR=1 PLV=0.9989 SI-SNR=50.88dB
  [TSM_1.1x] BER=0.6667 NC=-0.3333 DSR=1 PLV= SI-SNR=dB
  [AWGN_30dB] BER=0.5 NC=0.0 DSR=1 PLV=0.9805 SI-SNR=29.96dB
  [Limiter] BER=0.0 NC=1.0 DSR=1 PLV=0.9989 SI-SNR=50.88dB
  [Opus_32kbps] BER=0.0 NC=1.0 DSR=1 PLV=0.9701 SI-SNR=22.7dB
  [AAC_128kbps] BER=0.0 NC=1.0 DSR=1 PLV=0.9978 SI-SNR=43.28dB
  [TelephoneFilter] BER=1.0 NC=-1.0 DSR=0 PLV=0.4386 SI-SNR=-2.79dB
  [EnCodec_6kbps] BER=1.0 NC=-1.0 DSR=0 PLV=0.56 SI-SNR=6.14dB
  [DAC] BER=0.0833 NC=0.8333 DSR=1 PLV=0.3634 SI-SNR=-23.66dB

[71/100] 일반남여_일반통합06_F_1524374974_25_수도권_실내_07840.wav
  [OK] 임베딩 완료 (원본 sr=16000 -> 16kHz, 2.6초, encode SDR=51.17dB)
  [NoAttack]  BER=0.2083 NC=0.5833 DSR=1 PLV=0.9993 SI-SNR=51.18dB
  [MP3_128kbps] BER=0.2083 NC=0.5833 DSR=1 PLV=0.9979 SI-SNR=47.43dB
  [MP3_320kbps] BER=0.2083 NC=0.5833 DSR=1 PLV=0.9979 SI-SNR=47.42dB
  [Resample_44100RT] BER=0.2083 NC=0.5833 DSR=1 PLV=0.9992 SI-SNR=51.13dB
  [Crop_10pct] BER=1.0 NC=-1.0 DSR=0 PLV=0.9994 SI-SNR=51.03dB
  [TSM_1.1x] BER=1.0 NC=-1.0 DSR=0 PLV= SI-SNR=dB
  [AWGN_30dB] BER=1.0 NC=-1.0 DSR=0 PLV=0.9815 SI-SNR=29.98dB
  [Limiter] BER=0.2083 NC=0.5833 DSR=1 PLV=0.9993 SI-SNR=51.18dB
  [Opus_32kbps] BER=1.0 NC=-1.0 DSR=0 PLV=0.9816 SI-SNR=27.24dB
  [AAC_128kbps] BER=0.2083 NC=0.5833 DSR=1 PLV=0.9984 SI-SNR=45.1dB
  [TelephoneFilter] BER=0.4167 NC=0.1667 DSR=1 PLV=0.5115 SI-SNR=-10.07dB
  [EnCodec_6kbps] BER=1.0 NC=-1.0 DSR=0 PLV=0.6679 SI-SNR=9.9dB
  [DAC] BER=0.4167 NC=0.1667 DSR=1 PLV=0.4157 SI-SNR=-8.77dB

[72/100] 일반남여_일반통합06_F_1524374974_25_수도권_실내_07843.wav
  [OK] 임베딩 완료 (원본 sr=16000 -> 16kHz, 2.5초, encode SDR=51.07dB)
  [NoAttack]  BER=0.2917 NC=0.4167 DSR=1 PLV=0.9992 SI-SNR=51.08dB
  [MP3_128kbps] BER=0.2917 NC=0.4167 DSR=1 PLV=0.9985 SI-SNR=49.26dB
  [MP3_320kbps] BER=0.2917 NC=0.4167 DSR=1 PLV=0.9985 SI-SNR=49.19dB
  [Resample_44100RT] BER=0.2917 NC=0.4167 DSR=1 PLV=0.9992 SI-SNR=51.06dB
  [Crop_10pct] BER=1.0 NC=-1.0 DSR=0 PLV=0.9991 SI-SNR=50.42dB
  [TSM_1.1x] BER=1.0 NC=-1.0 DSR=0 PLV= SI-SNR=dB
  [AWGN_30dB] BER=0.4583 NC=0.0833 DSR=1 PLV=0.9805 SI-SNR=29.97dB
  [Limiter] BER=0.2917 NC=0.4167 DSR=1 PLV=0.9992 SI-SNR=51.08dB
  [Opus_32kbps] BER=0.2917 NC=0.4167 DSR=1 PLV=0.9848 SI-SNR=27.33dB
  [AAC_128kbps] BER=0.2917 NC=0.4167 DSR=1 PLV=0.9985 SI-SNR=46.04dB
  [TelephoneFilter] BER=0.3333 NC=0.3333 DSR=1 PLV=0.5974 SI-SNR=-2.13dB
  [EnCodec_6kbps] BER=1.0 NC=-1.0 DSR=0 PLV=0.6991 SI-SNR=8.51dB
  [DAC] BER=0.4167 NC=0.1667 DSR=1 PLV=0.3967 SI-SNR=-24.45dB

[73/100] 일반남여_일반통합06_F_1524374974_25_수도권_실내_07845.wav
  [OK] 임베딩 완료 (원본 sr=16000 -> 16kHz, 3.1초, encode SDR=50.76dB)
  [NoAttack]  BER=0.0 NC=1.0 DSR=1 PLV=0.9992 SI-SNR=50.77dB
  [MP3_128kbps] BER=0.0 NC=1.0 DSR=1 PLV=0.9985 SI-SNR=49.42dB
  [MP3_320kbps] BER=0.0 NC=1.0 DSR=1 PLV=0.9985 SI-SNR=49.42dB
  [Resample_44100RT] BER=0.0 NC=1.0 DSR=1 PLV=0.9991 SI-SNR=50.74dB
  [Crop_10pct] BER=1.0 NC=-1.0 DSR=0 PLV=0.9992 SI-SNR=50.77dB
  [TSM_1.1x] BER=0.2917 NC=0.4167 DSR=1 PLV= SI-SNR=dB
  [AWGN_30dB] BER=0.3333 NC=0.3333 DSR=1 PLV=0.9807 SI-SNR=29.93dB
  [Limiter] BER=0.0 NC=1.0 DSR=1 PLV=0.9992 SI-SNR=50.77dB
  [Opus_32kbps] BER=0.0417 NC=0.9167 DSR=1 PLV=0.9849 SI-SNR=27.7dB
  [AAC_128kbps] BER=0.0 NC=1.0 DSR=1 PLV=0.9984 SI-SNR=45.95dB
  [TelephoneFilter] BER=0.125 NC=0.75 DSR=1 PLV=0.5409 SI-SNR=-4.38dB
  [EnCodec_6kbps] BER=0.375 NC=0.25 DSR=1 PLV=0.6872 SI-SNR=9.69dB
  [DAC] BER=1.0 NC=-1.0 DSR=0 PLV=0.3885 SI-SNR=-25.28dB

[74/100] 일반남여_일반통합06_F_1524374974_25_수도권_실내_07847.wav
  [OK] 임베딩 완료 (원본 sr=16000 -> 16kHz, 2.2초, encode SDR=51.71dB)
  [NoAttack]  BER=0.25 NC=0.5 DSR=1 PLV=0.9995 SI-SNR=51.71dB
  [MP3_128kbps] BER=0.2917 NC=0.4167 DSR=1 PLV=0.9981 SI-SNR=48.31dB
  [MP3_320kbps] BER=0.2917 NC=0.4167 DSR=1 PLV=0.9981 SI-SNR=48.31dB
  [Resample_44100RT] BER=0.25 NC=0.5 DSR=1 PLV=0.9994 SI-SNR=51.42dB
  [Crop_10pct] BER=1.0 NC=-1.0 DSR=0 PLV=0.9995 SI-SNR=50.28dB
  [TSM_1.1x] BER=1.0 NC=-1.0 DSR=0 PLV= SI-SNR=dB
  [AWGN_30dB] BER=0.2917 NC=0.4167 DSR=1 PLV=0.9831 SI-SNR=29.96dB
  [Limiter] BER=0.25 NC=0.5 DSR=1 PLV=0.9995 SI-SNR=51.71dB
  [Opus_32kbps] BER=0.3333 NC=0.3333 DSR=1 PLV=0.9829 SI-SNR=26.33dB
  [AAC_128kbps] BER=0.2917 NC=0.4167 DSR=1 PLV=0.9988 SI-SNR=45.23dB
  [TelephoneFilter] BER=0.25 NC=0.5 DSR=1 PLV=0.5633 SI-SNR=-3.73dB
  [EnCodec_6kbps] BER=1.0 NC=-1.0 DSR=0 PLV=0.6661 SI-SNR=7.65dB
  [DAC] BER=1.0 NC=-1.0 DSR=0 PLV=0.2342 SI-SNR=-20.24dB

[75/100] 일반남여_일반통합06_F_1524374974_25_수도권_실내_07849.wav
  [OK] 임베딩 완료 (원본 sr=16000 -> 16kHz, 2.0초, encode SDR=51.02dB)
  [NoAttack]  BER=0.1667 NC=0.6667 DSR=1 PLV=0.9991 SI-SNR=51.02dB
  [MP3_128kbps] BER=0.1667 NC=0.6667 DSR=1 PLV=0.9978 SI-SNR=49.28dB
  [MP3_320kbps] BER=0.1667 NC=0.6667 DSR=1 PLV=0.9978 SI-SNR=49.27dB
  [Resample_44100RT] BER=0.1667 NC=0.6667 DSR=1 PLV=0.9989 SI-SNR=50.93dB
  [Crop_10pct] BER=1.0 NC=-1.0 DSR=0 PLV=0.9988 SI-SNR=48.2dB
  [TSM_1.1x] BER=0.2917 NC=0.4167 DSR=1 PLV= SI-SNR=dB
  [AWGN_30dB] BER=1.0 NC=-1.0 DSR=0 PLV=0.9787 SI-SNR=29.98dB
  [Limiter] BER=0.1667 NC=0.6667 DSR=1 PLV=0.9991 SI-SNR=51.02dB
  [Opus_32kbps] BER=0.1667 NC=0.6667 DSR=1 PLV=0.9833 SI-SNR=27.24dB
  [AAC_128kbps] BER=0.125 NC=0.75 DSR=1 PLV=0.998 SI-SNR=45.19dB
  [TelephoneFilter] BER=0.375 NC=0.25 DSR=1 PLV=0.6011 SI-SNR=0.05dB
  [EnCodec_6kbps] BER=1.0 NC=-1.0 DSR=0 PLV=0.6735 SI-SNR=7.89dB
  [DAC] BER=1.0 NC=-1.0 DSR=0 PLV=0.3227 SI-SNR=-16.58dB

[76/100] 일반남여_일반통합06_F_1524374974_25_수도권_실내_07851.wav
  [OK] 임베딩 완료 (원본 sr=16000 -> 16kHz, 2.6초, encode SDR=50.74dB)
  [NoAttack]  BER=0.2083 NC=0.5833 DSR=1 PLV=0.9993 SI-SNR=50.74dB
  [MP3_128kbps] BER=0.2083 NC=0.5833 DSR=1 PLV=0.9974 SI-SNR=42.23dB
  [MP3_320kbps] BER=0.2083 NC=0.5833 DSR=1 PLV=0.9974 SI-SNR=42.39dB
  [Resample_44100RT] BER=0.2083 NC=0.5833 DSR=1 PLV=0.9993 SI-SNR=50.64dB
  [Crop_10pct] BER=1.0 NC=-1.0 DSR=0 PLV=0.9993 SI-SNR=49.81dB
  [TSM_1.1x] BER=0.3333 NC=0.3333 DSR=1 PLV= SI-SNR=dB
  [AWGN_30dB] BER=1.0 NC=-1.0 DSR=0 PLV=0.9847 SI-SNR=29.98dB
  [Limiter] BER=0.2083 NC=0.5833 DSR=1 PLV=0.9993 SI-SNR=50.74dB
  [Opus_32kbps] BER=0.2083 NC=0.5833 DSR=1 PLV=0.977 SI-SNR=21.36dB
  [AAC_128kbps] BER=0.2083 NC=0.5833 DSR=1 PLV=0.998 SI-SNR=39.29dB
  [TelephoneFilter] BER=0.5833 NC=-0.1667 DSR=1 PLV=0.4366 SI-SNR=-9.25dB
  [EnCodec_6kbps] BER=0.2917 NC=0.4167 DSR=1 PLV=0.5801 SI-SNR=6.35dB
  [DAC] BER=1.0 NC=-1.0 DSR=0 PLV=0.3844 SI-SNR=-8.86dB

[77/100] 일반남여_일반통합06_F_1524374974_25_수도권_실내_07853.wav
  [OK] 임베딩 완료 (원본 sr=16000 -> 16kHz, 3.0초, encode SDR=50.98dB)
  [NoAttack]  BER=0.0 NC=1.0 DSR=1 PLV=0.999 SI-SNR=50.98dB
  [MP3_128kbps] BER=0.0 NC=1.0 DSR=1 PLV=0.9953 SI-SNR=39.69dB
  [MP3_320kbps] BER=0.0 NC=1.0 DSR=1 PLV=0.9952 SI-SNR=39.73dB
  [Resample_44100RT] BER=0.0 NC=1.0 DSR=1 PLV=0.9988 SI-SNR=49.52dB
  [Crop_10pct] BER=0.1667 NC=0.6667 DSR=1 PLV=0.999 SI-SNR=51.27dB
  [TSM_1.1x] BER=1.0 NC=-1.0 DSR=0 PLV= SI-SNR=dB
  [AWGN_30dB] BER=0.4167 NC=0.1667 DSR=1 PLV=0.9801 SI-SNR=29.98dB
  [Limiter] BER=0.0 NC=1.0 DSR=1 PLV=0.999 SI-SNR=50.98dB
  [Opus_32kbps] BER=0.0417 NC=0.9167 DSR=1 PLV=0.9788 SI-SNR=25.78dB
  [AAC_128kbps] BER=0.0 NC=1.0 DSR=1 PLV=0.9979 SI-SNR=45.08dB
  [TelephoneFilter] BER=1.0 NC=-1.0 DSR=0 PLV=0.5272 SI-SNR=-3.74dB
  [EnCodec_6kbps] BER=1.0 NC=-1.0 DSR=0 PLV=0.6072 SI-SNR=7.51dB
  [DAC] BER=0.5417 NC=-0.0833 DSR=1 PLV=0.3104 SI-SNR=-30.26dB

[78/100] 일반남여_일반통합06_F_1524374974_25_수도권_실내_07855.wav
  [OK] 임베딩 완료 (원본 sr=16000 -> 16kHz, 2.8초, encode SDR=51.12dB)
  [NoAttack]  BER=0.2083 NC=0.5833 DSR=1 PLV=0.999 SI-SNR=51.12dB
  [MP3_128kbps] BER=0.2083 NC=0.5833 DSR=1 PLV=0.9956 SI-SNR=41.64dB
/home/hansung1/.vscode-server/audio/venv/lib/python3.10/site-packages/silentcipher/server.py:409: SmallSampleWarning: All axis-slices of one or more sample arguments are too small; all elements of returned arrays will be NaN. See documentation for sample size requirements.
  ord_values = st.mode(pred_values, keepdims=False).mode
/home/hansung1/.vscode-server/audio/venv/lib/python3.10/site-packages/silentcipher/server.py:409: SmallSampleWarning: All axis-slices of one or more sample arguments are too small; all elements of returned arrays will be NaN. See documentation for sample size requirements.
  ord_values = st.mode(pred_values, keepdims=False).mode
/home/hansung1/.vscode-server/audio/venv/lib/python3.10/site-packages/silentcipher/server.py:409: SmallSampleWarning: All axis-slices of one or more sample arguments are too small; all elements of returned arrays will be NaN. See documentation for sample size requirements.
  ord_values = st.mode(pred_values, keepdims=False).mode
/home/hansung1/.vscode-server/audio/venv/lib/python3.10/site-packages/silentcipher/server.py:409: SmallSampleWarning: All axis-slices of one or more sample arguments are too small; all elements of returned arrays will be NaN. See documentation for sample size requirements.
  ord_values = st.mode(pred_values, keepdims=False).mode
/home/hansung1/.vscode-server/audio/venv/lib/python3.10/site-packages/silentcipher/server.py:409: SmallSampleWarning: All axis-slices of one or more sample arguments are too small; all elements of returned arrays will be NaN. See documentation for sample size requirements.
  ord_values = st.mode(pred_values, keepdims=False).mode
/home/hansung1/.vscode-server/audio/venv/lib/python3.10/site-packages/silentcipher/server.py:409: SmallSampleWarning: All axis-slices of one or more sample arguments are too small; all elements of returned arrays will be NaN. See documentation for sample size requirements.
  ord_values = st.mode(pred_values, keepdims=False).mode
/home/hansung1/.vscode-server/audio/venv/lib/python3.10/site-packages/silentcipher/server.py:409: SmallSampleWarning: All axis-slices of one or more sample arguments are too small; all elements of returned arrays will be NaN. See documentation for sample size requirements.
  ord_values = st.mode(pred_values, keepdims=False).mode
/home/hansung1/.vscode-server/audio/venv/lib/python3.10/site-packages/silentcipher/server.py:409: SmallSampleWarning: All axis-slices of one or more sample arguments are too small; all elements of returned arrays will be NaN. See documentation for sample size requirements.
  ord_values = st.mode(pred_values, keepdims=False).mode
/home/hansung1/.vscode-server/audio/venv/lib/python3.10/site-packages/silentcipher/server.py:409: SmallSampleWarning: All axis-slices of one or more sample arguments are too small; all elements of returned arrays will be NaN. See documentation for sample size requirements.
  ord_values = st.mode(pred_values, keepdims=False).mode
/home/hansung1/.vscode-server/audio/venv/lib/python3.10/site-packages/silentcipher/server.py:409: SmallSampleWarning: All axis-slices of one or more sample arguments are too small; all elements of returned arrays will be NaN. See documentation for sample size requirements.
  ord_values = st.mode(pred_values, keepdims=False).mode
/home/hansung1/.vscode-server/audio/venv/lib/python3.10/site-packages/silentcipher/server.py:409: SmallSampleWarning: All axis-slices of one or more sample arguments are too small; all elements of returned arrays will be NaN. See documentation for sample size requirements.
  ord_values = st.mode(pred_values, keepdims=False).mode
/home/hansung1/.vscode-server/audio/venv/lib/python3.10/site-packages/silentcipher/server.py:409: SmallSampleWarning: All axis-slices of one or more sample arguments are too small; all elements of returned arrays will be NaN. See documentation for sample size requirements.
  ord_values = st.mode(pred_values, keepdims=False).mode
/home/hansung1/.vscode-server/audio/venv/lib/python3.10/site-packages/silentcipher/server.py:409: SmallSampleWarning: All axis-slices of one or more sample arguments are too small; all elements of returned arrays will be NaN. See documentation for sample size requirements.
  ord_values = st.mode(pred_values, keepdims=False).mode
/home/hansung1/.vscode-server/audio/venv/lib/python3.10/site-packages/silentcipher/server.py:409: SmallSampleWarning: All axis-slices of one or more sample arguments are too small; all elements of returned arrays will be NaN. See documentation for sample size requirements.
  ord_values = st.mode(pred_values, keepdims=False).mode
/home/hansung1/.vscode-server/audio/venv/lib/python3.10/site-packages/silentcipher/server.py:409: SmallSampleWarning: All axis-slices of one or more sample arguments are too small; all elements of returned arrays will be NaN. See documentation for sample size requirements.
  ord_values = st.mode(pred_values, keepdims=False).mode
/home/hansung1/.vscode-server/audio/venv/lib/python3.10/site-packages/silentcipher/server.py:409: SmallSampleWarning: All axis-slices of one or more sample arguments are too small; all elements of returned arrays will be NaN. See documentation for sample size requirements.
  ord_values = st.mode(pred_values, keepdims=False).mode
/home/hansung1/.vscode-server/audio/venv/lib/python3.10/site-packages/silentcipher/server.py:409: SmallSampleWarning: All axis-slices of one or more sample arguments are too small; all elements of returned arrays will be NaN. See documentation for sample size requirements.
  ord_values = st.mode(pred_values, keepdims=False).mode
/home/hansung1/.vscode-server/audio/venv/lib/python3.10/site-packages/silentcipher/server.py:409: SmallSampleWarning: All axis-slices of one or more sample arguments are too small; all elements of returned arrays will be NaN. See documentation for sample size requirements.
  ord_values = st.mode(pred_values, keepdims=False).mode
/home/hansung1/.vscode-server/audio/venv/lib/python3.10/site-packages/silentcipher/server.py:409: SmallSampleWarning: All axis-slices of one or more sample arguments are too small; all elements of returned arrays will be NaN. See documentation for sample size requirements.
  ord_values = st.mode(pred_values, keepdims=False).mode
/home/hansung1/.vscode-server/audio/venv/lib/python3.10/site-packages/silentcipher/server.py:409: SmallSampleWarning: All axis-slices of one or more sample arguments are too small; all elements of returned arrays will be NaN. See documentation for sample size requirements.
  ord_values = st.mode(pred_values, keepdims=False).mode
/home/hansung1/.vscode-server/audio/venv/lib/python3.10/site-packages/silentcipher/server.py:409: SmallSampleWarning: All axis-slices of one or more sample arguments are too small; all elements of returned arrays will be NaN. See documentation for sample size requirements.
  ord_values = st.mode(pred_values, keepdims=False).mode
/home/hansung1/.vscode-server/audio/venv/lib/python3.10/site-packages/silentcipher/server.py:409: SmallSampleWarning: All axis-slices of one or more sample arguments are too small; all elements of returned arrays will be NaN. See documentation for sample size requirements.
  ord_values = st.mode(pred_values, keepdims=False).mode
/home/hansung1/.vscode-server/audio/venv/lib/python3.10/site-packages/silentcipher/server.py:409: SmallSampleWarning: All axis-slices of one or more sample arguments are too small; all elements of returned arrays will be NaN. See documentation for sample size requirements.
  ord_values = st.mode(pred_values, keepdims=False).mode
/home/hansung1/.vscode-server/audio/venv/lib/python3.10/site-packages/silentcipher/server.py:409: SmallSampleWarning: All axis-slices of one or more sample arguments are too small; all elements of returned arrays will be NaN. See documentation for sample size requirements.
  ord_values = st.mode(pred_values, keepdims=False).mode
/home/hansung1/.vscode-server/audio/venv/lib/python3.10/site-packages/silentcipher/server.py:409: SmallSampleWarning: All axis-slices of one or more sample arguments are too small; all elements of returned arrays will be NaN. See documentation for sample size requirements.
  ord_values = st.mode(pred_values, keepdims=False).mode
  [MP3_320kbps] BER=0.2083 NC=0.5833 DSR=1 PLV=0.9953 SI-SNR=41.21dB
  [Resample_44100RT] BER=0.2083 NC=0.5833 DSR=1 PLV=0.9989 SI-SNR=50.72dB
  [Crop_10pct] BER=0.2083 NC=0.5833 DSR=1 PLV=0.999 SI-SNR=51.42dB
  [TSM_1.1x] BER=1.0 NC=-1.0 DSR=0 PLV= SI-SNR=dB
  [AWGN_30dB] BER=0.4167 NC=0.1667 DSR=1 PLV=0.98 SI-SNR=29.91dB
  [Limiter] BER=0.2083 NC=0.5833 DSR=1 PLV=0.999 SI-SNR=51.12dB
  [Opus_32kbps] BER=0.25 NC=0.5 DSR=1 PLV=0.9778 SI-SNR=24.08dB
  [AAC_128kbps] BER=0.2083 NC=0.5833 DSR=1 PLV=0.9976 SI-SNR=43.84dB
  [TelephoneFilter] BER=1.0 NC=-1.0 DSR=0 PLV=0.5629 SI-SNR=2.65dB
  [EnCodec_6kbps] BER=0.4167 NC=0.1667 DSR=1 PLV=0.6013 SI-SNR=5.79dB
  [DAC] BER=1.0 NC=-1.0 DSR=0 PLV=0.3148 SI-SNR=-6.73dB

[79/100] 일반남여_일반통합06_F_1524374974_25_수도권_실내_08316.wav
  [OK] 임베딩 완료 (원본 sr=16000 -> 16kHz, 2.8초, encode SDR=51.51dB)
  [NoAttack]  BER=0.2083 NC=0.5833 DSR=1 PLV=0.9991 SI-SNR=51.51dB
  [MP3_128kbps] BER=0.2917 NC=0.4167 DSR=1 PLV=0.9952 SI-SNR=41.1dB
  [MP3_320kbps] BER=0.2917 NC=0.4167 DSR=1 PLV=0.9951 SI-SNR=41.09dB
  [Resample_44100RT] BER=0.2083 NC=0.5833 DSR=1 PLV=0.999 SI-SNR=51.44dB
  [Crop_10pct] BER=1.0 NC=-1.0 DSR=0 PLV=0.999 SI-SNR=49.44dB
  [TSM_1.1x] BER=1.0 NC=-1.0 DSR=0 PLV= SI-SNR=dB
  [AWGN_30dB] BER=0.25 NC=0.5 DSR=1 PLV=0.9798 SI-SNR=29.96dB
  [Limiter] BER=0.2083 NC=0.5833 DSR=1 PLV=0.9991 SI-SNR=51.51dB
  [Opus_32kbps] BER=0.3333 NC=0.3333 DSR=1 PLV=0.9785 SI-SNR=26.25dB
  [AAC_128kbps] BER=0.2917 NC=0.4167 DSR=1 PLV=0.9977 SI-SNR=42.47dB
  [TelephoneFilter] BER=1.0 NC=-1.0 DSR=0 PLV=0.4416 SI-SNR=-12.36dB
  [EnCodec_6kbps] BER=0.3333 NC=0.3333 DSR=1 PLV=0.598 SI-SNR=9.07dB
  [DAC] BER=1.0 NC=-1.0 DSR=0 PLV=0.4228 SI-SNR=-6.61dB

[80/100] 일반남여_일반통합06_F_1524374974_25_수도권_실내_08318.wav
  [OK] 임베딩 완료 (원본 sr=16000 -> 16kHz, 2.8초, encode SDR=51.44dB)
  [NoAttack]  BER=0.2917 NC=0.4167 DSR=1 PLV=0.9991 SI-SNR=51.44dB
  [MP3_128kbps] BER=0.2917 NC=0.4167 DSR=1 PLV=0.9956 SI-SNR=41.42dB
  [MP3_320kbps] BER=0.2917 NC=0.4167 DSR=1 PLV=0.9955 SI-SNR=41.39dB
  [Resample_44100RT] BER=0.2917 NC=0.4167 DSR=1 PLV=0.999 SI-SNR=50.83dB
  [Crop_10pct] BER=0.4583 NC=0.0833 DSR=1 PLV=0.999 SI-SNR=50.13dB
  [TSM_1.1x] BER=1.0 NC=-1.0 DSR=0 PLV= SI-SNR=dB
  [AWGN_30dB] BER=1.0 NC=-1.0 DSR=0 PLV=0.9848 SI-SNR=29.98dB
  [Limiter] BER=0.2917 NC=0.4167 DSR=1 PLV=0.9991 SI-SNR=51.44dB
  [Opus_32kbps] BER=0.2917 NC=0.4167 DSR=1 PLV=0.9776 SI-SNR=23.71dB
  [AAC_128kbps] BER=0.2917 NC=0.4167 DSR=1 PLV=0.9981 SI-SNR=44.67dB
  [TelephoneFilter] BER=1.0 NC=-1.0 DSR=0 PLV=0.474 SI-SNR=-6.5dB
  [EnCodec_6kbps] BER=0.4167 NC=0.1667 DSR=1 PLV=0.6098 SI-SNR=6.58dB
  [DAC] BER=1.0 NC=-1.0 DSR=0 PLV=0.4247 SI-SNR=-12.21dB

[81/100] 통화 7727-0029.wav
  [OK] 임베딩 완료 (원본 sr=8000 -> 16kHz, 1.0초, encode SDR=49.11dB)
  [NoAttack]  BER=0.0 NC=1.0 DSR=1 PLV=0.9996 SI-SNR=49.12dB
  [MP3_128kbps] BER=0.0 NC=1.0 DSR=1 PLV=0.9996 SI-SNR=48.61dB
  [MP3_320kbps] BER=0.0 NC=1.0 DSR=1 PLV=0.9996 SI-SNR=48.76dB
  [Resample_44100RT] BER=0.0 NC=1.0 DSR=1 PLV=0.9996 SI-SNR=49.11dB
    ViSQOL 계산 실패: Reference spectrum size (41) smaller than minimum patch size (45).
  [Crop_10pct] BER=1.0 NC=-1.0 DSR=0 PLV=0.9996 SI-SNR=49.04dB
  [TSM_1.1x] BER=1.0 NC=-1.0 DSR=0 PLV= SI-SNR=dB
  [AWGN_30dB] BER=0.5417 NC=-0.0833 DSR=1 PLV=0.9913 SI-SNR=29.97dB
  [Limiter] BER=0.0 NC=1.0 DSR=1 PLV=0.9996 SI-SNR=49.12dB
  [Opus_32kbps] BER=1.0 NC=-1.0 DSR=0 PLV=0.9897 SI-SNR=25.7dB
  [AAC_128kbps] BER=0.0 NC=1.0 DSR=1 PLV=0.9993 SI-SNR=45.01dB
  [TelephoneFilter] BER=0.125 NC=0.75 DSR=1 PLV=0.5242 SI-SNR=-4.63dB
  [EnCodec_6kbps] BER=1.0 NC=-1.0 DSR=0 PLV=0.6191 SI-SNR=7.47dB
  [DAC] BER=0.5 NC=0.0 DSR=1 PLV=0.4081 SI-SNR=-13.21dB

[82/100] 통화 7728-0017.wav
  [OK] 임베딩 완료 (원본 sr=8000 -> 16kHz, 0.9초, encode SDR=49.02dB)
    ViSQOL 계산 실패: Reference spectrum size (41) smaller than minimum patch size (45).
  [NoAttack]  BER=1.0 NC=-1.0 DSR=0 PLV=0.9995 SI-SNR=49.03dB
    ViSQOL 계산 실패: Reference spectrum size (41) smaller than minimum patch size (45).
  [MP3_128kbps] BER=1.0 NC=-1.0 DSR=0 PLV=0.9994 SI-SNR=48.56dB
    ViSQOL 계산 실패: Reference spectrum size (41) smaller than minimum patch size (45).
  [MP3_320kbps] BER=1.0 NC=-1.0 DSR=0 PLV=0.9994 SI-SNR=48.71dB
    ViSQOL 계산 실패: Reference spectrum size (41) smaller than minimum patch size (45).
  [Resample_44100RT] BER=1.0 NC=-1.0 DSR=0 PLV=0.9989 SI-SNR=48.0dB
    ViSQOL 계산 실패: Reference spectrum size (36) smaller than minimum patch size (45).
  [Crop_10pct] BER=1.0 NC=-1.0 DSR=0 PLV=0.9995 SI-SNR=49.31dB
    ViSQOL 계산 실패: Reference spectrum size (41) smaller than minimum patch size (45).
  [TSM_1.1x] BER=1.0 NC=-1.0 DSR=0 PLV= SI-SNR=dB
    ViSQOL 계산 실패: Reference spectrum size (41) smaller than minimum patch size (45).
  [AWGN_30dB] BER=1.0 NC=-1.0 DSR=0 PLV=0.9885 SI-SNR=29.9dB
    ViSQOL 계산 실패: Reference spectrum size (41) smaller than minimum patch size (45).
  [Limiter] BER=1.0 NC=-1.0 DSR=0 PLV=0.9995 SI-SNR=49.03dB
    ViSQOL 계산 실패: Reference spectrum size (41) smaller than minimum patch size (45).
  [Opus_32kbps] BER=1.0 NC=-1.0 DSR=0 PLV=0.9892 SI-SNR=26.71dB
    ViSQOL 계산 실패: Reference spectrum size (41) smaller than minimum patch size (45).
  [AAC_128kbps] BER=1.0 NC=-1.0 DSR=0 PLV=0.9993 SI-SNR=46.95dB
    ViSQOL 계산 실패: Reference spectrum size (41) smaller than minimum patch size (45).
  [TelephoneFilter] BER=1.0 NC=-1.0 DSR=0 PLV=0.5401 SI-SNR=-1.92dB
    ViSQOL 계산 실패: Reference spectrum size (41) smaller than minimum patch size (45).
  [EnCodec_6kbps] BER=1.0 NC=-1.0 DSR=0 PLV=0.6099 SI-SNR=8.7dB
    ViSQOL 계산 실패: Reference spectrum size (40) smaller than minimum patch size (45).
  [DAC] BER=1.0 NC=-1.0 DSR=0 PLV=0.4935 SI-SNR=-23.75dB

[83/100] 통화 7728-0022.wav
  [OK] 임베딩 완료 (원본 sr=8000 -> 16kHz, 0.9초, encode SDR=49.48dB)
    ViSQOL 계산 실패: Reference spectrum size (41) smaller than minimum patch size (45).
  [NoAttack]  BER=1.0 NC=-1.0 DSR=0 PLV=0.9997 SI-SNR=49.49dB
    ViSQOL 계산 실패: Reference spectrum size (41) smaller than minimum patch size (45).
  [MP3_128kbps] BER=1.0 NC=-1.0 DSR=0 PLV=0.9997 SI-SNR=48.99dB
    ViSQOL 계산 실패: Reference spectrum size (41) smaller than minimum patch size (45).
  [MP3_320kbps] BER=1.0 NC=-1.0 DSR=0 PLV=0.9997 SI-SNR=49.24dB
    ViSQOL 계산 실패: Reference spectrum size (41) smaller than minimum patch size (45).
  [Resample_44100RT] BER=1.0 NC=-1.0 DSR=0 PLV=0.9997 SI-SNR=49.48dB
    ViSQOL 계산 실패: Reference spectrum size (36) smaller than minimum patch size (45).
  [Crop_10pct] BER=1.0 NC=-1.0 DSR=0 PLV=0.9997 SI-SNR=48.79dB
    ViSQOL 계산 실패: Reference spectrum size (41) smaller than minimum patch size (45).
  [TSM_1.1x] BER=1.0 NC=-1.0 DSR=0 PLV= SI-SNR=dB
    ViSQOL 계산 실패: Reference spectrum size (41) smaller than minimum patch size (45).
  [AWGN_30dB] BER=1.0 NC=-1.0 DSR=0 PLV=0.9933 SI-SNR=29.97dB
    ViSQOL 계산 실패: Reference spectrum size (41) smaller than minimum patch size (45).
  [Limiter] BER=1.0 NC=-1.0 DSR=0 PLV=0.9997 SI-SNR=49.49dB
    ViSQOL 계산 실패: Reference spectrum size (41) smaller than minimum patch size (45).
  [Opus_32kbps] BER=1.0 NC=-1.0 DSR=0 PLV=0.9901 SI-SNR=25.88dB
    ViSQOL 계산 실패: Reference spectrum size (41) smaller than minimum patch size (45).
  [AAC_128kbps] BER=1.0 NC=-1.0 DSR=0 PLV=0.9996 SI-SNR=46.74dB
    ViSQOL 계산 실패: Reference spectrum size (41) smaller than minimum patch size (45).
  [TelephoneFilter] BER=1.0 NC=-1.0 DSR=0 PLV=0.5163 SI-SNR=-6.25dB
    ViSQOL 계산 실패: Reference spectrum size (41) smaller than minimum patch size (45).
  [EnCodec_6kbps] BER=1.0 NC=-1.0 DSR=0 PLV=0.6386 SI-SNR=7.74dB
    ViSQOL 계산 실패: Reference spectrum size (40) smaller than minimum patch size (45).
  [DAC] BER=1.0 NC=-1.0 DSR=0 PLV=0.3931 SI-SNR=-12.51dB

[84/100] 통화 7728-0038.wav
  [OK] 임베딩 완료 (원본 sr=8000 -> 16kHz, 0.8초, encode SDR=49.45dB)
/home/hansung1/.vscode-server/audio/venv/lib/python3.10/site-packages/silentcipher/server.py:409: SmallSampleWarning: All axis-slices of one or more sample arguments are too small; all elements of returned arrays will be NaN. See documentation for sample size requirements.
  ord_values = st.mode(pred_values, keepdims=False).mode
/home/hansung1/.vscode-server/audio/venv/lib/python3.10/site-packages/silentcipher/server.py:409: SmallSampleWarning: All axis-slices of one or more sample arguments are too small; all elements of returned arrays will be NaN. See documentation for sample size requirements.
  ord_values = st.mode(pred_values, keepdims=False).mode
/home/hansung1/.vscode-server/audio/venv/lib/python3.10/site-packages/silentcipher/server.py:409: SmallSampleWarning: All axis-slices of one or more sample arguments are too small; all elements of returned arrays will be NaN. See documentation for sample size requirements.
  ord_values = st.mode(pred_values, keepdims=False).mode
/home/hansung1/.vscode-server/audio/venv/lib/python3.10/site-packages/silentcipher/server.py:409: SmallSampleWarning: All axis-slices of one or more sample arguments are too small; all elements of returned arrays will be NaN. See documentation for sample size requirements.
  ord_values = st.mode(pred_values, keepdims=False).mode
/home/hansung1/.vscode-server/audio/venv/lib/python3.10/site-packages/silentcipher/server.py:409: SmallSampleWarning: All axis-slices of one or more sample arguments are too small; all elements of returned arrays will be NaN. See documentation for sample size requirements.
  ord_values = st.mode(pred_values, keepdims=False).mode
/home/hansung1/.vscode-server/audio/venv/lib/python3.10/site-packages/silentcipher/server.py:409: SmallSampleWarning: All axis-slices of one or more sample arguments are too small; all elements of returned arrays will be NaN. See documentation for sample size requirements.
  ord_values = st.mode(pred_values, keepdims=False).mode
/home/hansung1/.vscode-server/audio/venv/lib/python3.10/site-packages/silentcipher/server.py:409: SmallSampleWarning: All axis-slices of one or more sample arguments are too small; all elements of returned arrays will be NaN. See documentation for sample size requirements.
  ord_values = st.mode(pred_values, keepdims=False).mode
/home/hansung1/.vscode-server/audio/venv/lib/python3.10/site-packages/silentcipher/server.py:409: SmallSampleWarning: All axis-slices of one or more sample arguments are too small; all elements of returned arrays will be NaN. See documentation for sample size requirements.
  ord_values = st.mode(pred_values, keepdims=False).mode
/home/hansung1/.vscode-server/audio/venv/lib/python3.10/site-packages/silentcipher/server.py:409: SmallSampleWarning: All axis-slices of one or more sample arguments are too small; all elements of returned arrays will be NaN. See documentation for sample size requirements.
  ord_values = st.mode(pred_values, keepdims=False).mode
/home/hansung1/.vscode-server/audio/venv/lib/python3.10/site-packages/silentcipher/server.py:409: SmallSampleWarning: All axis-slices of one or more sample arguments are too small; all elements of returned arrays will be NaN. See documentation for sample size requirements.
  ord_values = st.mode(pred_values, keepdims=False).mode
/home/hansung1/.vscode-server/audio/venv/lib/python3.10/site-packages/silentcipher/server.py:409: SmallSampleWarning: All axis-slices of one or more sample arguments are too small; all elements of returned arrays will be NaN. See documentation for sample size requirements.
  ord_values = st.mode(pred_values, keepdims=False).mode
/home/hansung1/.vscode-server/audio/venv/lib/python3.10/site-packages/silentcipher/server.py:409: SmallSampleWarning: All axis-slices of one or more sample arguments are too small; all elements of returned arrays will be NaN. See documentation for sample size requirements.
  ord_values = st.mode(pred_values, keepdims=False).mode
/home/hansung1/.vscode-server/audio/venv/lib/python3.10/site-packages/silentcipher/server.py:409: SmallSampleWarning: All axis-slices of one or more sample arguments are too small; all elements of returned arrays will be NaN. See documentation for sample size requirements.
  ord_values = st.mode(pred_values, keepdims=False).mode
/home/hansung1/.vscode-server/audio/venv/lib/python3.10/site-packages/silentcipher/server.py:409: SmallSampleWarning: All axis-slices of one or more sample arguments are too small; all elements of returned arrays will be NaN. See documentation for sample size requirements.
  ord_values = st.mode(pred_values, keepdims=False).mode
/home/hansung1/.vscode-server/audio/venv/lib/python3.10/site-packages/silentcipher/server.py:409: SmallSampleWarning: All axis-slices of one or more sample arguments are too small; all elements of returned arrays will be NaN. See documentation for sample size requirements.
  ord_values = st.mode(pred_values, keepdims=False).mode
/home/hansung1/.vscode-server/audio/venv/lib/python3.10/site-packages/silentcipher/server.py:409: SmallSampleWarning: All axis-slices of one or more sample arguments are too small; all elements of returned arrays will be NaN. See documentation for sample size requirements.
  ord_values = st.mode(pred_values, keepdims=False).mode
/home/hansung1/.vscode-server/audio/venv/lib/python3.10/site-packages/silentcipher/server.py:409: SmallSampleWarning: All axis-slices of one or more sample arguments are too small; all elements of returned arrays will be NaN. See documentation for sample size requirements.
  ord_values = st.mode(pred_values, keepdims=False).mode
/home/hansung1/.vscode-server/audio/venv/lib/python3.10/site-packages/silentcipher/server.py:409: SmallSampleWarning: All axis-slices of one or more sample arguments are too small; all elements of returned arrays will be NaN. See documentation for sample size requirements.
  ord_values = st.mode(pred_values, keepdims=False).mode
/home/hansung1/.vscode-server/audio/venv/lib/python3.10/site-packages/silentcipher/server.py:409: SmallSampleWarning: All axis-slices of one or more sample arguments are too small; all elements of returned arrays will be NaN. See documentation for sample size requirements.
  ord_values = st.mode(pred_values, keepdims=False).mode
/home/hansung1/.vscode-server/audio/venv/lib/python3.10/site-packages/silentcipher/server.py:409: SmallSampleWarning: All axis-slices of one or more sample arguments are too small; all elements of returned arrays will be NaN. See documentation for sample size requirements.
  ord_values = st.mode(pred_values, keepdims=False).mode
/home/hansung1/.vscode-server/audio/venv/lib/python3.10/site-packages/silentcipher/server.py:409: SmallSampleWarning: All axis-slices of one or more sample arguments are too small; all elements of returned arrays will be NaN. See documentation for sample size requirements.
  ord_values = st.mode(pred_values, keepdims=False).mode
/home/hansung1/.vscode-server/audio/venv/lib/python3.10/site-packages/silentcipher/server.py:409: SmallSampleWarning: All axis-slices of one or more sample arguments are too small; all elements of returned arrays will be NaN. See documentation for sample size requirements.
  ord_values = st.mode(pred_values, keepdims=False).mode
/home/hansung1/.vscode-server/audio/venv/lib/python3.10/site-packages/silentcipher/server.py:409: SmallSampleWarning: All axis-slices of one or more sample arguments are too small; all elements of returned arrays will be NaN. See documentation for sample size requirements.
  ord_values = st.mode(pred_values, keepdims=False).mode
/home/hansung1/.vscode-server/audio/venv/lib/python3.10/site-packages/silentcipher/server.py:409: SmallSampleWarning: All axis-slices of one or more sample arguments are too small; all elements of returned arrays will be NaN. See documentation for sample size requirements.
  ord_values = st.mode(pred_values, keepdims=False).mode
/home/hansung1/.vscode-server/audio/venv/lib/python3.10/site-packages/silentcipher/server.py:409: SmallSampleWarning: All axis-slices of one or more sample arguments are too small; all elements of returned arrays will be NaN. See documentation for sample size requirements.
  ord_values = st.mode(pred_values, keepdims=False).mode
/home/hansung1/.vscode-server/audio/venv/lib/python3.10/site-packages/silentcipher/server.py:409: SmallSampleWarning: All axis-slices of one or more sample arguments are too small; all elements of returned arrays will be NaN. See documentation for sample size requirements.
  ord_values = st.mode(pred_values, keepdims=False).mode
/home/hansung1/.vscode-server/audio/venv/lib/python3.10/site-packages/silentcipher/server.py:409: SmallSampleWarning: All axis-slices of one or more sample arguments are too small; all elements of returned arrays will be NaN. See documentation for sample size requirements.
  ord_values = st.mode(pred_values, keepdims=False).mode
/home/hansung1/.vscode-server/audio/venv/lib/python3.10/site-packages/silentcipher/server.py:409: SmallSampleWarning: All axis-slices of one or more sample arguments are too small; all elements of returned arrays will be NaN. See documentation for sample size requirements.
  ord_values = st.mode(pred_values, keepdims=False).mode
/home/hansung1/.vscode-server/audio/venv/lib/python3.10/site-packages/silentcipher/server.py:409: SmallSampleWarning: All axis-slices of one or more sample arguments are too small; all elements of returned arrays will be NaN. See documentation for sample size requirements.
  ord_values = st.mode(pred_values, keepdims=False).mode
/home/hansung1/.vscode-server/audio/venv/lib/python3.10/site-packages/silentcipher/server.py:409: SmallSampleWarning: All axis-slices of one or more sample arguments are too small; all elements of returned arrays will be NaN. See documentation for sample size requirements.
  ord_values = st.mode(pred_values, keepdims=False).mode
/home/hansung1/.vscode-server/audio/venv/lib/python3.10/site-packages/silentcipher/server.py:409: SmallSampleWarning: All axis-slices of one or more sample arguments are too small; all elements of returned arrays will be NaN. See documentation for sample size requirements.
  ord_values = st.mode(pred_values, keepdims=False).mode
/home/hansung1/.vscode-server/audio/venv/lib/python3.10/site-packages/silentcipher/server.py:409: SmallSampleWarning: All axis-slices of one or more sample arguments are too small; all elements of returned arrays will be NaN. See documentation for sample size requirements.
  ord_values = st.mode(pred_values, keepdims=False).mode
/home/hansung1/.vscode-server/audio/venv/lib/python3.10/site-packages/silentcipher/server.py:409: SmallSampleWarning: All axis-slices of one or more sample arguments are too small; all elements of returned arrays will be NaN. See documentation for sample size requirements.
  ord_values = st.mode(pred_values, keepdims=False).mode
/home/hansung1/.vscode-server/audio/venv/lib/python3.10/site-packages/silentcipher/server.py:409: SmallSampleWarning: All axis-slices of one or more sample arguments are too small; all elements of returned arrays will be NaN. See documentation for sample size requirements.
  ord_values = st.mode(pred_values, keepdims=False).mode
/home/hansung1/.vscode-server/audio/venv/lib/python3.10/site-packages/silentcipher/server.py:409: SmallSampleWarning: All axis-slices of one or more sample arguments are too small; all elements of returned arrays will be NaN. See documentation for sample size requirements.
  ord_values = st.mode(pred_values, keepdims=False).mode
/home/hansung1/.vscode-server/audio/venv/lib/python3.10/site-packages/silentcipher/server.py:409: SmallSampleWarning: All axis-slices of one or more sample arguments are too small; all elements of returned arrays will be NaN. See documentation for sample size requirements.
  ord_values = st.mode(pred_values, keepdims=False).mode
/home/hansung1/.vscode-server/audio/venv/lib/python3.10/site-packages/silentcipher/server.py:409: SmallSampleWarning: All axis-slices of one or more sample arguments are too small; all elements of returned arrays will be NaN. See documentation for sample size requirements.
  ord_values = st.mode(pred_values, keepdims=False).mode
/home/hansung1/.vscode-server/audio/venv/lib/python3.10/site-packages/silentcipher/server.py:409: SmallSampleWarning: All axis-slices of one or more sample arguments are too small; all elements of returned arrays will be NaN. See documentation for sample size requirements.
  ord_values = st.mode(pred_values, keepdims=False).mode
/home/hansung1/.vscode-server/audio/venv/lib/python3.10/site-packages/silentcipher/server.py:409: SmallSampleWarning: All axis-slices of one or more sample arguments are too small; all elements of returned arrays will be NaN. See documentation for sample size requirements.
  ord_values = st.mode(pred_values, keepdims=False).mode
/home/hansung1/.vscode-server/audio/venv/lib/python3.10/site-packages/silentcipher/server.py:409: SmallSampleWarning: All axis-slices of one or more sample arguments are too small; all elements of returned arrays will be NaN. See documentation for sample size requirements.
  ord_values = st.mode(pred_values, keepdims=False).mode
/home/hansung1/.vscode-server/audio/venv/lib/python3.10/site-packages/silentcipher/server.py:409: SmallSampleWarning: All axis-slices of one or more sample arguments are too small; all elements of returned arrays will be NaN. See documentation for sample size requirements.
  ord_values = st.mode(pred_values, keepdims=False).mode
/home/hansung1/.vscode-server/audio/venv/lib/python3.10/site-packages/silentcipher/server.py:409: SmallSampleWarning: All axis-slices of one or more sample arguments are too small; all elements of returned arrays will be NaN. See documentation for sample size requirements.
  ord_values = st.mode(pred_values, keepdims=False).mode
/home/hansung1/.vscode-server/audio/venv/lib/python3.10/site-packages/silentcipher/server.py:409: SmallSampleWarning: All axis-slices of one or more sample arguments are too small; all elements of returned arrays will be NaN. See documentation for sample size requirements.
  ord_values = st.mode(pred_values, keepdims=False).mode
/home/hansung1/.vscode-server/audio/venv/lib/python3.10/site-packages/silentcipher/server.py:409: SmallSampleWarning: All axis-slices of one or more sample arguments are too small; all elements of returned arrays will be NaN. See documentation for sample size requirements.
  ord_values = st.mode(pred_values, keepdims=False).mode
/home/hansung1/.vscode-server/audio/venv/lib/python3.10/site-packages/silentcipher/server.py:409: SmallSampleWarning: All axis-slices of one or more sample arguments are too small; all elements of returned arrays will be NaN. See documentation for sample size requirements.
  ord_values = st.mode(pred_values, keepdims=False).mode
/home/hansung1/.vscode-server/audio/venv/lib/python3.10/site-packages/silentcipher/server.py:409: SmallSampleWarning: All axis-slices of one or more sample arguments are too small; all elements of returned arrays will be NaN. See documentation for sample size requirements.
  ord_values = st.mode(pred_values, keepdims=False).mode
/home/hansung1/.vscode-server/audio/venv/lib/python3.10/site-packages/silentcipher/server.py:409: SmallSampleWarning: All axis-slices of one or more sample arguments are too small; all elements of returned arrays will be NaN. See documentation for sample size requirements.
  ord_values = st.mode(pred_values, keepdims=False).mode
/home/hansung1/.vscode-server/audio/venv/lib/python3.10/site-packages/silentcipher/server.py:409: SmallSampleWarning: All axis-slices of one or more sample arguments are too small; all elements of returned arrays will be NaN. See documentation for sample size requirements.
  ord_values = st.mode(pred_values, keepdims=False).mode
/home/hansung1/.vscode-server/audio/venv/lib/python3.10/site-packages/silentcipher/server.py:409: SmallSampleWarning: All axis-slices of one or more sample arguments are too small; all elements of returned arrays will be NaN. See documentation for sample size requirements.
  ord_values = st.mode(pred_values, keepdims=False).mode
/home/hansung1/.vscode-server/audio/venv/lib/python3.10/site-packages/silentcipher/server.py:409: SmallSampleWarning: All axis-slices of one or more sample arguments are too small; all elements of returned arrays will be NaN. See documentation for sample size requirements.
  ord_values = st.mode(pred_values, keepdims=False).mode
    ViSQOL 계산 실패: Reference spectrum size (36) smaller than minimum patch size (45).
  [NoAttack]  BER=1.0 NC=-1.0 DSR=0 PLV=0.9995 SI-SNR=49.45dB
    ViSQOL 계산 실패: Reference spectrum size (36) smaller than minimum patch size (45).
  [MP3_128kbps] BER=1.0 NC=-1.0 DSR=0 PLV=0.9995 SI-SNR=49.1dB
    ViSQOL 계산 실패: Reference spectrum size (36) smaller than minimum patch size (45).
  [MP3_320kbps] BER=1.0 NC=-1.0 DSR=0 PLV=0.9994 SI-SNR=48.16dB
    ViSQOL 계산 실패: Reference spectrum size (36) smaller than minimum patch size (45).
  [Resample_44100RT] BER=1.0 NC=-1.0 DSR=0 PLV=0.9994 SI-SNR=49.43dB
    ViSQOL 계산 실패: Reference spectrum size (32) smaller than minimum patch size (45).
  [Crop_10pct] BER=1.0 NC=-1.0 DSR=0 PLV=0.9995 SI-SNR=48.3dB
    ViSQOL 계산 실패: Reference spectrum size (36) smaller than minimum patch size (45).
  [TSM_1.1x] BER=1.0 NC=-1.0 DSR=0 PLV= SI-SNR=dB
    ViSQOL 계산 실패: Reference spectrum size (36) smaller than minimum patch size (45).
  [AWGN_30dB] BER=1.0 NC=-1.0 DSR=0 PLV=0.9894 SI-SNR=29.94dB
    ViSQOL 계산 실패: Reference spectrum size (36) smaller than minimum patch size (45).
  [Limiter] BER=1.0 NC=-1.0 DSR=0 PLV=0.9995 SI-SNR=49.45dB
    ViSQOL 계산 실패: Reference spectrum size (36) smaller than minimum patch size (45).
  [Opus_32kbps] BER=1.0 NC=-1.0 DSR=0 PLV=0.9881 SI-SNR=26.61dB
    ViSQOL 계산 실패: Reference spectrum size (36) smaller than minimum patch size (45).
  [AAC_128kbps] BER=1.0 NC=-1.0 DSR=0 PLV=0.9991 SI-SNR=46.36dB
    ViSQOL 계산 실패: Reference spectrum size (36) smaller than minimum patch size (45).
  [TelephoneFilter] BER=1.0 NC=-1.0 DSR=0 PLV=0.54 SI-SNR=-3.85dB
    ViSQOL 계산 실패: Reference spectrum size (36) smaller than minimum patch size (45).
  [EnCodec_6kbps] BER=1.0 NC=-1.0 DSR=0 PLV=0.6467 SI-SNR=8.19dB
    ViSQOL 계산 실패: Reference spectrum size (36) smaller than minimum patch size (45).
  [DAC] BER=1.0 NC=-1.0 DSR=0 PLV=0.4955 SI-SNR=-12.78dB

[85/100] 통화 7729-0014.wav
  [OK] 임베딩 완료 (원본 sr=8000 -> 16kHz, 0.8초, encode SDR=49.55dB)
    ViSQOL 계산 실패: Reference spectrum size (37) smaller than minimum patch size (45).
  [NoAttack]  BER=1.0 NC=-1.0 DSR=0 PLV=0.9997 SI-SNR=49.54dB
    ViSQOL 계산 실패: Reference spectrum size (37) smaller than minimum patch size (45).
  [MP3_128kbps] BER=1.0 NC=-1.0 DSR=0 PLV=0.9995 SI-SNR=46.65dB
    ViSQOL 계산 실패: Reference spectrum size (37) smaller than minimum patch size (45).
  [MP3_320kbps] BER=1.0 NC=-1.0 DSR=0 PLV=0.9995 SI-SNR=46.81dB
    ViSQOL 계산 실패: Reference spectrum size (37) smaller than minimum patch size (45).
  [Resample_44100RT] BER=1.0 NC=-1.0 DSR=0 PLV=0.9996 SI-SNR=49.46dB
    ViSQOL 계산 실패: Reference spectrum size (33) smaller than minimum patch size (45).
  [Crop_10pct] BER=1.0 NC=-1.0 DSR=0 PLV=0.9998 SI-SNR=50.0dB
    ViSQOL 계산 실패: Reference spectrum size (37) smaller than minimum patch size (45).
  [TSM_1.1x] BER=1.0 NC=-1.0 DSR=0 PLV= SI-SNR=dB
    ViSQOL 계산 실패: Reference spectrum size (37) smaller than minimum patch size (45).
  [AWGN_30dB] BER=1.0 NC=-1.0 DSR=0 PLV=0.9929 SI-SNR=29.94dB
    ViSQOL 계산 실패: Reference spectrum size (37) smaller than minimum patch size (45).
  [Limiter] BER=1.0 NC=-1.0 DSR=0 PLV=0.9997 SI-SNR=49.54dB
    ViSQOL 계산 실패: Reference spectrum size (37) smaller than minimum patch size (45).
  [Opus_32kbps] BER=1.0 NC=-1.0 DSR=0 PLV=0.9805 SI-SNR=21.98dB
    ViSQOL 계산 실패: Reference spectrum size (37) smaller than minimum patch size (45).
  [AAC_128kbps] BER=1.0 NC=-1.0 DSR=0 PLV=0.9985 SI-SNR=37.43dB
    ViSQOL 계산 실패: Reference spectrum size (37) smaller than minimum patch size (45).
  [TelephoneFilter] BER=1.0 NC=-1.0 DSR=0 PLV=0.5236 SI-SNR=-2.75dB
    ViSQOL 계산 실패: Reference spectrum size (37) smaller than minimum patch size (45).
  [EnCodec_6kbps] BER=1.0 NC=-1.0 DSR=0 PLV=0.5236 SI-SNR=4.77dB
    ViSQOL 계산 실패: Reference spectrum size (37) smaller than minimum patch size (45).
  [DAC] BER=1.0 NC=-1.0 DSR=0 PLV=0.447 SI-SNR=-25.7dB

[86/100] 통화 7729-0018.wav
  [OK] 임베딩 완료 (원본 sr=8000 -> 16kHz, 0.6초, encode SDR=49.29dB)
    ViSQOL 계산 실패: Reference spectrum size (25) smaller than minimum patch size (45).
  [NoAttack]  BER=1.0 NC=-1.0 DSR=0 PLV=0.9997 SI-SNR=49.27dB
    ViSQOL 계산 실패: Reference spectrum size (25) smaller than minimum patch size (45).
  [MP3_128kbps] BER=1.0 NC=-1.0 DSR=0 PLV=0.9994 SI-SNR=47.48dB
    ViSQOL 계산 실패: Reference spectrum size (25) smaller than minimum patch size (45).
  [MP3_320kbps] BER=1.0 NC=-1.0 DSR=0 PLV=0.9994 SI-SNR=47.48dB
    ViSQOL 계산 실패: Reference spectrum size (25) smaller than minimum patch size (45).
  [Resample_44100RT] BER=1.0 NC=-1.0 DSR=0 PLV=0.9995 SI-SNR=49.15dB
    ViSQOL 계산 실패: Reference spectrum size (22) smaller than minimum patch size (45).
  [Crop_10pct] BER=1.0 NC=-1.0 DSR=0 PLV=0.9997 SI-SNR=49.58dB
    ViSQOL 계산 실패: Reference spectrum size (25) smaller than minimum patch size (45).
  [TSM_1.1x] BER=1.0 NC=-1.0 DSR=0 PLV= SI-SNR=dB
    ViSQOL 계산 실패: Reference spectrum size (25) smaller than minimum patch size (45).
  [AWGN_30dB] BER=1.0 NC=-1.0 DSR=0 PLV=0.9903 SI-SNR=29.92dB
    ViSQOL 계산 실패: Reference spectrum size (25) smaller than minimum patch size (45).
  [Limiter] BER=1.0 NC=-1.0 DSR=0 PLV=0.9997 SI-SNR=49.27dB
    ViSQOL 계산 실패: Reference spectrum size (25) smaller than minimum patch size (45).
  [Opus_32kbps] BER=1.0 NC=-1.0 DSR=0 PLV=0.9774 SI-SNR=23.1dB
    ViSQOL 계산 실패: Reference spectrum size (25) smaller than minimum patch size (45).
  [AAC_128kbps] BER=1.0 NC=-1.0 DSR=0 PLV=0.9984 SI-SNR=39.6dB
    ViSQOL 계산 실패: Reference spectrum size (25) smaller than minimum patch size (45).
  [TelephoneFilter] BER=1.0 NC=-1.0 DSR=0 PLV=0.516 SI-SNR=-8.85dB
    ViSQOL 계산 실패: Reference spectrum size (25) smaller than minimum patch size (45).
  [EnCodec_6kbps] BER=1.0 NC=-1.0 DSR=0 PLV=0.5196 SI-SNR=6.03dB
    ViSQOL 계산 실패: Reference spectrum size (25) smaller than minimum patch size (45).
  [DAC] BER=1.0 NC=-1.0 DSR=0 PLV=0.3946 SI-SNR=-8.78dB

[87/100] 통화 7729-0020.wav
  [OK] 임베딩 완료 (원본 sr=8000 -> 16kHz, 0.7초, encode SDR=49.44dB)
    ViSQOL 계산 실패: Reference spectrum size (32) smaller than minimum patch size (45).
  [NoAttack]  BER=1.0 NC=-1.0 DSR=0 PLV=0.9997 SI-SNR=49.44dB
    ViSQOL 계산 실패: Reference spectrum size (32) smaller than minimum patch size (45).
  [MP3_128kbps] BER=1.0 NC=-1.0 DSR=0 PLV=0.9995 SI-SNR=47.83dB
    ViSQOL 계산 실패: Reference spectrum size (32) smaller than minimum patch size (45).
  [MP3_320kbps] BER=1.0 NC=-1.0 DSR=0 PLV=0.9995 SI-SNR=47.74dB
    ViSQOL 계산 실패: Reference spectrum size (32) smaller than minimum patch size (45).
  [Resample_44100RT] BER=1.0 NC=-1.0 DSR=0 PLV=0.9996 SI-SNR=49.44dB
    ViSQOL 계산 실패: Reference spectrum size (29) smaller than minimum patch size (45).
  [Crop_10pct] BER=1.0 NC=-1.0 DSR=0 PLV=0.9997 SI-SNR=49.52dB
    ViSQOL 계산 실패: Reference spectrum size (32) smaller than minimum patch size (45).
  [TSM_1.1x] BER=1.0 NC=-1.0 DSR=0 PLV= SI-SNR=dB
    ViSQOL 계산 실패: Reference spectrum size (32) smaller than minimum patch size (45).
  [AWGN_30dB] BER=1.0 NC=-1.0 DSR=0 PLV=0.9918 SI-SNR=29.96dB
    ViSQOL 계산 실패: Reference spectrum size (32) smaller than minimum patch size (45).
  [Limiter] BER=1.0 NC=-1.0 DSR=0 PLV=0.9997 SI-SNR=49.44dB
    ViSQOL 계산 실패: Reference spectrum size (32) smaller than minimum patch size (45).
  [Opus_32kbps] BER=1.0 NC=-1.0 DSR=0 PLV=0.9826 SI-SNR=23.91dB
    ViSQOL 계산 실패: Reference spectrum size (32) smaller than minimum patch size (45).
  [AAC_128kbps] BER=1.0 NC=-1.0 DSR=0 PLV=0.9989 SI-SNR=41.61dB
    ViSQOL 계산 실패: Reference spectrum size (32) smaller than minimum patch size (45).
  [TelephoneFilter] BER=1.0 NC=-1.0 DSR=0 PLV=0.5703 SI-SNR=-4.16dB
    ViSQOL 계산 실패: Reference spectrum size (32) smaller than minimum patch size (45).
/home/hansung1/.vscode-server/audio/venv/lib/python3.10/site-packages/silentcipher/server.py:409: SmallSampleWarning: All axis-slices of one or more sample arguments are too small; all elements of returned arrays will be NaN. See documentation for sample size requirements.
  ord_values = st.mode(pred_values, keepdims=False).mode
/home/hansung1/.vscode-server/audio/venv/lib/python3.10/site-packages/silentcipher/server.py:409: SmallSampleWarning: All axis-slices of one or more sample arguments are too small; all elements of returned arrays will be NaN. See documentation for sample size requirements.
  ord_values = st.mode(pred_values, keepdims=False).mode
/home/hansung1/.vscode-server/audio/venv/lib/python3.10/site-packages/silentcipher/server.py:409: SmallSampleWarning: All axis-slices of one or more sample arguments are too small; all elements of returned arrays will be NaN. See documentation for sample size requirements.
  ord_values = st.mode(pred_values, keepdims=False).mode
/home/hansung1/.vscode-server/audio/venv/lib/python3.10/site-packages/silentcipher/server.py:409: SmallSampleWarning: All axis-slices of one or more sample arguments are too small; all elements of returned arrays will be NaN. See documentation for sample size requirements.
  ord_values = st.mode(pred_values, keepdims=False).mode
/home/hansung1/.vscode-server/audio/venv/lib/python3.10/site-packages/silentcipher/server.py:409: SmallSampleWarning: All axis-slices of one or more sample arguments are too small; all elements of returned arrays will be NaN. See documentation for sample size requirements.
  ord_values = st.mode(pred_values, keepdims=False).mode
/home/hansung1/.vscode-server/audio/venv/lib/python3.10/site-packages/silentcipher/server.py:409: SmallSampleWarning: All axis-slices of one or more sample arguments are too small; all elements of returned arrays will be NaN. See documentation for sample size requirements.
  ord_values = st.mode(pred_values, keepdims=False).mode
/home/hansung1/.vscode-server/audio/venv/lib/python3.10/site-packages/silentcipher/server.py:409: SmallSampleWarning: All axis-slices of one or more sample arguments are too small; all elements of returned arrays will be NaN. See documentation for sample size requirements.
  ord_values = st.mode(pred_values, keepdims=False).mode
/home/hansung1/.vscode-server/audio/venv/lib/python3.10/site-packages/silentcipher/server.py:409: SmallSampleWarning: All axis-slices of one or more sample arguments are too small; all elements of returned arrays will be NaN. See documentation for sample size requirements.
  ord_values = st.mode(pred_values, keepdims=False).mode
/home/hansung1/.vscode-server/audio/venv/lib/python3.10/site-packages/silentcipher/server.py:409: SmallSampleWarning: All axis-slices of one or more sample arguments are too small; all elements of returned arrays will be NaN. See documentation for sample size requirements.
  ord_values = st.mode(pred_values, keepdims=False).mode
/home/hansung1/.vscode-server/audio/venv/lib/python3.10/site-packages/silentcipher/server.py:409: SmallSampleWarning: All axis-slices of one or more sample arguments are too small; all elements of returned arrays will be NaN. See documentation for sample size requirements.
  ord_values = st.mode(pred_values, keepdims=False).mode
/home/hansung1/.vscode-server/audio/venv/lib/python3.10/site-packages/silentcipher/server.py:409: SmallSampleWarning: All axis-slices of one or more sample arguments are too small; all elements of returned arrays will be NaN. See documentation for sample size requirements.
  ord_values = st.mode(pred_values, keepdims=False).mode
/home/hansung1/.vscode-server/audio/venv/lib/python3.10/site-packages/silentcipher/server.py:409: SmallSampleWarning: All axis-slices of one or more sample arguments are too small; all elements of returned arrays will be NaN. See documentation for sample size requirements.
  ord_values = st.mode(pred_values, keepdims=False).mode
/home/hansung1/.vscode-server/audio/venv/lib/python3.10/site-packages/silentcipher/server.py:409: SmallSampleWarning: All axis-slices of one or more sample arguments are too small; all elements of returned arrays will be NaN. See documentation for sample size requirements.
  ord_values = st.mode(pred_values, keepdims=False).mode
/home/hansung1/.vscode-server/audio/venv/lib/python3.10/site-packages/silentcipher/server.py:409: SmallSampleWarning: All axis-slices of one or more sample arguments are too small; all elements of returned arrays will be NaN. See documentation for sample size requirements.
  ord_values = st.mode(pred_values, keepdims=False).mode
/home/hansung1/.vscode-server/audio/venv/lib/python3.10/site-packages/silentcipher/server.py:409: SmallSampleWarning: All axis-slices of one or more sample arguments are too small; all elements of returned arrays will be NaN. See documentation for sample size requirements.
  ord_values = st.mode(pred_values, keepdims=False).mode
/home/hansung1/.vscode-server/audio/venv/lib/python3.10/site-packages/silentcipher/server.py:409: SmallSampleWarning: All axis-slices of one or more sample arguments are too small; all elements of returned arrays will be NaN. See documentation for sample size requirements.
  ord_values = st.mode(pred_values, keepdims=False).mode
/home/hansung1/.vscode-server/audio/venv/lib/python3.10/site-packages/silentcipher/server.py:409: SmallSampleWarning: All axis-slices of one or more sample arguments are too small; all elements of returned arrays will be NaN. See documentation for sample size requirements.
  ord_values = st.mode(pred_values, keepdims=False).mode
/home/hansung1/.vscode-server/audio/venv/lib/python3.10/site-packages/silentcipher/server.py:409: SmallSampleWarning: All axis-slices of one or more sample arguments are too small; all elements of returned arrays will be NaN. See documentation for sample size requirements.
  ord_values = st.mode(pred_values, keepdims=False).mode
/home/hansung1/.vscode-server/audio/venv/lib/python3.10/site-packages/silentcipher/server.py:409: SmallSampleWarning: All axis-slices of one or more sample arguments are too small; all elements of returned arrays will be NaN. See documentation for sample size requirements.
  ord_values = st.mode(pred_values, keepdims=False).mode
/home/hansung1/.vscode-server/audio/venv/lib/python3.10/site-packages/silentcipher/server.py:409: SmallSampleWarning: All axis-slices of one or more sample arguments are too small; all elements of returned arrays will be NaN. See documentation for sample size requirements.
  ord_values = st.mode(pred_values, keepdims=False).mode
/home/hansung1/.vscode-server/audio/venv/lib/python3.10/site-packages/silentcipher/server.py:409: SmallSampleWarning: All axis-slices of one or more sample arguments are too small; all elements of returned arrays will be NaN. See documentation for sample size requirements.
  ord_values = st.mode(pred_values, keepdims=False).mode
/home/hansung1/.vscode-server/audio/venv/lib/python3.10/site-packages/silentcipher/server.py:409: SmallSampleWarning: All axis-slices of one or more sample arguments are too small; all elements of returned arrays will be NaN. See documentation for sample size requirements.
  ord_values = st.mode(pred_values, keepdims=False).mode
/home/hansung1/.vscode-server/audio/venv/lib/python3.10/site-packages/silentcipher/server.py:409: SmallSampleWarning: All axis-slices of one or more sample arguments are too small; all elements of returned arrays will be NaN. See documentation for sample size requirements.
  ord_values = st.mode(pred_values, keepdims=False).mode
/home/hansung1/.vscode-server/audio/venv/lib/python3.10/site-packages/silentcipher/server.py:409: SmallSampleWarning: All axis-slices of one or more sample arguments are too small; all elements of returned arrays will be NaN. See documentation for sample size requirements.
  ord_values = st.mode(pred_values, keepdims=False).mode
/home/hansung1/.vscode-server/audio/venv/lib/python3.10/site-packages/silentcipher/server.py:409: SmallSampleWarning: All axis-slices of one or more sample arguments are too small; all elements of returned arrays will be NaN. See documentation for sample size requirements.
  ord_values = st.mode(pred_values, keepdims=False).mode
/home/hansung1/.vscode-server/audio/venv/lib/python3.10/site-packages/silentcipher/server.py:409: SmallSampleWarning: All axis-slices of one or more sample arguments are too small; all elements of returned arrays will be NaN. See documentation for sample size requirements.
  ord_values = st.mode(pred_values, keepdims=False).mode
/home/hansung1/.vscode-server/audio/venv/lib/python3.10/site-packages/silentcipher/server.py:409: SmallSampleWarning: All axis-slices of one or more sample arguments are too small; all elements of returned arrays will be NaN. See documentation for sample size requirements.
  ord_values = st.mode(pred_values, keepdims=False).mode
/home/hansung1/.vscode-server/audio/venv/lib/python3.10/site-packages/silentcipher/server.py:409: SmallSampleWarning: All axis-slices of one or more sample arguments are too small; all elements of returned arrays will be NaN. See documentation for sample size requirements.
  ord_values = st.mode(pred_values, keepdims=False).mode
/home/hansung1/.vscode-server/audio/venv/lib/python3.10/site-packages/silentcipher/server.py:409: SmallSampleWarning: All axis-slices of one or more sample arguments are too small; all elements of returned arrays will be NaN. See documentation for sample size requirements.
  ord_values = st.mode(pred_values, keepdims=False).mode
/home/hansung1/.vscode-server/audio/venv/lib/python3.10/site-packages/silentcipher/server.py:409: SmallSampleWarning: All axis-slices of one or more sample arguments are too small; all elements of returned arrays will be NaN. See documentation for sample size requirements.
  ord_values = st.mode(pred_values, keepdims=False).mode
/home/hansung1/.vscode-server/audio/venv/lib/python3.10/site-packages/silentcipher/server.py:409: SmallSampleWarning: All axis-slices of one or more sample arguments are too small; all elements of returned arrays will be NaN. See documentation for sample size requirements.
  ord_values = st.mode(pred_values, keepdims=False).mode
/home/hansung1/.vscode-server/audio/venv/lib/python3.10/site-packages/silentcipher/server.py:409: SmallSampleWarning: All axis-slices of one or more sample arguments are too small; all elements of returned arrays will be NaN. See documentation for sample size requirements.
  ord_values = st.mode(pred_values, keepdims=False).mode
/home/hansung1/.vscode-server/audio/venv/lib/python3.10/site-packages/silentcipher/server.py:409: SmallSampleWarning: All axis-slices of one or more sample arguments are too small; all elements of returned arrays will be NaN. See documentation for sample size requirements.
  ord_values = st.mode(pred_values, keepdims=False).mode
/home/hansung1/.vscode-server/audio/venv/lib/python3.10/site-packages/silentcipher/server.py:409: SmallSampleWarning: All axis-slices of one or more sample arguments are too small; all elements of returned arrays will be NaN. See documentation for sample size requirements.
  ord_values = st.mode(pred_values, keepdims=False).mode
/home/hansung1/.vscode-server/audio/venv/lib/python3.10/site-packages/silentcipher/server.py:409: SmallSampleWarning: All axis-slices of one or more sample arguments are too small; all elements of returned arrays will be NaN. See documentation for sample size requirements.
  ord_values = st.mode(pred_values, keepdims=False).mode
/home/hansung1/.vscode-server/audio/venv/lib/python3.10/site-packages/silentcipher/server.py:409: SmallSampleWarning: All axis-slices of one or more sample arguments are too small; all elements of returned arrays will be NaN. See documentation for sample size requirements.
  ord_values = st.mode(pred_values, keepdims=False).mode
/home/hansung1/.vscode-server/audio/venv/lib/python3.10/site-packages/silentcipher/server.py:409: SmallSampleWarning: All axis-slices of one or more sample arguments are too small; all elements of returned arrays will be NaN. See documentation for sample size requirements.
  ord_values = st.mode(pred_values, keepdims=False).mode
/home/hansung1/.vscode-server/audio/venv/lib/python3.10/site-packages/silentcipher/server.py:409: SmallSampleWarning: All axis-slices of one or more sample arguments are too small; all elements of returned arrays will be NaN. See documentation for sample size requirements.
  ord_values = st.mode(pred_values, keepdims=False).mode
/home/hansung1/.vscode-server/audio/venv/lib/python3.10/site-packages/silentcipher/server.py:409: SmallSampleWarning: All axis-slices of one or more sample arguments are too small; all elements of returned arrays will be NaN. See documentation for sample size requirements.
  ord_values = st.mode(pred_values, keepdims=False).mode
/home/hansung1/.vscode-server/audio/venv/lib/python3.10/site-packages/silentcipher/server.py:409: SmallSampleWarning: All axis-slices of one or more sample arguments are too small; all elements of returned arrays will be NaN. See documentation for sample size requirements.
  ord_values = st.mode(pred_values, keepdims=False).mode
/home/hansung1/.vscode-server/audio/venv/lib/python3.10/site-packages/silentcipher/server.py:409: SmallSampleWarning: All axis-slices of one or more sample arguments are too small; all elements of returned arrays will be NaN. See documentation for sample size requirements.
  ord_values = st.mode(pred_values, keepdims=False).mode
/home/hansung1/.vscode-server/audio/venv/lib/python3.10/site-packages/silentcipher/server.py:409: SmallSampleWarning: All axis-slices of one or more sample arguments are too small; all elements of returned arrays will be NaN. See documentation for sample size requirements.
  ord_values = st.mode(pred_values, keepdims=False).mode
/home/hansung1/.vscode-server/audio/venv/lib/python3.10/site-packages/silentcipher/server.py:409: SmallSampleWarning: All axis-slices of one or more sample arguments are too small; all elements of returned arrays will be NaN. See documentation for sample size requirements.
  ord_values = st.mode(pred_values, keepdims=False).mode
/home/hansung1/.vscode-server/audio/venv/lib/python3.10/site-packages/silentcipher/server.py:409: SmallSampleWarning: All axis-slices of one or more sample arguments are too small; all elements of returned arrays will be NaN. See documentation for sample size requirements.
  ord_values = st.mode(pred_values, keepdims=False).mode
/home/hansung1/.vscode-server/audio/venv/lib/python3.10/site-packages/silentcipher/server.py:409: SmallSampleWarning: All axis-slices of one or more sample arguments are too small; all elements of returned arrays will be NaN. See documentation for sample size requirements.
  ord_values = st.mode(pred_values, keepdims=False).mode
/home/hansung1/.vscode-server/audio/venv/lib/python3.10/site-packages/silentcipher/server.py:409: SmallSampleWarning: All axis-slices of one or more sample arguments are too small; all elements of returned arrays will be NaN. See documentation for sample size requirements.
  ord_values = st.mode(pred_values, keepdims=False).mode
/home/hansung1/.vscode-server/audio/venv/lib/python3.10/site-packages/silentcipher/server.py:409: SmallSampleWarning: All axis-slices of one or more sample arguments are too small; all elements of returned arrays will be NaN. See documentation for sample size requirements.
  ord_values = st.mode(pred_values, keepdims=False).mode
/home/hansung1/.vscode-server/audio/venv/lib/python3.10/site-packages/silentcipher/server.py:409: SmallSampleWarning: All axis-slices of one or more sample arguments are too small; all elements of returned arrays will be NaN. See documentation for sample size requirements.
  ord_values = st.mode(pred_values, keepdims=False).mode
/home/hansung1/.vscode-server/audio/venv/lib/python3.10/site-packages/silentcipher/server.py:409: SmallSampleWarning: All axis-slices of one or more sample arguments are too small; all elements of returned arrays will be NaN. See documentation for sample size requirements.
  ord_values = st.mode(pred_values, keepdims=False).mode
  [EnCodec_6kbps] BER=1.0 NC=-1.0 DSR=0 PLV=0.5257 SI-SNR=5.57dB
    ViSQOL 계산 실패: Reference spectrum size (32) smaller than minimum patch size (45).
  [DAC] BER=1.0 NC=-1.0 DSR=0 PLV=0.3478 SI-SNR=-12.35dB

[88/100] 통화 7729-0025.wav
  [OK] 임베딩 완료 (원본 sr=8000 -> 16kHz, 0.5초, encode SDR=49.82dB)
    ViSQOL 계산 실패: Reference spectrum size (24) smaller than minimum patch size (45).
  [NoAttack]  BER=1.0 NC=-1.0 DSR=0 PLV=0.9997 SI-SNR=49.81dB
    ViSQOL 계산 실패: Reference spectrum size (24) smaller than minimum patch size (45).
  [MP3_128kbps] BER=1.0 NC=-1.0 DSR=0 PLV=0.9994 SI-SNR=47.83dB
    ViSQOL 계산 실패: Reference spectrum size (24) smaller than minimum patch size (45).
  [MP3_320kbps] BER=1.0 NC=-1.0 DSR=0 PLV=0.9994 SI-SNR=47.83dB
    ViSQOL 계산 실패: Reference spectrum size (24) smaller than minimum patch size (45).
  [Resample_44100RT] BER=1.0 NC=-1.0 DSR=0 PLV=0.9997 SI-SNR=49.81dB
    ViSQOL 계산 실패: Reference spectrum size (21) smaller than minimum patch size (45).
  [Crop_10pct] BER=1.0 NC=-1.0 DSR=0 PLV=0.9997 SI-SNR=48.94dB
    ViSQOL 계산 실패: Reference spectrum size (24) smaller than minimum patch size (45).
  [TSM_1.1x] BER=1.0 NC=-1.0 DSR=0 PLV= SI-SNR=dB
    ViSQOL 계산 실패: Reference spectrum size (24) smaller than minimum patch size (45).
  [AWGN_30dB] BER=1.0 NC=-1.0 DSR=0 PLV=0.9893 SI-SNR=29.98dB
    ViSQOL 계산 실패: Reference spectrum size (24) smaller than minimum patch size (45).
  [Limiter] BER=1.0 NC=-1.0 DSR=0 PLV=0.9997 SI-SNR=49.81dB
    ViSQOL 계산 실패: Reference spectrum size (24) smaller than minimum patch size (45).
  [Opus_32kbps] BER=1.0 NC=-1.0 DSR=0 PLV=0.9795 SI-SNR=23.24dB
    ViSQOL 계산 실패: Reference spectrum size (24) smaller than minimum patch size (45).
  [AAC_128kbps] BER=1.0 NC=-1.0 DSR=0 PLV=0.9978 SI-SNR=37.99dB
    ViSQOL 계산 실패: Reference spectrum size (24) smaller than minimum patch size (45).
  [TelephoneFilter] BER=1.0 NC=-1.0 DSR=0 PLV=0.6146 SI-SNR=-0.5dB
    ViSQOL 계산 실패: Reference spectrum size (24) smaller than minimum patch size (45).
  [EnCodec_6kbps] BER=1.0 NC=-1.0 DSR=0 PLV=0.5273 SI-SNR=5.35dB
    ViSQOL 계산 실패: Reference spectrum size (24) smaller than minimum patch size (45).
  [DAC] BER=1.0 NC=-1.0 DSR=0 PLV=0.3842 SI-SNR=-21.53dB

[89/100] 통화 7729-0027.wav
  [OK] 임베딩 완료 (원본 sr=8000 -> 16kHz, 0.7초, encode SDR=49.17dB)
    ViSQOL 계산 실패: Reference spectrum size (32) smaller than minimum patch size (45).
  [NoAttack]  BER=1.0 NC=-1.0 DSR=0 PLV=0.9996 SI-SNR=49.17dB
    ViSQOL 계산 실패: Reference spectrum size (32) smaller than minimum patch size (45).
  [MP3_128kbps] BER=1.0 NC=-1.0 DSR=0 PLV=0.9993 SI-SNR=47.52dB
    ViSQOL 계산 실패: Reference spectrum size (32) smaller than minimum patch size (45).
  [MP3_320kbps] BER=1.0 NC=-1.0 DSR=0 PLV=0.9993 SI-SNR=47.55dB
    ViSQOL 계산 실패: Reference spectrum size (32) smaller than minimum patch size (45).
  [Resample_44100RT] BER=1.0 NC=-1.0 DSR=0 PLV=0.9995 SI-SNR=49.16dB
    ViSQOL 계산 실패: Reference spectrum size (28) smaller than minimum patch size (45).
  [Crop_10pct] BER=1.0 NC=-1.0 DSR=0 PLV=0.9995 SI-SNR=48.46dB
    ViSQOL 계산 실패: Reference spectrum size (32) smaller than minimum patch size (45).
  [TSM_1.1x] BER=1.0 NC=-1.0 DSR=0 PLV= SI-SNR=dB
    ViSQOL 계산 실패: Reference spectrum size (32) smaller than minimum patch size (45).
  [AWGN_30dB] BER=1.0 NC=-1.0 DSR=0 PLV=0.9878 SI-SNR=29.9dB
    ViSQOL 계산 실패: Reference spectrum size (32) smaller than minimum patch size (45).
  [Limiter] BER=1.0 NC=-1.0 DSR=0 PLV=0.9996 SI-SNR=49.17dB
    ViSQOL 계산 실패: Reference spectrum size (32) smaller than minimum patch size (45).
  [Opus_32kbps] BER=1.0 NC=-1.0 DSR=0 PLV=0.974 SI-SNR=23.99dB
    ViSQOL 계산 실패: Reference spectrum size (32) smaller than minimum patch size (45).
  [AAC_128kbps] BER=1.0 NC=-1.0 DSR=0 PLV=0.9983 SI-SNR=40.01dB
    ViSQOL 계산 실패: Reference spectrum size (32) smaller than minimum patch size (45).
  [TelephoneFilter] BER=1.0 NC=-1.0 DSR=0 PLV=0.4889 SI-SNR=-11.52dB
    ViSQOL 계산 실패: Reference spectrum size (32) smaller than minimum patch size (45).
  [EnCodec_6kbps] BER=1.0 NC=-1.0 DSR=0 PLV=0.5535 SI-SNR=7.03dB
    ViSQOL 계산 실패: Reference spectrum size (32) smaller than minimum patch size (45).
  [DAC] BER=1.0 NC=-1.0 DSR=0 PLV=0.4871 SI-SNR=-5.2dB

[90/100] 통화 7732-0011.wav
  [OK] 임베딩 완료 (원본 sr=8000 -> 16kHz, 0.8초, encode SDR=49.27dB)
    ViSQOL 계산 실패: Reference spectrum size (38) smaller than minimum patch size (45).
  [NoAttack]  BER=1.0 NC=-1.0 DSR=0 PLV=0.9993 SI-SNR=49.27dB
    ViSQOL 계산 실패: Reference spectrum size (38) smaller than minimum patch size (45).
  [MP3_128kbps] BER=1.0 NC=-1.0 DSR=0 PLV=0.9993 SI-SNR=48.94dB
    ViSQOL 계산 실패: Reference spectrum size (38) smaller than minimum patch size (45).
  [MP3_320kbps] BER=1.0 NC=-1.0 DSR=0 PLV=0.9993 SI-SNR=49.07dB
    ViSQOL 계산 실패: Reference spectrum size (38) smaller than minimum patch size (45).
  [Resample_44100RT] BER=1.0 NC=-1.0 DSR=0 PLV=0.9993 SI-SNR=49.27dB
    ViSQOL 계산 실패: Reference spectrum size (34) smaller than minimum patch size (45).
  [Crop_10pct] BER=1.0 NC=-1.0 DSR=0 PLV=0.9994 SI-SNR=49.69dB
    ViSQOL 계산 실패: Reference spectrum size (38) smaller than minimum patch size (45).
  [TSM_1.1x] BER=1.0 NC=-1.0 DSR=0 PLV= SI-SNR=dB
    ViSQOL 계산 실패: Reference spectrum size (38) smaller than minimum patch size (45).
  [AWGN_30dB] BER=1.0 NC=-1.0 DSR=0 PLV=0.9884 SI-SNR=29.94dB
    ViSQOL 계산 실패: Reference spectrum size (38) smaller than minimum patch size (45).
  [Limiter] BER=1.0 NC=-1.0 DSR=0 PLV=0.9993 SI-SNR=49.27dB
    ViSQOL 계산 실패: Reference spectrum size (38) smaller than minimum patch size (45).
  [Opus_32kbps] BER=1.0 NC=-1.0 DSR=0 PLV=0.9903 SI-SNR=27.43dB
    ViSQOL 계산 실패: Reference spectrum size (38) smaller than minimum patch size (45).
  [AAC_128kbps] BER=1.0 NC=-1.0 DSR=0 PLV=0.9992 SI-SNR=47.32dB
    ViSQOL 계산 실패: Reference spectrum size (38) smaller than minimum patch size (45).
  [TelephoneFilter] BER=1.0 NC=-1.0 DSR=0 PLV=0.5402 SI-SNR=-5.82dB
    ViSQOL 계산 실패: Reference spectrum size (38) smaller than minimum patch size (45).
  [EnCodec_6kbps] BER=1.0 NC=-1.0 DSR=0 PLV=0.6098 SI-SNR=6.92dB
    ViSQOL 계산 실패: Reference spectrum size (38) smaller than minimum patch size (45).
  [DAC] BER=1.0 NC=-1.0 DSR=0 PLV=0.4076 SI-SNR=-12.64dB

[91/100] 통화 7732-0024.wav
  [OK] 임베딩 완료 (원본 sr=8000 -> 16kHz, 0.8초, encode SDR=49.08dB)
    ViSQOL 계산 실패: Reference spectrum size (39) smaller than minimum patch size (45).
  [NoAttack]  BER=1.0 NC=-1.0 DSR=0 PLV=0.9997 SI-SNR=49.09dB
    ViSQOL 계산 실패: Reference spectrum size (39) smaller than minimum patch size (45).
  [MP3_128kbps] BER=1.0 NC=-1.0 DSR=0 PLV=0.9995 SI-SNR=45.22dB
    ViSQOL 계산 실패: Reference spectrum size (39) smaller than minimum patch size (45).
  [MP3_320kbps] BER=1.0 NC=-1.0 DSR=0 PLV=0.9996 SI-SNR=47.72dB
    ViSQOL 계산 실패: Reference spectrum size (39) smaller than minimum patch size (45).
  [Resample_44100RT] BER=1.0 NC=-1.0 DSR=0 PLV=0.9985 SI-SNR=43.8dB
    ViSQOL 계산 실패: Reference spectrum size (34) smaller than minimum patch size (45).
  [Crop_10pct] BER=1.0 NC=-1.0 DSR=0 PLV=0.9997 SI-SNR=48.9dB
    ViSQOL 계산 실패: Reference spectrum size (39) smaller than minimum patch size (45).
  [TSM_1.1x] BER=1.0 NC=-1.0 DSR=0 PLV= SI-SNR=dB
    ViSQOL 계산 실패: Reference spectrum size (39) smaller than minimum patch size (45).
  [AWGN_30dB] BER=1.0 NC=-1.0 DSR=0 PLV=0.9925 SI-SNR=29.95dB
    ViSQOL 계산 실패: Reference spectrum size (39) smaller than minimum patch size (45).
  [Limiter] BER=1.0 NC=-1.0 DSR=0 PLV=0.9997 SI-SNR=49.09dB
    ViSQOL 계산 실패: Reference spectrum size (39) smaller than minimum patch size (45).
  [Opus_32kbps] BER=1.0 NC=-1.0 DSR=0 PLV=0.9891 SI-SNR=22.99dB
/home/hansung1/.vscode-server/audio/venv/lib/python3.10/site-packages/silentcipher/server.py:409: SmallSampleWarning: All axis-slices of one or more sample arguments are too small; all elements of returned arrays will be NaN. See documentation for sample size requirements.
  ord_values = st.mode(pred_values, keepdims=False).mode
/home/hansung1/.vscode-server/audio/venv/lib/python3.10/site-packages/silentcipher/server.py:409: SmallSampleWarning: All axis-slices of one or more sample arguments are too small; all elements of returned arrays will be NaN. See documentation for sample size requirements.
  ord_values = st.mode(pred_values, keepdims=False).mode
/home/hansung1/.vscode-server/audio/venv/lib/python3.10/site-packages/silentcipher/server.py:409: SmallSampleWarning: All axis-slices of one or more sample arguments are too small; all elements of returned arrays will be NaN. See documentation for sample size requirements.
  ord_values = st.mode(pred_values, keepdims=False).mode
/home/hansung1/.vscode-server/audio/venv/lib/python3.10/site-packages/silentcipher/server.py:409: SmallSampleWarning: All axis-slices of one or more sample arguments are too small; all elements of returned arrays will be NaN. See documentation for sample size requirements.
  ord_values = st.mode(pred_values, keepdims=False).mode
/home/hansung1/.vscode-server/audio/venv/lib/python3.10/site-packages/silentcipher/server.py:409: SmallSampleWarning: All axis-slices of one or more sample arguments are too small; all elements of returned arrays will be NaN. See documentation for sample size requirements.
  ord_values = st.mode(pred_values, keepdims=False).mode
/home/hansung1/.vscode-server/audio/venv/lib/python3.10/site-packages/silentcipher/server.py:409: SmallSampleWarning: All axis-slices of one or more sample arguments are too small; all elements of returned arrays will be NaN. See documentation for sample size requirements.
  ord_values = st.mode(pred_values, keepdims=False).mode
/home/hansung1/.vscode-server/audio/venv/lib/python3.10/site-packages/silentcipher/server.py:409: SmallSampleWarning: All axis-slices of one or more sample arguments are too small; all elements of returned arrays will be NaN. See documentation for sample size requirements.
  ord_values = st.mode(pred_values, keepdims=False).mode
/home/hansung1/.vscode-server/audio/venv/lib/python3.10/site-packages/silentcipher/server.py:409: SmallSampleWarning: All axis-slices of one or more sample arguments are too small; all elements of returned arrays will be NaN. See documentation for sample size requirements.
  ord_values = st.mode(pred_values, keepdims=False).mode
/home/hansung1/.vscode-server/audio/venv/lib/python3.10/site-packages/silentcipher/server.py:409: SmallSampleWarning: All axis-slices of one or more sample arguments are too small; all elements of returned arrays will be NaN. See documentation for sample size requirements.
  ord_values = st.mode(pred_values, keepdims=False).mode
/home/hansung1/.vscode-server/audio/venv/lib/python3.10/site-packages/silentcipher/server.py:409: SmallSampleWarning: All axis-slices of one or more sample arguments are too small; all elements of returned arrays will be NaN. See documentation for sample size requirements.
  ord_values = st.mode(pred_values, keepdims=False).mode
/home/hansung1/.vscode-server/audio/venv/lib/python3.10/site-packages/silentcipher/server.py:409: SmallSampleWarning: All axis-slices of one or more sample arguments are too small; all elements of returned arrays will be NaN. See documentation for sample size requirements.
  ord_values = st.mode(pred_values, keepdims=False).mode
/home/hansung1/.vscode-server/audio/venv/lib/python3.10/site-packages/silentcipher/server.py:409: SmallSampleWarning: All axis-slices of one or more sample arguments are too small; all elements of returned arrays will be NaN. See documentation for sample size requirements.
  ord_values = st.mode(pred_values, keepdims=False).mode
/home/hansung1/.vscode-server/audio/venv/lib/python3.10/site-packages/silentcipher/server.py:409: SmallSampleWarning: All axis-slices of one or more sample arguments are too small; all elements of returned arrays will be NaN. See documentation for sample size requirements.
  ord_values = st.mode(pred_values, keepdims=False).mode
/home/hansung1/.vscode-server/audio/venv/lib/python3.10/site-packages/silentcipher/server.py:409: SmallSampleWarning: All axis-slices of one or more sample arguments are too small; all elements of returned arrays will be NaN. See documentation for sample size requirements.
  ord_values = st.mode(pred_values, keepdims=False).mode
/home/hansung1/.vscode-server/audio/venv/lib/python3.10/site-packages/silentcipher/server.py:409: SmallSampleWarning: All axis-slices of one or more sample arguments are too small; all elements of returned arrays will be NaN. See documentation for sample size requirements.
  ord_values = st.mode(pred_values, keepdims=False).mode
/home/hansung1/.vscode-server/audio/venv/lib/python3.10/site-packages/silentcipher/server.py:409: SmallSampleWarning: All axis-slices of one or more sample arguments are too small; all elements of returned arrays will be NaN. See documentation for sample size requirements.
  ord_values = st.mode(pred_values, keepdims=False).mode
/home/hansung1/.vscode-server/audio/venv/lib/python3.10/site-packages/silentcipher/server.py:409: SmallSampleWarning: All axis-slices of one or more sample arguments are too small; all elements of returned arrays will be NaN. See documentation for sample size requirements.
  ord_values = st.mode(pred_values, keepdims=False).mode
/home/hansung1/.vscode-server/audio/venv/lib/python3.10/site-packages/silentcipher/server.py:409: SmallSampleWarning: All axis-slices of one or more sample arguments are too small; all elements of returned arrays will be NaN. See documentation for sample size requirements.
  ord_values = st.mode(pred_values, keepdims=False).mode
/home/hansung1/.vscode-server/audio/venv/lib/python3.10/site-packages/silentcipher/server.py:409: SmallSampleWarning: All axis-slices of one or more sample arguments are too small; all elements of returned arrays will be NaN. See documentation for sample size requirements.
  ord_values = st.mode(pred_values, keepdims=False).mode
/home/hansung1/.vscode-server/audio/venv/lib/python3.10/site-packages/silentcipher/server.py:409: SmallSampleWarning: All axis-slices of one or more sample arguments are too small; all elements of returned arrays will be NaN. See documentation for sample size requirements.
  ord_values = st.mode(pred_values, keepdims=False).mode
/home/hansung1/.vscode-server/audio/venv/lib/python3.10/site-packages/silentcipher/server.py:409: SmallSampleWarning: All axis-slices of one or more sample arguments are too small; all elements of returned arrays will be NaN. See documentation for sample size requirements.
  ord_values = st.mode(pred_values, keepdims=False).mode
/home/hansung1/.vscode-server/audio/venv/lib/python3.10/site-packages/silentcipher/server.py:409: SmallSampleWarning: All axis-slices of one or more sample arguments are too small; all elements of returned arrays will be NaN. See documentation for sample size requirements.
  ord_values = st.mode(pred_values, keepdims=False).mode
/home/hansung1/.vscode-server/audio/venv/lib/python3.10/site-packages/silentcipher/server.py:409: SmallSampleWarning: All axis-slices of one or more sample arguments are too small; all elements of returned arrays will be NaN. See documentation for sample size requirements.
  ord_values = st.mode(pred_values, keepdims=False).mode
/home/hansung1/.vscode-server/audio/venv/lib/python3.10/site-packages/silentcipher/server.py:409: SmallSampleWarning: All axis-slices of one or more sample arguments are too small; all elements of returned arrays will be NaN. See documentation for sample size requirements.
  ord_values = st.mode(pred_values, keepdims=False).mode
/home/hansung1/.vscode-server/audio/venv/lib/python3.10/site-packages/silentcipher/server.py:409: SmallSampleWarning: All axis-slices of one or more sample arguments are too small; all elements of returned arrays will be NaN. See documentation for sample size requirements.
  ord_values = st.mode(pred_values, keepdims=False).mode
/home/hansung1/.vscode-server/audio/venv/lib/python3.10/site-packages/silentcipher/server.py:409: SmallSampleWarning: All axis-slices of one or more sample arguments are too small; all elements of returned arrays will be NaN. See documentation for sample size requirements.
  ord_values = st.mode(pred_values, keepdims=False).mode
/home/hansung1/.vscode-server/audio/venv/lib/python3.10/site-packages/silentcipher/server.py:409: SmallSampleWarning: All axis-slices of one or more sample arguments are too small; all elements of returned arrays will be NaN. See documentation for sample size requirements.
  ord_values = st.mode(pred_values, keepdims=False).mode
/home/hansung1/.vscode-server/audio/venv/lib/python3.10/site-packages/silentcipher/server.py:409: SmallSampleWarning: All axis-slices of one or more sample arguments are too small; all elements of returned arrays will be NaN. See documentation for sample size requirements.
  ord_values = st.mode(pred_values, keepdims=False).mode
/home/hansung1/.vscode-server/audio/venv/lib/python3.10/site-packages/silentcipher/server.py:409: SmallSampleWarning: All axis-slices of one or more sample arguments are too small; all elements of returned arrays will be NaN. See documentation for sample size requirements.
  ord_values = st.mode(pred_values, keepdims=False).mode
/home/hansung1/.vscode-server/audio/venv/lib/python3.10/site-packages/silentcipher/server.py:409: SmallSampleWarning: All axis-slices of one or more sample arguments are too small; all elements of returned arrays will be NaN. See documentation for sample size requirements.
  ord_values = st.mode(pred_values, keepdims=False).mode
/home/hansung1/.vscode-server/audio/venv/lib/python3.10/site-packages/silentcipher/server.py:409: SmallSampleWarning: All axis-slices of one or more sample arguments are too small; all elements of returned arrays will be NaN. See documentation for sample size requirements.
  ord_values = st.mode(pred_values, keepdims=False).mode
/home/hansung1/.vscode-server/audio/venv/lib/python3.10/site-packages/silentcipher/server.py:409: SmallSampleWarning: All axis-slices of one or more sample arguments are too small; all elements of returned arrays will be NaN. See documentation for sample size requirements.
  ord_values = st.mode(pred_values, keepdims=False).mode
/home/hansung1/.vscode-server/audio/venv/lib/python3.10/site-packages/silentcipher/server.py:409: SmallSampleWarning: All axis-slices of one or more sample arguments are too small; all elements of returned arrays will be NaN. See documentation for sample size requirements.
  ord_values = st.mode(pred_values, keepdims=False).mode
/home/hansung1/.vscode-server/audio/venv/lib/python3.10/site-packages/silentcipher/server.py:409: SmallSampleWarning: All axis-slices of one or more sample arguments are too small; all elements of returned arrays will be NaN. See documentation for sample size requirements.
  ord_values = st.mode(pred_values, keepdims=False).mode
/home/hansung1/.vscode-server/audio/venv/lib/python3.10/site-packages/silentcipher/server.py:409: SmallSampleWarning: All axis-slices of one or more sample arguments are too small; all elements of returned arrays will be NaN. See documentation for sample size requirements.
  ord_values = st.mode(pred_values, keepdims=False).mode
/home/hansung1/.vscode-server/audio/venv/lib/python3.10/site-packages/silentcipher/server.py:409: SmallSampleWarning: All axis-slices of one or more sample arguments are too small; all elements of returned arrays will be NaN. See documentation for sample size requirements.
  ord_values = st.mode(pred_values, keepdims=False).mode
/home/hansung1/.vscode-server/audio/venv/lib/python3.10/site-packages/silentcipher/server.py:409: SmallSampleWarning: All axis-slices of one or more sample arguments are too small; all elements of returned arrays will be NaN. See documentation for sample size requirements.
  ord_values = st.mode(pred_values, keepdims=False).mode
/home/hansung1/.vscode-server/audio/venv/lib/python3.10/site-packages/silentcipher/server.py:409: SmallSampleWarning: All axis-slices of one or more sample arguments are too small; all elements of returned arrays will be NaN. See documentation for sample size requirements.
  ord_values = st.mode(pred_values, keepdims=False).mode
/home/hansung1/.vscode-server/audio/venv/lib/python3.10/site-packages/silentcipher/server.py:409: SmallSampleWarning: All axis-slices of one or more sample arguments are too small; all elements of returned arrays will be NaN. See documentation for sample size requirements.
  ord_values = st.mode(pred_values, keepdims=False).mode
/home/hansung1/.vscode-server/audio/venv/lib/python3.10/site-packages/silentcipher/server.py:409: SmallSampleWarning: All axis-slices of one or more sample arguments are too small; all elements of returned arrays will be NaN. See documentation for sample size requirements.
  ord_values = st.mode(pred_values, keepdims=False).mode
/home/hansung1/.vscode-server/audio/venv/lib/python3.10/site-packages/silentcipher/server.py:409: SmallSampleWarning: All axis-slices of one or more sample arguments are too small; all elements of returned arrays will be NaN. See documentation for sample size requirements.
  ord_values = st.mode(pred_values, keepdims=False).mode
/home/hansung1/.vscode-server/audio/venv/lib/python3.10/site-packages/silentcipher/server.py:409: SmallSampleWarning: All axis-slices of one or more sample arguments are too small; all elements of returned arrays will be NaN. See documentation for sample size requirements.
  ord_values = st.mode(pred_values, keepdims=False).mode
/home/hansung1/.vscode-server/audio/venv/lib/python3.10/site-packages/silentcipher/server.py:409: SmallSampleWarning: All axis-slices of one or more sample arguments are too small; all elements of returned arrays will be NaN. See documentation for sample size requirements.
  ord_values = st.mode(pred_values, keepdims=False).mode
/home/hansung1/.vscode-server/audio/venv/lib/python3.10/site-packages/silentcipher/server.py:409: SmallSampleWarning: All axis-slices of one or more sample arguments are too small; all elements of returned arrays will be NaN. See documentation for sample size requirements.
  ord_values = st.mode(pred_values, keepdims=False).mode
/home/hansung1/.vscode-server/audio/venv/lib/python3.10/site-packages/silentcipher/server.py:409: SmallSampleWarning: All axis-slices of one or more sample arguments are too small; all elements of returned arrays will be NaN. See documentation for sample size requirements.
  ord_values = st.mode(pred_values, keepdims=False).mode
/home/hansung1/.vscode-server/audio/venv/lib/python3.10/site-packages/silentcipher/server.py:409: SmallSampleWarning: All axis-slices of one or more sample arguments are too small; all elements of returned arrays will be NaN. See documentation for sample size requirements.
  ord_values = st.mode(pred_values, keepdims=False).mode
/home/hansung1/.vscode-server/audio/venv/lib/python3.10/site-packages/silentcipher/server.py:409: SmallSampleWarning: All axis-slices of one or more sample arguments are too small; all elements of returned arrays will be NaN. See documentation for sample size requirements.
  ord_values = st.mode(pred_values, keepdims=False).mode
/home/hansung1/.vscode-server/audio/venv/lib/python3.10/site-packages/silentcipher/server.py:409: SmallSampleWarning: All axis-slices of one or more sample arguments are too small; all elements of returned arrays will be NaN. See documentation for sample size requirements.
  ord_values = st.mode(pred_values, keepdims=False).mode
/home/hansung1/.vscode-server/audio/venv/lib/python3.10/site-packages/silentcipher/server.py:409: SmallSampleWarning: All axis-slices of one or more sample arguments are too small; all elements of returned arrays will be NaN. See documentation for sample size requirements.
  ord_values = st.mode(pred_values, keepdims=False).mode
    ViSQOL 계산 실패: Reference spectrum size (39) smaller than minimum patch size (45).
  [AAC_128kbps] BER=1.0 NC=-1.0 DSR=0 PLV=0.9994 SI-SNR=43.87dB
    ViSQOL 계산 실패: Reference spectrum size (39) smaller than minimum patch size (45).
  [TelephoneFilter] BER=1.0 NC=-1.0 DSR=0 PLV=0.5326 SI-SNR=-6.28dB
    ViSQOL 계산 실패: Reference spectrum size (39) smaller than minimum patch size (45).
  [EnCodec_6kbps] BER=1.0 NC=-1.0 DSR=0 PLV=0.5582 SI-SNR=5.49dB
    ViSQOL 계산 실패: Reference spectrum size (39) smaller than minimum patch size (45).
  [DAC] BER=1.0 NC=-1.0 DSR=0 PLV=0.3893 SI-SNR=-11.6dB

[92/100] 통화 7751-0017.wav
  [OK] 임베딩 완료 (원본 sr=8000 -> 16kHz, 0.5초, encode SDR=50.19dB)
    ViSQOL 계산 실패: Reference spectrum size (24) smaller than minimum patch size (45).
  [NoAttack]  BER=1.0 NC=-1.0 DSR=0 PLV=0.9997 SI-SNR=50.19dB
    ViSQOL 계산 실패: Reference spectrum size (24) smaller than minimum patch size (45).
  [MP3_128kbps] BER=1.0 NC=-1.0 DSR=0 PLV=0.9996 SI-SNR=48.68dB
    ViSQOL 계산 실패: Reference spectrum size (24) smaller than minimum patch size (45).
  [MP3_320kbps] BER=1.0 NC=-1.0 DSR=0 PLV=0.9996 SI-SNR=48.69dB
    ViSQOL 계산 실패: Reference spectrum size (24) smaller than minimum patch size (45).
  [Resample_44100RT] BER=1.0 NC=-1.0 DSR=0 PLV=0.9997 SI-SNR=50.17dB
    ViSQOL 계산 실패: Reference spectrum size (21) smaller than minimum patch size (45).
  [Crop_10pct] BER=1.0 NC=-1.0 DSR=0 PLV=0.9997 SI-SNR=49.55dB
    ViSQOL 계산 실패: Reference spectrum size (24) smaller than minimum patch size (45).
  [TSM_1.1x] BER=1.0 NC=-1.0 DSR=0 PLV= SI-SNR=dB
    ViSQOL 계산 실패: Reference spectrum size (24) smaller than minimum patch size (45).
  [AWGN_30dB] BER=1.0 NC=-1.0 DSR=0 PLV=0.9921 SI-SNR=29.95dB
    ViSQOL 계산 실패: Reference spectrum size (24) smaller than minimum patch size (45).
  [Limiter] BER=1.0 NC=-1.0 DSR=0 PLV=0.9997 SI-SNR=50.19dB
    ViSQOL 계산 실패: Reference spectrum size (24) smaller than minimum patch size (45).
  [Opus_32kbps] BER=1.0 NC=-1.0 DSR=0 PLV=0.9878 SI-SNR=22.75dB
    ViSQOL 계산 실패: Reference spectrum size (24) smaller than minimum patch size (45).
  [AAC_128kbps] BER=1.0 NC=-1.0 DSR=0 PLV=0.9991 SI-SNR=41.11dB
    ViSQOL 계산 실패: Reference spectrum size (24) smaller than minimum patch size (45).
  [TelephoneFilter] BER=1.0 NC=-1.0 DSR=0 PLV=0.4924 SI-SNR=-6.8dB
    ViSQOL 계산 실패: Reference spectrum size (24) smaller than minimum patch size (45).
  [EnCodec_6kbps] BER=1.0 NC=-1.0 DSR=0 PLV=0.5686 SI-SNR=4.0dB
    ViSQOL 계산 실패: Reference spectrum size (24) smaller than minimum patch size (45).
  [DAC] BER=1.0 NC=-1.0 DSR=0 PLV=0.3101 SI-SNR=-8.73dB

[93/100] 통화 7751-0024.wav
  [OK] 임베딩 완료 (원본 sr=8000 -> 16kHz, 0.5초, encode SDR=50.03dB)
    ViSQOL 계산 실패: Reference spectrum size (24) smaller than minimum patch size (45).
  [NoAttack]  BER=1.0 NC=-1.0 DSR=0 PLV=0.9997 SI-SNR=50.03dB
    ViSQOL 계산 실패: Reference spectrum size (24) smaller than minimum patch size (45).
  [MP3_128kbps] BER=1.0 NC=-1.0 DSR=0 PLV=0.9996 SI-SNR=49.13dB
    ViSQOL 계산 실패: Reference spectrum size (24) smaller than minimum patch size (45).
  [MP3_320kbps] BER=1.0 NC=-1.0 DSR=0 PLV=0.9996 SI-SNR=49.35dB
    ViSQOL 계산 실패: Reference spectrum size (24) smaller than minimum patch size (45).
  [Resample_44100RT] BER=1.0 NC=-1.0 DSR=0 PLV=0.9996 SI-SNR=50.02dB
    ViSQOL 계산 실패: Reference spectrum size (21) smaller than minimum patch size (45).
  [Crop_10pct] BER=1.0 NC=-1.0 DSR=0 PLV=0.9997 SI-SNR=50.43dB
    ViSQOL 계산 실패: Reference spectrum size (24) smaller than minimum patch size (45).
  [TSM_1.1x] BER=1.0 NC=-1.0 DSR=0 PLV= SI-SNR=dB
    ViSQOL 계산 실패: Reference spectrum size (24) smaller than minimum patch size (45).
  [AWGN_30dB] BER=1.0 NC=-1.0 DSR=0 PLV=0.9924 SI-SNR=29.87dB
    ViSQOL 계산 실패: Reference spectrum size (24) smaller than minimum patch size (45).
  [Limiter] BER=1.0 NC=-1.0 DSR=0 PLV=0.9997 SI-SNR=50.03dB
    ViSQOL 계산 실패: Reference spectrum size (24) smaller than minimum patch size (45).
  [Opus_32kbps] BER=1.0 NC=-1.0 DSR=0 PLV=0.9869 SI-SNR=22.93dB
    ViSQOL 계산 실패: Reference spectrum size (24) smaller than minimum patch size (45).
  [AAC_128kbps] BER=1.0 NC=-1.0 DSR=0 PLV=0.9991 SI-SNR=42.38dB
    ViSQOL 계산 실패: Reference spectrum size (24) smaller than minimum patch size (45).
  [TelephoneFilter] BER=1.0 NC=-1.0 DSR=0 PLV=0.6143 SI-SNR=0.14dB
    ViSQOL 계산 실패: Reference spectrum size (24) smaller than minimum patch size (45).
  [EnCodec_6kbps] BER=1.0 NC=-1.0 DSR=0 PLV=0.598 SI-SNR=4.83dB
    ViSQOL 계산 실패: Reference spectrum size (24) smaller than minimum patch size (45).
  [DAC] BER=1.0 NC=-1.0 DSR=0 PLV=0.3221 SI-SNR=-14.84dB

[94/100] 통화 7755-0009.wav
  [OK] 임베딩 완료 (원본 sr=8000 -> 16kHz, 0.7초, encode SDR=49.18dB)
    ViSQOL 계산 실패: Reference spectrum size (34) smaller than minimum patch size (45).
  [NoAttack]  BER=1.0 NC=-1.0 DSR=0 PLV=0.9996 SI-SNR=49.18dB
    ViSQOL 계산 실패: Reference spectrum size (34) smaller than minimum patch size (45).
  [MP3_128kbps] BER=1.0 NC=-1.0 DSR=0 PLV=0.9994 SI-SNR=47.98dB
    ViSQOL 계산 실패: Reference spectrum size (34) smaller than minimum patch size (45).
  [MP3_320kbps] BER=1.0 NC=-1.0 DSR=0 PLV=0.9994 SI-SNR=47.99dB
    ViSQOL 계산 실패: Reference spectrum size (34) smaller than minimum patch size (45).
  [Resample_44100RT] BER=1.0 NC=-1.0 DSR=0 PLV=0.9996 SI-SNR=49.18dB
    ViSQOL 계산 실패: Reference spectrum size (30) smaller than minimum patch size (45).
  [Crop_10pct] BER=1.0 NC=-1.0 DSR=0 PLV=0.9996 SI-SNR=49.26dB
    ViSQOL 계산 실패: Reference spectrum size (34) smaller than minimum patch size (45).
  [TSM_1.1x] BER=1.0 NC=-1.0 DSR=0 PLV= SI-SNR=dB
    ViSQOL 계산 실패: Reference spectrum size (34) smaller than minimum patch size (45).
  [AWGN_30dB] BER=1.0 NC=-1.0 DSR=0 PLV=0.9899 SI-SNR=29.85dB
    ViSQOL 계산 실패: Reference spectrum size (34) smaller than minimum patch size (45).
  [Limiter] BER=1.0 NC=-1.0 DSR=0 PLV=0.9996 SI-SNR=49.18dB
    ViSQOL 계산 실패: Reference spectrum size (34) smaller than minimum patch size (45).
  [Opus_32kbps] BER=1.0 NC=-1.0 DSR=0 PLV=0.9842 SI-SNR=24.48dB
    ViSQOL 계산 실패: Reference spectrum size (34) smaller than minimum patch size (45).
  [AAC_128kbps] BER=1.0 NC=-1.0 DSR=0 PLV=0.9982 SI-SNR=39.94dB
    ViSQOL 계산 실패: Reference spectrum size (34) smaller than minimum patch size (45).
  [TelephoneFilter] BER=1.0 NC=-1.0 DSR=0 PLV=0.5143 SI-SNR=-14.33dB
    ViSQOL 계산 실패: Reference spectrum size (34) smaller than minimum patch size (45).
  [EnCodec_6kbps] BER=1.0 NC=-1.0 DSR=0 PLV=0.5678 SI-SNR=6.49dB
    ViSQOL 계산 실패: Reference spectrum size (34) smaller than minimum patch size (45).
  [DAC] BER=1.0 NC=-1.0 DSR=0 PLV=0.4261 SI-SNR=-5.02dB

[95/100] 통화 7755-0016.wav
  [OK] 임베딩 완료 (원본 sr=8000 -> 16kHz, 0.7초, encode SDR=49.13dB)
    ViSQOL 계산 실패: Reference spectrum size (33) smaller than minimum patch size (45).
  [NoAttack]  BER=1.0 NC=-1.0 DSR=0 PLV=0.9997 SI-SNR=49.13dB
    ViSQOL 계산 실패: Reference spectrum size (33) smaller than minimum patch size (45).
  [MP3_128kbps] BER=1.0 NC=-1.0 DSR=0 PLV=0.9996 SI-SNR=48.13dB
    ViSQOL 계산 실패: Reference spectrum size (33) smaller than minimum patch size (45).
  [MP3_320kbps] BER=1.0 NC=-1.0 DSR=0 PLV=0.9996 SI-SNR=48.13dB
    ViSQOL 계산 실패: Reference spectrum size (33) smaller than minimum patch size (45).
  [Resample_44100RT] BER=1.0 NC=-1.0 DSR=0 PLV=0.9993 SI-SNR=48.61dB
    ViSQOL 계산 실패: Reference spectrum size (29) smaller than minimum patch size (45).
  [Crop_10pct] BER=1.0 NC=-1.0 DSR=0 PLV=0.9997 SI-SNR=48.05dB
    ViSQOL 계산 실패: Reference spectrum size (33) smaller than minimum patch size (45).
  [TSM_1.1x] BER=1.0 NC=-1.0 DSR=0 PLV= SI-SNR=dB
    ViSQOL 계산 실패: Reference spectrum size (33) smaller than minimum patch size (45).
/home/hansung1/.vscode-server/audio/venv/lib/python3.10/site-packages/silentcipher/server.py:409: SmallSampleWarning: All axis-slices of one or more sample arguments are too small; all elements of returned arrays will be NaN. See documentation for sample size requirements.
  ord_values = st.mode(pred_values, keepdims=False).mode
/home/hansung1/.vscode-server/audio/venv/lib/python3.10/site-packages/silentcipher/server.py:409: SmallSampleWarning: All axis-slices of one or more sample arguments are too small; all elements of returned arrays will be NaN. See documentation for sample size requirements.
  ord_values = st.mode(pred_values, keepdims=False).mode
/home/hansung1/.vscode-server/audio/venv/lib/python3.10/site-packages/silentcipher/server.py:409: SmallSampleWarning: All axis-slices of one or more sample arguments are too small; all elements of returned arrays will be NaN. See documentation for sample size requirements.
  ord_values = st.mode(pred_values, keepdims=False).mode
/home/hansung1/.vscode-server/audio/venv/lib/python3.10/site-packages/silentcipher/server.py:409: SmallSampleWarning: All axis-slices of one or more sample arguments are too small; all elements of returned arrays will be NaN. See documentation for sample size requirements.
  ord_values = st.mode(pred_values, keepdims=False).mode
/home/hansung1/.vscode-server/audio/venv/lib/python3.10/site-packages/silentcipher/server.py:409: SmallSampleWarning: All axis-slices of one or more sample arguments are too small; all elements of returned arrays will be NaN. See documentation for sample size requirements.
  ord_values = st.mode(pred_values, keepdims=False).mode
/home/hansung1/.vscode-server/audio/venv/lib/python3.10/site-packages/silentcipher/server.py:409: SmallSampleWarning: All axis-slices of one or more sample arguments are too small; all elements of returned arrays will be NaN. See documentation for sample size requirements.
  ord_values = st.mode(pred_values, keepdims=False).mode
/home/hansung1/.vscode-server/audio/venv/lib/python3.10/site-packages/silentcipher/server.py:409: SmallSampleWarning: All axis-slices of one or more sample arguments are too small; all elements of returned arrays will be NaN. See documentation for sample size requirements.
  ord_values = st.mode(pred_values, keepdims=False).mode
/home/hansung1/.vscode-server/audio/venv/lib/python3.10/site-packages/silentcipher/server.py:409: SmallSampleWarning: All axis-slices of one or more sample arguments are too small; all elements of returned arrays will be NaN. See documentation for sample size requirements.
  ord_values = st.mode(pred_values, keepdims=False).mode
/home/hansung1/.vscode-server/audio/venv/lib/python3.10/site-packages/silentcipher/server.py:409: SmallSampleWarning: All axis-slices of one or more sample arguments are too small; all elements of returned arrays will be NaN. See documentation for sample size requirements.
  ord_values = st.mode(pred_values, keepdims=False).mode
/home/hansung1/.vscode-server/audio/venv/lib/python3.10/site-packages/silentcipher/server.py:409: SmallSampleWarning: All axis-slices of one or more sample arguments are too small; all elements of returned arrays will be NaN. See documentation for sample size requirements.
  ord_values = st.mode(pred_values, keepdims=False).mode
/home/hansung1/.vscode-server/audio/venv/lib/python3.10/site-packages/silentcipher/server.py:409: SmallSampleWarning: All axis-slices of one or more sample arguments are too small; all elements of returned arrays will be NaN. See documentation for sample size requirements.
  ord_values = st.mode(pred_values, keepdims=False).mode
/home/hansung1/.vscode-server/audio/venv/lib/python3.10/site-packages/silentcipher/server.py:409: SmallSampleWarning: All axis-slices of one or more sample arguments are too small; all elements of returned arrays will be NaN. See documentation for sample size requirements.
  ord_values = st.mode(pred_values, keepdims=False).mode
/home/hansung1/.vscode-server/audio/venv/lib/python3.10/site-packages/silentcipher/server.py:409: SmallSampleWarning: All axis-slices of one or more sample arguments are too small; all elements of returned arrays will be NaN. See documentation for sample size requirements.
  ord_values = st.mode(pred_values, keepdims=False).mode
/home/hansung1/.vscode-server/audio/venv/lib/python3.10/site-packages/silentcipher/server.py:409: SmallSampleWarning: All axis-slices of one or more sample arguments are too small; all elements of returned arrays will be NaN. See documentation for sample size requirements.
  ord_values = st.mode(pred_values, keepdims=False).mode
/home/hansung1/.vscode-server/audio/venv/lib/python3.10/site-packages/silentcipher/server.py:409: SmallSampleWarning: All axis-slices of one or more sample arguments are too small; all elements of returned arrays will be NaN. See documentation for sample size requirements.
  ord_values = st.mode(pred_values, keepdims=False).mode
/home/hansung1/.vscode-server/audio/venv/lib/python3.10/site-packages/silentcipher/server.py:409: SmallSampleWarning: All axis-slices of one or more sample arguments are too small; all elements of returned arrays will be NaN. See documentation for sample size requirements.
  ord_values = st.mode(pred_values, keepdims=False).mode
/home/hansung1/.vscode-server/audio/venv/lib/python3.10/site-packages/silentcipher/server.py:409: SmallSampleWarning: All axis-slices of one or more sample arguments are too small; all elements of returned arrays will be NaN. See documentation for sample size requirements.
  ord_values = st.mode(pred_values, keepdims=False).mode
/home/hansung1/.vscode-server/audio/venv/lib/python3.10/site-packages/silentcipher/server.py:409: SmallSampleWarning: All axis-slices of one or more sample arguments are too small; all elements of returned arrays will be NaN. See documentation for sample size requirements.
  ord_values = st.mode(pred_values, keepdims=False).mode
/home/hansung1/.vscode-server/audio/venv/lib/python3.10/site-packages/silentcipher/server.py:409: SmallSampleWarning: All axis-slices of one or more sample arguments are too small; all elements of returned arrays will be NaN. See documentation for sample size requirements.
  ord_values = st.mode(pred_values, keepdims=False).mode
/home/hansung1/.vscode-server/audio/venv/lib/python3.10/site-packages/silentcipher/server.py:409: SmallSampleWarning: All axis-slices of one or more sample arguments are too small; all elements of returned arrays will be NaN. See documentation for sample size requirements.
  ord_values = st.mode(pred_values, keepdims=False).mode
/home/hansung1/.vscode-server/audio/venv/lib/python3.10/site-packages/silentcipher/server.py:409: SmallSampleWarning: All axis-slices of one or more sample arguments are too small; all elements of returned arrays will be NaN. See documentation for sample size requirements.
  ord_values = st.mode(pred_values, keepdims=False).mode
/home/hansung1/.vscode-server/audio/venv/lib/python3.10/site-packages/silentcipher/server.py:409: SmallSampleWarning: All axis-slices of one or more sample arguments are too small; all elements of returned arrays will be NaN. See documentation for sample size requirements.
  ord_values = st.mode(pred_values, keepdims=False).mode
/home/hansung1/.vscode-server/audio/venv/lib/python3.10/site-packages/silentcipher/server.py:409: SmallSampleWarning: All axis-slices of one or more sample arguments are too small; all elements of returned arrays will be NaN. See documentation for sample size requirements.
  ord_values = st.mode(pred_values, keepdims=False).mode
/home/hansung1/.vscode-server/audio/venv/lib/python3.10/site-packages/silentcipher/server.py:409: SmallSampleWarning: All axis-slices of one or more sample arguments are too small; all elements of returned arrays will be NaN. See documentation for sample size requirements.
  ord_values = st.mode(pred_values, keepdims=False).mode
/home/hansung1/.vscode-server/audio/venv/lib/python3.10/site-packages/silentcipher/server.py:409: SmallSampleWarning: All axis-slices of one or more sample arguments are too small; all elements of returned arrays will be NaN. See documentation for sample size requirements.
  ord_values = st.mode(pred_values, keepdims=False).mode
/home/hansung1/.vscode-server/audio/venv/lib/python3.10/site-packages/silentcipher/server.py:409: SmallSampleWarning: All axis-slices of one or more sample arguments are too small; all elements of returned arrays will be NaN. See documentation for sample size requirements.
  ord_values = st.mode(pred_values, keepdims=False).mode
/home/hansung1/.vscode-server/audio/venv/lib/python3.10/site-packages/silentcipher/server.py:409: SmallSampleWarning: All axis-slices of one or more sample arguments are too small; all elements of returned arrays will be NaN. See documentation for sample size requirements.
  ord_values = st.mode(pred_values, keepdims=False).mode
/home/hansung1/.vscode-server/audio/venv/lib/python3.10/site-packages/silentcipher/server.py:409: SmallSampleWarning: All axis-slices of one or more sample arguments are too small; all elements of returned arrays will be NaN. See documentation for sample size requirements.
  ord_values = st.mode(pred_values, keepdims=False).mode
/home/hansung1/.vscode-server/audio/venv/lib/python3.10/site-packages/silentcipher/server.py:409: SmallSampleWarning: All axis-slices of one or more sample arguments are too small; all elements of returned arrays will be NaN. See documentation for sample size requirements.
  ord_values = st.mode(pred_values, keepdims=False).mode
/home/hansung1/.vscode-server/audio/venv/lib/python3.10/site-packages/silentcipher/server.py:409: SmallSampleWarning: All axis-slices of one or more sample arguments are too small; all elements of returned arrays will be NaN. See documentation for sample size requirements.
  ord_values = st.mode(pred_values, keepdims=False).mode
/home/hansung1/.vscode-server/audio/venv/lib/python3.10/site-packages/silentcipher/server.py:409: SmallSampleWarning: All axis-slices of one or more sample arguments are too small; all elements of returned arrays will be NaN. See documentation for sample size requirements.
  ord_values = st.mode(pred_values, keepdims=False).mode
/home/hansung1/.vscode-server/audio/venv/lib/python3.10/site-packages/silentcipher/server.py:409: SmallSampleWarning: All axis-slices of one or more sample arguments are too small; all elements of returned arrays will be NaN. See documentation for sample size requirements.
  ord_values = st.mode(pred_values, keepdims=False).mode
/home/hansung1/.vscode-server/audio/venv/lib/python3.10/site-packages/silentcipher/server.py:409: SmallSampleWarning: All axis-slices of one or more sample arguments are too small; all elements of returned arrays will be NaN. See documentation for sample size requirements.
  ord_values = st.mode(pred_values, keepdims=False).mode
/home/hansung1/.vscode-server/audio/venv/lib/python3.10/site-packages/silentcipher/server.py:409: SmallSampleWarning: All axis-slices of one or more sample arguments are too small; all elements of returned arrays will be NaN. See documentation for sample size requirements.
  ord_values = st.mode(pred_values, keepdims=False).mode
/home/hansung1/.vscode-server/audio/venv/lib/python3.10/site-packages/silentcipher/server.py:409: SmallSampleWarning: All axis-slices of one or more sample arguments are too small; all elements of returned arrays will be NaN. See documentation for sample size requirements.
  ord_values = st.mode(pred_values, keepdims=False).mode
/home/hansung1/.vscode-server/audio/venv/lib/python3.10/site-packages/silentcipher/server.py:409: SmallSampleWarning: All axis-slices of one or more sample arguments are too small; all elements of returned arrays will be NaN. See documentation for sample size requirements.
  ord_values = st.mode(pred_values, keepdims=False).mode
/home/hansung1/.vscode-server/audio/venv/lib/python3.10/site-packages/silentcipher/server.py:409: SmallSampleWarning: All axis-slices of one or more sample arguments are too small; all elements of returned arrays will be NaN. See documentation for sample size requirements.
  ord_values = st.mode(pred_values, keepdims=False).mode
/home/hansung1/.vscode-server/audio/venv/lib/python3.10/site-packages/silentcipher/server.py:409: SmallSampleWarning: All axis-slices of one or more sample arguments are too small; all elements of returned arrays will be NaN. See documentation for sample size requirements.
  ord_values = st.mode(pred_values, keepdims=False).mode
/home/hansung1/.vscode-server/audio/venv/lib/python3.10/site-packages/silentcipher/server.py:409: SmallSampleWarning: All axis-slices of one or more sample arguments are too small; all elements of returned arrays will be NaN. See documentation for sample size requirements.
  ord_values = st.mode(pred_values, keepdims=False).mode
/home/hansung1/.vscode-server/audio/venv/lib/python3.10/site-packages/silentcipher/server.py:409: SmallSampleWarning: All axis-slices of one or more sample arguments are too small; all elements of returned arrays will be NaN. See documentation for sample size requirements.
  ord_values = st.mode(pred_values, keepdims=False).mode
/home/hansung1/.vscode-server/audio/venv/lib/python3.10/site-packages/silentcipher/server.py:409: SmallSampleWarning: All axis-slices of one or more sample arguments are too small; all elements of returned arrays will be NaN. See documentation for sample size requirements.
  ord_values = st.mode(pred_values, keepdims=False).mode
/home/hansung1/.vscode-server/audio/venv/lib/python3.10/site-packages/silentcipher/server.py:409: SmallSampleWarning: All axis-slices of one or more sample arguments are too small; all elements of returned arrays will be NaN. See documentation for sample size requirements.
  ord_values = st.mode(pred_values, keepdims=False).mode
/home/hansung1/.vscode-server/audio/venv/lib/python3.10/site-packages/silentcipher/server.py:409: SmallSampleWarning: All axis-slices of one or more sample arguments are too small; all elements of returned arrays will be NaN. See documentation for sample size requirements.
  ord_values = st.mode(pred_values, keepdims=False).mode
/home/hansung1/.vscode-server/audio/venv/lib/python3.10/site-packages/silentcipher/server.py:409: SmallSampleWarning: All axis-slices of one or more sample arguments are too small; all elements of returned arrays will be NaN. See documentation for sample size requirements.
  ord_values = st.mode(pred_values, keepdims=False).mode
/home/hansung1/.vscode-server/audio/venv/lib/python3.10/site-packages/silentcipher/server.py:409: SmallSampleWarning: All axis-slices of one or more sample arguments are too small; all elements of returned arrays will be NaN. See documentation for sample size requirements.
  ord_values = st.mode(pred_values, keepdims=False).mode
/home/hansung1/.vscode-server/audio/venv/lib/python3.10/site-packages/silentcipher/server.py:409: SmallSampleWarning: All axis-slices of one or more sample arguments are too small; all elements of returned arrays will be NaN. See documentation for sample size requirements.
  ord_values = st.mode(pred_values, keepdims=False).mode
/home/hansung1/.vscode-server/audio/venv/lib/python3.10/site-packages/silentcipher/server.py:409: SmallSampleWarning: All axis-slices of one or more sample arguments are too small; all elements of returned arrays will be NaN. See documentation for sample size requirements.
  ord_values = st.mode(pred_values, keepdims=False).mode
/home/hansung1/.vscode-server/audio/venv/lib/python3.10/site-packages/silentcipher/server.py:409: SmallSampleWarning: All axis-slices of one or more sample arguments are too small; all elements of returned arrays will be NaN. See documentation for sample size requirements.
  ord_values = st.mode(pred_values, keepdims=False).mode
/home/hansung1/.vscode-server/audio/venv/lib/python3.10/site-packages/silentcipher/server.py:409: SmallSampleWarning: All axis-slices of one or more sample arguments are too small; all elements of returned arrays will be NaN. See documentation for sample size requirements.
  ord_values = st.mode(pred_values, keepdims=False).mode
/home/hansung1/.vscode-server/audio/venv/lib/python3.10/site-packages/silentcipher/server.py:409: SmallSampleWarning: All axis-slices of one or more sample arguments are too small; all elements of returned arrays will be NaN. See documentation for sample size requirements.
  ord_values = st.mode(pred_values, keepdims=False).mode
  [AWGN_30dB] BER=1.0 NC=-1.0 DSR=0 PLV=0.9909 SI-SNR=29.9dB
    ViSQOL 계산 실패: Reference spectrum size (33) smaller than minimum patch size (45).
  [Limiter] BER=1.0 NC=-1.0 DSR=0 PLV=0.9997 SI-SNR=49.13dB
    ViSQOL 계산 실패: Reference spectrum size (33) smaller than minimum patch size (45).
  [Opus_32kbps] BER=1.0 NC=-1.0 DSR=0 PLV=0.9845 SI-SNR=22.31dB
    ViSQOL 계산 실패: Reference spectrum size (33) smaller than minimum patch size (45).
  [AAC_128kbps] BER=1.0 NC=-1.0 DSR=0 PLV=0.9991 SI-SNR=41.45dB
    ViSQOL 계산 실패: Reference spectrum size (33) smaller than minimum patch size (45).
  [TelephoneFilter] BER=1.0 NC=-1.0 DSR=0 PLV=0.5167 SI-SNR=-5.92dB
    ViSQOL 계산 실패: Reference spectrum size (33) smaller than minimum patch size (45).
  [EnCodec_6kbps] BER=1.0 NC=-1.0 DSR=0 PLV=0.5828 SI-SNR=5.06dB
    ViSQOL 계산 실패: Reference spectrum size (33) smaller than minimum patch size (45).
  [DAC] BER=1.0 NC=-1.0 DSR=0 PLV=0.3641 SI-SNR=-11.65dB

[96/100] 통화 7756-0007.wav
  [OK] 임베딩 완료 (원본 sr=8000 -> 16kHz, 0.7초, encode SDR=49.22dB)
    ViSQOL 계산 실패: Reference spectrum size (33) smaller than minimum patch size (45).
  [NoAttack]  BER=1.0 NC=-1.0 DSR=0 PLV=0.9997 SI-SNR=49.23dB
    ViSQOL 계산 실패: Reference spectrum size (33) smaller than minimum patch size (45).
  [MP3_128kbps] BER=1.0 NC=-1.0 DSR=0 PLV=0.9996 SI-SNR=47.96dB
    ViSQOL 계산 실패: Reference spectrum size (33) smaller than minimum patch size (45).
  [MP3_320kbps] BER=1.0 NC=-1.0 DSR=0 PLV=0.9996 SI-SNR=48.04dB
    ViSQOL 계산 실패: Reference spectrum size (33) smaller than minimum patch size (45).
  [Resample_44100RT] BER=1.0 NC=-1.0 DSR=0 PLV=0.9995 SI-SNR=49.0dB
    ViSQOL 계산 실패: Reference spectrum size (30) smaller than minimum patch size (45).
  [Crop_10pct] BER=1.0 NC=-1.0 DSR=0 PLV=0.9997 SI-SNR=49.12dB
    ViSQOL 계산 실패: Reference spectrum size (33) smaller than minimum patch size (45).
  [TSM_1.1x] BER=1.0 NC=-1.0 DSR=0 PLV= SI-SNR=dB
    ViSQOL 계산 실패: Reference spectrum size (33) smaller than minimum patch size (45).
  [AWGN_30dB] BER=1.0 NC=-1.0 DSR=0 PLV=0.9922 SI-SNR=29.9dB
    ViSQOL 계산 실패: Reference spectrum size (33) smaller than minimum patch size (45).
  [Limiter] BER=1.0 NC=-1.0 DSR=0 PLV=0.9997 SI-SNR=49.23dB
    ViSQOL 계산 실패: Reference spectrum size (33) smaller than minimum patch size (45).
  [Opus_32kbps] BER=1.0 NC=-1.0 DSR=0 PLV=0.9858 SI-SNR=23.21dB
    ViSQOL 계산 실패: Reference spectrum size (33) smaller than minimum patch size (45).
  [AAC_128kbps] BER=1.0 NC=-1.0 DSR=0 PLV=0.9991 SI-SNR=41.47dB
    ViSQOL 계산 실패: Reference spectrum size (33) smaller than minimum patch size (45).
  [TelephoneFilter] BER=1.0 NC=-1.0 DSR=0 PLV=0.506 SI-SNR=-7.86dB
    ViSQOL 계산 실패: Reference spectrum size (33) smaller than minimum patch size (45).
  [EnCodec_6kbps] BER=1.0 NC=-1.0 DSR=0 PLV=0.5406 SI-SNR=5.65dB
    ViSQOL 계산 실패: Reference spectrum size (33) smaller than minimum patch size (45).
  [DAC] BER=1.0 NC=-1.0 DSR=0 PLV=0.3406 SI-SNR=-9.37dB

[97/100] 통화 7756-0014.wav
  [OK] 임베딩 완료 (원본 sr=8000 -> 16kHz, 0.8초, encode SDR=49.89dB)
    ViSQOL 계산 실패: Reference spectrum size (36) smaller than minimum patch size (45).
  [NoAttack]  BER=1.0 NC=-1.0 DSR=0 PLV=0.9997 SI-SNR=49.89dB
    ViSQOL 계산 실패: Reference spectrum size (36) smaller than minimum patch size (45).
  [MP3_128kbps] BER=1.0 NC=-1.0 DSR=0 PLV=0.9996 SI-SNR=48.75dB
    ViSQOL 계산 실패: Reference spectrum size (36) smaller than minimum patch size (45).
  [MP3_320kbps] BER=1.0 NC=-1.0 DSR=0 PLV=0.9996 SI-SNR=48.73dB
    ViSQOL 계산 실패: Reference spectrum size (36) smaller than minimum patch size (45).
  [Resample_44100RT] BER=1.0 NC=-1.0 DSR=0 PLV=0.9996 SI-SNR=49.79dB
    ViSQOL 계산 실패: Reference spectrum size (32) smaller than minimum patch size (45).
  [Crop_10pct] BER=1.0 NC=-1.0 DSR=0 PLV=0.9997 SI-SNR=49.99dB
    ViSQOL 계산 실패: Reference spectrum size (36) smaller than minimum patch size (45).
  [TSM_1.1x] BER=1.0 NC=-1.0 DSR=0 PLV= SI-SNR=dB
    ViSQOL 계산 실패: Reference spectrum size (36) smaller than minimum patch size (45).
  [AWGN_30dB] BER=1.0 NC=-1.0 DSR=0 PLV=0.9917 SI-SNR=29.95dB
    ViSQOL 계산 실패: Reference spectrum size (36) smaller than minimum patch size (45).
  [Limiter] BER=1.0 NC=-1.0 DSR=0 PLV=0.9997 SI-SNR=49.89dB
    ViSQOL 계산 실패: Reference spectrum size (36) smaller than minimum patch size (45).
  [Opus_32kbps] BER=1.0 NC=-1.0 DSR=0 PLV=0.9867 SI-SNR=22.96dB
    ViSQOL 계산 실패: Reference spectrum size (36) smaller than minimum patch size (45).
  [AAC_128kbps] BER=1.0 NC=-1.0 DSR=0 PLV=0.9992 SI-SNR=42.31dB
    ViSQOL 계산 실패: Reference spectrum size (36) smaller than minimum patch size (45).
  [TelephoneFilter] BER=1.0 NC=-1.0 DSR=0 PLV=0.5422 SI-SNR=-1.8dB
    ViSQOL 계산 실패: Reference spectrum size (36) smaller than minimum patch size (45).
  [EnCodec_6kbps] BER=1.0 NC=-1.0 DSR=0 PLV=0.5562 SI-SNR=3.72dB
    ViSQOL 계산 실패: Reference spectrum size (36) smaller than minimum patch size (45).
  [DAC] BER=1.0 NC=-1.0 DSR=0 PLV=0.2729 SI-SNR=-44.65dB

[98/100] 통화 7756-0030.wav
  [OK] 임베딩 완료 (원본 sr=8000 -> 16kHz, 0.7초, encode SDR=49.37dB)
    ViSQOL 계산 실패: Reference spectrum size (34) smaller than minimum patch size (45).
  [NoAttack]  BER=1.0 NC=-1.0 DSR=0 PLV=0.9997 SI-SNR=49.37dB
    ViSQOL 계산 실패: Reference spectrum size (34) smaller than minimum patch size (45).
  [MP3_128kbps] BER=1.0 NC=-1.0 DSR=0 PLV=0.9994 SI-SNR=47.84dB
    ViSQOL 계산 실패: Reference spectrum size (34) smaller than minimum patch size (45).
  [MP3_320kbps] BER=1.0 NC=-1.0 DSR=0 PLV=0.9994 SI-SNR=47.83dB
    ViSQOL 계산 실패: Reference spectrum size (34) smaller than minimum patch size (45).
  [Resample_44100RT] BER=1.0 NC=-1.0 DSR=0 PLV=0.9995 SI-SNR=49.25dB
    ViSQOL 계산 실패: Reference spectrum size (30) smaller than minimum patch size (45).
  [Crop_10pct] BER=1.0 NC=-1.0 DSR=0 PLV=0.9997 SI-SNR=49.81dB
    ViSQOL 계산 실패: Reference spectrum size (34) smaller than minimum patch size (45).
  [TSM_1.1x] BER=1.0 NC=-1.0 DSR=0 PLV= SI-SNR=dB
    ViSQOL 계산 실패: Reference spectrum size (34) smaller than minimum patch size (45).
  [AWGN_30dB] BER=1.0 NC=-1.0 DSR=0 PLV=0.9904 SI-SNR=29.88dB
    ViSQOL 계산 실패: Reference spectrum size (34) smaller than minimum patch size (45).
  [Limiter] BER=1.0 NC=-1.0 DSR=0 PLV=0.9997 SI-SNR=49.37dB
    ViSQOL 계산 실패: Reference spectrum size (34) smaller than minimum patch size (45).
  [Opus_32kbps] BER=1.0 NC=-1.0 DSR=0 PLV=0.9819 SI-SNR=23.65dB
    ViSQOL 계산 실패: Reference spectrum size (34) smaller than minimum patch size (45).
  [AAC_128kbps] BER=1.0 NC=-1.0 DSR=0 PLV=0.9985 SI-SNR=38.28dB
    ViSQOL 계산 실패: Reference spectrum size (34) smaller than minimum patch size (45).
  [TelephoneFilter] BER=1.0 NC=-1.0 DSR=0 PLV=0.5131 SI-SNR=-7.6dB
    ViSQOL 계산 실패: Reference spectrum size (34) smaller than minimum patch size (45).
  [EnCodec_6kbps] BER=1.0 NC=-1.0 DSR=0 PLV=0.5671 SI-SNR=6.22dB
    ViSQOL 계산 실패: Reference spectrum size (34) smaller than minimum patch size (45).
  [DAC] BER=1.0 NC=-1.0 DSR=0 PLV=0.405 SI-SNR=-9.53dB

[99/100] 통화 7761-0025.wav
  [OK] 임베딩 완료 (원본 sr=8000 -> 16kHz, 0.8초, encode SDR=49.52dB)
    ViSQOL 계산 실패: Reference spectrum size (36) smaller than minimum patch size (45).
  [NoAttack]  BER=1.0 NC=-1.0 DSR=0 PLV=0.9996 SI-SNR=49.52dB
    ViSQOL 계산 실패: Reference spectrum size (36) smaller than minimum patch size (45).
  [MP3_128kbps] BER=1.0 NC=-1.0 DSR=0 PLV=0.9995 SI-SNR=48.83dB
    ViSQOL 계산 실패: Reference spectrum size (36) smaller than minimum patch size (45).
  [MP3_320kbps] BER=1.0 NC=-1.0 DSR=0 PLV=0.9995 SI-SNR=48.85dB
    ViSQOL 계산 실패: Reference spectrum size (36) smaller than minimum patch size (45).
  [Resample_44100RT] BER=1.0 NC=-1.0 DSR=0 PLV=0.9995 SI-SNR=49.51dB
/home/hansung1/.vscode-server/audio/venv/lib/python3.10/site-packages/silentcipher/server.py:409: SmallSampleWarning: All axis-slices of one or more sample arguments are too small; all elements of returned arrays will be NaN. See documentation for sample size requirements.
  ord_values = st.mode(pred_values, keepdims=False).mode
/home/hansung1/.vscode-server/audio/venv/lib/python3.10/site-packages/silentcipher/server.py:409: SmallSampleWarning: All axis-slices of one or more sample arguments are too small; all elements of returned arrays will be NaN. See documentation for sample size requirements.
  ord_values = st.mode(pred_values, keepdims=False).mode
/home/hansung1/.vscode-server/audio/venv/lib/python3.10/site-packages/silentcipher/server.py:409: SmallSampleWarning: All axis-slices of one or more sample arguments are too small; all elements of returned arrays will be NaN. See documentation for sample size requirements.
  ord_values = st.mode(pred_values, keepdims=False).mode
/home/hansung1/.vscode-server/audio/venv/lib/python3.10/site-packages/silentcipher/server.py:409: SmallSampleWarning: All axis-slices of one or more sample arguments are too small; all elements of returned arrays will be NaN. See documentation for sample size requirements.
  ord_values = st.mode(pred_values, keepdims=False).mode
/home/hansung1/.vscode-server/audio/venv/lib/python3.10/site-packages/silentcipher/server.py:409: SmallSampleWarning: All axis-slices of one or more sample arguments are too small; all elements of returned arrays will be NaN. See documentation for sample size requirements.
  ord_values = st.mode(pred_values, keepdims=False).mode
/home/hansung1/.vscode-server/audio/venv/lib/python3.10/site-packages/silentcipher/server.py:409: SmallSampleWarning: All axis-slices of one or more sample arguments are too small; all elements of returned arrays will be NaN. See documentation for sample size requirements.
  ord_values = st.mode(pred_values, keepdims=False).mode
/home/hansung1/.vscode-server/audio/venv/lib/python3.10/site-packages/silentcipher/server.py:409: SmallSampleWarning: All axis-slices of one or more sample arguments are too small; all elements of returned arrays will be NaN. See documentation for sample size requirements.
  ord_values = st.mode(pred_values, keepdims=False).mode
/home/hansung1/.vscode-server/audio/venv/lib/python3.10/site-packages/silentcipher/server.py:409: SmallSampleWarning: All axis-slices of one or more sample arguments are too small; all elements of returned arrays will be NaN. See documentation for sample size requirements.
  ord_values = st.mode(pred_values, keepdims=False).mode
/home/hansung1/.vscode-server/audio/venv/lib/python3.10/site-packages/silentcipher/server.py:409: SmallSampleWarning: All axis-slices of one or more sample arguments are too small; all elements of returned arrays will be NaN. See documentation for sample size requirements.
  ord_values = st.mode(pred_values, keepdims=False).mode
/home/hansung1/.vscode-server/audio/venv/lib/python3.10/site-packages/silentcipher/server.py:409: SmallSampleWarning: All axis-slices of one or more sample arguments are too small; all elements of returned arrays will be NaN. See documentation for sample size requirements.
  ord_values = st.mode(pred_values, keepdims=False).mode
/home/hansung1/.vscode-server/audio/venv/lib/python3.10/site-packages/silentcipher/server.py:409: SmallSampleWarning: All axis-slices of one or more sample arguments are too small; all elements of returned arrays will be NaN. See documentation for sample size requirements.
  ord_values = st.mode(pred_values, keepdims=False).mode
/home/hansung1/.vscode-server/audio/venv/lib/python3.10/site-packages/silentcipher/server.py:409: SmallSampleWarning: All axis-slices of one or more sample arguments are too small; all elements of returned arrays will be NaN. See documentation for sample size requirements.
  ord_values = st.mode(pred_values, keepdims=False).mode
/home/hansung1/.vscode-server/audio/venv/lib/python3.10/site-packages/silentcipher/server.py:409: SmallSampleWarning: All axis-slices of one or more sample arguments are too small; all elements of returned arrays will be NaN. See documentation for sample size requirements.
  ord_values = st.mode(pred_values, keepdims=False).mode
/home/hansung1/.vscode-server/audio/venv/lib/python3.10/site-packages/silentcipher/server.py:409: SmallSampleWarning: All axis-slices of one or more sample arguments are too small; all elements of returned arrays will be NaN. See documentation for sample size requirements.
  ord_values = st.mode(pred_values, keepdims=False).mode
/home/hansung1/.vscode-server/audio/venv/lib/python3.10/site-packages/silentcipher/server.py:409: SmallSampleWarning: All axis-slices of one or more sample arguments are too small; all elements of returned arrays will be NaN. See documentation for sample size requirements.
  ord_values = st.mode(pred_values, keepdims=False).mode
/home/hansung1/.vscode-server/audio/venv/lib/python3.10/site-packages/silentcipher/server.py:409: SmallSampleWarning: All axis-slices of one or more sample arguments are too small; all elements of returned arrays will be NaN. See documentation for sample size requirements.
  ord_values = st.mode(pred_values, keepdims=False).mode
/home/hansung1/.vscode-server/audio/venv/lib/python3.10/site-packages/silentcipher/server.py:409: SmallSampleWarning: All axis-slices of one or more sample arguments are too small; all elements of returned arrays will be NaN. See documentation for sample size requirements.
  ord_values = st.mode(pred_values, keepdims=False).mode
/home/hansung1/.vscode-server/audio/venv/lib/python3.10/site-packages/silentcipher/server.py:409: SmallSampleWarning: All axis-slices of one or more sample arguments are too small; all elements of returned arrays will be NaN. See documentation for sample size requirements.
  ord_values = st.mode(pred_values, keepdims=False).mode
/home/hansung1/.vscode-server/audio/venv/lib/python3.10/site-packages/silentcipher/server.py:409: SmallSampleWarning: All axis-slices of one or more sample arguments are too small; all elements of returned arrays will be NaN. See documentation for sample size requirements.
  ord_values = st.mode(pred_values, keepdims=False).mode
/home/hansung1/.vscode-server/audio/venv/lib/python3.10/site-packages/silentcipher/server.py:409: SmallSampleWarning: All axis-slices of one or more sample arguments are too small; all elements of returned arrays will be NaN. See documentation for sample size requirements.
  ord_values = st.mode(pred_values, keepdims=False).mode
/home/hansung1/.vscode-server/audio/venv/lib/python3.10/site-packages/silentcipher/server.py:409: SmallSampleWarning: All axis-slices of one or more sample arguments are too small; all elements of returned arrays will be NaN. See documentation for sample size requirements.
  ord_values = st.mode(pred_values, keepdims=False).mode
    ViSQOL 계산 실패: Reference spectrum size (32) smaller than minimum patch size (45).
  [Crop_10pct] BER=1.0 NC=-1.0 DSR=0 PLV=0.9996 SI-SNR=49.98dB
    ViSQOL 계산 실패: Reference spectrum size (36) smaller than minimum patch size (45).
  [TSM_1.1x] BER=1.0 NC=-1.0 DSR=0 PLV= SI-SNR=dB
    ViSQOL 계산 실패: Reference spectrum size (36) smaller than minimum patch size (45).
  [AWGN_30dB] BER=1.0 NC=-1.0 DSR=0 PLV=0.987 SI-SNR=29.89dB
    ViSQOL 계산 실패: Reference spectrum size (36) smaller than minimum patch size (45).
  [Limiter] BER=1.0 NC=-1.0 DSR=0 PLV=0.9996 SI-SNR=49.52dB
    ViSQOL 계산 실패: Reference spectrum size (36) smaller than minimum patch size (45).
  [Opus_32kbps] BER=1.0 NC=-1.0 DSR=0 PLV=0.9857 SI-SNR=25.18dB
    ViSQOL 계산 실패: Reference spectrum size (36) smaller than minimum patch size (45).
  [AAC_128kbps] BER=1.0 NC=-1.0 DSR=0 PLV=0.9989 SI-SNR=43.11dB
    ViSQOL 계산 실패: Reference spectrum size (36) smaller than minimum patch size (45).
  [TelephoneFilter] BER=1.0 NC=-1.0 DSR=0 PLV=0.5928 SI-SNR=-9.23dB
    ViSQOL 계산 실패: Reference spectrum size (36) smaller than minimum patch size (45).
  [EnCodec_6kbps] BER=1.0 NC=-1.0 DSR=0 PLV=0.6373 SI-SNR=8.15dB
    ViSQOL 계산 실패: Reference spectrum size (36) smaller than minimum patch size (45).
  [DAC] BER=1.0 NC=-1.0 DSR=0 PLV=0.3146 SI-SNR=-9.92dB

[100/100] 통화 7763-0020.wav
  [OK] 임베딩 완료 (원본 sr=8000 -> 16kHz, 0.8초, encode SDR=50.04dB)
    ViSQOL 계산 실패: Reference spectrum size (35) smaller than minimum patch size (45).
  [NoAttack]  BER=1.0 NC=-1.0 DSR=0 PLV=0.9998 SI-SNR=49.97dB
    ViSQOL 계산 실패: Reference spectrum size (35) smaller than minimum patch size (45).
  [MP3_128kbps] BER=1.0 NC=-1.0 DSR=0 PLV=0.9994 SI-SNR=43.08dB
    ViSQOL 계산 실패: Reference spectrum size (35) smaller than minimum patch size (45).
  [MP3_320kbps] BER=1.0 NC=-1.0 DSR=0 PLV=0.9994 SI-SNR=43.13dB
    ViSQOL 계산 실패: Reference spectrum size (35) smaller than minimum patch size (45).
  [Resample_44100RT] BER=1.0 NC=-1.0 DSR=0 PLV=0.9998 SI-SNR=49.93dB
    ViSQOL 계산 실패: Reference spectrum size (32) smaller than minimum patch size (45).
  [Crop_10pct] BER=1.0 NC=-1.0 DSR=0 PLV=0.9998 SI-SNR=50.39dB
    ViSQOL 계산 실패: Reference spectrum size (35) smaller than minimum patch size (45).
  [TSM_1.1x] BER=1.0 NC=-1.0 DSR=0 PLV= SI-SNR=dB
    ViSQOL 계산 실패: Reference spectrum size (35) smaller than minimum patch size (45).
  [AWGN_30dB] BER=1.0 NC=-1.0 DSR=0 PLV=0.9964 SI-SNR=29.88dB
    ViSQOL 계산 실패: Reference spectrum size (35) smaller than minimum patch size (45).
  [Limiter] BER=1.0 NC=-1.0 DSR=0 PLV=0.9998 SI-SNR=49.97dB
    ViSQOL 계산 실패: Reference spectrum size (35) smaller than minimum patch size (45).
  [Opus_32kbps] BER=1.0 NC=-1.0 DSR=0 PLV=0.963 SI-SNR=17.01dB
    ViSQOL 계산 실패: Reference spectrum size (35) smaller than minimum patch size (45).
  [AAC_128kbps] BER=1.0 NC=-1.0 DSR=0 PLV=0.9977 SI-SNR=28.71dB
    ViSQOL 계산 실패: Reference spectrum size (35) smaller than minimum patch size (45).
  [TelephoneFilter] BER=1.0 NC=-1.0 DSR=0 PLV=0.4218 SI-SNR=-11.16dB
    ViSQOL 계산 실패: Reference spectrum size (35) smaller than minimum patch size (45).
  [EnCodec_6kbps] BER=1.0 NC=-1.0 DSR=0 PLV=0.3557 SI-SNR=1.35dB
    ViSQOL 계산 실패: Reference spectrum size (35) smaller than minimum patch size (45).
  [DAC] BER=1.0 NC=-1.0 DSR=0 PLV=0.2902 SI-SNR=-5.07dB

============================================================
  전체 파이프라인 완료
============================================================
  단계                       BER      DSR      PLV      SI-SNR     판정
  -----------------------------------------------------------------
  NoAttack                 0.2125   81.0%     0.9996   49.44dB     붕괴
  MP3_128kbps              0.2133   81.0%     0.9926   38.19dB     붕괴
  MP3_320kbps              0.2133   81.0%     0.9926   38.2dB     붕괴
  Resample_44100RT         0.2121   81.0%     0.9995   46.62dB     붕괴
  Crop_10pct               0.3708   66.0%     0.9996   49.28dB     붕괴
  TSM_1.1x                 0.9021   17.0%              dB     붕괴
  AWGN_30dB                0.7471   34.0%     0.9853   29.94dB     붕괴
  Limiter                  0.2125   81.0%     0.9995   45.23dB     붕괴
  Opus_32kbps              0.7117   36.0%     0.9648   20.86dB     붕괴
  AAC_128kbps              0.2233   80.0%     0.9983   37.89dB     붕괴
  TelephoneFilter          0.5288   52.0%     0.3832   -8.11dB     붕괴
  EnCodec_6kbps            0.8938   18.0%     0.5617   6.12dB     붕괴
  DAC                      0.8392   28.0%     0.321    -11.22dB     붕괴
============================================================
  전체 결과 CSV : /home/hansung1/.vscode-server/audio/sc16_pipeline_full_results/pipeline_full_results.csv
  요약 CSV      : /home/hansung1/.vscode-server/audio/sc16_pipeline_full_results/pipeline_full_summary.csv
  콘텐츠 특성 CSV: /home/hansung1/.vscode-server/audio/sc16_pipeline_full_results/content_features.csv
  임베딩 결과   : /home/hansung1/.vscode-server/audio/sc16_embed
  16k 원본      : /home/hansung1/.vscode-server/audio/sc16_pipeline_full_results/original_16k_mono
  차이 스펙트로그램(1300개): /home/hansung1/.vscode-server/audio/sc16_pipeline_full_results/diff_spectrograms
============================================================
