SilentCipher SC-44 모델 로딩 중...
ckpt path or config path does not exist! Downloading the model from the Hugging Face Hub...
Fetching 13 files:   0%|          | 0/13 [00:00<?, ?it/s]Fetching 13 files: 100%|██████████| 13/13 [00:00<00:00, 835.15it/s]
완료!

메시지: [123, 234, 111, 222, 11] (40비트)
총 원본 파일 수: 100개
============================================================
공격 단계: ['MP3_128kbps', 'MP3_320kbps', 'Resample_44100-16000RT', 'Crop_10pct', 'TSM_1.1x', 'AWGN_30dB', 'Limiter', 'Opus_64kbps', 'Opus_32kbps', 'AAC_128kbps', 'TelephoneFilter', 'EnCodec_6kbps', 'DAC']
※ 44.1kHz 전체 트랙을 그대로 처리하므로 Limiter처럼 샘플 단위 루프가 있는
   공격은 파일당 다소 시간이 걸릴 수 있습니다.
============================================================

[1/100] 0431_민속악_판소리.wav
Using the default SDR of 47 dB
  [OK] 임베딩 완료 (원본 sr=48000 -> 44.1kHz, 10.1초, encode SDR=48.58dB)
  [NoAttack]  BER=0.0 NC=1.0 DSR=1 PLV=0.9997 SI-SNR=48.6dB
  [MP3_128kbps] BER=0.0 NC=1.0 DSR=1 PLV=0.9894 SI-SNR=32.91dB
  [MP3_320kbps] BER=0.0 NC=1.0 DSR=1 PLV=0.9988 SI-SNR=46.92dB
  [Resample_44100-16000RT] BER=0.025 NC=0.95 DSR=1 PLV=0.8942 SI-SNR=21.26dB
  [Crop_10pct] BER=0.225 NC=0.55 DSR=1 PLV=0.9997 SI-SNR=48.52dB
  [TSM_1.1x] BER=0.55 NC=-0.1 DSR=1 PLV= SI-SNR=dB
  [AWGN_30dB] BER=0.0 NC=1.0 DSR=1 PLV=0.9812 SI-SNR=29.93dB
  [Limiter] BER=0.0 NC=1.0 DSR=1 PLV=0.9997 SI-SNR=48.6dB
  [Opus_64kbps] BER=0.175 NC=0.65 DSR=1 PLV=0.9538 SI-SNR=19.97dB
  [Opus_32kbps] BER=1.0 NC=-1.0 DSR=0 PLV=0.8634 SI-SNR=13.93dB
  [AAC_128kbps] BER=0.0 NC=1.0 DSR=1 PLV=0.9894 SI-SNR=31.35dB
  [TelephoneFilter] BER=1.0 NC=-1.0 DSR=0 PLV=0.2761 SI-SNR=-5.02dB
  [EnCodec_6kbps] BER=1.0 NC=-1.0 DSR=0 PLV=0.3499 SI-SNR=1.29dB
  [DAC] BER=0.575 NC=-0.15 DSR=1 PLV=0.1636 SI-SNR=-12.56dB

[2/100] 0435_민속악_판소리.wav
Using the default SDR of 47 dB
  [OK] 임베딩 완료 (원본 sr=48000 -> 44.1kHz, 10.1초, encode SDR=48.56dB)
  [NoAttack]  BER=0.0 NC=1.0 DSR=1 PLV=0.9997 SI-SNR=48.57dB
  [MP3_128kbps] BER=0.0 NC=1.0 DSR=1 PLV=0.9886 SI-SNR=32.69dB
  [MP3_320kbps] BER=0.0 NC=1.0 DSR=1 PLV=0.9983 SI-SNR=46.12dB
  [Resample_44100-16000RT] BER=0.0 NC=1.0 DSR=1 PLV=0.8797 SI-SNR=19.51dB
  [Crop_10pct] BER=0.0 NC=1.0 DSR=1 PLV=0.9997 SI-SNR=48.54dB
  [TSM_1.1x] BER=1.0 NC=-1.0 DSR=0 PLV= SI-SNR=dB
  [AWGN_30dB] BER=0.0 NC=1.0 DSR=1 PLV=0.9809 SI-SNR=29.95dB
  [Limiter] BER=0.0 NC=1.0 DSR=1 PLV=0.9997 SI-SNR=48.57dB
  [Opus_64kbps] BER=0.05 NC=0.9 DSR=1 PLV=0.9583 SI-SNR=20.69dB
  [Opus_32kbps] BER=0.45 NC=0.1 DSR=1 PLV=0.8856 SI-SNR=15.55dB
  [AAC_128kbps] BER=0.0 NC=1.0 DSR=1 PLV=0.9883 SI-SNR=31.44dB
  [TelephoneFilter] BER=0.375 NC=0.25 DSR=1 PLV=0.284 SI-SNR=-5.37dB
  [EnCodec_6kbps] BER=1.0 NC=-1.0 DSR=0 PLV=0.3949 SI-SNR=1.51dB
  [DAC] BER=0.625 NC=-0.25 DSR=1 PLV=0.1999 SI-SNR=-14.22dB

[3/100] 0437_민속악_판소리.wav
Using the default SDR of 47 dB
  [OK] 임베딩 완료 (원본 sr=48000 -> 44.1kHz, 10.1초, encode SDR=48.49dB)
  [NoAttack]  BER=0.0 NC=1.0 DSR=1 PLV=0.9996 SI-SNR=48.51dB
  [MP3_128kbps] BER=0.0 NC=1.0 DSR=1 PLV=0.9886 SI-SNR=33.43dB
  [MP3_320kbps] BER=0.0 NC=1.0 DSR=1 PLV=0.9985 SI-SNR=46.79dB
  [Resample_44100-16000RT] BER=0.0 NC=1.0 DSR=1 PLV=0.8931 SI-SNR=21.68dB
  [Crop_10pct] BER=0.25 NC=0.5 DSR=1 PLV=0.9996 SI-SNR=48.49dB
  [TSM_1.1x] BER=1.0 NC=-1.0 DSR=0 PLV= SI-SNR=dB
  [AWGN_30dB] BER=0.0 NC=1.0 DSR=1 PLV=0.9797 SI-SNR=29.94dB
  [Limiter] BER=0.0 NC=1.0 DSR=1 PLV=0.9996 SI-SNR=48.51dB
  [Opus_64kbps] BER=0.075 NC=0.85 DSR=1 PLV=0.962 SI-SNR=20.78dB
  [Opus_32kbps] BER=0.3 NC=0.4 DSR=1 PLV=0.8992 SI-SNR=15.54dB
  [AAC_128kbps] BER=0.0 NC=1.0 DSR=1 PLV=0.9886 SI-SNR=32.01dB
  [TelephoneFilter] BER=0.15 NC=0.7 DSR=1 PLV=0.2604 SI-SNR=-6.29dB
  [EnCodec_6kbps] BER=1.0 NC=-1.0 DSR=0 PLV=0.3773 SI-SNR=1.01dB
  [DAC] BER=1.0 NC=-1.0 DSR=0 PLV=0.1949 SI-SNR=-12.67dB

[4/100] 0438_민속악_판소리.wav
Using the default SDR of 47 dB
  [OK] 임베딩 완료 (원본 sr=48000 -> 44.1kHz, 10.1초, encode SDR=48.52dB)
  [NoAttack]  BER=0.0 NC=1.0 DSR=1 PLV=0.9997 SI-SNR=48.53dB
  [MP3_128kbps] BER=0.0 NC=1.0 DSR=1 PLV=0.9887 SI-SNR=33.09dB
  [MP3_320kbps] BER=0.0 NC=1.0 DSR=1 PLV=0.9984 SI-SNR=46.53dB
  [Resample_44100-16000RT] BER=0.0 NC=1.0 DSR=1 PLV=0.89 SI-SNR=21.32dB
  [Crop_10pct] BER=0.15 NC=0.7 DSR=1 PLV=0.9997 SI-SNR=48.41dB
  [TSM_1.1x] BER=0.3 NC=0.4 DSR=1 PLV= SI-SNR=dB
  [AWGN_30dB] BER=0.05 NC=0.9 DSR=1 PLV=0.9805 SI-SNR=29.94dB
  [Limiter] BER=0.0 NC=1.0 DSR=1 PLV=0.9997 SI-SNR=48.53dB
  [Opus_64kbps] BER=0.425 NC=0.15 DSR=1 PLV=0.9558 SI-SNR=20.54dB
  [Opus_32kbps] BER=0.175 NC=0.65 DSR=1 PLV=0.8823 SI-SNR=15.02dB
  [AAC_128kbps] BER=0.0 NC=1.0 DSR=1 PLV=0.9888 SI-SNR=31.46dB
  [TelephoneFilter] BER=1.0 NC=-1.0 DSR=0 PLV=0.3079 SI-SNR=-3.63dB
  [EnCodec_6kbps] BER=0.475 NC=0.05 DSR=1 PLV=0.3682 SI-SNR=0.67dB
  [DAC] BER=1.0 NC=-1.0 DSR=0 PLV=0.1227 SI-SNR=-35.66dB

[5/100] 0442_민속악_판소리.wav
Using the default SDR of 47 dB
  [OK] 임베딩 완료 (원본 sr=48000 -> 44.1kHz, 10.1초, encode SDR=48.49dB)
  [NoAttack]  BER=0.0 NC=1.0 DSR=1 PLV=0.9997 SI-SNR=48.51dB
  [MP3_128kbps] BER=0.0 NC=1.0 DSR=1 PLV=0.9888 SI-SNR=33.89dB
  [MP3_320kbps] BER=0.0 NC=1.0 DSR=1 PLV=0.9985 SI-SNR=46.55dB
  [Resample_44100-16000RT] BER=0.0 NC=1.0 DSR=1 PLV=0.8831 SI-SNR=21.89dB
  [Crop_10pct] BER=1.0 NC=-1.0 DSR=0 PLV=0.9997 SI-SNR=48.65dB
  [TSM_1.1x] BER=1.0 NC=-1.0 DSR=0 PLV= SI-SNR=dB
  [AWGN_30dB] BER=0.0 NC=1.0 DSR=1 PLV=0.9774 SI-SNR=29.95dB
  [Limiter] BER=0.0 NC=1.0 DSR=1 PLV=0.9997 SI-SNR=48.51dB
  [Opus_64kbps] BER=0.1 NC=0.8 DSR=1 PLV=0.9538 SI-SNR=21.98dB
  [Opus_32kbps] BER=0.475 NC=0.05 DSR=1 PLV=0.8728 SI-SNR=16.45dB
  [AAC_128kbps] BER=0.0 NC=1.0 DSR=1 PLV=0.9878 SI-SNR=31.82dB
  [TelephoneFilter] BER=0.275 NC=0.45 DSR=1 PLV=0.3589 SI-SNR=-0.98dB
  [EnCodec_6kbps] BER=0.55 NC=-0.1 DSR=1 PLV=0.3799 SI-SNR=2.43dB
  [DAC] BER=0.5 NC=0.0 DSR=1 PLV=0.1431 SI-SNR=-13.86dB

[6/100] 0451_민속악_판소리.wav
Using the default SDR of 47 dB
  [OK] 임베딩 완료 (원본 sr=48000 -> 44.1kHz, 10.1초, encode SDR=48.49dB)
  [NoAttack]  BER=0.0 NC=1.0 DSR=1 PLV=0.9996 SI-SNR=48.5dB
  [MP3_128kbps] BER=0.0 NC=1.0 DSR=1 PLV=0.9859 SI-SNR=32.86dB
  [MP3_320kbps] BER=0.0 NC=1.0 DSR=1 PLV=0.9976 SI-SNR=45.0dB
  [Resample_44100-16000RT] BER=0.0 NC=1.0 DSR=1 PLV=0.8745 SI-SNR=18.72dB
  [Crop_10pct] BER=0.0 NC=1.0 DSR=1 PLV=0.9996 SI-SNR=48.77dB
  [TSM_1.1x] BER=1.0 NC=-1.0 DSR=0 PLV= SI-SNR=dB
  [AWGN_30dB] BER=1.0 NC=-1.0 DSR=0 PLV=0.9788 SI-SNR=29.94dB
  [Limiter] BER=0.0 NC=1.0 DSR=1 PLV=0.9996 SI-SNR=48.5dB
  [Opus_64kbps] BER=1.0 NC=-1.0 DSR=0 PLV=0.9625 SI-SNR=21.83dB
  [Opus_32kbps] BER=1.0 NC=-1.0 DSR=0 PLV=0.9023 SI-SNR=15.98dB
  [AAC_128kbps] BER=0.0 NC=1.0 DSR=1 PLV=0.9859 SI-SNR=30.83dB
  [TelephoneFilter] BER=1.0 NC=-1.0 DSR=0 PLV=0.2938 SI-SNR=-7.63dB
  [EnCodec_6kbps] BER=0.575 NC=-0.15 DSR=1 PLV=0.2924 SI-SNR=-3.32dB
  [DAC] BER=0.6 NC=-0.2 DSR=1 PLV=0.1026 SI-SNR=-18.81dB

[7/100] 0466_민속악_판소리.wav
Using the default SDR of 47 dB
  [OK] 임베딩 완료 (원본 sr=48000 -> 44.1kHz, 10.1초, encode SDR=48.52dB)
  [NoAttack]  BER=0.0 NC=1.0 DSR=1 PLV=0.9997 SI-SNR=48.53dB
  [MP3_128kbps] BER=0.0 NC=1.0 DSR=1 PLV=0.9878 SI-SNR=31.98dB
  [MP3_320kbps] BER=0.0 NC=1.0 DSR=1 PLV=0.9985 SI-SNR=45.76dB
  [Resample_44100-16000RT] BER=0.0 NC=1.0 DSR=1 PLV=0.8813 SI-SNR=19.01dB
  [Crop_10pct] BER=0.0 NC=1.0 DSR=1 PLV=0.9997 SI-SNR=48.85dB
  [TSM_1.1x] BER=0.3 NC=0.4 DSR=1 PLV= SI-SNR=dB
  [AWGN_30dB] BER=0.0 NC=1.0 DSR=1 PLV=0.9813 SI-SNR=29.94dB
  [Limiter] BER=0.0 NC=1.0 DSR=1 PLV=0.9997 SI-SNR=48.53dB
  [Opus_64kbps] BER=0.025 NC=0.95 DSR=1 PLV=0.9563 SI-SNR=20.46dB
  [Opus_32kbps] BER=1.0 NC=-1.0 DSR=0 PLV=0.8817 SI-SNR=14.8dB
  [AAC_128kbps] BER=0.0 NC=1.0 DSR=1 PLV=0.9877 SI-SNR=29.8dB
  [TelephoneFilter] BER=1.0 NC=-1.0 DSR=0 PLV=0.3841 SI-SNR=-1.02dB
  [EnCodec_6kbps] BER=0.575 NC=-0.15 DSR=1 PLV=0.3107 SI-SNR=-1.68dB
  [DAC] BER=1.0 NC=-1.0 DSR=0 PLV=0.0837 SI-SNR=-14.73dB

[8/100] 0467_민속악_판소리.wav
Using the default SDR of 47 dB
  [OK] 임베딩 완료 (원본 sr=48000 -> 44.1kHz, 10.1초, encode SDR=48.56dB)
  [NoAttack]  BER=0.0 NC=1.0 DSR=1 PLV=0.9997 SI-SNR=48.57dB
  [MP3_128kbps] BER=0.0 NC=1.0 DSR=1 PLV=0.9874 SI-SNR=31.58dB
  [MP3_320kbps] BER=0.0 NC=1.0 DSR=1 PLV=0.9981 SI-SNR=45.38dB
  [Resample_44100-16000RT] BER=0.0 NC=1.0 DSR=1 PLV=0.8603 SI-SNR=18.18dB
  [Crop_10pct] BER=0.0 NC=1.0 DSR=1 PLV=0.9997 SI-SNR=48.51dB
  [TSM_1.1x] BER=1.0 NC=-1.0 DSR=0 PLV= SI-SNR=dB
  [AWGN_30dB] BER=0.0 NC=1.0 DSR=1 PLV=0.9808 SI-SNR=29.94dB
  [Limiter] BER=0.0 NC=1.0 DSR=1 PLV=0.9997 SI-SNR=48.57dB
  [Opus_64kbps] BER=1.0 NC=-1.0 DSR=0 PLV=0.9525 SI-SNR=20.3dB
  [Opus_32kbps] BER=0.525 NC=-0.05 DSR=1 PLV=0.8628 SI-SNR=14.34dB
  [AAC_128kbps] BER=0.0 NC=1.0 DSR=1 PLV=0.9869 SI-SNR=29.88dB
  [TelephoneFilter] BER=1.0 NC=-1.0 DSR=0 PLV=0.3196 SI-SNR=-2.9dB
  [EnCodec_6kbps] BER=1.0 NC=-1.0 DSR=0 PLV=0.3177 SI-SNR=-0.42dB
  [DAC] BER=1.0 NC=-1.0 DSR=0 PLV=0.1402 SI-SNR=-60.84dB

[9/100] 0477_민속악_판소리.wav
Using the default SDR of 47 dB
  [OK] 임베딩 완료 (원본 sr=48000 -> 44.1kHz, 10.1초, encode SDR=48.56dB)
  [NoAttack]  BER=0.0 NC=1.0 DSR=1 PLV=0.9997 SI-SNR=48.58dB
  [MP3_128kbps] BER=0.0 NC=1.0 DSR=1 PLV=0.9867 SI-SNR=32.66dB
  [MP3_320kbps] BER=0.0 NC=1.0 DSR=1 PLV=0.9979 SI-SNR=45.6dB
  [Resample_44100-16000RT] BER=0.0 NC=1.0 DSR=1 PLV=0.8759 SI-SNR=20.95dB
  [Crop_10pct] BER=0.0 NC=1.0 DSR=1 PLV=0.9997 SI-SNR=48.64dB
  [TSM_1.1x] BER=1.0 NC=-1.0 DSR=0 PLV= SI-SNR=dB
  [AWGN_30dB] BER=1.0 NC=-1.0 DSR=0 PLV=0.9788 SI-SNR=29.93dB
  [Limiter] BER=0.0 NC=1.0 DSR=1 PLV=0.9997 SI-SNR=48.58dB
  [Opus_64kbps] BER=0.05 NC=0.9 DSR=1 PLV=0.9549 SI-SNR=21.47dB
  [Opus_32kbps] BER=0.35 NC=0.3 DSR=1 PLV=0.875 SI-SNR=15.62dB
  [AAC_128kbps] BER=1.0 NC=-1.0 DSR=0 PLV=0.9859 SI-SNR=29.99dB
  [TelephoneFilter] BER=1.0 NC=-1.0 DSR=0 PLV=0.3691 SI-SNR=-0.84dB
  [EnCodec_6kbps] BER=1.0 NC=-1.0 DSR=0 PLV=0.3346 SI-SNR=0.8dB
  [DAC] BER=1.0 NC=-1.0 DSR=0 PLV=0.1483 SI-SNR=-12.72dB

[10/100] 0479_민속악_판소리.wav
Using the default SDR of 47 dB
  [OK] 임베딩 완료 (원본 sr=48000 -> 44.1kHz, 10.1초, encode SDR=48.52dB)
  [NoAttack]  BER=0.0 NC=1.0 DSR=1 PLV=0.9997 SI-SNR=48.53dB
  [MP3_128kbps] BER=0.0 NC=1.0 DSR=1 PLV=0.9874 SI-SNR=32.93dB
  [MP3_320kbps] BER=0.0 NC=1.0 DSR=1 PLV=0.9981 SI-SNR=45.42dB
  [Resample_44100-16000RT] BER=0.0 NC=1.0 DSR=1 PLV=0.8831 SI-SNR=20.09dB
  [Crop_10pct] BER=0.0 NC=1.0 DSR=1 PLV=0.9996 SI-SNR=48.43dB
  [TSM_1.1x] BER=0.45 NC=0.1 DSR=1 PLV= SI-SNR=dB
  [AWGN_30dB] BER=0.0 NC=1.0 DSR=1 PLV=0.9799 SI-SNR=29.94dB
  [Limiter] BER=0.0 NC=1.0 DSR=1 PLV=0.9997 SI-SNR=48.53dB
  [Opus_64kbps] BER=0.05 NC=0.9 DSR=1 PLV=0.9621 SI-SNR=22.03dB
  [Opus_32kbps] BER=0.375 NC=0.25 DSR=1 PLV=0.8932 SI-SNR=16.1dB
  [AAC_128kbps] BER=0.0 NC=1.0 DSR=1 PLV=0.987 SI-SNR=30.64dB
  [TelephoneFilter] BER=0.425 NC=0.15 DSR=1 PLV=0.3556 SI-SNR=-3.64dB
  [EnCodec_6kbps] BER=0.45 NC=0.1 DSR=1 PLV=0.3559 SI-SNR=0.86dB
  [DAC] BER=1.0 NC=-1.0 DSR=0 PLV=0.1356 SI-SNR=-28.83dB

[11/100] 0484_민속악_판소리.wav
Using the default SDR of 47 dB
  [OK] 임베딩 완료 (원본 sr=48000 -> 44.1kHz, 10.1초, encode SDR=48.57dB)
  [NoAttack]  BER=0.0 NC=1.0 DSR=1 PLV=0.9996 SI-SNR=48.58dB
  [MP3_128kbps] BER=0.0 NC=1.0 DSR=1 PLV=0.9887 SI-SNR=33.43dB
  [MP3_320kbps] BER=0.0 NC=1.0 DSR=1 PLV=0.9983 SI-SNR=46.56dB
  [Resample_44100-16000RT] BER=0.0 NC=1.0 DSR=1 PLV=0.8947 SI-SNR=22.02dB
  [Crop_10pct] BER=0.0 NC=1.0 DSR=1 PLV=0.9996 SI-SNR=48.52dB
  [TSM_1.1x] BER=1.0 NC=-1.0 DSR=0 PLV= SI-SNR=dB
  [AWGN_30dB] BER=0.0 NC=1.0 DSR=1 PLV=0.98 SI-SNR=29.95dB
  [Limiter] BER=0.0 NC=1.0 DSR=1 PLV=0.9996 SI-SNR=48.58dB
  [Opus_64kbps] BER=0.075 NC=0.85 DSR=1 PLV=0.9598 SI-SNR=21.78dB
  [Opus_32kbps] BER=0.15 NC=0.7 DSR=1 PLV=0.8874 SI-SNR=16.06dB
  [AAC_128kbps] BER=0.0 NC=1.0 DSR=1 PLV=0.9887 SI-SNR=31.97dB
  [TelephoneFilter] BER=0.1 NC=0.8 DSR=1 PLV=0.3498 SI-SNR=-3.25dB
  [EnCodec_6kbps] BER=0.575 NC=-0.15 DSR=1 PLV=0.3668 SI-SNR=1.28dB
  [DAC] BER=0.4 NC=0.2 DSR=1 PLV=0.1191 SI-SNR=-21.94dB

[12/100] 0487_민속악_판소리.wav
Using the default SDR of 47 dB
  [OK] 임베딩 완료 (원본 sr=48000 -> 44.1kHz, 10.1초, encode SDR=48.55dB)
  [NoAttack]  BER=0.0 NC=1.0 DSR=1 PLV=0.9997 SI-SNR=48.56dB
  [MP3_128kbps] BER=0.0 NC=1.0 DSR=1 PLV=0.9882 SI-SNR=32.63dB
  [MP3_320kbps] BER=0.0 NC=1.0 DSR=1 PLV=0.998 SI-SNR=45.38dB
  [Resample_44100-16000RT] BER=0.0 NC=1.0 DSR=1 PLV=0.8846 SI-SNR=20.06dB
  [Crop_10pct] BER=0.275 NC=0.45 DSR=1 PLV=0.9997 SI-SNR=48.47dB
  [TSM_1.1x] BER=1.0 NC=-1.0 DSR=0 PLV= SI-SNR=dB
  [AWGN_30dB] BER=0.0 NC=1.0 DSR=1 PLV=0.9815 SI-SNR=29.93dB
  [Limiter] BER=0.0 NC=1.0 DSR=1 PLV=0.9997 SI-SNR=48.56dB
  [Opus_64kbps] BER=1.0 NC=-1.0 DSR=0 PLV=0.9542 SI-SNR=20.26dB
  [Opus_32kbps] BER=1.0 NC=-1.0 DSR=0 PLV=0.8749 SI-SNR=14.52dB
  [AAC_128kbps] BER=0.0 NC=1.0 DSR=1 PLV=0.9873 SI-SNR=30.29dB
  [TelephoneFilter] BER=0.3 NC=0.4 DSR=1 PLV=0.3763 SI-SNR=-2.13dB
  [EnCodec_6kbps] BER=1.0 NC=-1.0 DSR=0 PLV=0.3247 SI-SNR=-1.76dB
  [DAC] BER=0.5 NC=0.0 DSR=1 PLV=0.1314 SI-SNR=-14.01dB

[13/100] 0488_민속악_판소리.wav
Using the default SDR of 47 dB
  [OK] 임베딩 완료 (원본 sr=48000 -> 44.1kHz, 10.1초, encode SDR=48.57dB)
  [NoAttack]  BER=0.0 NC=1.0 DSR=1 PLV=0.9996 SI-SNR=48.59dB
  [MP3_128kbps] BER=0.0 NC=1.0 DSR=1 PLV=0.9858 SI-SNR=32.25dB
  [MP3_320kbps] BER=0.0 NC=1.0 DSR=1 PLV=0.9976 SI-SNR=45.16dB
  [Resample_44100-16000RT] BER=0.0 NC=1.0 DSR=1 PLV=0.8493 SI-SNR=18.77dB
  [Crop_10pct] BER=1.0 NC=-1.0 DSR=0 PLV=0.9997 SI-SNR=48.97dB
  [TSM_1.1x] BER=0.475 NC=0.05 DSR=1 PLV= SI-SNR=dB
  [AWGN_30dB] BER=0.0 NC=1.0 DSR=1 PLV=0.9789 SI-SNR=29.93dB
  [Limiter] BER=0.0 NC=1.0 DSR=1 PLV=0.9996 SI-SNR=48.59dB
  [Opus_64kbps] BER=0.025 NC=0.95 DSR=1 PLV=0.9503 SI-SNR=21.66dB
  [Opus_32kbps] BER=0.25 NC=0.5 DSR=1 PLV=0.8581 SI-SNR=15.64dB
  [AAC_128kbps] BER=0.0 NC=1.0 DSR=1 PLV=0.9849 SI-SNR=30.0dB
  [TelephoneFilter] BER=1.0 NC=-1.0 DSR=0 PLV=0.3539 SI-SNR=1.33dB
  [EnCodec_6kbps] BER=1.0 NC=-1.0 DSR=0 PLV=0.3185 SI-SNR=0.68dB
  [DAC] BER=0.475 NC=0.05 DSR=1 PLV=0.1272 SI-SNR=-6.28dB

[14/100] 0496_민속악_판소리.wav
Using the default SDR of 47 dB
  [OK] 임베딩 완료 (원본 sr=48000 -> 44.1kHz, 10.1초, encode SDR=48.47dB)
  [NoAttack]  BER=0.0 NC=1.0 DSR=1 PLV=0.9997 SI-SNR=48.48dB
  [MP3_128kbps] BER=0.0 NC=1.0 DSR=1 PLV=0.9905 SI-SNR=33.5dB
  [MP3_320kbps] BER=0.0 NC=1.0 DSR=1 PLV=0.9989 SI-SNR=47.14dB
  [Resample_44100-16000RT] BER=0.0 NC=1.0 DSR=1 PLV=0.9174 SI-SNR=24.67dB
  [Crop_10pct] BER=0.0 NC=1.0 DSR=1 PLV=0.9997 SI-SNR=48.33dB
  [TSM_1.1x] BER=1.0 NC=-1.0 DSR=0 PLV= SI-SNR=dB
  [AWGN_30dB] BER=0.0 NC=1.0 DSR=1 PLV=0.9797 SI-SNR=29.94dB
  [Limiter] BER=0.0 NC=1.0 DSR=1 PLV=0.9997 SI-SNR=48.48dB
  [Opus_64kbps] BER=1.0 NC=-1.0 DSR=0 PLV=0.9604 SI-SNR=20.83dB
  [Opus_32kbps] BER=1.0 NC=-1.0 DSR=0 PLV=0.8914 SI-SNR=15.55dB
  [AAC_128kbps] BER=0.0 NC=1.0 DSR=1 PLV=0.9917 SI-SNR=33.79dB
  [TelephoneFilter] BER=1.0 NC=-1.0 DSR=0 PLV=0.424 SI-SNR=-1.65dB
  [EnCodec_6kbps] BER=0.625 NC=-0.25 DSR=1 PLV=0.4273 SI-SNR=2.76dB
  [DAC] BER=1.0 NC=-1.0 DSR=0 PLV=0.1597 SI-SNR=-22.43dB

[15/100] 0497_민속악_판소리.wav
Using the default SDR of 47 dB
  [OK] 임베딩 완료 (원본 sr=48000 -> 44.1kHz, 10.1초, encode SDR=48.48dB)
  [NoAttack]  BER=0.0 NC=1.0 DSR=1 PLV=0.9994 SI-SNR=48.49dB
  [MP3_128kbps] BER=0.0 NC=1.0 DSR=1 PLV=0.9924 SI-SNR=36.53dB
  [MP3_320kbps] BER=0.0 NC=1.0 DSR=1 PLV=0.9987 SI-SNR=47.79dB
  [Resample_44100-16000RT] BER=0.0 NC=1.0 DSR=1 PLV=0.9388 SI-SNR=27.71dB
  [Crop_10pct] BER=0.3 NC=0.4 DSR=1 PLV=0.9994 SI-SNR=48.65dB
  [TSM_1.1x] BER=1.0 NC=-1.0 DSR=0 PLV= SI-SNR=dB
  [AWGN_30dB] BER=0.025 NC=0.95 DSR=1 PLV=0.9759 SI-SNR=29.95dB
  [Limiter] BER=0.0 NC=1.0 DSR=1 PLV=0.9994 SI-SNR=48.49dB
  [Opus_64kbps] BER=0.0 NC=1.0 DSR=1 PLV=0.9702 SI-SNR=23.01dB
  [Opus_32kbps] BER=0.025 NC=0.95 DSR=1 PLV=0.9137 SI-SNR=17.86dB
  [AAC_128kbps] BER=0.0 NC=1.0 DSR=1 PLV=0.9935 SI-SNR=37.26dB
  [TelephoneFilter] BER=0.125 NC=0.75 DSR=1 PLV=0.3555 SI-SNR=-2.92dB
  [EnCodec_6kbps] BER=1.0 NC=-1.0 DSR=0 PLV=0.5294 SI-SNR=5.88dB
  [DAC] BER=1.0 NC=-1.0 DSR=0 PLV=0.2411 SI-SNR=-12.61dB

[16/100] 0505_민속악_판소리.wav
Using the default SDR of 47 dB
  [OK] 임베딩 완료 (원본 sr=48000 -> 44.1kHz, 10.1초, encode SDR=48.42dB)
  [NoAttack]  BER=0.0 NC=1.0 DSR=1 PLV=0.9996 SI-SNR=48.44dB
  [MP3_128kbps] BER=0.0 NC=1.0 DSR=1 PLV=0.9914 SI-SNR=34.69dB
  [MP3_320kbps] BER=0.0 NC=1.0 DSR=1 PLV=0.9986 SI-SNR=47.15dB
  [Resample_44100-16000RT] BER=0.0 NC=1.0 DSR=1 PLV=0.936 SI-SNR=28.08dB
  [Crop_10pct] BER=0.0 NC=1.0 DSR=1 PLV=0.9996 SI-SNR=48.73dB
  [TSM_1.1x] BER=1.0 NC=-1.0 DSR=0 PLV= SI-SNR=dB
  [AWGN_30dB] BER=0.025 NC=0.95 DSR=1 PLV=0.978 SI-SNR=29.95dB
  [Limiter] BER=0.0 NC=1.0 DSR=1 PLV=0.9996 SI-SNR=48.44dB
  [Opus_64kbps] BER=0.05 NC=0.9 DSR=1 PLV=0.9653 SI-SNR=21.31dB
  [Opus_32kbps] BER=0.2 NC=0.6 DSR=1 PLV=0.9011 SI-SNR=15.98dB
  [AAC_128kbps] BER=0.0 NC=1.0 DSR=1 PLV=0.9924 SI-SNR=34.45dB
  [TelephoneFilter] BER=0.575 NC=-0.15 DSR=1 PLV=0.4077 SI-SNR=-2.51dB
  [EnCodec_6kbps] BER=0.6 NC=-0.2 DSR=1 PLV=0.4783 SI-SNR=3.86dB
  [DAC] BER=1.0 NC=-1.0 DSR=0 PLV=0.1623 SI-SNR=-14.99dB

[17/100] 0507_민속악_판소리.wav
Using the default SDR of 47 dB
  [OK] 임베딩 완료 (원본 sr=48000 -> 44.1kHz, 10.1초, encode SDR=48.47dB)
  [NoAttack]  BER=0.0 NC=1.0 DSR=1 PLV=0.9996 SI-SNR=48.49dB
  [MP3_128kbps] BER=0.0 NC=1.0 DSR=1 PLV=0.9913 SI-SNR=34.81dB
  [MP3_320kbps] BER=0.0 NC=1.0 DSR=1 PLV=0.9988 SI-SNR=47.5dB
  [Resample_44100-16000RT] BER=0.0 NC=1.0 DSR=1 PLV=0.9318 SI-SNR=25.29dB
  [Crop_10pct] BER=0.025 NC=0.95 DSR=1 PLV=0.9996 SI-SNR=48.35dB
  [TSM_1.1x] BER=1.0 NC=-1.0 DSR=0 PLV= SI-SNR=dB
  [AWGN_30dB] BER=0.0 NC=1.0 DSR=1 PLV=0.9782 SI-SNR=29.94dB
  [Limiter] BER=0.0 NC=1.0 DSR=1 PLV=0.9996 SI-SNR=47.46dB
  [Opus_64kbps] BER=0.0 NC=1.0 DSR=1 PLV=0.9649 SI-SNR=21.72dB
  [Opus_32kbps] BER=1.0 NC=-1.0 DSR=0 PLV=0.9038 SI-SNR=16.62dB
  [AAC_128kbps] BER=0.0 NC=1.0 DSR=1 PLV=0.9922 SI-SNR=35.0dB
  [TelephoneFilter] BER=0.15 NC=0.7 DSR=1 PLV=0.3814 SI-SNR=-2.97dB
  [EnCodec_6kbps] BER=0.6 NC=-0.2 DSR=1 PLV=0.461 SI-SNR=4.28dB
  [DAC] BER=0.575 NC=-0.15 DSR=1 PLV=0.154 SI-SNR=-13.67dB

[18/100] 0514_민속악_판소리.wav
Using the default SDR of 47 dB
  [OK] 임베딩 완료 (원본 sr=48000 -> 44.1kHz, 10.1초, encode SDR=48.47dB)
  [NoAttack]  BER=0.0 NC=1.0 DSR=1 PLV=0.9995 SI-SNR=48.49dB
  [MP3_128kbps] BER=0.0 NC=1.0 DSR=1 PLV=0.9932 SI-SNR=36.6dB
  [MP3_320kbps] BER=0.0 NC=1.0 DSR=1 PLV=0.999 SI-SNR=47.85dB
  [Resample_44100-16000RT] BER=0.0 NC=1.0 DSR=1 PLV=0.9507 SI-SNR=30.5dB
  [Crop_10pct] BER=1.0 NC=-1.0 DSR=0 PLV=0.9995 SI-SNR=48.31dB
  [TSM_1.1x] BER=1.0 NC=-1.0 DSR=0 PLV= SI-SNR=dB
  [AWGN_30dB] BER=0.0 NC=1.0 DSR=1 PLV=0.9762 SI-SNR=29.94dB
  [Limiter] BER=0.0 NC=1.0 DSR=1 PLV=0.9995 SI-SNR=35.24dB
  [Opus_64kbps] BER=0.0 NC=1.0 DSR=1 PLV=0.9694 SI-SNR=22.06dB
  [Opus_32kbps] BER=1.0 NC=-1.0 DSR=0 PLV=0.9116 SI-SNR=16.98dB
  [AAC_128kbps] BER=0.0 NC=1.0 DSR=1 PLV=0.9939 SI-SNR=36.55dB
  [TelephoneFilter] BER=1.0 NC=-1.0 DSR=0 PLV=0.3283 SI-SNR=-5.23dB
  [EnCodec_6kbps] BER=0.575 NC=-0.15 DSR=1 PLV=0.531 SI-SNR=5.95dB
  [DAC] BER=0.475 NC=0.05 DSR=1 PLV=0.2153 SI-SNR=-8.11dB

[19/100] 0515_민속악_판소리.wav
Using the default SDR of 47 dB
  [OK] 임베딩 완료 (원본 sr=48000 -> 44.1kHz, 10.1초, encode SDR=48.44dB)
  [NoAttack]  BER=0.0 NC=1.0 DSR=1 PLV=0.9996 SI-SNR=48.46dB
  [MP3_128kbps] BER=0.0 NC=1.0 DSR=1 PLV=0.9918 SI-SNR=35.47dB
  [MP3_320kbps] BER=0.0 NC=1.0 DSR=1 PLV=0.9987 SI-SNR=47.43dB
  [Resample_44100-16000RT] BER=0.0 NC=1.0 DSR=1 PLV=0.9361 SI-SNR=27.86dB
  [Crop_10pct] BER=1.0 NC=-1.0 DSR=0 PLV=0.9996 SI-SNR=48.68dB
  [TSM_1.1x] BER=1.0 NC=-1.0 DSR=0 PLV= SI-SNR=dB
  [AWGN_30dB] BER=0.0 NC=1.0 DSR=1 PLV=0.9768 SI-SNR=29.93dB
  [Limiter] BER=0.0 NC=1.0 DSR=1 PLV=0.9996 SI-SNR=48.44dB
  [Opus_64kbps] BER=1.0 NC=-1.0 DSR=0 PLV=0.9648 SI-SNR=21.85dB
  [Opus_32kbps] BER=1.0 NC=-1.0 DSR=0 PLV=0.9029 SI-SNR=16.78dB
  [AAC_128kbps] BER=0.0 NC=1.0 DSR=1 PLV=0.9928 SI-SNR=35.62dB
  [TelephoneFilter] BER=1.0 NC=-1.0 DSR=0 PLV=0.3636 SI-SNR=-3.67dB
  [EnCodec_6kbps] BER=1.0 NC=-1.0 DSR=0 PLV=0.4866 SI-SNR=4.66dB
  [DAC] BER=1.0 NC=-1.0 DSR=0 PLV=0.2355 SI-SNR=-12.49dB

[20/100] 0519_민속악_판소리.wav
Using the default SDR of 47 dB
  [OK] 임베딩 완료 (원본 sr=48000 -> 44.1kHz, 10.1초, encode SDR=48.53dB)
  [NoAttack]  BER=0.0 NC=1.0 DSR=1 PLV=0.9994 SI-SNR=48.55dB
  [MP3_128kbps] BER=0.0 NC=1.0 DSR=1 PLV=0.9919 SI-SNR=36.03dB
  [MP3_320kbps] BER=0.0 NC=1.0 DSR=1 PLV=0.9986 SI-SNR=47.7dB
  [Resample_44100-16000RT] BER=0.0 NC=1.0 DSR=1 PLV=0.9411 SI-SNR=29.17dB
  [Crop_10pct] BER=0.1 NC=0.8 DSR=1 PLV=0.9993 SI-SNR=48.01dB
  [TSM_1.1x] BER=1.0 NC=-1.0 DSR=0 PLV= SI-SNR=dB
  [AWGN_30dB] BER=0.025 NC=0.95 DSR=1 PLV=0.9751 SI-SNR=29.94dB
  [Limiter] BER=0.0 NC=1.0 DSR=1 PLV=0.9994 SI-SNR=48.53dB
  [Opus_64kbps] BER=0.0 NC=1.0 DSR=1 PLV=0.9695 SI-SNR=22.95dB
  [Opus_32kbps] BER=0.0 NC=1.0 DSR=1 PLV=0.9107 SI-SNR=17.65dB
  [AAC_128kbps] BER=0.0 NC=1.0 DSR=1 PLV=0.9931 SI-SNR=36.53dB
  [TelephoneFilter] BER=0.125 NC=0.75 DSR=1 PLV=0.3725 SI-SNR=-4.0dB
  [EnCodec_6kbps] BER=1.0 NC=-1.0 DSR=0 PLV=0.5185 SI-SNR=5.73dB
  [DAC] BER=0.425 NC=0.15 DSR=1 PLV=0.201 SI-SNR=-10.95dB

[21/100] Similar_Dance_00002_Cover_Arrangement_A.wav
Using the default SDR of 47 dB
  [OK] 임베딩 완료 (원본 sr=44100 -> 44.1kHz, 10.0초, encode SDR=48.61dB)
  [NoAttack]  BER=0.0 NC=1.0 DSR=1 PLV=0.9997 SI-SNR=48.62dB
  [MP3_128kbps] BER=0.0 NC=1.0 DSR=1 PLV=0.9876 SI-SNR=32.6dB
  [MP3_320kbps] BER=0.0 NC=1.0 DSR=1 PLV=0.998 SI-SNR=46.38dB
  [Resample_44100-16000RT] BER=0.0 NC=1.0 DSR=1 PLV=0.8545 SI-SNR=23.33dB
  [Crop_10pct] BER=0.0 NC=1.0 DSR=1 PLV=0.9997 SI-SNR=48.61dB
  [TSM_1.1x] BER=1.0 NC=-1.0 DSR=0 PLV= SI-SNR=dB
  [AWGN_30dB] BER=0.0 NC=1.0 DSR=1 PLV=0.9768 SI-SNR=29.95dB
  [Limiter] BER=0.0 NC=1.0 DSR=1 PLV=0.9992 SI-SNR=20.29dB
  [Opus_64kbps] BER=1.0 NC=-1.0 DSR=0 PLV=0.9448 SI-SNR=20.34dB
  [Opus_32kbps] BER=1.0 NC=-1.0 DSR=0 PLV=0.8402 SI-SNR=15.61dB
  [AAC_128kbps] BER=0.0 NC=1.0 DSR=1 PLV=0.9876 SI-SNR=30.88dB
  [TelephoneFilter] BER=1.0 NC=-1.0 DSR=0 PLV=0.0999 SI-SNR=-21.23dB
  [EnCodec_6kbps] BER=1.0 NC=-1.0 DSR=0 PLV=0.4985 SI-SNR=9.71dB
  [DAC] BER=0.475 NC=0.05 DSR=1 PLV=0.2949 SI-SNR=3.25dB

[22/100] Similar_Dance_00002_Cover_Genre_A.wav
Using the default SDR of 47 dB
  [OK] 임베딩 완료 (원본 sr=44100 -> 44.1kHz, 10.0초, encode SDR=48.61dB)
  [NoAttack]  BER=0.0 NC=1.0 DSR=1 PLV=0.9998 SI-SNR=48.62dB
  [MP3_128kbps] BER=0.0 NC=1.0 DSR=1 PLV=0.9882 SI-SNR=32.49dB
  [MP3_320kbps] BER=0.0 NC=1.0 DSR=1 PLV=0.998 SI-SNR=45.72dB
  [Resample_44100-16000RT] BER=0.0 NC=1.0 DSR=1 PLV=0.864 SI-SNR=22.96dB
  [Crop_10pct] BER=0.275 NC=0.45 DSR=1 PLV=0.9998 SI-SNR=48.67dB
  [TSM_1.1x] BER=0.5 NC=0.0 DSR=1 PLV= SI-SNR=dB
  [AWGN_30dB] BER=0.0 NC=1.0 DSR=1 PLV=0.9793 SI-SNR=29.92dB
  [Limiter] BER=0.0 NC=1.0 DSR=1 PLV=0.9993 SI-SNR=22.81dB
  [Opus_64kbps] BER=0.075 NC=0.85 DSR=1 PLV=0.9436 SI-SNR=19.53dB
  [Opus_32kbps] BER=1.0 NC=-1.0 DSR=0 PLV=0.8389 SI-SNR=14.45dB
  [AAC_128kbps] BER=0.0 NC=1.0 DSR=1 PLV=0.9887 SI-SNR=31.11dB
  [TelephoneFilter] BER=0.525 NC=-0.05 DSR=1 PLV=0.1122 SI-SNR=-14.38dB
  [EnCodec_6kbps] BER=1.0 NC=-1.0 DSR=0 PLV=0.502 SI-SNR=8.43dB
  [DAC] BER=1.0 NC=-1.0 DSR=0 PLV=0.2767 SI-SNR=0.7dB

[23/100] Similar_Dance_00002_Cover_Instrument_A.wav
Using the default SDR of 47 dB
  [OK] 임베딩 완료 (원본 sr=44100 -> 44.1kHz, 10.0초, encode SDR=48.63dB)
  [NoAttack]  BER=0.0 NC=1.0 DSR=1 PLV=0.9996 SI-SNR=48.65dB
  [MP3_128kbps] BER=0.0 NC=1.0 DSR=1 PLV=0.9889 SI-SNR=34.22dB
  [MP3_320kbps] BER=0.0 NC=1.0 DSR=1 PLV=0.9969 SI-SNR=45.13dB
  [Resample_44100-16000RT] BER=0.0 NC=1.0 DSR=1 PLV=0.917 SI-SNR=27.85dB
  [Crop_10pct] BER=0.0 NC=1.0 DSR=1 PLV=0.9995 SI-SNR=47.92dB
  [TSM_1.1x] BER=1.0 NC=-1.0 DSR=0 PLV= SI-SNR=dB
  [AWGN_30dB] BER=0.0 NC=1.0 DSR=1 PLV=0.9737 SI-SNR=29.93dB
  [Limiter] BER=0.0 NC=1.0 DSR=1 PLV=0.9992 SI-SNR=20.41dB
  [Opus_64kbps] BER=0.0 NC=1.0 DSR=1 PLV=0.9606 SI-SNR=21.91dB
  [Opus_32kbps] BER=1.0 NC=-1.0 DSR=0 PLV=0.891 SI-SNR=16.75dB
  [AAC_128kbps] BER=0.0 NC=1.0 DSR=1 PLV=0.9887 SI-SNR=30.01dB
  [TelephoneFilter] BER=1.0 NC=-1.0 DSR=0 PLV=0.3259 SI-SNR=-6.66dB
  [EnCodec_6kbps] BER=0.6 NC=-0.2 DSR=1 PLV=0.5373 SI-SNR=6.74dB
  [DAC] BER=1.0 NC=-1.0 DSR=0 PLV=0.2386 SI-SNR=-7.16dB

[24/100] Similar_Dance_00002_Cover_Instrument_C.wav
Using the default SDR of 47 dB
  [OK] 임베딩 완료 (원본 sr=44100 -> 44.1kHz, 10.0초, encode SDR=48.61dB)
  [NoAttack]  BER=0.0 NC=1.0 DSR=1 PLV=0.9996 SI-SNR=48.63dB
  [MP3_128kbps] BER=0.0 NC=1.0 DSR=1 PLV=0.9889 SI-SNR=34.21dB
  [MP3_320kbps] BER=0.0 NC=1.0 DSR=1 PLV=0.997 SI-SNR=45.24dB
  [Resample_44100-16000RT] BER=0.0 NC=1.0 DSR=1 PLV=0.9173 SI-SNR=27.89dB
  [Crop_10pct] BER=0.025 NC=0.95 DSR=1 PLV=0.9996 SI-SNR=48.96dB
  [TSM_1.1x] BER=1.0 NC=-1.0 DSR=0 PLV= SI-SNR=dB
  [AWGN_30dB] BER=0.0 NC=1.0 DSR=1 PLV=0.9736 SI-SNR=29.95dB
  [Limiter] BER=0.0 NC=1.0 DSR=1 PLV=0.9992 SI-SNR=20.61dB
  [Opus_64kbps] BER=0.025 NC=0.95 DSR=1 PLV=0.9605 SI-SNR=21.75dB
  [Opus_32kbps] BER=0.525 NC=-0.05 DSR=1 PLV=0.8892 SI-SNR=16.75dB
  [AAC_128kbps] BER=0.0 NC=1.0 DSR=1 PLV=0.9888 SI-SNR=29.85dB
  [TelephoneFilter] BER=1.0 NC=-1.0 DSR=0 PLV=0.3214 SI-SNR=-6.74dB
  [EnCodec_6kbps] BER=0.3 NC=0.4 DSR=1 PLV=0.5377 SI-SNR=6.68dB
  [DAC] BER=1.0 NC=-1.0 DSR=0 PLV=0.2494 SI-SNR=-7.05dB

[25/100] Similar_Dance_00002_Cover_Rhythm_A.wav
Using the default SDR of 47 dB
  [OK] 임베딩 완료 (원본 sr=44100 -> 44.1kHz, 10.0초, encode SDR=48.40dB)
  [NoAttack]  BER=0.0 NC=1.0 DSR=1 PLV=0.9996 SI-SNR=48.41dB
  [MP3_128kbps] BER=0.0 NC=1.0 DSR=1 PLV=0.9901 SI-SNR=36.44dB
  [MP3_320kbps] BER=0.0 NC=1.0 DSR=1 PLV=0.998 SI-SNR=46.51dB
  [Resample_44100-16000RT] BER=0.0 NC=1.0 DSR=1 PLV=0.8957 SI-SNR=26.78dB
  [Crop_10pct] BER=0.1 NC=0.8 DSR=1 PLV=0.9996 SI-SNR=48.43dB
  [TSM_1.1x] BER=1.0 NC=-1.0 DSR=0 PLV= SI-SNR=dB
  [AWGN_30dB] BER=0.0 NC=1.0 DSR=1 PLV=0.9704 SI-SNR=29.92dB
  [Limiter] BER=0.0 NC=1.0 DSR=1 PLV=0.9993 SI-SNR=29.11dB
  [Opus_64kbps] BER=0.0 NC=1.0 DSR=1 PLV=0.9539 SI-SNR=20.5dB
  [Opus_32kbps] BER=1.0 NC=-1.0 DSR=0 PLV=0.8749 SI-SNR=15.91dB
  [AAC_128kbps] BER=0.0 NC=1.0 DSR=1 PLV=0.99 SI-SNR=34.29dB
  [TelephoneFilter] BER=1.0 NC=-1.0 DSR=0 PLV=0.187 SI-SNR=-21.57dB
  [EnCodec_6kbps] BER=1.0 NC=-1.0 DSR=0 PLV=0.5925 SI-SNR=9.89dB
  [DAC] BER=0.375 NC=0.25 DSR=1 PLV=0.3904 SI-SNR=2.84dB

[26/100] Similar_Dance_00002_Cover_Tempo_A.wav
Using the default SDR of 47 dB
  [OK] 임베딩 완료 (원본 sr=44100 -> 44.1kHz, 10.0초, encode SDR=48.84dB)
  [NoAttack]  BER=0.0 NC=1.0 DSR=1 PLV=0.9997 SI-SNR=48.86dB
  [MP3_128kbps] BER=0.0 NC=1.0 DSR=1 PLV=0.9844 SI-SNR=27.82dB
  [MP3_320kbps] BER=0.0 NC=1.0 DSR=1 PLV=0.997 SI-SNR=42.46dB
  [Resample_44100-16000RT] BER=0.0 NC=1.0 DSR=1 PLV=0.8689 SI-SNR=21.08dB
  [Crop_10pct] BER=0.0 NC=1.0 DSR=1 PLV=0.9998 SI-SNR=49.18dB
  [TSM_1.1x] BER=1.0 NC=-1.0 DSR=0 PLV= SI-SNR=dB
  [AWGN_30dB] BER=0.075 NC=0.85 DSR=1 PLV=0.9839 SI-SNR=29.95dB
  [Limiter] BER=0.0 NC=1.0 DSR=1 PLV=0.9997 SI-SNR=48.86dB
  [Opus_64kbps] BER=0.0 NC=1.0 DSR=1 PLV=0.9516 SI-SNR=18.49dB
  [Opus_32kbps] BER=0.475 NC=0.05 DSR=1 PLV=0.8533 SI-SNR=13.37dB
  [AAC_128kbps] BER=0.0 NC=1.0 DSR=1 PLV=0.9863 SI-SNR=25.87dB
  [TelephoneFilter] BER=1.0 NC=-1.0 DSR=0 PLV=0.346 SI-SNR=-1.38dB
  [EnCodec_6kbps] BER=0.375 NC=0.25 DSR=1 PLV=0.4126 SI-SNR=2.02dB
  [DAC] BER=0.45 NC=0.1 DSR=1 PLV=0.1613 SI-SNR=-22.41dB

[27/100] Similar_Dance_00002_Cover_Tempo_C.wav
Using the default SDR of 47 dB
  [OK] 임베딩 완료 (원본 sr=44100 -> 44.1kHz, 10.0초, encode SDR=48.73dB)
  [NoAttack]  BER=0.0 NC=1.0 DSR=1 PLV=0.9996 SI-SNR=48.74dB
  [MP3_128kbps] BER=0.0 NC=1.0 DSR=1 PLV=0.9856 SI-SNR=29.57dB
  [MP3_320kbps] BER=0.0 NC=1.0 DSR=1 PLV=0.9964 SI-SNR=41.41dB
  [Resample_44100-16000RT] BER=0.0 NC=1.0 DSR=1 PLV=0.8934 SI-SNR=22.63dB
  [Crop_10pct] BER=0.025 NC=0.95 DSR=1 PLV=0.9996 SI-SNR=48.73dB
  [TSM_1.1x] BER=1.0 NC=-1.0 DSR=0 PLV= SI-SNR=dB
  [AWGN_30dB] BER=1.0 NC=-1.0 DSR=0 PLV=0.9817 SI-SNR=29.94dB
  [Limiter] BER=0.0 NC=1.0 DSR=1 PLV=0.9996 SI-SNR=48.74dB
  [Opus_64kbps] BER=0.0 NC=1.0 DSR=1 PLV=0.9522 SI-SNR=18.49dB
  [Opus_32kbps] BER=1.0 NC=-1.0 DSR=0 PLV=0.8681 SI-SNR=13.35dB
  [AAC_128kbps] BER=0.0 NC=1.0 DSR=1 PLV=0.987 SI-SNR=27.82dB
  [TelephoneFilter] BER=1.0 NC=-1.0 DSR=0 PLV=0.4518 SI-SNR=0.77dB
  [EnCodec_6kbps] BER=0.5 NC=0.0 DSR=1 PLV=0.4148 SI-SNR=0.16dB
  [DAC] BER=1.0 NC=-1.0 DSR=0 PLV=0.143 SI-SNR=-26.54dB

[28/100] Similar_Dance_00002_Cover_Timbre_A.wav
Using the default SDR of 47 dB
  [OK] 임베딩 완료 (원본 sr=44100 -> 44.1kHz, 10.0초, encode SDR=48.64dB)
  [NoAttack]  BER=0.0 NC=1.0 DSR=1 PLV=0.9996 SI-SNR=48.66dB
  [MP3_128kbps] BER=0.0 NC=1.0 DSR=1 PLV=0.9881 SI-SNR=33.22dB
  [MP3_320kbps] BER=0.0 NC=1.0 DSR=1 PLV=0.9969 SI-SNR=44.58dB
  [Resample_44100-16000RT] BER=0.0 NC=1.0 DSR=1 PLV=0.9064 SI-SNR=26.3dB
  [Crop_10pct] BER=0.0 NC=1.0 DSR=1 PLV=0.9996 SI-SNR=47.61dB
  [TSM_1.1x] BER=0.425 NC=0.15 DSR=1 PLV= SI-SNR=dB
  [AWGN_30dB] BER=0.0 NC=1.0 DSR=1 PLV=0.9757 SI-SNR=29.94dB
  [Limiter] BER=0.0 NC=1.0 DSR=1 PLV=0.9994 SI-SNR=24.12dB
  [Opus_64kbps] BER=0.0 NC=1.0 DSR=1 PLV=0.9559 SI-SNR=21.06dB
  [Opus_32kbps] BER=1.0 NC=-1.0 DSR=0 PLV=0.8773 SI-SNR=16.3dB
  [AAC_128kbps] BER=0.0 NC=1.0 DSR=1 PLV=0.9879 SI-SNR=29.41dB
  [TelephoneFilter] BER=1.0 NC=-1.0 DSR=0 PLV=0.3714 SI-SNR=-4.63dB
  [EnCodec_6kbps] BER=0.625 NC=-0.25 DSR=1 PLV=0.5036 SI-SNR=5.78dB
  [DAC] BER=1.0 NC=-1.0 DSR=0 PLV=0.2143 SI-SNR=-10.42dB

[29/100] Similar_Dance_00002_Cover_Timbre_C.wav
Using the default SDR of 47 dB
  [OK] 임베딩 완료 (원본 sr=44100 -> 44.1kHz, 10.0초, encode SDR=48.62dB)
  [NoAttack]  BER=0.0 NC=1.0 DSR=1 PLV=0.9996 SI-SNR=48.64dB
  [MP3_128kbps] BER=0.0 NC=1.0 DSR=1 PLV=0.988 SI-SNR=33.07dB
  [MP3_320kbps] BER=0.0 NC=1.0 DSR=1 PLV=0.9969 SI-SNR=44.44dB
  [Resample_44100-16000RT] BER=0.0 NC=1.0 DSR=1 PLV=0.9095 SI-SNR=26.42dB
  [Crop_10pct] BER=0.0 NC=1.0 DSR=1 PLV=0.9996 SI-SNR=48.67dB
  [TSM_1.1x] BER=1.0 NC=-1.0 DSR=0 PLV= SI-SNR=dB
  [AWGN_30dB] BER=0.0 NC=1.0 DSR=1 PLV=0.976 SI-SNR=29.95dB
  [Limiter] BER=0.0 NC=1.0 DSR=1 PLV=0.9994 SI-SNR=23.92dB
  [Opus_64kbps] BER=0.0 NC=1.0 DSR=1 PLV=0.9571 SI-SNR=21.24dB
  [Opus_32kbps] BER=1.0 NC=-1.0 DSR=0 PLV=0.8803 SI-SNR=16.18dB
  [AAC_128kbps] BER=0.0 NC=1.0 DSR=1 PLV=0.9883 SI-SNR=29.43dB
  [TelephoneFilter] BER=0.525 NC=-0.05 DSR=1 PLV=0.3769 SI-SNR=-4.57dB
  [EnCodec_6kbps] BER=0.575 NC=-0.15 DSR=1 PLV=0.5014 SI-SNR=5.62dB
  [DAC] BER=1.0 NC=-1.0 DSR=0 PLV=0.2139 SI-SNR=-10.31dB

[30/100] Similar_Dance_00002_Org.wav
Using the default SDR of 47 dB
  [OK] 임베딩 완료 (원본 sr=48000 -> 44.1kHz, 10.1초, encode SDR=48.68dB)
  [NoAttack]  BER=0.0 NC=1.0 DSR=1 PLV=0.9998 SI-SNR=48.7dB
  [MP3_128kbps] BER=0.0 NC=1.0 DSR=1 PLV=0.9896 SI-SNR=31.66dB
  [MP3_320kbps] BER=0.0 NC=1.0 DSR=1 PLV=0.9991 SI-SNR=46.97dB
  [Resample_44100-16000RT] BER=0.0 NC=1.0 DSR=1 PLV=0.8078 SI-SNR=19.03dB
  [Crop_10pct] BER=0.0 NC=1.0 DSR=1 PLV=0.9998 SI-SNR=48.73dB
  [TSM_1.1x] BER=1.0 NC=-1.0 DSR=0 PLV= SI-SNR=dB
  [AWGN_30dB] BER=0.0 NC=1.0 DSR=1 PLV=0.9814 SI-SNR=29.93dB
  [Limiter] BER=0.0 NC=1.0 DSR=1 PLV=0.9994 SI-SNR=24.31dB
  [Opus_64kbps] BER=0.0 NC=1.0 DSR=1 PLV=0.9528 SI-SNR=20.18dB
  [Opus_32kbps] BER=0.575 NC=-0.15 DSR=1 PLV=0.8437 SI-SNR=15.19dB
  [AAC_128kbps] BER=0.0 NC=1.0 DSR=1 PLV=0.9911 SI-SNR=31.42dB
  [TelephoneFilter] BER=1.0 NC=-1.0 DSR=0 PLV=0.1508 SI-SNR=-8.57dB
  [EnCodec_6kbps] BER=1.0 NC=-1.0 DSR=0 PLV=0.4822 SI-SNR=8.06dB
  [DAC] BER=1.0 NC=-1.0 DSR=0 PLV=0.2976 SI-SNR=-2.15dB

[31/100] Similar_Dance_00003_Cover_Arrangement_A.wav
Using the default SDR of 47 dB
  [OK] 임베딩 완료 (원본 sr=44100 -> 44.1kHz, 10.0초, encode SDR=48.71dB)
  [NoAttack]  BER=0.0 NC=1.0 DSR=1 PLV=0.9997 SI-SNR=48.73dB
  [MP3_128kbps] BER=0.0 NC=1.0 DSR=1 PLV=0.9869 SI-SNR=31.22dB
  [MP3_320kbps] BER=0.0 NC=1.0 DSR=1 PLV=0.9975 SI-SNR=43.53dB
  [Resample_44100-16000RT] BER=0.0 NC=1.0 DSR=1 PLV=0.8955 SI-SNR=25.16dB
  [Crop_10pct] BER=0.3 NC=0.4 DSR=1 PLV=0.9997 SI-SNR=48.81dB
  [TSM_1.1x] BER=0.525 NC=-0.05 DSR=1 PLV= SI-SNR=dB
  [AWGN_30dB] BER=0.0 NC=1.0 DSR=1 PLV=0.9781 SI-SNR=29.93dB
  [Limiter] BER=0.0 NC=1.0 DSR=1 PLV=0.9996 SI-SNR=36.08dB
  [Opus_64kbps] BER=0.0 NC=1.0 DSR=1 PLV=0.9628 SI-SNR=20.64dB
  [Opus_32kbps] BER=1.0 NC=-1.0 DSR=0 PLV=0.8846 SI-SNR=15.88dB
  [AAC_128kbps] BER=0.0 NC=1.0 DSR=1 PLV=0.9882 SI-SNR=29.27dB
  [TelephoneFilter] BER=0.45 NC=0.1 DSR=1 PLV=0.1695 SI-SNR=-10.38dB
  [EnCodec_6kbps] BER=1.0 NC=-1.0 DSR=0 PLV=0.5222 SI-SNR=6.98dB
  [DAC] BER=0.475 NC=0.05 DSR=1 PLV=0.2876 SI-SNR=-1.14dB

[32/100] Similar_Dance_00003_Cover_Genre_A.wav
Using the default SDR of 47 dB
  [OK] 임베딩 완료 (원본 sr=44100 -> 44.1kHz, 10.0초, encode SDR=48.68dB)
  [NoAttack]  BER=0.0 NC=1.0 DSR=1 PLV=0.9992 SI-SNR=48.7dB
  [MP3_128kbps] BER=0.0 NC=1.0 DSR=1 PLV=0.9897 SI-SNR=35.44dB
  [MP3_320kbps] BER=0.0 NC=1.0 DSR=1 PLV=0.9979 SI-SNR=47.29dB
  [Resample_44100-16000RT] BER=0.0 NC=1.0 DSR=1 PLV=0.924 SI-SNR=29.6dB
  [Crop_10pct] BER=0.0 NC=1.0 DSR=1 PLV=0.9992 SI-SNR=48.65dB
  [TSM_1.1x] BER=1.0 NC=-1.0 DSR=0 PLV= SI-SNR=dB
  [AWGN_30dB] BER=0.125 NC=0.75 DSR=1 PLV=0.9709 SI-SNR=29.94dB
  [Limiter] BER=0.0 NC=1.0 DSR=1 PLV=0.9974 SI-SNR=19.33dB
  [Opus_64kbps] BER=0.0 NC=1.0 DSR=1 PLV=0.9732 SI-SNR=22.7dB
  [Opus_32kbps] BER=0.025 NC=0.95 DSR=1 PLV=0.9223 SI-SNR=19.08dB
  [AAC_128kbps] BER=0.0 NC=1.0 DSR=1 PLV=0.9898 SI-SNR=32.7dB
  [TelephoneFilter] BER=0.425 NC=0.15 DSR=1 PLV=0.1582 SI-SNR=-24.89dB
  [EnCodec_6kbps] BER=1.0 NC=-1.0 DSR=0 PLV=0.598 SI-SNR=10.21dB
  [DAC] BER=0.4 NC=0.2 DSR=1 PLV=0.4218 SI-SNR=3.49dB

[33/100] Similar_Dance_00003_Cover_Instrument_A.wav
Using the default SDR of 47 dB
  [OK] 임베딩 완료 (원본 sr=44100 -> 44.1kHz, 10.0초, encode SDR=48.65dB)
  [NoAttack]  BER=0.0 NC=1.0 DSR=1 PLV=0.9996 SI-SNR=48.66dB
  [MP3_128kbps] BER=0.0 NC=1.0 DSR=1 PLV=0.9901 SI-SNR=33.95dB
  [MP3_320kbps] BER=0.0 NC=1.0 DSR=1 PLV=0.9979 SI-SNR=46.31dB
  [Resample_44100-16000RT] BER=0.0 NC=1.0 DSR=1 PLV=0.9317 SI-SNR=29.15dB
  [Crop_10pct] BER=0.0 NC=1.0 DSR=1 PLV=0.9996 SI-SNR=48.73dB
  [TSM_1.1x] BER=0.5 NC=0.0 DSR=1 PLV= SI-SNR=dB
  [AWGN_30dB] BER=0.0 NC=1.0 DSR=1 PLV=0.978 SI-SNR=29.95dB
  [Limiter] BER=0.0 NC=1.0 DSR=1 PLV=0.9991 SI-SNR=23.42dB
  [Opus_64kbps] BER=0.0 NC=1.0 DSR=1 PLV=0.9732 SI-SNR=21.57dB
  [Opus_32kbps] BER=0.05 NC=0.9 DSR=1 PLV=0.9189 SI-SNR=16.95dB
  [AAC_128kbps] BER=0.0 NC=1.0 DSR=1 PLV=0.9896 SI-SNR=30.08dB
  [TelephoneFilter] BER=1.0 NC=-1.0 DSR=0 PLV=0.1638 SI-SNR=-11.58dB
  [EnCodec_6kbps] BER=0.675 NC=-0.35 DSR=1 PLV=0.5696 SI-SNR=7.13dB
  [DAC] BER=0.6 NC=-0.2 DSR=1 PLV=0.3772 SI-SNR=-2.1dB

[34/100] Similar_Dance_00003_Cover_Instrument_C.wav
Using the default SDR of 47 dB
  [OK] 임베딩 완료 (원본 sr=44100 -> 44.1kHz, 10.0초, encode SDR=48.68dB)
  [NoAttack]  BER=0.0 NC=1.0 DSR=1 PLV=0.9991 SI-SNR=48.45dB
  [MP3_128kbps] BER=0.0 NC=1.0 DSR=1 PLV=0.9908 SI-SNR=33.72dB
  [MP3_320kbps] BER=0.0 NC=1.0 DSR=1 PLV=0.9973 SI-SNR=45.69dB
  [Resample_44100-16000RT] BER=0.0 NC=1.0 DSR=1 PLV=0.9527 SI-SNR=30.09dB
  [Crop_10pct] BER=1.0 NC=-1.0 DSR=0 PLV=0.9991 SI-SNR=48.47dB
  [TSM_1.1x] BER=1.0 NC=-1.0 DSR=0 PLV= SI-SNR=dB
  [AWGN_30dB] BER=0.075 NC=0.85 DSR=1 PLV=0.9807 SI-SNR=29.71dB
  [Limiter] BER=0.0 NC=1.0 DSR=1 PLV=0.9991 SI-SNR=48.45dB
  [Opus_64kbps] BER=0.0 NC=1.0 DSR=1 PLV=0.9161 SI-SNR=15.86dB
  [Opus_32kbps] BER=0.0 NC=1.0 DSR=1 PLV=0.8721 SI-SNR=14.27dB
  [AAC_128kbps] BER=0.0 NC=1.0 DSR=1 PLV=0.9916 SI-SNR=31.67dB
  [TelephoneFilter] BER=1.0 NC=-1.0 DSR=0 PLV=0.227 SI-SNR=-10.76dB
  [EnCodec_6kbps] BER=1.0 NC=-1.0 DSR=0 PLV=0.654 SI-SNR=7.21dB
  [DAC] BER=1.0 NC=-1.0 DSR=0 PLV=0.4617 SI-SNR=-1.78dB

[35/100] Similar_Dance_00003_Cover_Rhythm_A.wav
Using the default SDR of 47 dB
  [OK] 임베딩 완료 (원본 sr=44100 -> 44.1kHz, 10.0초, encode SDR=48.43dB)
  [NoAttack]  BER=0.0 NC=1.0 DSR=1 PLV=0.9994 SI-SNR=48.44dB
  [MP3_128kbps] BER=0.0 NC=1.0 DSR=1 PLV=0.9919 SI-SNR=38.98dB
  [MP3_320kbps] BER=0.0 NC=1.0 DSR=1 PLV=0.9958 SI-SNR=44.48dB
  [Resample_44100-16000RT] BER=0.0 NC=1.0 DSR=1 PLV=0.9741 SI-SNR=40.15dB
  [Crop_10pct] BER=0.125 NC=0.75 DSR=1 PLV=0.9994 SI-SNR=48.44dB
  [TSM_1.1x] BER=1.0 NC=-1.0 DSR=0 PLV= SI-SNR=dB
  [AWGN_30dB] BER=0.025 NC=0.95 DSR=1 PLV=0.9733 SI-SNR=29.93dB
  [Limiter] BER=0.0 NC=1.0 DSR=1 PLV=0.9994 SI-SNR=48.44dB
  [Opus_64kbps] BER=0.0 NC=1.0 DSR=1 PLV=0.9728 SI-SNR=24.21dB
  [Opus_32kbps] BER=0.0 NC=1.0 DSR=1 PLV=0.9374 SI-SNR=18.84dB
  [AAC_128kbps] BER=0.0 NC=1.0 DSR=1 PLV=0.9927 SI-SNR=38.81dB
  [TelephoneFilter] BER=1.0 NC=-1.0 DSR=0 PLV=0.5353 SI-SNR=1.73dB
  [EnCodec_6kbps] BER=0.65 NC=-0.3 DSR=1 PLV=0.6528 SI-SNR=7.41dB
  [DAC] BER=0.575 NC=-0.15 DSR=1 PLV=0.2874 SI-SNR=-16.93dB

[36/100] Similar_Dance_00003_Cover_Tempo_A.wav
Using the default SDR of 47 dB
  [OK] 임베딩 완료 (원본 sr=44100 -> 44.1kHz, 10.0초, encode SDR=48.58dB)
  [NoAttack]  BER=0.0 NC=1.0 DSR=1 PLV=0.9995 SI-SNR=48.59dB
  [MP3_128kbps] BER=0.0 NC=1.0 DSR=1 PLV=0.9911 SI-SNR=35.09dB
  [MP3_320kbps] BER=0.0 NC=1.0 DSR=1 PLV=0.9974 SI-SNR=46.79dB
  [Resample_44100-16000RT] BER=0.0 NC=1.0 DSR=1 PLV=0.9539 SI-SNR=33.04dB
  [Crop_10pct] BER=0.0 NC=1.0 DSR=1 PLV=0.9995 SI-SNR=48.55dB
  [TSM_1.1x] BER=1.0 NC=-1.0 DSR=0 PLV= SI-SNR=dB
  [AWGN_30dB] BER=0.0 NC=1.0 DSR=1 PLV=0.9766 SI-SNR=29.95dB
  [Limiter] BER=0.0 NC=1.0 DSR=1 PLV=0.9995 SI-SNR=48.59dB
  [Opus_64kbps] BER=0.0 NC=1.0 DSR=1 PLV=0.9725 SI-SNR=21.06dB
  [Opus_32kbps] BER=1.0 NC=-1.0 DSR=0 PLV=0.9213 SI-SNR=16.5dB
  [AAC_128kbps] BER=0.0 NC=1.0 DSR=1 PLV=0.9922 SI-SNR=33.96dB
  [TelephoneFilter] BER=1.0 NC=-1.0 DSR=0 PLV=0.2042 SI-SNR=-14.8dB
  [EnCodec_6kbps] BER=0.525 NC=-0.05 DSR=1 PLV=0.6143 SI-SNR=8.11dB
  [DAC] BER=1.0 NC=-1.0 DSR=0 PLV=0.3566 SI-SNR=0.28dB

[37/100] Similar_Dance_00003_Cover_Tempo_C.wav
Using the default SDR of 47 dB
  [OK] 임베딩 완료 (원본 sr=44100 -> 44.1kHz, 10.0초, encode SDR=48.47dB)
  [NoAttack]  BER=0.0 NC=1.0 DSR=1 PLV=0.9995 SI-SNR=48.48dB
  [MP3_128kbps] BER=0.0 NC=1.0 DSR=1 PLV=0.9913 SI-SNR=35.48dB
  [MP3_320kbps] BER=0.0 NC=1.0 DSR=1 PLV=0.9973 SI-SNR=46.16dB
  [Resample_44100-16000RT] BER=0.0 NC=1.0 DSR=1 PLV=0.9571 SI-SNR=33.87dB
  [Crop_10pct] BER=1.0 NC=-1.0 DSR=0 PLV=0.9995 SI-SNR=48.57dB
  [TSM_1.1x] BER=1.0 NC=-1.0 DSR=0 PLV= SI-SNR=dB
  [AWGN_30dB] BER=0.025 NC=0.95 DSR=1 PLV=0.9768 SI-SNR=29.94dB
  [Limiter] BER=0.0 NC=1.0 DSR=1 PLV=0.9995 SI-SNR=48.48dB
  [Opus_64kbps] BER=0.0 NC=1.0 DSR=1 PLV=0.9732 SI-SNR=22.22dB
  [Opus_32kbps] BER=0.05 NC=0.9 DSR=1 PLV=0.9262 SI-SNR=17.03dB
  [AAC_128kbps] BER=0.0 NC=1.0 DSR=1 PLV=0.992 SI-SNR=34.11dB
  [TelephoneFilter] BER=1.0 NC=-1.0 DSR=0 PLV=0.2763 SI-SNR=-10.45dB
  [EnCodec_6kbps] BER=0.575 NC=-0.15 DSR=1 PLV=0.634 SI-SNR=7.97dB
  [DAC] BER=1.0 NC=-1.0 DSR=0 PLV=0.3479 SI-SNR=-2.35dB

[38/100] Similar_Dance_00003_Cover_Timbre_A.wav
Using the default SDR of 47 dB
  [OK] 임베딩 완료 (원본 sr=44100 -> 44.1kHz, 10.0초, encode SDR=48.83dB)
  [NoAttack]  BER=0.0 NC=1.0 DSR=1 PLV=0.999 SI-SNR=48.62dB
  [MP3_128kbps] BER=0.0 NC=1.0 DSR=1 PLV=0.9919 SI-SNR=35.24dB
  [MP3_320kbps] BER=0.0 NC=1.0 DSR=1 PLV=0.9973 SI-SNR=46.03dB
  [Resample_44100-16000RT] BER=0.0 NC=1.0 DSR=1 PLV=0.9718 SI-SNR=34.88dB
  [Crop_10pct] BER=1.0 NC=-1.0 DSR=0 PLV=0.999 SI-SNR=48.67dB
  [TSM_1.1x] BER=1.0 NC=-1.0 DSR=0 PLV= SI-SNR=dB
  [AWGN_30dB] BER=0.05 NC=0.9 DSR=1 PLV=0.982 SI-SNR=29.73dB
  [Limiter] BER=0.0 NC=1.0 DSR=1 PLV=0.999 SI-SNR=48.62dB
  [Opus_64kbps] BER=0.0 NC=1.0 DSR=1 PLV=0.922 SI-SNR=16.57dB
  [Opus_32kbps] BER=0.0 NC=1.0 DSR=1 PLV=0.894 SI-SNR=15.09dB
  [AAC_128kbps] BER=0.0 NC=1.0 DSR=1 PLV=0.9936 SI-SNR=36.51dB
  [TelephoneFilter] BER=1.0 NC=-1.0 DSR=0 PLV=0.271 SI-SNR=-9.28dB
  [EnCodec_6kbps] BER=0.5 NC=0.0 DSR=1 PLV=0.7047 SI-SNR=7.39dB
  [DAC] BER=1.0 NC=-1.0 DSR=0 PLV=0.5059 SI-SNR=-2.84dB

[39/100] Similar_Dance_00003_Cover_Timbre_C.wav
Using the default SDR of 47 dB
  [OK] 임베딩 완료 (원본 sr=44100 -> 44.1kHz, 10.0초, encode SDR=48.68dB)
  [NoAttack]  BER=0.0 NC=1.0 DSR=1 PLV=0.9991 SI-SNR=48.45dB
  [MP3_128kbps] BER=0.0 NC=1.0 DSR=1 PLV=0.9908 SI-SNR=33.72dB
  [MP3_320kbps] BER=0.0 NC=1.0 DSR=1 PLV=0.9973 SI-SNR=45.69dB
  [Resample_44100-16000RT] BER=0.0 NC=1.0 DSR=1 PLV=0.9527 SI-SNR=30.09dB
  [Crop_10pct] BER=0.0 NC=1.0 DSR=1 PLV=0.9991 SI-SNR=48.53dB
  [TSM_1.1x] BER=1.0 NC=-1.0 DSR=0 PLV= SI-SNR=dB
  [AWGN_30dB] BER=0.1 NC=0.8 DSR=1 PLV=0.9807 SI-SNR=29.69dB
  [Limiter] BER=0.0 NC=1.0 DSR=1 PLV=0.9991 SI-SNR=48.45dB
  [Opus_64kbps] BER=0.0 NC=1.0 DSR=1 PLV=0.9161 SI-SNR=15.86dB
  [Opus_32kbps] BER=0.0 NC=1.0 DSR=1 PLV=0.8721 SI-SNR=14.27dB
  [AAC_128kbps] BER=0.0 NC=1.0 DSR=1 PLV=0.9916 SI-SNR=31.67dB
  [TelephoneFilter] BER=1.0 NC=-1.0 DSR=0 PLV=0.227 SI-SNR=-10.76dB
  [EnCodec_6kbps] BER=1.0 NC=-1.0 DSR=0 PLV=0.654 SI-SNR=7.21dB
  [DAC] BER=1.0 NC=-1.0 DSR=0 PLV=0.4617 SI-SNR=-1.78dB

[40/100] Similar_Dance_00003_Org.wav
Using the default SDR of 47 dB
  [OK] 임베딩 완료 (원본 sr=48000 -> 44.1kHz, 10.1초, encode SDR=48.65dB)
  [NoAttack]  BER=0.0 NC=1.0 DSR=1 PLV=0.9997 SI-SNR=48.66dB
  [MP3_128kbps] BER=0.0 NC=1.0 DSR=1 PLV=0.9808 SI-SNR=29.96dB
  [MP3_320kbps] BER=0.0 NC=1.0 DSR=1 PLV=0.9931 SI-SNR=39.57dB
  [Resample_44100-16000RT] BER=0.0 NC=1.0 DSR=1 PLV=0.8462 SI-SNR=22.75dB
  [Crop_10pct] BER=1.0 NC=-1.0 DSR=0 PLV=0.9997 SI-SNR=48.65dB
  [TSM_1.1x] BER=1.0 NC=-1.0 DSR=0 PLV= SI-SNR=dB
  [AWGN_30dB] BER=0.0 NC=1.0 DSR=1 PLV=0.9781 SI-SNR=29.94dB
  [Limiter] BER=0.0 NC=1.0 DSR=1 PLV=0.9987 SI-SNR=22.49dB
  [Opus_64kbps] BER=0.025 NC=0.95 DSR=1 PLV=0.9586 SI-SNR=21.28dB
  [Opus_32kbps] BER=1.0 NC=-1.0 DSR=0 PLV=0.869 SI-SNR=16.59dB
  [AAC_128kbps] BER=0.0 NC=1.0 DSR=1 PLV=0.9842 SI-SNR=26.66dB
  [TelephoneFilter] BER=1.0 NC=-1.0 DSR=0 PLV=0.0586 SI-SNR=-16.24dB
  [EnCodec_6kbps] BER=0.5 NC=0.0 DSR=1 PLV=0.4828 SI-SNR=8.05dB
  [DAC] BER=1.0 NC=-1.0 DSR=0 PLV=0.3004 SI-SNR=0.74dB

[41/100] Similar_Trot_00138_Cover_Arrangement_A.wav
Using the default SDR of 47 dB
  [OK] 임베딩 완료 (원본 sr=44100 -> 44.1kHz, 10.0초, encode SDR=48.60dB)
  [NoAttack]  BER=0.0 NC=1.0 DSR=1 PLV=0.9996 SI-SNR=48.61dB
  [MP3_128kbps] BER=0.0 NC=1.0 DSR=1 PLV=0.9902 SI-SNR=33.9dB
  [MP3_320kbps] BER=0.0 NC=1.0 DSR=1 PLV=0.9979 SI-SNR=45.61dB
  [Resample_44100-16000RT] BER=0.0 NC=1.0 DSR=1 PLV=0.929 SI-SNR=29.11dB
  [Crop_10pct] BER=0.05 NC=0.9 DSR=1 PLV=0.9996 SI-SNR=48.68dB
  [TSM_1.1x] BER=1.0 NC=-1.0 DSR=0 PLV= SI-SNR=dB
  [AWGN_30dB] BER=0.0 NC=1.0 DSR=1 PLV=0.9768 SI-SNR=29.92dB
  [Limiter] BER=0.0 NC=1.0 DSR=1 PLV=0.9996 SI-SNR=48.61dB
  [Opus_64kbps] BER=0.0 NC=1.0 DSR=1 PLV=0.967 SI-SNR=21.55dB
  [Opus_32kbps] BER=1.0 NC=-1.0 DSR=0 PLV=0.9058 SI-SNR=16.75dB
  [AAC_128kbps] BER=0.0 NC=1.0 DSR=1 PLV=0.9898 SI-SNR=30.76dB
  [TelephoneFilter] BER=0.575 NC=-0.15 DSR=1 PLV=0.1631 SI-SNR=-9.95dB
  [EnCodec_6kbps] BER=0.65 NC=-0.3 DSR=1 PLV=0.5543 SI-SNR=6.69dB
  [DAC] BER=1.0 NC=-1.0 DSR=0 PLV=0.3395 SI-SNR=-4.88dB

[42/100] Similar_Trot_00138_Cover_Genre_A.wav
Using the default SDR of 47 dB
  [OK] 임베딩 완료 (원본 sr=44100 -> 44.1kHz, 10.0초, encode SDR=48.51dB)
  [NoAttack]  BER=0.0 NC=1.0 DSR=1 PLV=0.9998 SI-SNR=48.52dB
  [MP3_128kbps] BER=0.0 NC=1.0 DSR=1 PLV=0.9881 SI-SNR=31.97dB
  [MP3_320kbps] BER=0.0 NC=1.0 DSR=1 PLV=0.9974 SI-SNR=44.91dB
  [Resample_44100-16000RT] BER=0.0 NC=1.0 DSR=1 PLV=0.906 SI-SNR=27.11dB
  [Crop_10pct] BER=0.0 NC=1.0 DSR=1 PLV=0.9998 SI-SNR=48.51dB
  [TSM_1.1x] BER=0.475 NC=0.05 DSR=1 PLV= SI-SNR=dB
  [AWGN_30dB] BER=0.0 NC=1.0 DSR=1 PLV=0.9778 SI-SNR=29.91dB
  [Limiter] BER=0.0 NC=1.0 DSR=1 PLV=0.9997 SI-SNR=37.52dB
  [Opus_64kbps] BER=0.025 NC=0.95 DSR=1 PLV=0.9555 SI-SNR=20.17dB
  [Opus_32kbps] BER=0.15 NC=0.7 DSR=1 PLV=0.8739 SI-SNR=15.42dB
  [AAC_128kbps] BER=0.0 NC=1.0 DSR=1 PLV=0.988 SI-SNR=28.99dB
  [TelephoneFilter] BER=1.0 NC=-1.0 DSR=0 PLV=0.1957 SI-SNR=-9.57dB
  [EnCodec_6kbps] BER=1.0 NC=-1.0 DSR=0 PLV=0.4584 SI-SNR=6.33dB
  [DAC] BER=0.55 NC=-0.1 DSR=1 PLV=0.2273 SI-SNR=-1.98dB

[43/100] Similar_Trot_00138_Cover_Instrument_A.wav
Using the default SDR of 47 dB
  [OK] 임베딩 완료 (원본 sr=44100 -> 44.1kHz, 10.0초, encode SDR=48.62dB)
  [NoAttack]  BER=0.0 NC=1.0 DSR=1 PLV=0.9996 SI-SNR=48.63dB
  [MP3_128kbps] BER=0.0 NC=1.0 DSR=1 PLV=0.9897 SI-SNR=32.78dB
  [MP3_320kbps] BER=0.0 NC=1.0 DSR=1 PLV=0.9978 SI-SNR=46.48dB
  [Resample_44100-16000RT] BER=0.0 NC=1.0 DSR=1 PLV=0.9393 SI-SNR=30.01dB
  [Crop_10pct] BER=0.05 NC=0.9 DSR=1 PLV=0.9996 SI-SNR=48.62dB
  [TSM_1.1x] BER=0.5 NC=0.0 DSR=1 PLV= SI-SNR=dB
  [AWGN_30dB] BER=0.0 NC=1.0 DSR=1 PLV=0.979 SI-SNR=29.95dB
  [Limiter] BER=0.0 NC=1.0 DSR=1 PLV=0.9996 SI-SNR=48.63dB
  [Opus_64kbps] BER=0.0 NC=1.0 DSR=1 PLV=0.9639 SI-SNR=20.35dB
  [Opus_32kbps] BER=1.0 NC=-1.0 DSR=0 PLV=0.8985 SI-SNR=14.95dB
  [AAC_128kbps] BER=0.0 NC=1.0 DSR=1 PLV=0.991 SI-SNR=30.69dB
  [TelephoneFilter] BER=0.625 NC=-0.25 DSR=1 PLV=0.1479 SI-SNR=-17.56dB
  [EnCodec_6kbps] BER=0.6 NC=-0.2 DSR=1 PLV=0.5418 SI-SNR=6.65dB
  [DAC] BER=1.0 NC=-1.0 DSR=0 PLV=0.3191 SI-SNR=-0.75dB

[44/100] Similar_Trot_00138_Cover_Instrument_C.wav
Using the default SDR of 47 dB
  [OK] 임베딩 완료 (원본 sr=44100 -> 44.1kHz, 10.0초, encode SDR=48.60dB)
  [NoAttack]  BER=0.0 NC=1.0 DSR=1 PLV=0.9996 SI-SNR=48.61dB
  [MP3_128kbps] BER=0.0 NC=1.0 DSR=1 PLV=0.9904 SI-SNR=33.97dB
  [MP3_320kbps] BER=0.0 NC=1.0 DSR=1 PLV=0.9978 SI-SNR=46.57dB
  [Resample_44100-16000RT] BER=0.0 NC=1.0 DSR=1 PLV=0.9416 SI-SNR=30.49dB
  [Crop_10pct] BER=0.0 NC=1.0 DSR=1 PLV=0.9996 SI-SNR=48.65dB
  [TSM_1.1x] BER=0.425 NC=0.15 DSR=1 PLV= SI-SNR=dB
  [AWGN_30dB] BER=0.025 NC=0.95 DSR=1 PLV=0.978 SI-SNR=29.93dB
  [Limiter] BER=0.0 NC=1.0 DSR=1 PLV=0.9996 SI-SNR=48.61dB
  [Opus_64kbps] BER=0.0 NC=1.0 DSR=1 PLV=0.9666 SI-SNR=20.92dB
  [Opus_32kbps] BER=0.15 NC=0.7 DSR=1 PLV=0.9053 SI-SNR=15.65dB
  [AAC_128kbps] BER=0.0 NC=1.0 DSR=1 PLV=0.991 SI-SNR=31.47dB
  [TelephoneFilter] BER=1.0 NC=-1.0 DSR=0 PLV=0.2205 SI-SNR=-18.62dB
  [EnCodec_6kbps] BER=1.0 NC=-1.0 DSR=0 PLV=0.5876 SI-SNR=7.76dB
  [DAC] BER=1.0 NC=-1.0 DSR=0 PLV=0.3773 SI-SNR=-0.19dB

[45/100] Similar_Trot_00138_Cover_Rhythm_A.wav
Using the default SDR of 47 dB
  [OK] 임베딩 완료 (원본 sr=44100 -> 44.1kHz, 10.0초, encode SDR=48.75dB)
  [NoAttack]  BER=0.0 NC=1.0 DSR=1 PLV=0.9996 SI-SNR=48.76dB
  [MP3_128kbps] BER=0.0 NC=1.0 DSR=1 PLV=0.9893 SI-SNR=34.21dB
  [MP3_320kbps] BER=0.0 NC=1.0 DSR=1 PLV=0.9982 SI-SNR=46.98dB
  [Resample_44100-16000RT] BER=0.0 NC=1.0 DSR=1 PLV=0.8901 SI-SNR=25.45dB
  [Crop_10pct] BER=0.0 NC=1.0 DSR=1 PLV=0.9996 SI-SNR=48.75dB
  [TSM_1.1x] BER=1.0 NC=-1.0 DSR=0 PLV= SI-SNR=dB
  [AWGN_30dB] BER=0.025 NC=0.95 DSR=1 PLV=0.9729 SI-SNR=29.95dB
  [Limiter] BER=0.0 NC=1.0 DSR=1 PLV=0.9996 SI-SNR=44.64dB
  [Opus_64kbps] BER=0.0 NC=1.0 DSR=1 PLV=0.9604 SI-SNR=20.14dB
  [Opus_32kbps] BER=0.175 NC=0.65 DSR=1 PLV=0.8792 SI-SNR=16.23dB
  [AAC_128kbps] BER=0.0 NC=1.0 DSR=1 PLV=0.9904 SI-SNR=32.39dB
  [TelephoneFilter] BER=1.0 NC=-1.0 DSR=0 PLV=0.0943 SI-SNR=-16.4dB
  [EnCodec_6kbps] BER=1.0 NC=-1.0 DSR=0 PLV=0.5098 SI-SNR=9.58dB
  [DAC] BER=0.5 NC=0.0 DSR=1 PLV=0.3259 SI-SNR=2.19dB

[46/100] Similar_Trot_00138_Cover_Tempo_B.wav
Using the default SDR of 47 dB
  [OK] 임베딩 완료 (원본 sr=44100 -> 44.1kHz, 10.0초, encode SDR=48.55dB)
  [NoAttack]  BER=0.0 NC=1.0 DSR=1 PLV=0.9997 SI-SNR=48.56dB
  [MP3_128kbps] BER=0.0 NC=1.0 DSR=1 PLV=0.9902 SI-SNR=33.61dB
  [MP3_320kbps] BER=0.0 NC=1.0 DSR=1 PLV=0.9978 SI-SNR=46.62dB
  [Resample_44100-16000RT] BER=0.0 NC=1.0 DSR=1 PLV=0.9417 SI-SNR=30.77dB
  [Crop_10pct] BER=0.275 NC=0.45 DSR=1 PLV=0.9996 SI-SNR=48.51dB
  [TSM_1.1x] BER=1.0 NC=-1.0 DSR=0 PLV= SI-SNR=dB
  [AWGN_30dB] BER=0.025 NC=0.95 DSR=1 PLV=0.9779 SI-SNR=29.93dB
  [Limiter] BER=0.0 NC=1.0 DSR=1 PLV=0.9997 SI-SNR=48.56dB
  [Opus_64kbps] BER=0.0 NC=1.0 DSR=1 PLV=0.966 SI-SNR=20.73dB
  [Opus_32kbps] BER=1.0 NC=-1.0 DSR=0 PLV=0.905 SI-SNR=15.59dB
  [AAC_128kbps] BER=0.0 NC=1.0 DSR=1 PLV=0.9909 SI-SNR=30.88dB
  [TelephoneFilter] BER=0.55 NC=-0.1 DSR=1 PLV=0.2162 SI-SNR=-17.64dB
  [EnCodec_6kbps] BER=1.0 NC=-1.0 DSR=0 PLV=0.582 SI-SNR=7.6dB
  [DAC] BER=0.625 NC=-0.25 DSR=1 PLV=0.3687 SI-SNR=-0.43dB

[47/100] Similar_Trot_00138_Cover_Tempo_D.wav
Using the default SDR of 47 dB
  [OK] 임베딩 완료 (원본 sr=44100 -> 44.1kHz, 10.0초, encode SDR=48.55dB)
  [NoAttack]  BER=0.0 NC=1.0 DSR=1 PLV=0.9997 SI-SNR=48.57dB
  [MP3_128kbps] BER=0.0 NC=1.0 DSR=1 PLV=0.9903 SI-SNR=33.43dB
  [MP3_320kbps] BER=0.0 NC=1.0 DSR=1 PLV=0.9977 SI-SNR=46.41dB
  [Resample_44100-16000RT] BER=0.0 NC=1.0 DSR=1 PLV=0.9361 SI-SNR=30.09dB
  [Crop_10pct] BER=0.0 NC=1.0 DSR=1 PLV=0.9997 SI-SNR=48.57dB
  [TSM_1.1x] BER=1.0 NC=-1.0 DSR=0 PLV= SI-SNR=dB
  [AWGN_30dB] BER=0.0 NC=1.0 DSR=1 PLV=0.9784 SI-SNR=29.94dB
  [Limiter] BER=0.0 NC=1.0 DSR=1 PLV=0.9997 SI-SNR=48.57dB
  [Opus_64kbps] BER=0.0 NC=1.0 DSR=1 PLV=0.9631 SI-SNR=20.39dB
  [Opus_32kbps] BER=0.275 NC=0.45 DSR=1 PLV=0.8977 SI-SNR=15.32dB
  [AAC_128kbps] BER=0.0 NC=1.0 DSR=1 PLV=0.9909 SI-SNR=30.63dB
  [TelephoneFilter] BER=0.7 NC=-0.4 DSR=1 PLV=0.1919 SI-SNR=-17.13dB
  [EnCodec_6kbps] BER=1.0 NC=-1.0 DSR=0 PLV=0.5539 SI-SNR=7.22dB
  [DAC] BER=0.425 NC=0.15 DSR=1 PLV=0.3447 SI-SNR=-0.53dB

[48/100] Similar_Trot_00138_Cover_Timbre_A.wav
Using the default SDR of 47 dB
  [OK] 임베딩 완료 (원본 sr=44100 -> 44.1kHz, 10.0초, encode SDR=48.62dB)
  [NoAttack]  BER=0.0 NC=1.0 DSR=1 PLV=0.9996 SI-SNR=48.64dB
  [MP3_128kbps] BER=0.0 NC=1.0 DSR=1 PLV=0.9905 SI-SNR=35.35dB
  [MP3_320kbps] BER=0.0 NC=1.0 DSR=1 PLV=0.9978 SI-SNR=47.15dB
  [Resample_44100-16000RT] BER=0.0 NC=1.0 DSR=1 PLV=0.942 SI-SNR=31.98dB
  [Crop_10pct] BER=0.0 NC=1.0 DSR=1 PLV=0.9996 SI-SNR=48.68dB
  [TSM_1.1x] BER=0.475 NC=0.05 DSR=1 PLV= SI-SNR=dB
  [AWGN_30dB] BER=0.0 NC=1.0 DSR=1 PLV=0.9741 SI-SNR=29.94dB
  [Limiter] BER=0.0 NC=1.0 DSR=1 PLV=0.9996 SI-SNR=48.64dB
  [Opus_64kbps] BER=0.0 NC=1.0 DSR=1 PLV=0.9669 SI-SNR=21.98dB
  [Opus_32kbps] BER=1.0 NC=-1.0 DSR=0 PLV=0.9068 SI-SNR=16.86dB
  [AAC_128kbps] BER=0.0 NC=1.0 DSR=1 PLV=0.9913 SI-SNR=32.84dB
  [TelephoneFilter] BER=1.0 NC=-1.0 DSR=0 PLV=0.2267 SI-SNR=-26.9dB
  [EnCodec_6kbps] BER=1.0 NC=-1.0 DSR=0 PLV=0.6019 SI-SNR=9.47dB
  [DAC] BER=0.45 NC=0.1 DSR=1 PLV=0.406 SI-SNR=1.67dB

[49/100] Similar_Trot_00138_Cover_Timbre_C.wav
Using the default SDR of 47 dB
  [OK] 임베딩 완료 (원본 sr=44100 -> 44.1kHz, 10.0초, encode SDR=48.59dB)
  [NoAttack]  BER=0.0 NC=1.0 DSR=1 PLV=0.9996 SI-SNR=48.6dB
  [MP3_128kbps] BER=0.0 NC=1.0 DSR=1 PLV=0.9903 SI-SNR=33.76dB
  [MP3_320kbps] BER=0.0 NC=1.0 DSR=1 PLV=0.9978 SI-SNR=46.63dB
  [Resample_44100-16000RT] BER=0.0 NC=1.0 DSR=1 PLV=0.9422 SI-SNR=30.68dB
  [Crop_10pct] BER=0.0 NC=1.0 DSR=1 PLV=0.9996 SI-SNR=48.61dB
  [TSM_1.1x] BER=0.425 NC=0.15 DSR=1 PLV= SI-SNR=dB
  [AWGN_30dB] BER=0.05 NC=0.9 DSR=1 PLV=0.978 SI-SNR=29.94dB
  [Limiter] BER=0.0 NC=1.0 DSR=1 PLV=0.9996 SI-SNR=48.6dB
  [Opus_64kbps] BER=0.0 NC=1.0 DSR=1 PLV=0.9672 SI-SNR=20.93dB
  [Opus_32kbps] BER=1.0 NC=-1.0 DSR=0 PLV=0.9061 SI-SNR=15.59dB
  [AAC_128kbps] BER=0.0 NC=1.0 DSR=1 PLV=0.9911 SI-SNR=31.55dB
  [TelephoneFilter] BER=0.625 NC=-0.25 DSR=1 PLV=0.219 SI-SNR=-18.52dB
  [EnCodec_6kbps] BER=0.575 NC=-0.15 DSR=1 PLV=0.5879 SI-SNR=7.72dB
  [DAC] BER=0.575 NC=-0.15 DSR=1 PLV=0.3802 SI-SNR=-0.05dB

[50/100] Similar_Trot_00138_Org.wav
Using the default SDR of 47 dB
  [OK] 임베딩 완료 (원본 sr=48000 -> 44.1kHz, 10.1초, encode SDR=48.60dB)
  [NoAttack]  BER=0.0 NC=1.0 DSR=1 PLV=0.9997 SI-SNR=48.61dB
  [MP3_128kbps] BER=0.0 NC=1.0 DSR=1 PLV=0.9912 SI-SNR=32.61dB
  [MP3_320kbps] BER=0.0 NC=1.0 DSR=1 PLV=0.9993 SI-SNR=47.23dB
  [Resample_44100-16000RT] BER=0.0 NC=1.0 DSR=1 PLV=0.8749 SI-SNR=22.98dB
  [Crop_10pct] BER=1.0 NC=-1.0 DSR=0 PLV=0.9997 SI-SNR=48.63dB
  [TSM_1.1x] BER=1.0 NC=-1.0 DSR=0 PLV= SI-SNR=dB
  [AWGN_30dB] BER=0.0 NC=1.0 DSR=1 PLV=0.9816 SI-SNR=29.96dB
  [Limiter] BER=0.0 NC=1.0 DSR=1 PLV=0.9997 SI-SNR=48.61dB
  [Opus_64kbps] BER=1.0 NC=-1.0 DSR=0 PLV=0.9557 SI-SNR=20.15dB
  [Opus_32kbps] BER=1.0 NC=-1.0 DSR=0 PLV=0.8579 SI-SNR=14.86dB
  [AAC_128kbps] BER=0.0 NC=1.0 DSR=1 PLV=0.9927 SI-SNR=32.78dB
  [TelephoneFilter] BER=1.0 NC=-1.0 DSR=0 PLV=0.1927 SI-SNR=-4.98dB
  [EnCodec_6kbps] BER=0.625 NC=-0.25 DSR=1 PLV=0.4889 SI-SNR=4.69dB
  [DAC] BER=0.525 NC=-0.05 DSR=1 PLV=0.2555 SI-SNR=-9.81dB

[51/100] Similar_Trot_00162_Cover_Arrangement_A.wav
Using the default SDR of 47 dB
  [OK] 임베딩 완료 (원본 sr=44100 -> 44.1kHz, 10.0초, encode SDR=48.57dB)
  [NoAttack]  BER=0.0 NC=1.0 DSR=1 PLV=0.9996 SI-SNR=48.58dB
  [MP3_128kbps] BER=0.0 NC=1.0 DSR=1 PLV=0.9907 SI-SNR=35.41dB
  [MP3_320kbps] BER=0.0 NC=1.0 DSR=1 PLV=0.9979 SI-SNR=46.98dB
  [Resample_44100-16000RT] BER=0.0 NC=1.0 DSR=1 PLV=0.9246 SI-SNR=28.79dB
  [Crop_10pct] BER=1.0 NC=-1.0 DSR=0 PLV=0.9996 SI-SNR=48.56dB
  [TSM_1.1x] BER=1.0 NC=-1.0 DSR=0 PLV= SI-SNR=dB
  [AWGN_30dB] BER=0.0 NC=1.0 DSR=1 PLV=0.9731 SI-SNR=29.93dB
  [Limiter] BER=0.0 NC=1.0 DSR=1 PLV=0.9996 SI-SNR=48.58dB
  [Opus_64kbps] BER=0.0 NC=1.0 DSR=1 PLV=0.9691 SI-SNR=21.88dB
  [Opus_32kbps] BER=1.0 NC=-1.0 DSR=0 PLV=0.9088 SI-SNR=17.32dB
  [AAC_128kbps] BER=0.0 NC=1.0 DSR=1 PLV=0.9913 SI-SNR=33.8dB
  [TelephoneFilter] BER=0.5 NC=0.0 DSR=1 PLV=0.2638 SI-SNR=-26.31dB
  [EnCodec_6kbps] BER=1.0 NC=-1.0 DSR=0 PLV=0.6288 SI-SNR=9.44dB
  [DAC] BER=0.525 NC=-0.05 DSR=1 PLV=0.421 SI-SNR=0.83dB

[52/100] Similar_Trot_00162_Cover_Genre_A.wav
Using the default SDR of 47 dB
  [OK] 임베딩 완료 (원본 sr=44100 -> 44.1kHz, 10.0초, encode SDR=48.77dB)
  [NoAttack]  BER=0.0 NC=1.0 DSR=1 PLV=0.9997 SI-SNR=48.79dB
  [MP3_128kbps] BER=0.0 NC=1.0 DSR=1 PLV=0.9866 SI-SNR=29.21dB
  [MP3_320kbps] BER=0.0 NC=1.0 DSR=1 PLV=0.9978 SI-SNR=44.83dB
  [Resample_44100-16000RT] BER=0.0 NC=1.0 DSR=1 PLV=0.8905 SI-SNR=23.02dB
  [Crop_10pct] BER=0.0 NC=1.0 DSR=1 PLV=0.9997 SI-SNR=48.73dB
  [TSM_1.1x] BER=0.5 NC=0.0 DSR=1 PLV= SI-SNR=dB
  [AWGN_30dB] BER=0.0 NC=1.0 DSR=1 PLV=0.9822 SI-SNR=29.94dB
  [Limiter] BER=0.0 NC=1.0 DSR=1 PLV=0.9997 SI-SNR=48.79dB
  [Opus_64kbps] BER=0.0 NC=1.0 DSR=1 PLV=0.9602 SI-SNR=19.38dB
  [Opus_32kbps] BER=0.225 NC=0.55 DSR=1 PLV=0.875 SI-SNR=14.19dB
  [AAC_128kbps] BER=0.0 NC=1.0 DSR=1 PLV=0.9878 SI-SNR=26.13dB
  [TelephoneFilter] BER=1.0 NC=-1.0 DSR=0 PLV=0.1028 SI-SNR=-16.56dB
  [EnCodec_6kbps] BER=0.45 NC=0.1 DSR=1 PLV=0.4535 SI-SNR=5.14dB
  [DAC] BER=0.625 NC=-0.25 DSR=1 PLV=0.2708 SI-SNR=-0.74dB

[53/100] Similar_Trot_00162_Cover_Instrument_A.wav
Using the default SDR of 47 dB
  [OK] 임베딩 완료 (원본 sr=44100 -> 44.1kHz, 10.0초, encode SDR=48.53dB)
  [NoAttack]  BER=0.0 NC=1.0 DSR=1 PLV=0.9995 SI-SNR=48.54dB
  [MP3_128kbps] BER=0.0 NC=1.0 DSR=1 PLV=0.9907 SI-SNR=35.51dB
  [MP3_320kbps] BER=0.0 NC=1.0 DSR=1 PLV=0.9976 SI-SNR=46.12dB
  [Resample_44100-16000RT] BER=0.0 NC=1.0 DSR=1 PLV=0.9437 SI-SNR=30.92dB
  [Crop_10pct] BER=0.4 NC=0.2 DSR=1 PLV=0.9995 SI-SNR=48.53dB
  [TSM_1.1x] BER=0.525 NC=-0.05 DSR=1 PLV= SI-SNR=dB
  [AWGN_30dB] BER=0.0 NC=1.0 DSR=1 PLV=0.9733 SI-SNR=29.94dB
  [Limiter] BER=0.0 NC=1.0 DSR=1 PLV=0.9993 SI-SNR=29.26dB
  [Opus_64kbps] BER=0.0 NC=1.0 DSR=1 PLV=0.9688 SI-SNR=21.61dB
  [Opus_32kbps] BER=1.0 NC=-1.0 DSR=0 PLV=0.9161 SI-SNR=16.91dB
  [AAC_128kbps] BER=0.0 NC=1.0 DSR=1 PLV=0.9911 SI-SNR=30.93dB
  [TelephoneFilter] BER=1.0 NC=-1.0 DSR=0 PLV=0.1848 SI-SNR=-15.18dB
  [EnCodec_6kbps] BER=1.0 NC=-1.0 DSR=0 PLV=0.6237 SI-SNR=8.8dB
  [DAC] BER=0.55 NC=-0.1 DSR=1 PLV=0.3835 SI-SNR=0.19dB

[54/100] Similar_Trot_00162_Cover_Instrument_C.wav
Using the default SDR of 47 dB
  [OK] 임베딩 완료 (원본 sr=44100 -> 44.1kHz, 10.0초, encode SDR=48.57dB)
  [NoAttack]  BER=0.0 NC=1.0 DSR=1 PLV=0.9995 SI-SNR=48.58dB
  [MP3_128kbps] BER=0.0 NC=1.0 DSR=1 PLV=0.9896 SI-SNR=34.18dB
  [MP3_320kbps] BER=0.0 NC=1.0 DSR=1 PLV=0.9976 SI-SNR=45.65dB
  [Resample_44100-16000RT] BER=0.0 NC=1.0 DSR=1 PLV=0.9324 SI-SNR=29.25dB
  [Crop_10pct] BER=0.0 NC=1.0 DSR=1 PLV=0.9995 SI-SNR=48.62dB
  [TSM_1.1x] BER=1.0 NC=-1.0 DSR=0 PLV= SI-SNR=dB
  [AWGN_30dB] BER=0.05 NC=0.9 DSR=1 PLV=0.9729 SI-SNR=29.96dB
  [Limiter] BER=0.0 NC=1.0 DSR=1 PLV=0.9994 SI-SNR=30.0dB
  [Opus_64kbps] BER=0.0 NC=1.0 DSR=1 PLV=0.9644 SI-SNR=21.36dB
  [Opus_32kbps] BER=1.0 NC=-1.0 DSR=0 PLV=0.9024 SI-SNR=16.76dB
  [AAC_128kbps] BER=0.0 NC=1.0 DSR=1 PLV=0.9901 SI-SNR=30.82dB
  [TelephoneFilter] BER=1.0 NC=-1.0 DSR=0 PLV=0.1612 SI-SNR=-11.66dB
  [EnCodec_6kbps] BER=1.0 NC=-1.0 DSR=0 PLV=0.5789 SI-SNR=8.06dB
  [DAC] BER=0.45 NC=0.1 DSR=1 PLV=0.3511 SI-SNR=-0.9dB

[55/100] Similar_Trot_00162_Cover_Rhythm_B.wav
Using the default SDR of 47 dB
  [OK] 임베딩 완료 (원본 sr=44100 -> 44.1kHz, 10.0초, encode SDR=48.79dB)
  [NoAttack]  BER=0.0 NC=1.0 DSR=1 PLV=0.9997 SI-SNR=48.81dB
  [MP3_128kbps] BER=0.0 NC=1.0 DSR=1 PLV=0.9852 SI-SNR=27.97dB
  [MP3_320kbps] BER=0.0 NC=1.0 DSR=1 PLV=0.9981 SI-SNR=45.46dB
  [Resample_44100-16000RT] BER=1.0 NC=-1.0 DSR=0 PLV=0.8728 SI-SNR=21.67dB
  [Crop_10pct] BER=1.0 NC=-1.0 DSR=0 PLV=0.9997 SI-SNR=48.65dB
  [TSM_1.1x] BER=0.425 NC=0.15 DSR=1 PLV= SI-SNR=dB
  [AWGN_30dB] BER=0.0 NC=1.0 DSR=1 PLV=0.9818 SI-SNR=29.94dB
  [Limiter] BER=0.0 NC=1.0 DSR=1 PLV=0.9997 SI-SNR=48.81dB
  [Opus_64kbps] BER=0.0 NC=1.0 DSR=1 PLV=0.9531 SI-SNR=18.47dB
  [Opus_32kbps] BER=1.0 NC=-1.0 DSR=0 PLV=0.8529 SI-SNR=13.52dB
  [AAC_128kbps] BER=0.0 NC=1.0 DSR=1 PLV=0.9891 SI-SNR=26.75dB
  [TelephoneFilter] BER=0.35 NC=0.3 DSR=1 PLV=0.084 SI-SNR=-25.66dB
  [EnCodec_6kbps] BER=0.5 NC=0.0 DSR=1 PLV=0.4221 SI-SNR=5.14dB
  [DAC] BER=1.0 NC=-1.0 DSR=0 PLV=0.289 SI-SNR=0.66dB

[56/100] Similar_Trot_00162_Cover_Tempo_A.wav
Using the default SDR of 47 dB
  [OK] 임베딩 완료 (원본 sr=44100 -> 44.1kHz, 10.0초, encode SDR=48.53dB)
  [NoAttack]  BER=0.0 NC=1.0 DSR=1 PLV=0.9994 SI-SNR=48.54dB
  [MP3_128kbps] BER=0.0 NC=1.0 DSR=1 PLV=0.9896 SI-SNR=34.23dB
  [MP3_320kbps] BER=0.0 NC=1.0 DSR=1 PLV=0.9973 SI-SNR=46.05dB
  [Resample_44100-16000RT] BER=0.0 NC=1.0 DSR=1 PLV=0.9455 SI-SNR=31.38dB
  [Crop_10pct] BER=0.125 NC=0.75 DSR=1 PLV=0.9994 SI-SNR=48.29dB
  [TSM_1.1x] BER=1.0 NC=-1.0 DSR=0 PLV= SI-SNR=dB
  [AWGN_30dB] BER=1.0 NC=-1.0 DSR=0 PLV=0.9732 SI-SNR=29.94dB
  [Limiter] BER=0.0 NC=1.0 DSR=1 PLV=0.9994 SI-SNR=38.39dB
  [Opus_64kbps] BER=0.0 NC=1.0 DSR=1 PLV=0.9715 SI-SNR=21.75dB
  [Opus_32kbps] BER=0.025 NC=0.95 DSR=1 PLV=0.922 SI-SNR=17.45dB
  [AAC_128kbps] BER=0.0 NC=1.0 DSR=1 PLV=0.9904 SI-SNR=32.54dB
  [TelephoneFilter] BER=0.6 NC=-0.2 DSR=1 PLV=0.1656 SI-SNR=-13.33dB
  [EnCodec_6kbps] BER=1.0 NC=-1.0 DSR=0 PLV=0.5935 SI-SNR=8.3dB
  [DAC] BER=1.0 NC=-1.0 DSR=0 PLV=0.3381 SI-SNR=0.12dB

[57/100] Similar_Trot_00162_Cover_Tempo_C.wav
Using the default SDR of 47 dB
  [OK] 임베딩 완료 (원본 sr=44100 -> 44.1kHz, 10.0초, encode SDR=48.57dB)
  [NoAttack]  BER=0.0 NC=1.0 DSR=1 PLV=0.9994 SI-SNR=48.58dB
  [MP3_128kbps] BER=0.0 NC=1.0 DSR=1 PLV=0.9887 SI-SNR=32.66dB
  [MP3_320kbps] BER=0.0 NC=1.0 DSR=1 PLV=0.9975 SI-SNR=46.03dB
  [Resample_44100-16000RT] BER=0.0 NC=1.0 DSR=1 PLV=0.934 SI-SNR=27.61dB
  [Crop_10pct] BER=1.0 NC=-1.0 DSR=0 PLV=0.9994 SI-SNR=48.71dB
  [TSM_1.1x] BER=1.0 NC=-1.0 DSR=0 PLV= SI-SNR=dB
  [AWGN_30dB] BER=0.45 NC=0.1 DSR=1 PLV=0.9754 SI-SNR=29.94dB
  [Limiter] BER=0.0 NC=1.0 DSR=1 PLV=0.9993 SI-SNR=36.04dB
  [Opus_64kbps] BER=0.0 NC=1.0 DSR=1 PLV=0.9692 SI-SNR=21.36dB
  [Opus_32kbps] BER=0.05 NC=0.9 DSR=1 PLV=0.9115 SI-SNR=16.39dB
  [AAC_128kbps] BER=0.0 NC=1.0 DSR=1 PLV=0.99 SI-SNR=30.08dB
  [TelephoneFilter] BER=1.0 NC=-1.0 DSR=0 PLV=0.1573 SI-SNR=-13.63dB
  [EnCodec_6kbps] BER=1.0 NC=-1.0 DSR=0 PLV=0.5707 SI-SNR=7.36dB
  [DAC] BER=0.475 NC=0.05 DSR=1 PLV=0.3391 SI-SNR=-0.9dB

[58/100] Similar_Trot_00162_Cover_Timbre_A.wav
Using the default SDR of 47 dB
  [OK] 임베딩 완료 (원본 sr=44100 -> 44.1kHz, 10.0초, encode SDR=48.56dB)
  [NoAttack]  BER=0.0 NC=1.0 DSR=1 PLV=0.9996 SI-SNR=48.57dB
  [MP3_128kbps] BER=0.0 NC=1.0 DSR=1 PLV=0.9892 SI-SNR=34.05dB
  [MP3_320kbps] BER=0.0 NC=1.0 DSR=1 PLV=0.9975 SI-SNR=45.08dB
  [Resample_44100-16000RT] BER=0.0 NC=1.0 DSR=1 PLV=0.9278 SI-SNR=28.85dB
  [Crop_10pct] BER=0.0 NC=1.0 DSR=1 PLV=0.9996 SI-SNR=48.53dB
  [TSM_1.1x] BER=1.0 NC=-1.0 DSR=0 PLV= SI-SNR=dB
  [AWGN_30dB] BER=0.075 NC=0.85 DSR=1 PLV=0.9729 SI-SNR=29.94dB
  [Limiter] BER=0.0 NC=1.0 DSR=1 PLV=0.9995 SI-SNR=42.94dB
  [Opus_64kbps] BER=0.0 NC=1.0 DSR=1 PLV=0.9635 SI-SNR=21.47dB
  [Opus_32kbps] BER=1.0 NC=-1.0 DSR=0 PLV=0.8997 SI-SNR=17.18dB
  [AAC_128kbps] BER=0.0 NC=1.0 DSR=1 PLV=0.9897 SI-SNR=30.59dB
  [TelephoneFilter] BER=0.575 NC=-0.15 DSR=1 PLV=0.1119 SI-SNR=-9.97dB
  [EnCodec_6kbps] BER=1.0 NC=-1.0 DSR=0 PLV=0.5514 SI-SNR=7.72dB
  [DAC] BER=0.5 NC=0.0 DSR=1 PLV=0.3052 SI-SNR=-1.68dB

[59/100] Similar_Trot_00162_Cover_Timbre_C.wav
Using the default SDR of 47 dB
  [OK] 임베딩 완료 (원본 sr=44100 -> 44.1kHz, 10.0초, encode SDR=48.54dB)
  [NoAttack]  BER=0.0 NC=1.0 DSR=1 PLV=0.9996 SI-SNR=48.55dB
  [MP3_128kbps] BER=0.0 NC=1.0 DSR=1 PLV=0.9895 SI-SNR=34.22dB
  [MP3_320kbps] BER=0.0 NC=1.0 DSR=1 PLV=0.9976 SI-SNR=45.46dB
  [Resample_44100-16000RT] BER=0.0 NC=1.0 DSR=1 PLV=0.9288 SI-SNR=28.96dB
  [Crop_10pct] BER=0.075 NC=0.85 DSR=1 PLV=0.9995 SI-SNR=48.21dB
  [TSM_1.1x] BER=1.0 NC=-1.0 DSR=0 PLV= SI-SNR=dB
  [AWGN_30dB] BER=0.075 NC=0.85 DSR=1 PLV=0.9728 SI-SNR=29.93dB
  [Limiter] BER=0.0 NC=1.0 DSR=1 PLV=0.9995 SI-SNR=38.68dB
  [Opus_64kbps] BER=0.0 NC=1.0 DSR=1 PLV=0.9634 SI-SNR=21.32dB
  [Opus_32kbps] BER=0.175 NC=0.65 DSR=1 PLV=0.8997 SI-SNR=17.17dB
  [AAC_128kbps] BER=0.0 NC=1.0 DSR=1 PLV=0.99 SI-SNR=31.11dB
  [TelephoneFilter] BER=0.525 NC=-0.05 DSR=1 PLV=0.1279 SI-SNR=-11.03dB
  [EnCodec_6kbps] BER=0.575 NC=-0.15 DSR=1 PLV=0.5634 SI-SNR=8.02dB
  [DAC] BER=1.0 NC=-1.0 DSR=0 PLV=0.3228 SI-SNR=-1.21dB

[60/100] Similar_Trot_00162_Org.wav
Using the default SDR of 47 dB
  [OK] 임베딩 완료 (원본 sr=48000 -> 44.1kHz, 10.1초, encode SDR=48.55dB)
  [NoAttack]  BER=0.0 NC=1.0 DSR=1 PLV=0.9996 SI-SNR=48.57dB
  [MP3_128kbps] BER=0.0 NC=1.0 DSR=1 PLV=0.9908 SI-SNR=34.68dB
  [MP3_320kbps] BER=0.0 NC=1.0 DSR=1 PLV=0.9985 SI-SNR=47.14dB
  [Resample_44100-16000RT] BER=0.0 NC=1.0 DSR=1 PLV=0.8931 SI-SNR=24.49dB
  [Crop_10pct] BER=0.0 NC=1.0 DSR=1 PLV=0.9996 SI-SNR=48.49dB
  [TSM_1.1x] BER=1.0 NC=-1.0 DSR=0 PLV= SI-SNR=dB
  [AWGN_30dB] BER=0.0 NC=1.0 DSR=1 PLV=0.974 SI-SNR=29.94dB
  [Limiter] BER=0.0 NC=1.0 DSR=1 PLV=0.9996 SI-SNR=37.56dB
  [Opus_64kbps] BER=0.0 NC=1.0 DSR=1 PLV=0.9684 SI-SNR=21.19dB
  [Opus_32kbps] BER=0.1 NC=0.8 DSR=1 PLV=0.8983 SI-SNR=16.66dB
  [AAC_128kbps] BER=0.0 NC=1.0 DSR=1 PLV=0.9916 SI-SNR=32.65dB
  [TelephoneFilter] BER=0.45 NC=0.1 DSR=1 PLV=0.2391 SI-SNR=-24.2dB
  [EnCodec_6kbps] BER=0.55 NC=-0.1 DSR=1 PLV=0.5995 SI-SNR=10.51dB
  [DAC] BER=1.0 NC=-1.0 DSR=0 PLV=0.4234 SI-SNR=3.16dB

[61/100] 일반남여_일반통합06_F_1524374974_25_수도권_실내_07802.wav
Using the default SDR of 47 dB
  [OK] 임베딩 완료 (원본 sr=16000 -> 44.1kHz, 3.5초, encode SDR=50.29dB)
  [NoAttack]  BER=0.0 NC=1.0 DSR=1 PLV=0.9991 SI-SNR=50.31dB
  [MP3_128kbps] BER=0.0 NC=1.0 DSR=1 PLV=0.9988 SI-SNR=48.53dB
  [MP3_320kbps] BER=0.0 NC=1.0 DSR=1 PLV=0.999 SI-SNR=50.24dB
  [Resample_44100-16000RT] BER=0.0 NC=1.0 DSR=1 PLV=0.9991 SI-SNR=50.25dB
  [Crop_10pct] BER=1.0 NC=-1.0 DSR=0 PLV=0.9991 SI-SNR=50.44dB
  [TSM_1.1x] BER=1.0 NC=-1.0 DSR=0 PLV= SI-SNR=dB
  [AWGN_30dB] BER=1.0 NC=-1.0 DSR=0 PLV=0.9886 SI-SNR=29.95dB
  [Limiter] BER=0.0 NC=1.0 DSR=1 PLV=0.9991 SI-SNR=50.31dB
  [Opus_64kbps] BER=1.0 NC=-1.0 DSR=0 PLV=0.9883 SI-SNR=26.64dB
  [Opus_32kbps] BER=0.2 NC=0.6 DSR=1 PLV=0.953 SI-SNR=20.37dB
  [AAC_128kbps] BER=0.0 NC=1.0 DSR=1 PLV=0.9987 SI-SNR=48.28dB
  [TelephoneFilter] BER=1.0 NC=-1.0 DSR=0 PLV=0.4045 SI-SNR=-11.29dB
  [EnCodec_6kbps] BER=1.0 NC=-1.0 DSR=0 PLV=0.5993 SI-SNR=7.8dB
  [DAC] BER=1.0 NC=-1.0 DSR=0 PLV=0.36 SI-SNR=-7.2dB

[62/100] 일반남여_일반통합06_F_1524374974_25_수도권_실내_07811.wav
Using the default SDR of 47 dB
  [OK] 임베딩 완료 (원본 sr=16000 -> 44.1kHz, 3.4초, encode SDR=50.17dB)
  [NoAttack]  BER=0.0 NC=1.0 DSR=1 PLV=0.9988 SI-SNR=50.18dB
  [MP3_128kbps] BER=0.0 NC=1.0 DSR=1 PLV=0.9984 SI-SNR=48.28dB
  [MP3_320kbps] BER=0.0 NC=1.0 DSR=1 PLV=0.9987 SI-SNR=50.07dB
  [Resample_44100-16000RT] BER=0.0 NC=1.0 DSR=1 PLV=0.9988 SI-SNR=50.02dB
  [Crop_10pct] BER=0.0 NC=1.0 DSR=1 PLV=0.9988 SI-SNR=50.75dB
  [TSM_1.1x] BER=1.0 NC=-1.0 DSR=0 PLV= SI-SNR=dB
  [AWGN_30dB] BER=1.0 NC=-1.0 DSR=0 PLV=0.9865 SI-SNR=29.97dB
  [Limiter] BER=0.0 NC=1.0 DSR=1 PLV=0.9988 SI-SNR=50.18dB
  [Opus_64kbps] BER=0.0 NC=1.0 DSR=1 PLV=0.9881 SI-SNR=27.4dB
  [Opus_32kbps] BER=1.0 NC=-1.0 DSR=0 PLV=0.9605 SI-SNR=20.53dB
  [AAC_128kbps] BER=0.0 NC=1.0 DSR=1 PLV=0.9983 SI-SNR=46.45dB
  [TelephoneFilter] BER=1.0 NC=-1.0 DSR=0 PLV=0.5601 SI-SNR=-0.72dB
  [EnCodec_6kbps] BER=1.0 NC=-1.0 DSR=0 PLV=0.6377 SI-SNR=7.11dB
  [DAC] BER=1.0 NC=-1.0 DSR=0 PLV=0.3373 SI-SNR=-27.99dB

[63/100] 일반남여_일반통합06_F_1524374974_25_수도권_실내_07812.wav
Using the default SDR of 47 dB
  [OK] 임베딩 완료 (원본 sr=16000 -> 44.1kHz, 2.8초, encode SDR=50.42dB)
  [NoAttack]  BER=0.0 NC=1.0 DSR=1 PLV=0.9988 SI-SNR=50.44dB
  [MP3_128kbps] BER=0.0 NC=1.0 DSR=1 PLV=0.9984 SI-SNR=48.69dB
  [MP3_320kbps] BER=0.0 NC=1.0 DSR=1 PLV=0.9987 SI-SNR=50.37dB
  [Resample_44100-16000RT] BER=0.0 NC=1.0 DSR=1 PLV=0.9988 SI-SNR=50.41dB
  [Crop_10pct] BER=0.2 NC=0.6 DSR=1 PLV=0.9986 SI-SNR=49.34dB
  [TSM_1.1x] BER=1.0 NC=-1.0 DSR=0 PLV= SI-SNR=dB
  [AWGN_30dB] BER=1.0 NC=-1.0 DSR=0 PLV=0.9865 SI-SNR=29.93dB
  [Limiter] BER=0.0 NC=1.0 DSR=1 PLV=0.9988 SI-SNR=50.44dB
  [Opus_64kbps] BER=0.0 NC=1.0 DSR=1 PLV=0.9892 SI-SNR=27.82dB
  [Opus_32kbps] BER=1.0 NC=-1.0 DSR=0 PLV=0.9613 SI-SNR=21.4dB
  [AAC_128kbps] BER=0.0 NC=1.0 DSR=1 PLV=0.9984 SI-SNR=49.08dB
  [TelephoneFilter] BER=1.0 NC=-1.0 DSR=0 PLV=0.5131 SI-SNR=-2.55dB
  [EnCodec_6kbps] BER=1.0 NC=-1.0 DSR=0 PLV=0.6514 SI-SNR=8.4dB
  [DAC] BER=1.0 NC=-1.0 DSR=0 PLV=0.3968 SI-SNR=-58.08dB

[64/100] 일반남여_일반통합06_F_1524374974_25_수도권_실내_07814.wav
Using the default SDR of 47 dB
  [OK] 임베딩 완료 (원본 sr=16000 -> 44.1kHz, 3.2초, encode SDR=50.61dB)
  [NoAttack]  BER=0.1 NC=0.8 DSR=1 PLV=0.9993 SI-SNR=50.62dB
  [MP3_128kbps] BER=0.1 NC=0.8 DSR=1 PLV=0.9991 SI-SNR=47.3dB
  [MP3_320kbps] BER=1.0 NC=-1.0 DSR=0 PLV=0.9993 SI-SNR=50.56dB
  [Resample_44100-16000RT] BER=0.1 NC=0.8 DSR=1 PLV=0.9993 SI-SNR=50.47dB
  [Crop_10pct] BER=0.175 NC=0.65 DSR=1 PLV=0.9993 SI-SNR=50.5dB
  [TSM_1.1x] BER=1.0 NC=-1.0 DSR=0 PLV= SI-SNR=dB
  [AWGN_30dB] BER=1.0 NC=-1.0 DSR=0 PLV=0.9909 SI-SNR=29.95dB
  [Limiter] BER=0.1 NC=0.8 DSR=1 PLV=0.9993 SI-SNR=50.62dB
  [Opus_64kbps] BER=0.1 NC=0.8 DSR=1 PLV=0.9899 SI-SNR=24.93dB
  [Opus_32kbps] BER=1.0 NC=-1.0 DSR=0 PLV=0.9426 SI-SNR=17.58dB
  [AAC_128kbps] BER=1.0 NC=-1.0 DSR=0 PLV=0.9987 SI-SNR=46.12dB
  [TelephoneFilter] BER=0.575 NC=-0.15 DSR=1 PLV=0.5102 SI-SNR=-1.87dB
  [EnCodec_6kbps] BER=1.0 NC=-1.0 DSR=0 PLV=0.642 SI-SNR=6.3dB
  [DAC] BER=1.0 NC=-1.0 DSR=0 PLV=0.2637 SI-SNR=-24.64dB

[65/100] 일반남여_일반통합06_F_1524374974_25_수도권_실내_07820.wav
Using the default SDR of 47 dB
  [OK] 임베딩 완료 (원본 sr=16000 -> 44.1kHz, 3.4초, encode SDR=50.51dB)
  [NoAttack]  BER=0.0 NC=1.0 DSR=1 PLV=0.9989 SI-SNR=50.53dB
  [MP3_128kbps] BER=0.0 NC=1.0 DSR=1 PLV=0.9986 SI-SNR=48.29dB
  [MP3_320kbps] BER=0.0 NC=1.0 DSR=1 PLV=0.9989 SI-SNR=50.49dB
  [Resample_44100-16000RT] BER=0.0 NC=1.0 DSR=1 PLV=0.9989 SI-SNR=50.5dB
  [Crop_10pct] BER=0.2 NC=0.6 DSR=1 PLV=0.999 SI-SNR=50.7dB
  [TSM_1.1x] BER=0.55 NC=-0.1 DSR=1 PLV= SI-SNR=dB
  [AWGN_30dB] BER=1.0 NC=-1.0 DSR=0 PLV=0.9886 SI-SNR=29.94dB
  [Limiter] BER=0.0 NC=1.0 DSR=1 PLV=0.9989 SI-SNR=50.53dB
  [Opus_64kbps] BER=1.0 NC=-1.0 DSR=0 PLV=0.9912 SI-SNR=28.44dB
  [Opus_32kbps] BER=1.0 NC=-1.0 DSR=0 PLV=0.9661 SI-SNR=21.99dB
  [AAC_128kbps] BER=0.0 NC=1.0 DSR=1 PLV=0.9985 SI-SNR=48.09dB
  [TelephoneFilter] BER=0.4 NC=0.2 DSR=1 PLV=0.5371 SI-SNR=-4.72dB
  [EnCodec_6kbps] BER=1.0 NC=-1.0 DSR=0 PLV=0.6911 SI-SNR=8.39dB
  [DAC] BER=1.0 NC=-1.0 DSR=0 PLV=0.353 SI-SNR=-17.66dB

[66/100] 일반남여_일반통합06_F_1524374974_25_수도권_실내_07822.wav
Using the default SDR of 47 dB
  [OK] 임베딩 완료 (원본 sr=16000 -> 44.1kHz, 3.4초, encode SDR=50.51dB)
  [NoAttack]  BER=0.0 NC=1.0 DSR=1 PLV=0.9991 SI-SNR=50.52dB
  [MP3_128kbps] BER=0.0 NC=1.0 DSR=1 PLV=0.9989 SI-SNR=49.17dB
  [MP3_320kbps] BER=0.0 NC=1.0 DSR=1 PLV=0.999 SI-SNR=50.49dB
  [Resample_44100-16000RT] BER=0.0 NC=1.0 DSR=1 PLV=0.999 SI-SNR=50.47dB
  [Crop_10pct] BER=0.0 NC=1.0 DSR=1 PLV=0.9991 SI-SNR=50.55dB
  [TSM_1.1x] BER=1.0 NC=-1.0 DSR=0 PLV= SI-SNR=dB
  [AWGN_30dB] BER=1.0 NC=-1.0 DSR=0 PLV=0.9895 SI-SNR=29.97dB
  [Limiter] BER=0.0 NC=1.0 DSR=1 PLV=0.9991 SI-SNR=50.52dB
  [Opus_64kbps] BER=0.025 NC=0.95 DSR=1 PLV=0.9895 SI-SNR=27.36dB
  [Opus_32kbps] BER=0.425 NC=0.15 DSR=1 PLV=0.959 SI-SNR=21.24dB
  [AAC_128kbps] BER=0.0 NC=1.0 DSR=1 PLV=0.9986 SI-SNR=48.27dB
  [TelephoneFilter] BER=1.0 NC=-1.0 DSR=0 PLV=0.5243 SI-SNR=-4.06dB
  [EnCodec_6kbps] BER=1.0 NC=-1.0 DSR=0 PLV=0.6778 SI-SNR=8.87dB
  [DAC] BER=1.0 NC=-1.0 DSR=0 PLV=0.3643 SI-SNR=-23.48dB

[67/100] 일반남여_일반통합06_F_1524374974_25_수도권_실내_07826.wav
Using the default SDR of 47 dB
  [OK] 임베딩 완료 (원본 sr=16000 -> 44.1kHz, 3.3초, encode SDR=51.13dB)
  [NoAttack]  BER=0.0 NC=1.0 DSR=1 PLV=0.999 SI-SNR=51.15dB
  [MP3_128kbps] BER=0.0 NC=1.0 DSR=1 PLV=0.9987 SI-SNR=48.59dB
  [MP3_320kbps] BER=0.0 NC=1.0 DSR=1 PLV=0.9989 SI-SNR=51.09dB
  [Resample_44100-16000RT] BER=0.0 NC=1.0 DSR=1 PLV=0.999 SI-SNR=51.14dB
  [Crop_10pct] BER=0.15 NC=0.7 DSR=1 PLV=0.999 SI-SNR=51.13dB
  [TSM_1.1x] BER=1.0 NC=-1.0 DSR=0 PLV= SI-SNR=dB
  [AWGN_30dB] BER=1.0 NC=-1.0 DSR=0 PLV=0.987 SI-SNR=29.98dB
  [Limiter] BER=0.0 NC=1.0 DSR=1 PLV=0.999 SI-SNR=51.15dB
  [Opus_64kbps] BER=0.425 NC=0.15 DSR=1 PLV=0.9917 SI-SNR=29.4dB
  [Opus_32kbps] BER=0.575 NC=-0.15 DSR=1 PLV=0.9714 SI-SNR=23.24dB
  [AAC_128kbps] BER=0.0 NC=1.0 DSR=1 PLV=0.9986 SI-SNR=49.51dB
  [TelephoneFilter] BER=0.5 NC=0.0 DSR=1 PLV=0.5133 SI-SNR=-8.39dB
  [EnCodec_6kbps] BER=1.0 NC=-1.0 DSR=0 PLV=0.743 SI-SNR=10.26dB
  [DAC] BER=1.0 NC=-1.0 DSR=0 PLV=0.4093 SI-SNR=-10.33dB

[68/100] 일반남여_일반통합06_F_1524374974_25_수도권_실내_07834.wav
Using the default SDR of 47 dB
  [OK] 임베딩 완료 (원본 sr=16000 -> 44.1kHz, 3.3초, encode SDR=50.44dB)
  [NoAttack]  BER=0.025 NC=0.95 DSR=1 PLV=0.9993 SI-SNR=50.45dB
  [MP3_128kbps] BER=0.025 NC=0.95 DSR=1 PLV=0.999 SI-SNR=48.62dB
  [MP3_320kbps] BER=0.025 NC=0.95 DSR=1 PLV=0.9992 SI-SNR=50.39dB
  [Resample_44100-16000RT] BER=0.025 NC=0.95 DSR=1 PLV=0.9993 SI-SNR=50.37dB
  [Crop_10pct] BER=0.0 NC=1.0 DSR=1 PLV=0.9992 SI-SNR=50.45dB
  [TSM_1.1x] BER=1.0 NC=-1.0 DSR=0 PLV= SI-SNR=dB
  [AWGN_30dB] BER=0.5 NC=0.0 DSR=1 PLV=0.99 SI-SNR=29.97dB
  [Limiter] BER=0.025 NC=0.95 DSR=1 PLV=0.9993 SI-SNR=50.45dB
  [Opus_64kbps] BER=1.0 NC=-1.0 DSR=0 PLV=0.9896 SI-SNR=26.72dB
  [Opus_32kbps] BER=1.0 NC=-1.0 DSR=0 PLV=0.9488 SI-SNR=19.14dB
  [AAC_128kbps] BER=0.0 NC=1.0 DSR=1 PLV=0.9989 SI-SNR=47.78dB
  [TelephoneFilter] BER=1.0 NC=-1.0 DSR=0 PLV=0.5024 SI-SNR=-3.67dB
  [EnCodec_6kbps] BER=1.0 NC=-1.0 DSR=0 PLV=0.6127 SI-SNR=6.57dB
  [DAC] BER=0.55 NC=-0.1 DSR=1 PLV=0.42 SI-SNR=-19.95dB

[69/100] 일반남여_일반통합06_F_1524374974_25_수도권_실내_07836.wav
Using the default SDR of 47 dB
  [OK] 임베딩 완료 (원본 sr=16000 -> 44.1kHz, 2.0초, encode SDR=51.43dB)
  [NoAttack]  BER=0.1 NC=0.8 DSR=1 PLV=0.9994 SI-SNR=51.44dB
  [MP3_128kbps] BER=0.125 NC=0.75 DSR=1 PLV=0.9992 SI-SNR=48.78dB
  [MP3_320kbps] BER=0.1 NC=0.8 DSR=1 PLV=0.9993 SI-SNR=51.36dB
  [Resample_44100-16000RT] BER=0.1 NC=0.8 DSR=1 PLV=0.9994 SI-SNR=51.37dB
  [Crop_10pct] BER=1.0 NC=-1.0 DSR=0 PLV=0.9995 SI-SNR=51.85dB
  [TSM_1.1x] BER=0.625 NC=-0.25 DSR=1 PLV= SI-SNR=dB
  [AWGN_30dB] BER=1.0 NC=-1.0 DSR=0 PLV=0.9921 SI-SNR=29.95dB
  [Limiter] BER=0.1 NC=0.8 DSR=1 PLV=0.9994 SI-SNR=51.44dB
  [Opus_64kbps] BER=0.175 NC=0.65 DSR=1 PLV=0.9915 SI-SNR=26.51dB
  [Opus_32kbps] BER=0.55 NC=-0.1 DSR=1 PLV=0.9532 SI-SNR=18.82dB
  [AAC_128kbps] BER=1.0 NC=-1.0 DSR=0 PLV=0.9991 SI-SNR=47.44dB
  [TelephoneFilter] BER=1.0 NC=-1.0 DSR=0 PLV=0.543 SI-SNR=-1.08dB
  [EnCodec_6kbps] BER=1.0 NC=-1.0 DSR=0 PLV=0.6513 SI-SNR=6.78dB
  [DAC] BER=0.625 NC=-0.25 DSR=1 PLV=0.2408 SI-SNR=-15.13dB

[70/100] 일반남여_일반통합06_F_1524374974_25_수도권_실내_07838.wav
Using the default SDR of 47 dB
  [OK] 임베딩 완료 (원본 sr=16000 -> 44.1kHz, 3.2초, encode SDR=50.78dB)
  [NoAttack]  BER=0.0 NC=1.0 DSR=1 PLV=0.9989 SI-SNR=50.79dB
  [MP3_128kbps] BER=0.0 NC=1.0 DSR=1 PLV=0.9985 SI-SNR=48.11dB
  [MP3_320kbps] BER=0.0 NC=1.0 DSR=1 PLV=0.9988 SI-SNR=50.71dB
  [Resample_44100-16000RT] BER=0.0 NC=1.0 DSR=1 PLV=0.9989 SI-SNR=50.67dB
  [Crop_10pct] BER=1.0 NC=-1.0 DSR=0 PLV=0.9988 SI-SNR=50.68dB
  [TSM_1.1x] BER=1.0 NC=-1.0 DSR=0 PLV= SI-SNR=dB
  [AWGN_30dB] BER=1.0 NC=-1.0 DSR=0 PLV=0.988 SI-SNR=29.97dB
  [Limiter] BER=0.0 NC=1.0 DSR=1 PLV=0.9989 SI-SNR=50.79dB
  [Opus_64kbps] BER=0.05 NC=0.9 DSR=1 PLV=0.9891 SI-SNR=27.19dB
  [Opus_32kbps] BER=1.0 NC=-1.0 DSR=0 PLV=0.9457 SI-SNR=18.45dB
  [AAC_128kbps] BER=0.0 NC=1.0 DSR=1 PLV=0.9984 SI-SNR=46.23dB
  [TelephoneFilter] BER=0.625 NC=-0.25 DSR=1 PLV=0.438 SI-SNR=-2.61dB
  [EnCodec_6kbps] BER=1.0 NC=-1.0 DSR=0 PLV=0.5762 SI-SNR=5.98dB
  [DAC] BER=1.0 NC=-1.0 DSR=0 PLV=0.3954 SI-SNR=-26.38dB

[71/100] 일반남여_일반통합06_F_1524374974_25_수도권_실내_07840.wav
Using the default SDR of 47 dB
  [OK] 임베딩 완료 (원본 sr=16000 -> 44.1kHz, 2.6초, encode SDR=51.04dB)
  [NoAttack]  BER=1.0 NC=-1.0 DSR=0 PLV=0.9992 SI-SNR=51.05dB
  [MP3_128kbps] BER=1.0 NC=-1.0 DSR=0 PLV=0.999 SI-SNR=49.23dB
  [MP3_320kbps] BER=1.0 NC=-1.0 DSR=0 PLV=0.9992 SI-SNR=51.01dB
  [Resample_44100-16000RT] BER=1.0 NC=-1.0 DSR=0 PLV=0.9992 SI-SNR=51.03dB
  [Crop_10pct] BER=1.0 NC=-1.0 DSR=0 PLV=0.9992 SI-SNR=51.2dB
  [TSM_1.1x] BER=1.0 NC=-1.0 DSR=0 PLV= SI-SNR=dB
  [AWGN_30dB] BER=1.0 NC=-1.0 DSR=0 PLV=0.9891 SI-SNR=29.97dB
  [Limiter] BER=1.0 NC=-1.0 DSR=0 PLV=0.9992 SI-SNR=51.05dB
  [Opus_64kbps] BER=1.0 NC=-1.0 DSR=0 PLV=0.9916 SI-SNR=29.6dB
  [Opus_32kbps] BER=0.375 NC=0.25 DSR=1 PLV=0.9625 SI-SNR=22.75dB
  [AAC_128kbps] BER=0.125 NC=0.75 DSR=1 PLV=0.9988 SI-SNR=48.65dB
  [TelephoneFilter] BER=1.0 NC=-1.0 DSR=0 PLV=0.5062 SI-SNR=-9.74dB
  [EnCodec_6kbps] BER=1.0 NC=-1.0 DSR=0 PLV=0.6927 SI-SNR=9.78dB
  [DAC] BER=1.0 NC=-1.0 DSR=0 PLV=0.4406 SI-SNR=-8.63dB

[72/100] 일반남여_일반통합06_F_1524374974_25_수도권_실내_07843.wav
Using the default SDR of 47 dB
  [OK] 임베딩 완료 (원본 sr=16000 -> 44.1kHz, 2.5초, encode SDR=51.00dB)
  [NoAttack]  BER=0.25 NC=0.5 DSR=1 PLV=0.9991 SI-SNR=51.01dB
  [MP3_128kbps] BER=0.25 NC=0.5 DSR=1 PLV=0.9987 SI-SNR=46.55dB
  [MP3_320kbps] BER=0.25 NC=0.5 DSR=1 PLV=0.999 SI-SNR=50.94dB
  [Resample_44100-16000RT] BER=0.25 NC=0.5 DSR=1 PLV=0.9991 SI-SNR=51.0dB
  [Crop_10pct] BER=0.3 NC=0.4 DSR=1 PLV=0.9991 SI-SNR=51.43dB
  [TSM_1.1x] BER=0.5 NC=0.0 DSR=1 PLV= SI-SNR=dB
  [AWGN_30dB] BER=1.0 NC=-1.0 DSR=0 PLV=0.989 SI-SNR=30.01dB
  [Limiter] BER=0.25 NC=0.5 DSR=1 PLV=0.9991 SI-SNR=51.01dB
  [Opus_64kbps] BER=0.525 NC=-0.05 DSR=1 PLV=0.9918 SI-SNR=28.0dB
  [Opus_32kbps] BER=1.0 NC=-1.0 DSR=0 PLV=0.9704 SI-SNR=22.06dB
  [AAC_128kbps] BER=0.275 NC=0.45 DSR=1 PLV=0.9988 SI-SNR=49.25dB
  [TelephoneFilter] BER=1.0 NC=-1.0 DSR=0 PLV=0.5826 SI-SNR=-1.92dB
  [EnCodec_6kbps] BER=1.0 NC=-1.0 DSR=0 PLV=0.7136 SI-SNR=8.81dB
  [DAC] BER=0.575 NC=-0.15 DSR=1 PLV=0.407 SI-SNR=-26.86dB

[73/100] 일반남여_일반통합06_F_1524374974_25_수도권_실내_07845.wav
Using the default SDR of 47 dB
  [OK] 임베딩 완료 (원본 sr=16000 -> 44.1kHz, 3.1초, encode SDR=50.77dB)
  [NoAttack]  BER=0.025 NC=0.95 DSR=1 PLV=0.9991 SI-SNR=50.78dB
  [MP3_128kbps] BER=0.025 NC=0.95 DSR=1 PLV=0.9988 SI-SNR=47.64dB
  [MP3_320kbps] BER=0.025 NC=0.95 DSR=1 PLV=0.9991 SI-SNR=50.74dB
  [Resample_44100-16000RT] BER=0.025 NC=0.95 DSR=1 PLV=0.9991 SI-SNR=50.78dB
  [Crop_10pct] BER=1.0 NC=-1.0 DSR=0 PLV=0.9991 SI-SNR=50.91dB
  [TSM_1.1x] BER=1.0 NC=-1.0 DSR=0 PLV= SI-SNR=dB
  [AWGN_30dB] BER=1.0 NC=-1.0 DSR=0 PLV=0.9888 SI-SNR=29.94dB
  [Limiter] BER=0.025 NC=0.95 DSR=1 PLV=0.9991 SI-SNR=50.78dB
  [Opus_64kbps] BER=0.025 NC=0.95 DSR=1 PLV=0.9915 SI-SNR=28.5dB
  [Opus_32kbps] BER=0.425 NC=0.15 DSR=1 PLV=0.9698 SI-SNR=22.84dB
  [AAC_128kbps] BER=0.025 NC=0.95 DSR=1 PLV=0.9986 SI-SNR=48.57dB
  [TelephoneFilter] BER=1.0 NC=-1.0 DSR=0 PLV=0.536 SI-SNR=-4.16dB
  [EnCodec_6kbps] BER=1.0 NC=-1.0 DSR=0 PLV=0.704 SI-SNR=9.34dB
  [DAC] BER=1.0 NC=-1.0 DSR=0 PLV=0.4064 SI-SNR=-25.3dB

[74/100] 일반남여_일반통합06_F_1524374974_25_수도권_실내_07847.wav
Using the default SDR of 47 dB
  [OK] 임베딩 완료 (원본 sr=16000 -> 44.1kHz, 2.2초, encode SDR=51.57dB)
  [NoAttack]  BER=0.225 NC=0.55 DSR=1 PLV=0.9994 SI-SNR=51.58dB
  [MP3_128kbps] BER=0.15 NC=0.7 DSR=1 PLV=0.9988 SI-SNR=45.96dB
  [MP3_320kbps] BER=0.2 NC=0.6 DSR=1 PLV=0.9994 SI-SNR=51.5dB
  [Resample_44100-16000RT] BER=0.225 NC=0.55 DSR=1 PLV=0.9994 SI-SNR=51.55dB
  [Crop_10pct] BER=1.0 NC=-1.0 DSR=0 PLV=0.9994 SI-SNR=51.94dB
  [TSM_1.1x] BER=0.375 NC=0.25 DSR=1 PLV= SI-SNR=dB
  [AWGN_30dB] BER=1.0 NC=-1.0 DSR=0 PLV=0.9906 SI-SNR=29.99dB
  [Limiter] BER=0.225 NC=0.55 DSR=1 PLV=0.9994 SI-SNR=51.58dB
  [Opus_64kbps] BER=1.0 NC=-1.0 DSR=0 PLV=0.992 SI-SNR=28.14dB
  [Opus_32kbps] BER=1.0 NC=-1.0 DSR=0 PLV=0.9649 SI-SNR=21.49dB
  [AAC_128kbps] BER=0.2 NC=0.6 DSR=1 PLV=0.9989 SI-SNR=47.27dB
  [TelephoneFilter] BER=1.0 NC=-1.0 DSR=0 PLV=0.5477 SI-SNR=-3.63dB
  [EnCodec_6kbps] BER=1.0 NC=-1.0 DSR=0 PLV=0.6828 SI-SNR=7.69dB
  [DAC] BER=1.0 NC=-1.0 DSR=0 PLV=0.2352 SI-SNR=-22.84dB

[75/100] 일반남여_일반통합06_F_1524374974_25_수도권_실내_07849.wav
Using the default SDR of 47 dB
  [OK] 임베딩 완료 (원본 sr=16000 -> 44.1kHz, 2.0초, encode SDR=51.08dB)
  [NoAttack]  BER=0.175 NC=0.65 DSR=1 PLV=0.999 SI-SNR=51.09dB
  [MP3_128kbps] BER=0.125 NC=0.75 DSR=1 PLV=0.9986 SI-SNR=49.03dB
  [MP3_320kbps] BER=0.075 NC=0.85 DSR=1 PLV=0.9989 SI-SNR=50.92dB
  [Resample_44100-16000RT] BER=0.175 NC=0.65 DSR=1 PLV=0.999 SI-SNR=51.07dB
  [Crop_10pct] BER=0.25 NC=0.5 DSR=1 PLV=0.999 SI-SNR=51.37dB
  [TSM_1.1x] BER=1.0 NC=-1.0 DSR=0 PLV= SI-SNR=dB
  [AWGN_30dB] BER=0.675 NC=-0.35 DSR=1 PLV=0.9871 SI-SNR=29.96dB
  [Limiter] BER=0.175 NC=0.65 DSR=1 PLV=0.999 SI-SNR=51.09dB
  [Opus_64kbps] BER=0.1 NC=0.8 DSR=1 PLV=0.9898 SI-SNR=26.83dB
  [Opus_32kbps] BER=1.0 NC=-1.0 DSR=0 PLV=0.966 SI-SNR=21.67dB
  [AAC_128kbps] BER=0.125 NC=0.75 DSR=1 PLV=0.9983 SI-SNR=47.09dB
  [TelephoneFilter] BER=1.0 NC=-1.0 DSR=0 PLV=0.5929 SI-SNR=0.26dB
  [EnCodec_6kbps] BER=1.0 NC=-1.0 DSR=0 PLV=0.6913 SI-SNR=8.04dB
  [DAC] BER=1.0 NC=-1.0 DSR=0 PLV=0.3316 SI-SNR=-17.39dB

[76/100] 일반남여_일반통합06_F_1524374974_25_수도권_실내_07851.wav
Using the default SDR of 47 dB
  [OK] 임베딩 완료 (원본 sr=16000 -> 44.1kHz, 2.6초, encode SDR=50.54dB)
  [NoAttack]  BER=0.1 NC=0.8 DSR=1 PLV=0.999 SI-SNR=50.55dB
  [MP3_128kbps] BER=0.1 NC=0.8 DSR=1 PLV=0.9988 SI-SNR=46.82dB
  [MP3_320kbps] BER=0.1 NC=0.8 DSR=1 PLV=0.999 SI-SNR=50.47dB
  [Resample_44100-16000RT] BER=0.1 NC=0.8 DSR=1 PLV=0.999 SI-SNR=50.51dB
  [Crop_10pct] BER=1.0 NC=-1.0 DSR=0 PLV=0.9991 SI-SNR=50.58dB
  [TSM_1.1x] BER=0.6 NC=-0.2 DSR=1 PLV= SI-SNR=dB
  [AWGN_30dB] BER=0.625 NC=-0.25 DSR=1 PLV=0.9902 SI-SNR=29.96dB
  [Limiter] BER=0.1 NC=0.8 DSR=1 PLV=0.999 SI-SNR=50.55dB
  [Opus_64kbps] BER=0.175 NC=0.65 DSR=1 PLV=0.9914 SI-SNR=26.29dB
  [Opus_32kbps] BER=1.0 NC=-1.0 DSR=0 PLV=0.9547 SI-SNR=17.97dB
  [AAC_128kbps] BER=0.125 NC=0.75 DSR=1 PLV=0.9986 SI-SNR=46.43dB
  [TelephoneFilter] BER=1.0 NC=-1.0 DSR=0 PLV=0.4259 SI-SNR=-8.98dB
  [EnCodec_6kbps] BER=1.0 NC=-1.0 DSR=0 PLV=0.596 SI-SNR=6.25dB
  [DAC] BER=1.0 NC=-1.0 DSR=0 PLV=0.4023 SI-SNR=-9.04dB

[77/100] 일반남여_일반통합06_F_1524374974_25_수도권_실내_07853.wav
Using the default SDR of 47 dB
  [OK] 임베딩 완료 (원본 sr=16000 -> 44.1kHz, 3.0초, encode SDR=50.89dB)
  [NoAttack]  BER=0.025 NC=0.95 DSR=1 PLV=0.999 SI-SNR=50.91dB
  [MP3_128kbps] BER=0.0 NC=1.0 DSR=1 PLV=0.9986 SI-SNR=48.42dB
  [MP3_320kbps] BER=0.0 NC=1.0 DSR=1 PLV=0.9989 SI-SNR=50.84dB
  [Resample_44100-16000RT] BER=0.025 NC=0.95 DSR=1 PLV=0.999 SI-SNR=50.65dB
  [Crop_10pct] BER=0.1 NC=0.8 DSR=1 PLV=0.9989 SI-SNR=51.24dB
  [TSM_1.1x] BER=1.0 NC=-1.0 DSR=0 PLV= SI-SNR=dB
  [AWGN_30dB] BER=1.0 NC=-1.0 DSR=0 PLV=0.9882 SI-SNR=29.97dB
  [Limiter] BER=0.025 NC=0.95 DSR=1 PLV=0.999 SI-SNR=50.91dB
  [Opus_64kbps] BER=0.05 NC=0.9 DSR=1 PLV=0.9909 SI-SNR=28.93dB
  [Opus_32kbps] BER=1.0 NC=-1.0 DSR=0 PLV=0.9597 SI-SNR=20.76dB
  [AAC_128kbps] BER=0.0 NC=1.0 DSR=1 PLV=0.9986 SI-SNR=49.08dB
  [TelephoneFilter] BER=1.0 NC=-1.0 DSR=0 PLV=0.5197 SI-SNR=-3.58dB
  [EnCodec_6kbps] BER=1.0 NC=-1.0 DSR=0 PLV=0.6459 SI-SNR=7.84dB
  [DAC] BER=0.6 NC=-0.2 DSR=1 PLV=0.3178 SI-SNR=-25.38dB

[78/100] 일반남여_일반통합06_F_1524374974_25_수도권_실내_07855.wav
Using the default SDR of 47 dB
  [OK] 임베딩 완료 (원본 sr=16000 -> 44.1kHz, 2.8초, encode SDR=50.90dB)
  [NoAttack]  BER=0.125 NC=0.75 DSR=1 PLV=0.9989 SI-SNR=50.91dB
  [MP3_128kbps] BER=0.1 NC=0.8 DSR=1 PLV=0.9985 SI-SNR=48.16dB
  [MP3_320kbps] BER=0.1 NC=0.8 DSR=1 PLV=0.9988 SI-SNR=50.77dB
  [Resample_44100-16000RT] BER=0.125 NC=0.75 DSR=1 PLV=0.9989 SI-SNR=50.71dB
  [Crop_10pct] BER=1.0 NC=-1.0 DSR=0 PLV=0.9989 SI-SNR=51.07dB
  [TSM_1.1x] BER=1.0 NC=-1.0 DSR=0 PLV= SI-SNR=dB
  [AWGN_30dB] BER=1.0 NC=-1.0 DSR=0 PLV=0.9878 SI-SNR=29.95dB
  [Limiter] BER=0.125 NC=0.75 DSR=1 PLV=0.9989 SI-SNR=50.91dB
  [Opus_64kbps] BER=0.4 NC=0.2 DSR=1 PLV=0.9899 SI-SNR=27.28dB
  [Opus_32kbps] BER=1.0 NC=-1.0 DSR=0 PLV=0.9584 SI-SNR=19.47dB
/home/hansung1/.vscode-server/audio/venv/lib/python3.10/site-packages/silentcipher/server.py:409: SmallSampleWarning: All axis-slices of one or more sample arguments are too small; all elements of returned arrays will be NaN. See documentation for sample size requirements.
  ord_values = st.mode(pred_values, keepdims=False).mode
/home/hansung1/.vscode-server/audio/venv/lib/python3.10/site-packages/silentcipher/server.py:409: SmallSampleWarning: All axis-slices of one or more sample arguments are too small; all elements of returned arrays will be NaN. See documentation for sample size requirements.
  ord_values = st.mode(pred_values, keepdims=False).mode
/home/hansung1/.vscode-server/audio/venv/lib/python3.10/site-packages/silentcipher/server.py:409: SmallSampleWarning: All axis-slices of one or more sample arguments are too small; all elements of returned arrays will be NaN. See documentation for sample size requirements.
  ord_values = st.mode(pred_values, keepdims=False).mode
/home/hansung1/.vscode-server/audio/venv/lib/python3.10/site-packages/silentcipher/server.py:409: SmallSampleWarning: All axis-slices of one or more sample arguments are too small; all elements of returned arrays will be NaN. See documentation for sample size requirements.
  ord_values = st.mode(pred_values, keepdims=False).mode
  [AAC_128kbps] BER=0.1 NC=0.8 DSR=1 PLV=0.9985 SI-SNR=48.92dB
  [TelephoneFilter] BER=1.0 NC=-1.0 DSR=0 PLV=0.5501 SI-SNR=2.85dB
  [EnCodec_6kbps] BER=1.0 NC=-1.0 DSR=0 PLV=0.6119 SI-SNR=5.4dB
  [DAC] BER=0.575 NC=-0.15 DSR=1 PLV=0.3214 SI-SNR=-7.08dB

[79/100] 일반남여_일반통합06_F_1524374974_25_수도권_실내_08316.wav
Using the default SDR of 47 dB
  [OK] 임베딩 완료 (원본 sr=16000 -> 44.1kHz, 2.8초, encode SDR=51.32dB)
  [NoAttack]  BER=0.0 NC=1.0 DSR=1 PLV=0.999 SI-SNR=51.34dB
  [MP3_128kbps] BER=1.0 NC=-1.0 DSR=0 PLV=0.9986 SI-SNR=47.49dB
  [MP3_320kbps] BER=0.025 NC=0.95 DSR=1 PLV=0.9989 SI-SNR=51.25dB
  [Resample_44100-16000RT] BER=0.0 NC=1.0 DSR=1 PLV=0.999 SI-SNR=51.3dB
  [Crop_10pct] BER=0.2 NC=0.6 DSR=1 PLV=0.999 SI-SNR=51.34dB
  [TSM_1.1x] BER=0.5 NC=0.0 DSR=1 PLV= SI-SNR=dB
  [AWGN_30dB] BER=1.0 NC=-1.0 DSR=0 PLV=0.9876 SI-SNR=29.95dB
  [Limiter] BER=0.0 NC=1.0 DSR=1 PLV=0.999 SI-SNR=51.34dB
  [Opus_64kbps] BER=1.0 NC=-1.0 DSR=0 PLV=0.9895 SI-SNR=27.78dB
  [Opus_32kbps] BER=1.0 NC=-1.0 DSR=0 PLV=0.9592 SI-SNR=22.03dB
  [AAC_128kbps] BER=1.0 NC=-1.0 DSR=0 PLV=0.9986 SI-SNR=48.89dB
  [TelephoneFilter] BER=1.0 NC=-1.0 DSR=0 PLV=0.4443 SI-SNR=-11.98dB
  [EnCodec_6kbps] BER=1.0 NC=-1.0 DSR=0 PLV=0.6269 SI-SNR=9.19dB
  [DAC] BER=1.0 NC=-1.0 DSR=0 PLV=0.4556 SI-SNR=-6.6dB

[80/100] 일반남여_일반통합06_F_1524374974_25_수도권_실내_08318.wav
Using the default SDR of 47 dB
  [OK] 임베딩 완료 (원본 sr=16000 -> 44.1kHz, 2.8초, encode SDR=51.85dB)
  [NoAttack]  BER=0.0 NC=1.0 DSR=1 PLV=0.9991 SI-SNR=51.87dB
  [MP3_128kbps] BER=0.0 NC=1.0 DSR=1 PLV=0.9988 SI-SNR=48.96dB
  [MP3_320kbps] BER=0.0 NC=1.0 DSR=1 PLV=0.999 SI-SNR=51.75dB
  [Resample_44100-16000RT] BER=0.0 NC=1.0 DSR=1 PLV=0.999 SI-SNR=51.75dB
  [Crop_10pct] BER=0.2 NC=0.6 DSR=1 PLV=0.9989 SI-SNR=50.71dB
  [TSM_1.1x] BER=1.0 NC=-1.0 DSR=0 PLV= SI-SNR=dB
  [AWGN_30dB] BER=1.0 NC=-1.0 DSR=0 PLV=0.9903 SI-SNR=29.97dB
  [Limiter] BER=0.0 NC=1.0 DSR=1 PLV=0.9991 SI-SNR=51.87dB
  [Opus_64kbps] BER=1.0 NC=-1.0 DSR=0 PLV=0.9907 SI-SNR=26.53dB
  [Opus_32kbps] BER=1.0 NC=-1.0 DSR=0 PLV=0.9544 SI-SNR=19.12dB
  [AAC_128kbps] BER=0.0 NC=1.0 DSR=1 PLV=0.9985 SI-SNR=47.86dB
  [TelephoneFilter] BER=1.0 NC=-1.0 DSR=0 PLV=0.4678 SI-SNR=-6.25dB
  [EnCodec_6kbps] BER=1.0 NC=-1.0 DSR=0 PLV=0.6359 SI-SNR=6.62dB
  [DAC] BER=1.0 NC=-1.0 DSR=0 PLV=0.4419 SI-SNR=-12.19dB

[81/100] 통화 7727-0029.wav
Using the default SDR of 47 dB
  [OK] 임베딩 완료 (원본 sr=8000 -> 44.1kHz, 1.0초, encode SDR=49.78dB)
  [NoAttack]  BER=0.075 NC=0.85 DSR=1 PLV=0.9997 SI-SNR=49.8dB
  [MP3_128kbps] BER=0.075 NC=0.85 DSR=1 PLV=0.9997 SI-SNR=48.7dB
  [MP3_320kbps] BER=0.075 NC=0.85 DSR=1 PLV=0.9997 SI-SNR=49.74dB
  [Resample_44100-16000RT] BER=0.075 NC=0.85 DSR=1 PLV=0.9997 SI-SNR=49.81dB
    ViSQOL 계산 실패: Reference spectrum size (41) smaller than minimum patch size (45).
  [Crop_10pct] BER=0.3 NC=0.4 DSR=1 PLV=0.9998 SI-SNR=50.25dB
  [TSM_1.1x] BER=1.0 NC=-1.0 DSR=0 PLV= SI-SNR=dB
  [AWGN_30dB] BER=1.0 NC=-1.0 DSR=0 PLV=0.9958 SI-SNR=29.94dB
  [Limiter] BER=0.075 NC=0.85 DSR=1 PLV=0.9997 SI-SNR=49.8dB
  [Opus_64kbps] BER=1.0 NC=-1.0 DSR=0 PLV=0.9925 SI-SNR=26.62dB
  [Opus_32kbps] BER=1.0 NC=-1.0 DSR=0 PLV=0.9758 SI-SNR=20.32dB
  [AAC_128kbps] BER=1.0 NC=-1.0 DSR=0 PLV=0.9996 SI-SNR=46.47dB
  [TelephoneFilter] BER=0.325 NC=0.35 DSR=1 PLV=0.5076 SI-SNR=-4.38dB
  [EnCodec_6kbps] BER=0.425 NC=0.15 DSR=1 PLV=0.6403 SI-SNR=7.67dB
  [DAC] BER=1.0 NC=-1.0 DSR=0 PLV=0.4218 SI-SNR=-13.21dB

[82/100] 통화 7728-0017.wav
Using the default SDR of 47 dB
  [OK] 임베딩 완료 (원본 sr=8000 -> 44.1kHz, 0.9초, encode SDR=49.52dB)
    ViSQOL 계산 실패: Reference spectrum size (41) smaller than minimum patch size (45).
  [NoAttack]  BER=1.0 NC=-1.0 DSR=0 PLV=0.9996 SI-SNR=49.54dB
    ViSQOL 계산 실패: Reference spectrum size (41) smaller than minimum patch size (45).
  [MP3_128kbps] BER=1.0 NC=-1.0 DSR=0 PLV=0.9994 SI-SNR=45.85dB
    ViSQOL 계산 실패: Reference spectrum size (41) smaller than minimum patch size (45).
  [MP3_320kbps] BER=1.0 NC=-1.0 DSR=0 PLV=0.9996 SI-SNR=49.46dB
    ViSQOL 계산 실패: Reference spectrum size (41) smaller than minimum patch size (45).
  [Resample_44100-16000RT] BER=1.0 NC=-1.0 DSR=0 PLV=0.9995 SI-SNR=49.11dB
    ViSQOL 계산 실패: Reference spectrum size (36) smaller than minimum patch size (45).
  [Crop_10pct] BER=1.0 NC=-1.0 DSR=0 PLV=0.9996 SI-SNR=47.94dB
    ViSQOL 계산 실패: Reference spectrum size (41) smaller than minimum patch size (45).
  [TSM_1.1x] BER=1.0 NC=-1.0 DSR=0 PLV= SI-SNR=dB
    ViSQOL 계산 실패: Reference spectrum size (41) smaller than minimum patch size (45).
  [AWGN_30dB] BER=1.0 NC=-1.0 DSR=0 PLV=0.9938 SI-SNR=29.94dB
    ViSQOL 계산 실패: Reference spectrum size (41) smaller than minimum patch size (45).
  [Limiter] BER=1.0 NC=-1.0 DSR=0 PLV=0.9996 SI-SNR=49.54dB
    ViSQOL 계산 실패: Reference spectrum size (41) smaller than minimum patch size (45).
  [Opus_64kbps] BER=1.0 NC=-1.0 DSR=0 PLV=0.9938 SI-SNR=28.05dB
    ViSQOL 계산 실패: Reference spectrum size (41) smaller than minimum patch size (45).
  [Opus_32kbps] BER=0.525 NC=-0.05 DSR=1 PLV=0.9748 SI-SNR=21.1dB
    ViSQOL 계산 실패: Reference spectrum size (41) smaller than minimum patch size (45).
  [AAC_128kbps] BER=0.575 NC=-0.15 DSR=1 PLV=0.9994 SI-SNR=45.98dB
    ViSQOL 계산 실패: Reference spectrum size (41) smaller than minimum patch size (45).
  [TelephoneFilter] BER=0.525 NC=-0.05 DSR=1 PLV=0.5353 SI-SNR=-1.59dB
    ViSQOL 계산 실패: Reference spectrum size (41) smaller than minimum patch size (45).
  [EnCodec_6kbps] BER=1.0 NC=-1.0 DSR=0 PLV=0.6313 SI-SNR=8.61dB
    ViSQOL 계산 실패: Reference spectrum size (40) smaller than minimum patch size (45).
  [DAC] BER=0.55 NC=-0.1 DSR=1 PLV=0.5142 SI-SNR=-19.34dB

[83/100] 통화 7728-0022.wav
Using the default SDR of 47 dB
  [OK] 임베딩 완료 (원본 sr=8000 -> 44.1kHz, 0.9초, encode SDR=50.03dB)
    ViSQOL 계산 실패: Reference spectrum size (41) smaller than minimum patch size (45).
  [NoAttack]  BER=1.0 NC=-1.0 DSR=0 PLV=0.9998 SI-SNR=50.06dB
    ViSQOL 계산 실패: Reference spectrum size (41) smaller than minimum patch size (45).
  [MP3_128kbps] BER=0.45 NC=0.1 DSR=1 PLV=0.9997 SI-SNR=47.59dB
    ViSQOL 계산 실패: Reference spectrum size (41) smaller than minimum patch size (45).
  [MP3_320kbps] BER=0.45 NC=0.1 DSR=1 PLV=0.9998 SI-SNR=50.03dB
    ViSQOL 계산 실패: Reference spectrum size (41) smaller than minimum patch size (45).
  [Resample_44100-16000RT] BER=1.0 NC=-1.0 DSR=0 PLV=0.9998 SI-SNR=50.05dB
    ViSQOL 계산 실패: Reference spectrum size (36) smaller than minimum patch size (45).
  [Crop_10pct] BER=1.0 NC=-1.0 DSR=0 PLV=0.9998 SI-SNR=49.74dB
    ViSQOL 계산 실패: Reference spectrum size (41) smaller than minimum patch size (45).
  [TSM_1.1x] BER=1.0 NC=-1.0 DSR=0 PLV= SI-SNR=dB
    ViSQOL 계산 실패: Reference spectrum size (41) smaller than minimum patch size (45).
  [AWGN_30dB] BER=0.575 NC=-0.15 DSR=1 PLV=0.9966 SI-SNR=29.98dB
    ViSQOL 계산 실패: Reference spectrum size (41) smaller than minimum patch size (45).
  [Limiter] BER=1.0 NC=-1.0 DSR=0 PLV=0.9998 SI-SNR=50.06dB
    ViSQOL 계산 실패: Reference spectrum size (41) smaller than minimum patch size (45).
  [Opus_64kbps] BER=1.0 NC=-1.0 DSR=0 PLV=0.9932 SI-SNR=26.45dB
    ViSQOL 계산 실패: Reference spectrum size (41) smaller than minimum patch size (45).
  [Opus_32kbps] BER=1.0 NC=-1.0 DSR=0 PLV=0.9764 SI-SNR=20.82dB
    ViSQOL 계산 실패: Reference spectrum size (41) smaller than minimum patch size (45).
  [AAC_128kbps] BER=1.0 NC=-1.0 DSR=0 PLV=0.9997 SI-SNR=47.45dB
    ViSQOL 계산 실패: Reference spectrum size (41) smaller than minimum patch size (45).
  [TelephoneFilter] BER=0.55 NC=-0.1 DSR=1 PLV=0.502 SI-SNR=-5.99dB
    ViSQOL 계산 실패: Reference spectrum size (41) smaller than minimum patch size (45).
  [EnCodec_6kbps] BER=0.5 NC=0.0 DSR=1 PLV=0.6463 SI-SNR=7.72dB
    ViSQOL 계산 실패: Reference spectrum size (40) smaller than minimum patch size (45).
  [DAC] BER=1.0 NC=-1.0 DSR=0 PLV=0.4003 SI-SNR=-12.55dB
/home/hansung1/.vscode-server/audio/venv/lib/python3.10/site-packages/silentcipher/server.py:409: SmallSampleWarning: All axis-slices of one or more sample arguments are too small; all elements of returned arrays will be NaN. See documentation for sample size requirements.
  ord_values = st.mode(pred_values, keepdims=False).mode
/home/hansung1/.vscode-server/audio/venv/lib/python3.10/site-packages/silentcipher/server.py:409: SmallSampleWarning: All axis-slices of one or more sample arguments are too small; all elements of returned arrays will be NaN. See documentation for sample size requirements.
  ord_values = st.mode(pred_values, keepdims=False).mode
/home/hansung1/.vscode-server/audio/venv/lib/python3.10/site-packages/silentcipher/server.py:409: SmallSampleWarning: All axis-slices of one or more sample arguments are too small; all elements of returned arrays will be NaN. See documentation for sample size requirements.
  ord_values = st.mode(pred_values, keepdims=False).mode
/home/hansung1/.vscode-server/audio/venv/lib/python3.10/site-packages/silentcipher/server.py:409: SmallSampleWarning: All axis-slices of one or more sample arguments are too small; all elements of returned arrays will be NaN. See documentation for sample size requirements.
  ord_values = st.mode(pred_values, keepdims=False).mode
/home/hansung1/.vscode-server/audio/venv/lib/python3.10/site-packages/silentcipher/server.py:409: SmallSampleWarning: All axis-slices of one or more sample arguments are too small; all elements of returned arrays will be NaN. See documentation for sample size requirements.
  ord_values = st.mode(pred_values, keepdims=False).mode
/home/hansung1/.vscode-server/audio/venv/lib/python3.10/site-packages/silentcipher/server.py:409: SmallSampleWarning: All axis-slices of one or more sample arguments are too small; all elements of returned arrays will be NaN. See documentation for sample size requirements.
  ord_values = st.mode(pred_values, keepdims=False).mode
/home/hansung1/.vscode-server/audio/venv/lib/python3.10/site-packages/silentcipher/server.py:409: SmallSampleWarning: All axis-slices of one or more sample arguments are too small; all elements of returned arrays will be NaN. See documentation for sample size requirements.
  ord_values = st.mode(pred_values, keepdims=False).mode
/home/hansung1/.vscode-server/audio/venv/lib/python3.10/site-packages/silentcipher/server.py:409: SmallSampleWarning: All axis-slices of one or more sample arguments are too small; all elements of returned arrays will be NaN. See documentation for sample size requirements.
  ord_values = st.mode(pred_values, keepdims=False).mode
/home/hansung1/.vscode-server/audio/venv/lib/python3.10/site-packages/silentcipher/server.py:409: SmallSampleWarning: All axis-slices of one or more sample arguments are too small; all elements of returned arrays will be NaN. See documentation for sample size requirements.
  ord_values = st.mode(pred_values, keepdims=False).mode
/home/hansung1/.vscode-server/audio/venv/lib/python3.10/site-packages/silentcipher/server.py:409: SmallSampleWarning: All axis-slices of one or more sample arguments are too small; all elements of returned arrays will be NaN. See documentation for sample size requirements.
  ord_values = st.mode(pred_values, keepdims=False).mode
/home/hansung1/.vscode-server/audio/venv/lib/python3.10/site-packages/silentcipher/server.py:409: SmallSampleWarning: All axis-slices of one or more sample arguments are too small; all elements of returned arrays will be NaN. See documentation for sample size requirements.
  ord_values = st.mode(pred_values, keepdims=False).mode
/home/hansung1/.vscode-server/audio/venv/lib/python3.10/site-packages/silentcipher/server.py:409: SmallSampleWarning: All axis-slices of one or more sample arguments are too small; all elements of returned arrays will be NaN. See documentation for sample size requirements.
  ord_values = st.mode(pred_values, keepdims=False).mode
/home/hansung1/.vscode-server/audio/venv/lib/python3.10/site-packages/silentcipher/server.py:409: SmallSampleWarning: All axis-slices of one or more sample arguments are too small; all elements of returned arrays will be NaN. See documentation for sample size requirements.
  ord_values = st.mode(pred_values, keepdims=False).mode
/home/hansung1/.vscode-server/audio/venv/lib/python3.10/site-packages/silentcipher/server.py:409: SmallSampleWarning: All axis-slices of one or more sample arguments are too small; all elements of returned arrays will be NaN. See documentation for sample size requirements.
  ord_values = st.mode(pred_values, keepdims=False).mode
/home/hansung1/.vscode-server/audio/venv/lib/python3.10/site-packages/silentcipher/server.py:409: SmallSampleWarning: All axis-slices of one or more sample arguments are too small; all elements of returned arrays will be NaN. See documentation for sample size requirements.
  ord_values = st.mode(pred_values, keepdims=False).mode
/home/hansung1/.vscode-server/audio/venv/lib/python3.10/site-packages/silentcipher/server.py:409: SmallSampleWarning: All axis-slices of one or more sample arguments are too small; all elements of returned arrays will be NaN. See documentation for sample size requirements.
  ord_values = st.mode(pred_values, keepdims=False).mode
/home/hansung1/.vscode-server/audio/venv/lib/python3.10/site-packages/silentcipher/server.py:409: SmallSampleWarning: All axis-slices of one or more sample arguments are too small; all elements of returned arrays will be NaN. See documentation for sample size requirements.
  ord_values = st.mode(pred_values, keepdims=False).mode
/home/hansung1/.vscode-server/audio/venv/lib/python3.10/site-packages/silentcipher/server.py:409: SmallSampleWarning: All axis-slices of one or more sample arguments are too small; all elements of returned arrays will be NaN. See documentation for sample size requirements.
  ord_values = st.mode(pred_values, keepdims=False).mode
/home/hansung1/.vscode-server/audio/venv/lib/python3.10/site-packages/silentcipher/server.py:409: SmallSampleWarning: All axis-slices of one or more sample arguments are too small; all elements of returned arrays will be NaN. See documentation for sample size requirements.
  ord_values = st.mode(pred_values, keepdims=False).mode
/home/hansung1/.vscode-server/audio/venv/lib/python3.10/site-packages/silentcipher/server.py:409: SmallSampleWarning: All axis-slices of one or more sample arguments are too small; all elements of returned arrays will be NaN. See documentation for sample size requirements.
  ord_values = st.mode(pred_values, keepdims=False).mode
/home/hansung1/.vscode-server/audio/venv/lib/python3.10/site-packages/silentcipher/server.py:409: SmallSampleWarning: All axis-slices of one or more sample arguments are too small; all elements of returned arrays will be NaN. See documentation for sample size requirements.
  ord_values = st.mode(pred_values, keepdims=False).mode
/home/hansung1/.vscode-server/audio/venv/lib/python3.10/site-packages/silentcipher/server.py:409: SmallSampleWarning: All axis-slices of one or more sample arguments are too small; all elements of returned arrays will be NaN. See documentation for sample size requirements.
  ord_values = st.mode(pred_values, keepdims=False).mode
/home/hansung1/.vscode-server/audio/venv/lib/python3.10/site-packages/silentcipher/server.py:409: SmallSampleWarning: All axis-slices of one or more sample arguments are too small; all elements of returned arrays will be NaN. See documentation for sample size requirements.
  ord_values = st.mode(pred_values, keepdims=False).mode
/home/hansung1/.vscode-server/audio/venv/lib/python3.10/site-packages/silentcipher/server.py:409: SmallSampleWarning: All axis-slices of one or more sample arguments are too small; all elements of returned arrays will be NaN. See documentation for sample size requirements.
  ord_values = st.mode(pred_values, keepdims=False).mode
/home/hansung1/.vscode-server/audio/venv/lib/python3.10/site-packages/silentcipher/server.py:409: SmallSampleWarning: All axis-slices of one or more sample arguments are too small; all elements of returned arrays will be NaN. See documentation for sample size requirements.
  ord_values = st.mode(pred_values, keepdims=False).mode
/home/hansung1/.vscode-server/audio/venv/lib/python3.10/site-packages/silentcipher/server.py:409: SmallSampleWarning: All axis-slices of one or more sample arguments are too small; all elements of returned arrays will be NaN. See documentation for sample size requirements.
  ord_values = st.mode(pred_values, keepdims=False).mode
/home/hansung1/.vscode-server/audio/venv/lib/python3.10/site-packages/silentcipher/server.py:409: SmallSampleWarning: All axis-slices of one or more sample arguments are too small; all elements of returned arrays will be NaN. See documentation for sample size requirements.
  ord_values = st.mode(pred_values, keepdims=False).mode
/home/hansung1/.vscode-server/audio/venv/lib/python3.10/site-packages/silentcipher/server.py:409: SmallSampleWarning: All axis-slices of one or more sample arguments are too small; all elements of returned arrays will be NaN. See documentation for sample size requirements.
  ord_values = st.mode(pred_values, keepdims=False).mode
/home/hansung1/.vscode-server/audio/venv/lib/python3.10/site-packages/silentcipher/server.py:409: SmallSampleWarning: All axis-slices of one or more sample arguments are too small; all elements of returned arrays will be NaN. See documentation for sample size requirements.
  ord_values = st.mode(pred_values, keepdims=False).mode
/home/hansung1/.vscode-server/audio/venv/lib/python3.10/site-packages/silentcipher/server.py:409: SmallSampleWarning: All axis-slices of one or more sample arguments are too small; all elements of returned arrays will be NaN. See documentation for sample size requirements.
  ord_values = st.mode(pred_values, keepdims=False).mode
/home/hansung1/.vscode-server/audio/venv/lib/python3.10/site-packages/silentcipher/server.py:409: SmallSampleWarning: All axis-slices of one or more sample arguments are too small; all elements of returned arrays will be NaN. See documentation for sample size requirements.
  ord_values = st.mode(pred_values, keepdims=False).mode
/home/hansung1/.vscode-server/audio/venv/lib/python3.10/site-packages/silentcipher/server.py:409: SmallSampleWarning: All axis-slices of one or more sample arguments are too small; all elements of returned arrays will be NaN. See documentation for sample size requirements.
  ord_values = st.mode(pred_values, keepdims=False).mode
/home/hansung1/.vscode-server/audio/venv/lib/python3.10/site-packages/silentcipher/server.py:409: SmallSampleWarning: All axis-slices of one or more sample arguments are too small; all elements of returned arrays will be NaN. See documentation for sample size requirements.
  ord_values = st.mode(pred_values, keepdims=False).mode
/home/hansung1/.vscode-server/audio/venv/lib/python3.10/site-packages/silentcipher/server.py:409: SmallSampleWarning: All axis-slices of one or more sample arguments are too small; all elements of returned arrays will be NaN. See documentation for sample size requirements.
  ord_values = st.mode(pred_values, keepdims=False).mode
/home/hansung1/.vscode-server/audio/venv/lib/python3.10/site-packages/silentcipher/server.py:409: SmallSampleWarning: All axis-slices of one or more sample arguments are too small; all elements of returned arrays will be NaN. See documentation for sample size requirements.
  ord_values = st.mode(pred_values, keepdims=False).mode
/home/hansung1/.vscode-server/audio/venv/lib/python3.10/site-packages/silentcipher/server.py:409: SmallSampleWarning: All axis-slices of one or more sample arguments are too small; all elements of returned arrays will be NaN. See documentation for sample size requirements.
  ord_values = st.mode(pred_values, keepdims=False).mode
/home/hansung1/.vscode-server/audio/venv/lib/python3.10/site-packages/silentcipher/server.py:409: SmallSampleWarning: All axis-slices of one or more sample arguments are too small; all elements of returned arrays will be NaN. See documentation for sample size requirements.
  ord_values = st.mode(pred_values, keepdims=False).mode
/home/hansung1/.vscode-server/audio/venv/lib/python3.10/site-packages/silentcipher/server.py:409: SmallSampleWarning: All axis-slices of one or more sample arguments are too small; all elements of returned arrays will be NaN. See documentation for sample size requirements.
  ord_values = st.mode(pred_values, keepdims=False).mode
/home/hansung1/.vscode-server/audio/venv/lib/python3.10/site-packages/silentcipher/server.py:409: SmallSampleWarning: All axis-slices of one or more sample arguments are too small; all elements of returned arrays will be NaN. See documentation for sample size requirements.
  ord_values = st.mode(pred_values, keepdims=False).mode
/home/hansung1/.vscode-server/audio/venv/lib/python3.10/site-packages/silentcipher/server.py:409: SmallSampleWarning: All axis-slices of one or more sample arguments are too small; all elements of returned arrays will be NaN. See documentation for sample size requirements.
  ord_values = st.mode(pred_values, keepdims=False).mode
/home/hansung1/.vscode-server/audio/venv/lib/python3.10/site-packages/silentcipher/server.py:409: SmallSampleWarning: All axis-slices of one or more sample arguments are too small; all elements of returned arrays will be NaN. See documentation for sample size requirements.
  ord_values = st.mode(pred_values, keepdims=False).mode
/home/hansung1/.vscode-server/audio/venv/lib/python3.10/site-packages/silentcipher/server.py:409: SmallSampleWarning: All axis-slices of one or more sample arguments are too small; all elements of returned arrays will be NaN. See documentation for sample size requirements.
  ord_values = st.mode(pred_values, keepdims=False).mode
/home/hansung1/.vscode-server/audio/venv/lib/python3.10/site-packages/silentcipher/server.py:409: SmallSampleWarning: All axis-slices of one or more sample arguments are too small; all elements of returned arrays will be NaN. See documentation for sample size requirements.
  ord_values = st.mode(pred_values, keepdims=False).mode
/home/hansung1/.vscode-server/audio/venv/lib/python3.10/site-packages/silentcipher/server.py:409: SmallSampleWarning: All axis-slices of one or more sample arguments are too small; all elements of returned arrays will be NaN. See documentation for sample size requirements.
  ord_values = st.mode(pred_values, keepdims=False).mode
/home/hansung1/.vscode-server/audio/venv/lib/python3.10/site-packages/silentcipher/server.py:409: SmallSampleWarning: All axis-slices of one or more sample arguments are too small; all elements of returned arrays will be NaN. See documentation for sample size requirements.
  ord_values = st.mode(pred_values, keepdims=False).mode
/home/hansung1/.vscode-server/audio/venv/lib/python3.10/site-packages/silentcipher/server.py:409: SmallSampleWarning: All axis-slices of one or more sample arguments are too small; all elements of returned arrays will be NaN. See documentation for sample size requirements.
  ord_values = st.mode(pred_values, keepdims=False).mode
/home/hansung1/.vscode-server/audio/venv/lib/python3.10/site-packages/silentcipher/server.py:409: SmallSampleWarning: All axis-slices of one or more sample arguments are too small; all elements of returned arrays will be NaN. See documentation for sample size requirements.
  ord_values = st.mode(pred_values, keepdims=False).mode
/home/hansung1/.vscode-server/audio/venv/lib/python3.10/site-packages/silentcipher/server.py:409: SmallSampleWarning: All axis-slices of one or more sample arguments are too small; all elements of returned arrays will be NaN. See documentation for sample size requirements.
  ord_values = st.mode(pred_values, keepdims=False).mode
/home/hansung1/.vscode-server/audio/venv/lib/python3.10/site-packages/silentcipher/server.py:409: SmallSampleWarning: All axis-slices of one or more sample arguments are too small; all elements of returned arrays will be NaN. See documentation for sample size requirements.
  ord_values = st.mode(pred_values, keepdims=False).mode

[84/100] 통화 7728-0038.wav
Using the default SDR of 47 dB
  [OK] 임베딩 완료 (원본 sr=8000 -> 44.1kHz, 0.8초, encode SDR=49.68dB)
    ViSQOL 계산 실패: Reference spectrum size (36) smaller than minimum patch size (45).
  [NoAttack]  BER=1.0 NC=-1.0 DSR=0 PLV=0.9997 SI-SNR=49.69dB
    ViSQOL 계산 실패: Reference spectrum size (36) smaller than minimum patch size (45).
  [MP3_128kbps] BER=1.0 NC=-1.0 DSR=0 PLV=0.9994 SI-SNR=45.61dB
    ViSQOL 계산 실패: Reference spectrum size (36) smaller than minimum patch size (45).
  [MP3_320kbps] BER=1.0 NC=-1.0 DSR=0 PLV=0.9996 SI-SNR=49.66dB
    ViSQOL 계산 실패: Reference spectrum size (36) smaller than minimum patch size (45).
  [Resample_44100-16000RT] BER=1.0 NC=-1.0 DSR=0 PLV=0.9996 SI-SNR=49.69dB
    ViSQOL 계산 실패: Reference spectrum size (32) smaller than minimum patch size (45).
  [Crop_10pct] BER=1.0 NC=-1.0 DSR=0 PLV=0.9997 SI-SNR=49.93dB
    ViSQOL 계산 실패: Reference spectrum size (36) smaller than minimum patch size (45).
  [TSM_1.1x] BER=1.0 NC=-1.0 DSR=0 PLV= SI-SNR=dB
    ViSQOL 계산 실패: Reference spectrum size (36) smaller than minimum patch size (45).
  [AWGN_30dB] BER=1.0 NC=-1.0 DSR=0 PLV=0.9945 SI-SNR=29.97dB
    ViSQOL 계산 실패: Reference spectrum size (36) smaller than minimum patch size (45).
  [Limiter] BER=1.0 NC=-1.0 DSR=0 PLV=0.9997 SI-SNR=49.69dB
    ViSQOL 계산 실패: Reference spectrum size (36) smaller than minimum patch size (45).
  [Opus_64kbps] BER=1.0 NC=-1.0 DSR=0 PLV=0.9943 SI-SNR=29.04dB
    ViSQOL 계산 실패: Reference spectrum size (36) smaller than minimum patch size (45).
  [Opus_32kbps] BER=1.0 NC=-1.0 DSR=0 PLV=0.9747 SI-SNR=20.6dB
    ViSQOL 계산 실패: Reference spectrum size (36) smaller than minimum patch size (45).
  [AAC_128kbps] BER=1.0 NC=-1.0 DSR=0 PLV=0.9994 SI-SNR=40.9dB
    ViSQOL 계산 실패: Reference spectrum size (36) smaller than minimum patch size (45).
  [TelephoneFilter] BER=1.0 NC=-1.0 DSR=0 PLV=0.5301 SI-SNR=-3.55dB
    ViSQOL 계산 실패: Reference spectrum size (36) smaller than minimum patch size (45).
  [EnCodec_6kbps] BER=1.0 NC=-1.0 DSR=0 PLV=0.6637 SI-SNR=8.25dB
    ViSQOL 계산 실패: Reference spectrum size (36) smaller than minimum patch size (45).
  [DAC] BER=1.0 NC=-1.0 DSR=0 PLV=0.5293 SI-SNR=-11.53dB

[85/100] 통화 7729-0014.wav
Using the default SDR of 47 dB
  [OK] 임베딩 완료 (원본 sr=8000 -> 44.1kHz, 0.8초, encode SDR=49.92dB)
    ViSQOL 계산 실패: Reference spectrum size (37) smaller than minimum patch size (45).
  [NoAttack]  BER=1.0 NC=-1.0 DSR=0 PLV=0.9998 SI-SNR=49.93dB
    ViSQOL 계산 실패: Reference spectrum size (37) smaller than minimum patch size (45).
  [MP3_128kbps] BER=1.0 NC=-1.0 DSR=0 PLV=0.9995 SI-SNR=43.29dB
    ViSQOL 계산 실패: Reference spectrum size (37) smaller than minimum patch size (45).
  [MP3_320kbps] BER=1.0 NC=-1.0 DSR=0 PLV=0.9996 SI-SNR=48.64dB
    ViSQOL 계산 실패: Reference spectrum size (37) smaller than minimum patch size (45).
  [Resample_44100-16000RT] BER=1.0 NC=-1.0 DSR=0 PLV=0.9998 SI-SNR=49.9dB
    ViSQOL 계산 실패: Reference spectrum size (33) smaller than minimum patch size (45).
  [Crop_10pct] BER=1.0 NC=-1.0 DSR=0 PLV=0.9998 SI-SNR=49.92dB
    ViSQOL 계산 실패: Reference spectrum size (37) smaller than minimum patch size (45).
  [TSM_1.1x] BER=1.0 NC=-1.0 DSR=0 PLV= SI-SNR=dB
    ViSQOL 계산 실패: Reference spectrum size (37) smaller than minimum patch size (45).
  [AWGN_30dB] BER=1.0 NC=-1.0 DSR=0 PLV=0.9965 SI-SNR=29.91dB
    ViSQOL 계산 실패: Reference spectrum size (37) smaller than minimum patch size (45).
  [Limiter] BER=1.0 NC=-1.0 DSR=0 PLV=0.9998 SI-SNR=49.93dB
    ViSQOL 계산 실패: Reference spectrum size (37) smaller than minimum patch size (45).
  [Opus_64kbps] BER=1.0 NC=-1.0 DSR=0 PLV=0.9876 SI-SNR=23.11dB
    ViSQOL 계산 실패: Reference spectrum size (37) smaller than minimum patch size (45).
  [Opus_32kbps] BER=1.0 NC=-1.0 DSR=0 PLV=0.9595 SI-SNR=18.31dB
    ViSQOL 계산 실패: Reference spectrum size (37) smaller than minimum patch size (45).
  [AAC_128kbps] BER=1.0 NC=-1.0 DSR=0 PLV=0.9993 SI-SNR=41.38dB
    ViSQOL 계산 실패: Reference spectrum size (37) smaller than minimum patch size (45).
  [TelephoneFilter] BER=1.0 NC=-1.0 DSR=0 PLV=0.5143 SI-SNR=-2.49dB
    ViSQOL 계산 실패: Reference spectrum size (37) smaller than minimum patch size (45).
  [EnCodec_6kbps] BER=1.0 NC=-1.0 DSR=0 PLV=0.5225 SI-SNR=4.48dB
    ViSQOL 계산 실패: Reference spectrum size (37) smaller than minimum patch size (45).
  [DAC] BER=1.0 NC=-1.0 DSR=0 PLV=0.4508 SI-SNR=-20.48dB

[86/100] 통화 7729-0018.wav
Using the default SDR of 47 dB
  [OK] 임베딩 완료 (원본 sr=8000 -> 44.1kHz, 0.6초, encode SDR=50.36dB)
    ViSQOL 계산 실패: Reference spectrum size (25) smaller than minimum patch size (45).
  [NoAttack]  BER=1.0 NC=-1.0 DSR=0 PLV=0.9998 SI-SNR=50.37dB
    ViSQOL 계산 실패: Reference spectrum size (25) smaller than minimum patch size (45).
  [MP3_128kbps] BER=1.0 NC=-1.0 DSR=0 PLV=0.9995 SI-SNR=46.84dB
    ViSQOL 계산 실패: Reference spectrum size (25) smaller than minimum patch size (45).
  [MP3_320kbps] BER=1.0 NC=-1.0 DSR=0 PLV=0.9996 SI-SNR=49.36dB
    ViSQOL 계산 실패: Reference spectrum size (25) smaller than minimum patch size (45).
  [Resample_44100-16000RT] BER=1.0 NC=-1.0 DSR=0 PLV=0.9997 SI-SNR=50.32dB
    ViSQOL 계산 실패: Reference spectrum size (22) smaller than minimum patch size (45).
  [Crop_10pct] BER=1.0 NC=-1.0 DSR=0 PLV=0.9998 SI-SNR=50.75dB
    ViSQOL 계산 실패: Reference spectrum size (25) smaller than minimum patch size (45).
  [TSM_1.1x] BER=1.0 NC=-1.0 DSR=0 PLV= SI-SNR=dB
    ViSQOL 계산 실패: Reference spectrum size (25) smaller than minimum patch size (45).
  [AWGN_30dB] BER=1.0 NC=-1.0 DSR=0 PLV=0.9949 SI-SNR=29.96dB
    ViSQOL 계산 실패: Reference spectrum size (25) smaller than minimum patch size (45).
  [Limiter] BER=1.0 NC=-1.0 DSR=0 PLV=0.9998 SI-SNR=50.37dB
    ViSQOL 계산 실패: Reference spectrum size (25) smaller than minimum patch size (45).
  [Opus_64kbps] BER=1.0 NC=-1.0 DSR=0 PLV=0.9893 SI-SNR=25.55dB
    ViSQOL 계산 실패: Reference spectrum size (25) smaller than minimum patch size (45).
  [Opus_32kbps] BER=1.0 NC=-1.0 DSR=0 PLV=0.9589 SI-SNR=19.32dB
    ViSQOL 계산 실패: Reference spectrum size (25) smaller than minimum patch size (45).
  [AAC_128kbps] BER=1.0 NC=-1.0 DSR=0 PLV=0.9993 SI-SNR=43.33dB
    ViSQOL 계산 실패: Reference spectrum size (25) smaller than minimum patch size (45).
  [TelephoneFilter] BER=1.0 NC=-1.0 DSR=0 PLV=0.5038 SI-SNR=-8.52dB
    ViSQOL 계산 실패: Reference spectrum size (25) smaller than minimum patch size (45).
  [EnCodec_6kbps] BER=1.0 NC=-1.0 DSR=0 PLV=0.5415 SI-SNR=6.07dB
    ViSQOL 계산 실패: Reference spectrum size (25) smaller than minimum patch size (45).
  [DAC] BER=1.0 NC=-1.0 DSR=0 PLV=0.4156 SI-SNR=-8.49dB

[87/100] 통화 7729-0020.wav
Using the default SDR of 47 dB
  [OK] 임베딩 완료 (원본 sr=8000 -> 44.1kHz, 0.7초, encode SDR=50.38dB)
    ViSQOL 계산 실패: Reference spectrum size (32) smaller than minimum patch size (45).
  [NoAttack]  BER=1.0 NC=-1.0 DSR=0 PLV=0.9997 SI-SNR=50.4dB
    ViSQOL 계산 실패: Reference spectrum size (32) smaller than minimum patch size (45).
  [MP3_128kbps] BER=1.0 NC=-1.0 DSR=0 PLV=0.9994 SI-SNR=44.88dB
    ViSQOL 계산 실패: Reference spectrum size (32) smaller than minimum patch size (45).
  [MP3_320kbps] BER=1.0 NC=-1.0 DSR=0 PLV=0.9996 SI-SNR=49.61dB
    ViSQOL 계산 실패: Reference spectrum size (32) smaller than minimum patch size (45).
  [Resample_44100-16000RT] BER=1.0 NC=-1.0 DSR=0 PLV=0.9997 SI-SNR=50.4dB
    ViSQOL 계산 실패: Reference spectrum size (29) smaller than minimum patch size (45).
  [Crop_10pct] BER=1.0 NC=-1.0 DSR=0 PLV=0.9998 SI-SNR=50.98dB
    ViSQOL 계산 실패: Reference spectrum size (32) smaller than minimum patch size (45).
  [TSM_1.1x] BER=1.0 NC=-1.0 DSR=0 PLV= SI-SNR=dB
    ViSQOL 계산 실패: Reference spectrum size (32) smaller than minimum patch size (45).
/home/hansung1/.vscode-server/audio/venv/lib/python3.10/site-packages/silentcipher/server.py:409: SmallSampleWarning: All axis-slices of one or more sample arguments are too small; all elements of returned arrays will be NaN. See documentation for sample size requirements.
  ord_values = st.mode(pred_values, keepdims=False).mode
/home/hansung1/.vscode-server/audio/venv/lib/python3.10/site-packages/silentcipher/server.py:409: SmallSampleWarning: All axis-slices of one or more sample arguments are too small; all elements of returned arrays will be NaN. See documentation for sample size requirements.
  ord_values = st.mode(pred_values, keepdims=False).mode
/home/hansung1/.vscode-server/audio/venv/lib/python3.10/site-packages/silentcipher/server.py:409: SmallSampleWarning: All axis-slices of one or more sample arguments are too small; all elements of returned arrays will be NaN. See documentation for sample size requirements.
  ord_values = st.mode(pred_values, keepdims=False).mode
/home/hansung1/.vscode-server/audio/venv/lib/python3.10/site-packages/silentcipher/server.py:409: SmallSampleWarning: All axis-slices of one or more sample arguments are too small; all elements of returned arrays will be NaN. See documentation for sample size requirements.
  ord_values = st.mode(pred_values, keepdims=False).mode
/home/hansung1/.vscode-server/audio/venv/lib/python3.10/site-packages/silentcipher/server.py:409: SmallSampleWarning: All axis-slices of one or more sample arguments are too small; all elements of returned arrays will be NaN. See documentation for sample size requirements.
  ord_values = st.mode(pred_values, keepdims=False).mode
/home/hansung1/.vscode-server/audio/venv/lib/python3.10/site-packages/silentcipher/server.py:409: SmallSampleWarning: All axis-slices of one or more sample arguments are too small; all elements of returned arrays will be NaN. See documentation for sample size requirements.
  ord_values = st.mode(pred_values, keepdims=False).mode
/home/hansung1/.vscode-server/audio/venv/lib/python3.10/site-packages/silentcipher/server.py:409: SmallSampleWarning: All axis-slices of one or more sample arguments are too small; all elements of returned arrays will be NaN. See documentation for sample size requirements.
  ord_values = st.mode(pred_values, keepdims=False).mode
/home/hansung1/.vscode-server/audio/venv/lib/python3.10/site-packages/silentcipher/server.py:409: SmallSampleWarning: All axis-slices of one or more sample arguments are too small; all elements of returned arrays will be NaN. See documentation for sample size requirements.
  ord_values = st.mode(pred_values, keepdims=False).mode
/home/hansung1/.vscode-server/audio/venv/lib/python3.10/site-packages/silentcipher/server.py:409: SmallSampleWarning: All axis-slices of one or more sample arguments are too small; all elements of returned arrays will be NaN. See documentation for sample size requirements.
  ord_values = st.mode(pred_values, keepdims=False).mode
/home/hansung1/.vscode-server/audio/venv/lib/python3.10/site-packages/silentcipher/server.py:409: SmallSampleWarning: All axis-slices of one or more sample arguments are too small; all elements of returned arrays will be NaN. See documentation for sample size requirements.
  ord_values = st.mode(pred_values, keepdims=False).mode
/home/hansung1/.vscode-server/audio/venv/lib/python3.10/site-packages/silentcipher/server.py:409: SmallSampleWarning: All axis-slices of one or more sample arguments are too small; all elements of returned arrays will be NaN. See documentation for sample size requirements.
  ord_values = st.mode(pred_values, keepdims=False).mode
/home/hansung1/.vscode-server/audio/venv/lib/python3.10/site-packages/silentcipher/server.py:409: SmallSampleWarning: All axis-slices of one or more sample arguments are too small; all elements of returned arrays will be NaN. See documentation for sample size requirements.
  ord_values = st.mode(pred_values, keepdims=False).mode
/home/hansung1/.vscode-server/audio/venv/lib/python3.10/site-packages/silentcipher/server.py:409: SmallSampleWarning: All axis-slices of one or more sample arguments are too small; all elements of returned arrays will be NaN. See documentation for sample size requirements.
  ord_values = st.mode(pred_values, keepdims=False).mode
/home/hansung1/.vscode-server/audio/venv/lib/python3.10/site-packages/silentcipher/server.py:409: SmallSampleWarning: All axis-slices of one or more sample arguments are too small; all elements of returned arrays will be NaN. See documentation for sample size requirements.
  ord_values = st.mode(pred_values, keepdims=False).mode
/home/hansung1/.vscode-server/audio/venv/lib/python3.10/site-packages/silentcipher/server.py:409: SmallSampleWarning: All axis-slices of one or more sample arguments are too small; all elements of returned arrays will be NaN. See documentation for sample size requirements.
  ord_values = st.mode(pred_values, keepdims=False).mode
/home/hansung1/.vscode-server/audio/venv/lib/python3.10/site-packages/silentcipher/server.py:409: SmallSampleWarning: All axis-slices of one or more sample arguments are too small; all elements of returned arrays will be NaN. See documentation for sample size requirements.
  ord_values = st.mode(pred_values, keepdims=False).mode
/home/hansung1/.vscode-server/audio/venv/lib/python3.10/site-packages/silentcipher/server.py:409: SmallSampleWarning: All axis-slices of one or more sample arguments are too small; all elements of returned arrays will be NaN. See documentation for sample size requirements.
  ord_values = st.mode(pred_values, keepdims=False).mode
/home/hansung1/.vscode-server/audio/venv/lib/python3.10/site-packages/silentcipher/server.py:409: SmallSampleWarning: All axis-slices of one or more sample arguments are too small; all elements of returned arrays will be NaN. See documentation for sample size requirements.
  ord_values = st.mode(pred_values, keepdims=False).mode
/home/hansung1/.vscode-server/audio/venv/lib/python3.10/site-packages/silentcipher/server.py:409: SmallSampleWarning: All axis-slices of one or more sample arguments are too small; all elements of returned arrays will be NaN. See documentation for sample size requirements.
  ord_values = st.mode(pred_values, keepdims=False).mode
/home/hansung1/.vscode-server/audio/venv/lib/python3.10/site-packages/silentcipher/server.py:409: SmallSampleWarning: All axis-slices of one or more sample arguments are too small; all elements of returned arrays will be NaN. See documentation for sample size requirements.
  ord_values = st.mode(pred_values, keepdims=False).mode
/home/hansung1/.vscode-server/audio/venv/lib/python3.10/site-packages/silentcipher/server.py:409: SmallSampleWarning: All axis-slices of one or more sample arguments are too small; all elements of returned arrays will be NaN. See documentation for sample size requirements.
  ord_values = st.mode(pred_values, keepdims=False).mode
/home/hansung1/.vscode-server/audio/venv/lib/python3.10/site-packages/silentcipher/server.py:409: SmallSampleWarning: All axis-slices of one or more sample arguments are too small; all elements of returned arrays will be NaN. See documentation for sample size requirements.
  ord_values = st.mode(pred_values, keepdims=False).mode
/home/hansung1/.vscode-server/audio/venv/lib/python3.10/site-packages/silentcipher/server.py:409: SmallSampleWarning: All axis-slices of one or more sample arguments are too small; all elements of returned arrays will be NaN. See documentation for sample size requirements.
  ord_values = st.mode(pred_values, keepdims=False).mode
/home/hansung1/.vscode-server/audio/venv/lib/python3.10/site-packages/silentcipher/server.py:409: SmallSampleWarning: All axis-slices of one or more sample arguments are too small; all elements of returned arrays will be NaN. See documentation for sample size requirements.
  ord_values = st.mode(pred_values, keepdims=False).mode
/home/hansung1/.vscode-server/audio/venv/lib/python3.10/site-packages/silentcipher/server.py:409: SmallSampleWarning: All axis-slices of one or more sample arguments are too small; all elements of returned arrays will be NaN. See documentation for sample size requirements.
  ord_values = st.mode(pred_values, keepdims=False).mode
/home/hansung1/.vscode-server/audio/venv/lib/python3.10/site-packages/silentcipher/server.py:409: SmallSampleWarning: All axis-slices of one or more sample arguments are too small; all elements of returned arrays will be NaN. See documentation for sample size requirements.
  ord_values = st.mode(pred_values, keepdims=False).mode
/home/hansung1/.vscode-server/audio/venv/lib/python3.10/site-packages/silentcipher/server.py:409: SmallSampleWarning: All axis-slices of one or more sample arguments are too small; all elements of returned arrays will be NaN. See documentation for sample size requirements.
  ord_values = st.mode(pred_values, keepdims=False).mode
/home/hansung1/.vscode-server/audio/venv/lib/python3.10/site-packages/silentcipher/server.py:409: SmallSampleWarning: All axis-slices of one or more sample arguments are too small; all elements of returned arrays will be NaN. See documentation for sample size requirements.
  ord_values = st.mode(pred_values, keepdims=False).mode
/home/hansung1/.vscode-server/audio/venv/lib/python3.10/site-packages/silentcipher/server.py:409: SmallSampleWarning: All axis-slices of one or more sample arguments are too small; all elements of returned arrays will be NaN. See documentation for sample size requirements.
  ord_values = st.mode(pred_values, keepdims=False).mode
/home/hansung1/.vscode-server/audio/venv/lib/python3.10/site-packages/silentcipher/server.py:409: SmallSampleWarning: All axis-slices of one or more sample arguments are too small; all elements of returned arrays will be NaN. See documentation for sample size requirements.
  ord_values = st.mode(pred_values, keepdims=False).mode
/home/hansung1/.vscode-server/audio/venv/lib/python3.10/site-packages/silentcipher/server.py:409: SmallSampleWarning: All axis-slices of one or more sample arguments are too small; all elements of returned arrays will be NaN. See documentation for sample size requirements.
  ord_values = st.mode(pred_values, keepdims=False).mode
/home/hansung1/.vscode-server/audio/venv/lib/python3.10/site-packages/silentcipher/server.py:409: SmallSampleWarning: All axis-slices of one or more sample arguments are too small; all elements of returned arrays will be NaN. See documentation for sample size requirements.
  ord_values = st.mode(pred_values, keepdims=False).mode
/home/hansung1/.vscode-server/audio/venv/lib/python3.10/site-packages/silentcipher/server.py:409: SmallSampleWarning: All axis-slices of one or more sample arguments are too small; all elements of returned arrays will be NaN. See documentation for sample size requirements.
  ord_values = st.mode(pred_values, keepdims=False).mode
/home/hansung1/.vscode-server/audio/venv/lib/python3.10/site-packages/silentcipher/server.py:409: SmallSampleWarning: All axis-slices of one or more sample arguments are too small; all elements of returned arrays will be NaN. See documentation for sample size requirements.
  ord_values = st.mode(pred_values, keepdims=False).mode
/home/hansung1/.vscode-server/audio/venv/lib/python3.10/site-packages/silentcipher/server.py:409: SmallSampleWarning: All axis-slices of one or more sample arguments are too small; all elements of returned arrays will be NaN. See documentation for sample size requirements.
  ord_values = st.mode(pred_values, keepdims=False).mode
/home/hansung1/.vscode-server/audio/venv/lib/python3.10/site-packages/silentcipher/server.py:409: SmallSampleWarning: All axis-slices of one or more sample arguments are too small; all elements of returned arrays will be NaN. See documentation for sample size requirements.
  ord_values = st.mode(pred_values, keepdims=False).mode
/home/hansung1/.vscode-server/audio/venv/lib/python3.10/site-packages/silentcipher/server.py:409: SmallSampleWarning: All axis-slices of one or more sample arguments are too small; all elements of returned arrays will be NaN. See documentation for sample size requirements.
  ord_values = st.mode(pred_values, keepdims=False).mode
/home/hansung1/.vscode-server/audio/venv/lib/python3.10/site-packages/silentcipher/server.py:409: SmallSampleWarning: All axis-slices of one or more sample arguments are too small; all elements of returned arrays will be NaN. See documentation for sample size requirements.
  ord_values = st.mode(pred_values, keepdims=False).mode
/home/hansung1/.vscode-server/audio/venv/lib/python3.10/site-packages/silentcipher/server.py:409: SmallSampleWarning: All axis-slices of one or more sample arguments are too small; all elements of returned arrays will be NaN. See documentation for sample size requirements.
  ord_values = st.mode(pred_values, keepdims=False).mode
/home/hansung1/.vscode-server/audio/venv/lib/python3.10/site-packages/silentcipher/server.py:409: SmallSampleWarning: All axis-slices of one or more sample arguments are too small; all elements of returned arrays will be NaN. See documentation for sample size requirements.
  ord_values = st.mode(pred_values, keepdims=False).mode
/home/hansung1/.vscode-server/audio/venv/lib/python3.10/site-packages/silentcipher/server.py:409: SmallSampleWarning: All axis-slices of one or more sample arguments are too small; all elements of returned arrays will be NaN. See documentation for sample size requirements.
  ord_values = st.mode(pred_values, keepdims=False).mode
/home/hansung1/.vscode-server/audio/venv/lib/python3.10/site-packages/silentcipher/server.py:409: SmallSampleWarning: All axis-slices of one or more sample arguments are too small; all elements of returned arrays will be NaN. See documentation for sample size requirements.
  ord_values = st.mode(pred_values, keepdims=False).mode
/home/hansung1/.vscode-server/audio/venv/lib/python3.10/site-packages/silentcipher/server.py:409: SmallSampleWarning: All axis-slices of one or more sample arguments are too small; all elements of returned arrays will be NaN. See documentation for sample size requirements.
  ord_values = st.mode(pred_values, keepdims=False).mode
/home/hansung1/.vscode-server/audio/venv/lib/python3.10/site-packages/silentcipher/server.py:409: SmallSampleWarning: All axis-slices of one or more sample arguments are too small; all elements of returned arrays will be NaN. See documentation for sample size requirements.
  ord_values = st.mode(pred_values, keepdims=False).mode
/home/hansung1/.vscode-server/audio/venv/lib/python3.10/site-packages/silentcipher/server.py:409: SmallSampleWarning: All axis-slices of one or more sample arguments are too small; all elements of returned arrays will be NaN. See documentation for sample size requirements.
  ord_values = st.mode(pred_values, keepdims=False).mode
/home/hansung1/.vscode-server/audio/venv/lib/python3.10/site-packages/silentcipher/server.py:409: SmallSampleWarning: All axis-slices of one or more sample arguments are too small; all elements of returned arrays will be NaN. See documentation for sample size requirements.
  ord_values = st.mode(pred_values, keepdims=False).mode
  [AWGN_30dB] BER=1.0 NC=-1.0 DSR=0 PLV=0.9955 SI-SNR=29.9dB
    ViSQOL 계산 실패: Reference spectrum size (32) smaller than minimum patch size (45).
  [Limiter] BER=1.0 NC=-1.0 DSR=0 PLV=0.9997 SI-SNR=50.4dB
    ViSQOL 계산 실패: Reference spectrum size (32) smaller than minimum patch size (45).
  [Opus_64kbps] BER=1.0 NC=-1.0 DSR=0 PLV=0.9862 SI-SNR=24.01dB
    ViSQOL 계산 실패: Reference spectrum size (32) smaller than minimum patch size (45).
  [Opus_32kbps] BER=1.0 NC=-1.0 DSR=0 PLV=0.9635 SI-SNR=19.4dB
    ViSQOL 계산 실패: Reference spectrum size (32) smaller than minimum patch size (45).
  [AAC_128kbps] BER=1.0 NC=-1.0 DSR=0 PLV=0.9993 SI-SNR=43.08dB
    ViSQOL 계산 실패: Reference spectrum size (32) smaller than minimum patch size (45).
  [TelephoneFilter] BER=1.0 NC=-1.0 DSR=0 PLV=0.5587 SI-SNR=-3.9dB
    ViSQOL 계산 실패: Reference spectrum size (32) smaller than minimum patch size (45).
  [EnCodec_6kbps] BER=1.0 NC=-1.0 DSR=0 PLV=0.5333 SI-SNR=5.51dB
    ViSQOL 계산 실패: Reference spectrum size (32) smaller than minimum patch size (45).
  [DAC] BER=1.0 NC=-1.0 DSR=0 PLV=0.3613 SI-SNR=-12.2dB

[88/100] 통화 7729-0025.wav
Using the default SDR of 47 dB
  [OK] 임베딩 완료 (원본 sr=8000 -> 44.1kHz, 0.5초, encode SDR=49.67dB)
    ViSQOL 계산 실패: Reference spectrum size (24) smaller than minimum patch size (45).
  [NoAttack]  BER=1.0 NC=-1.0 DSR=0 PLV=0.9997 SI-SNR=49.67dB
    ViSQOL 계산 실패: Reference spectrum size (24) smaller than minimum patch size (45).
  [MP3_128kbps] BER=1.0 NC=-1.0 DSR=0 PLV=0.9995 SI-SNR=46.55dB
    ViSQOL 계산 실패: Reference spectrum size (24) smaller than minimum patch size (45).
  [MP3_320kbps] BER=1.0 NC=-1.0 DSR=0 PLV=0.9996 SI-SNR=48.79dB
    ViSQOL 계산 실패: Reference spectrum size (24) smaller than minimum patch size (45).
  [Resample_44100-16000RT] BER=1.0 NC=-1.0 DSR=0 PLV=0.9997 SI-SNR=49.68dB
    ViSQOL 계산 실패: Reference spectrum size (21) smaller than minimum patch size (45).
  [Crop_10pct] BER=1.0 NC=-1.0 DSR=0 PLV=0.9997 SI-SNR=50.22dB
    ViSQOL 계산 실패: Reference spectrum size (24) smaller than minimum patch size (45).
  [TSM_1.1x] BER=1.0 NC=-1.0 DSR=0 PLV= SI-SNR=dB
    ViSQOL 계산 실패: Reference spectrum size (24) smaller than minimum patch size (45).
  [AWGN_30dB] BER=1.0 NC=-1.0 DSR=0 PLV=0.9951 SI-SNR=29.91dB
    ViSQOL 계산 실패: Reference spectrum size (24) smaller than minimum patch size (45).
  [Limiter] BER=1.0 NC=-1.0 DSR=0 PLV=0.9997 SI-SNR=49.67dB
    ViSQOL 계산 실패: Reference spectrum size (24) smaller than minimum patch size (45).
  [Opus_64kbps] BER=1.0 NC=-1.0 DSR=0 PLV=0.9895 SI-SNR=24.04dB
    ViSQOL 계산 실패: Reference spectrum size (24) smaller than minimum patch size (45).
  [Opus_32kbps] BER=1.0 NC=-1.0 DSR=0 PLV=0.9635 SI-SNR=18.82dB
    ViSQOL 계산 실패: Reference spectrum size (24) smaller than minimum patch size (45).
  [AAC_128kbps] BER=1.0 NC=-1.0 DSR=0 PLV=0.9983 SI-SNR=38.13dB
    ViSQOL 계산 실패: Reference spectrum size (24) smaller than minimum patch size (45).
  [TelephoneFilter] BER=1.0 NC=-1.0 DSR=0 PLV=0.6025 SI-SNR=-0.25dB
    ViSQOL 계산 실패: Reference spectrum size (24) smaller than minimum patch size (45).
  [EnCodec_6kbps] BER=1.0 NC=-1.0 DSR=0 PLV=0.5385 SI-SNR=5.36dB
    ViSQOL 계산 실패: Reference spectrum size (24) smaller than minimum patch size (45).
  [DAC] BER=1.0 NC=-1.0 DSR=0 PLV=0.3959 SI-SNR=-19.31dB

[89/100] 통화 7729-0027.wav
Using the default SDR of 47 dB
  [OK] 임베딩 완료 (원본 sr=8000 -> 44.1kHz, 0.7초, encode SDR=49.70dB)
    ViSQOL 계산 실패: Reference spectrum size (32) smaller than minimum patch size (45).
  [NoAttack]  BER=1.0 NC=-1.0 DSR=0 PLV=0.9997 SI-SNR=49.71dB
    ViSQOL 계산 실패: Reference spectrum size (32) smaller than minimum patch size (45).
  [MP3_128kbps] BER=1.0 NC=-1.0 DSR=0 PLV=0.9993 SI-SNR=45.91dB
    ViSQOL 계산 실패: Reference spectrum size (32) smaller than minimum patch size (45).
  [MP3_320kbps] BER=1.0 NC=-1.0 DSR=0 PLV=0.9995 SI-SNR=48.85dB
    ViSQOL 계산 실패: Reference spectrum size (32) smaller than minimum patch size (45).
  [Resample_44100-16000RT] BER=1.0 NC=-1.0 DSR=0 PLV=0.9997 SI-SNR=49.71dB
    ViSQOL 계산 실패: Reference spectrum size (28) smaller than minimum patch size (45).
  [Crop_10pct] BER=1.0 NC=-1.0 DSR=0 PLV=0.9997 SI-SNR=49.18dB
    ViSQOL 계산 실패: Reference spectrum size (32) smaller than minimum patch size (45).
  [TSM_1.1x] BER=1.0 NC=-1.0 DSR=0 PLV= SI-SNR=dB
    ViSQOL 계산 실패: Reference spectrum size (32) smaller than minimum patch size (45).
  [AWGN_30dB] BER=1.0 NC=-1.0 DSR=0 PLV=0.9943 SI-SNR=29.91dB
    ViSQOL 계산 실패: Reference spectrum size (32) smaller than minimum patch size (45).
  [Limiter] BER=1.0 NC=-1.0 DSR=0 PLV=0.9997 SI-SNR=49.71dB
    ViSQOL 계산 실패: Reference spectrum size (32) smaller than minimum patch size (45).
  [Opus_64kbps] BER=1.0 NC=-1.0 DSR=0 PLV=0.9874 SI-SNR=26.82dB
    ViSQOL 계산 실패: Reference spectrum size (32) smaller than minimum patch size (45).
  [Opus_32kbps] BER=1.0 NC=-1.0 DSR=0 PLV=0.9567 SI-SNR=19.99dB
    ViSQOL 계산 실패: Reference spectrum size (32) smaller than minimum patch size (45).
  [AAC_128kbps] BER=1.0 NC=-1.0 DSR=0 PLV=0.999 SI-SNR=42.85dB
    ViSQOL 계산 실패: Reference spectrum size (32) smaller than minimum patch size (45).
  [TelephoneFilter] BER=1.0 NC=-1.0 DSR=0 PLV=0.492 SI-SNR=-11.08dB
    ViSQOL 계산 실패: Reference spectrum size (32) smaller than minimum patch size (45).
  [EnCodec_6kbps] BER=1.0 NC=-1.0 DSR=0 PLV=0.5734 SI-SNR=7.25dB
    ViSQOL 계산 실패: Reference spectrum size (32) smaller than minimum patch size (45).
  [DAC] BER=1.0 NC=-1.0 DSR=0 PLV=0.4991 SI-SNR=-5.41dB

[90/100] 통화 7732-0011.wav
Using the default SDR of 47 dB
  [OK] 임베딩 완료 (원본 sr=8000 -> 44.1kHz, 0.8초, encode SDR=49.20dB)
    ViSQOL 계산 실패: Reference spectrum size (38) smaller than minimum patch size (45).
  [NoAttack]  BER=1.0 NC=-1.0 DSR=0 PLV=0.9995 SI-SNR=49.21dB
    ViSQOL 계산 실패: Reference spectrum size (38) smaller than minimum patch size (45).
  [MP3_128kbps] BER=1.0 NC=-1.0 DSR=0 PLV=0.9995 SI-SNR=48.86dB
    ViSQOL 계산 실패: Reference spectrum size (38) smaller than minimum patch size (45).
  [MP3_320kbps] BER=1.0 NC=-1.0 DSR=0 PLV=0.9995 SI-SNR=49.18dB
    ViSQOL 계산 실패: Reference spectrum size (38) smaller than minimum patch size (45).
  [Resample_44100-16000RT] BER=1.0 NC=-1.0 DSR=0 PLV=0.9995 SI-SNR=49.21dB
    ViSQOL 계산 실패: Reference spectrum size (34) smaller than minimum patch size (45).
  [Crop_10pct] BER=1.0 NC=-1.0 DSR=0 PLV=0.9994 SI-SNR=47.55dB
    ViSQOL 계산 실패: Reference spectrum size (38) smaller than minimum patch size (45).
  [TSM_1.1x] BER=1.0 NC=-1.0 DSR=0 PLV= SI-SNR=dB
    ViSQOL 계산 실패: Reference spectrum size (38) smaller than minimum patch size (45).
  [AWGN_30dB] BER=1.0 NC=-1.0 DSR=0 PLV=0.9933 SI-SNR=30.01dB
    ViSQOL 계산 실패: Reference spectrum size (38) smaller than minimum patch size (45).
  [Limiter] BER=1.0 NC=-1.0 DSR=0 PLV=0.9995 SI-SNR=49.21dB
    ViSQOL 계산 실패: Reference spectrum size (38) smaller than minimum patch size (45).
  [Opus_64kbps] BER=1.0 NC=-1.0 DSR=0 PLV=0.9934 SI-SNR=28.19dB
    ViSQOL 계산 실패: Reference spectrum size (38) smaller than minimum patch size (45).
  [Opus_32kbps] BER=1.0 NC=-1.0 DSR=0 PLV=0.9781 SI-SNR=21.58dB
    ViSQOL 계산 실패: Reference spectrum size (38) smaller than minimum patch size (45).
  [AAC_128kbps] BER=0.325 NC=0.35 DSR=1 PLV=0.9994 SI-SNR=47.32dB
    ViSQOL 계산 실패: Reference spectrum size (38) smaller than minimum patch size (45).
  [TelephoneFilter] BER=1.0 NC=-1.0 DSR=0 PLV=0.5268 SI-SNR=-5.6dB
    ViSQOL 계산 실패: Reference spectrum size (38) smaller than minimum patch size (45).
  [EnCodec_6kbps] BER=0.475 NC=0.05 DSR=1 PLV=0.6215 SI-SNR=6.92dB
    ViSQOL 계산 실패: Reference spectrum size (38) smaller than minimum patch size (45).
  [DAC] BER=0.525 NC=-0.05 DSR=1 PLV=0.4195 SI-SNR=-12.4dB

[91/100] 통화 7732-0024.wav
Using the default SDR of 47 dB/home/hansung1/.vscode-server/audio/venv/lib/python3.10/site-packages/silentcipher/server.py:409: SmallSampleWarning: All axis-slices of one or more sample arguments are too small; all elements of returned arrays will be NaN. See documentation for sample size requirements.
  ord_values = st.mode(pred_values, keepdims=False).mode
/home/hansung1/.vscode-server/audio/venv/lib/python3.10/site-packages/silentcipher/server.py:409: SmallSampleWarning: All axis-slices of one or more sample arguments are too small; all elements of returned arrays will be NaN. See documentation for sample size requirements.
  ord_values = st.mode(pred_values, keepdims=False).mode
/home/hansung1/.vscode-server/audio/venv/lib/python3.10/site-packages/silentcipher/server.py:409: SmallSampleWarning: All axis-slices of one or more sample arguments are too small; all elements of returned arrays will be NaN. See documentation for sample size requirements.
  ord_values = st.mode(pred_values, keepdims=False).mode
/home/hansung1/.vscode-server/audio/venv/lib/python3.10/site-packages/silentcipher/server.py:409: SmallSampleWarning: All axis-slices of one or more sample arguments are too small; all elements of returned arrays will be NaN. See documentation for sample size requirements.
  ord_values = st.mode(pred_values, keepdims=False).mode
/home/hansung1/.vscode-server/audio/venv/lib/python3.10/site-packages/silentcipher/server.py:409: SmallSampleWarning: All axis-slices of one or more sample arguments are too small; all elements of returned arrays will be NaN. See documentation for sample size requirements.
  ord_values = st.mode(pred_values, keepdims=False).mode
/home/hansung1/.vscode-server/audio/venv/lib/python3.10/site-packages/silentcipher/server.py:409: SmallSampleWarning: All axis-slices of one or more sample arguments are too small; all elements of returned arrays will be NaN. See documentation for sample size requirements.
  ord_values = st.mode(pred_values, keepdims=False).mode
/home/hansung1/.vscode-server/audio/venv/lib/python3.10/site-packages/silentcipher/server.py:409: SmallSampleWarning: All axis-slices of one or more sample arguments are too small; all elements of returned arrays will be NaN. See documentation for sample size requirements.
  ord_values = st.mode(pred_values, keepdims=False).mode
/home/hansung1/.vscode-server/audio/venv/lib/python3.10/site-packages/silentcipher/server.py:409: SmallSampleWarning: All axis-slices of one or more sample arguments are too small; all elements of returned arrays will be NaN. See documentation for sample size requirements.
  ord_values = st.mode(pred_values, keepdims=False).mode
/home/hansung1/.vscode-server/audio/venv/lib/python3.10/site-packages/silentcipher/server.py:409: SmallSampleWarning: All axis-slices of one or more sample arguments are too small; all elements of returned arrays will be NaN. See documentation for sample size requirements.
  ord_values = st.mode(pred_values, keepdims=False).mode
/home/hansung1/.vscode-server/audio/venv/lib/python3.10/site-packages/silentcipher/server.py:409: SmallSampleWarning: All axis-slices of one or more sample arguments are too small; all elements of returned arrays will be NaN. See documentation for sample size requirements.
  ord_values = st.mode(pred_values, keepdims=False).mode
/home/hansung1/.vscode-server/audio/venv/lib/python3.10/site-packages/silentcipher/server.py:409: SmallSampleWarning: All axis-slices of one or more sample arguments are too small; all elements of returned arrays will be NaN. See documentation for sample size requirements.
  ord_values = st.mode(pred_values, keepdims=False).mode
/home/hansung1/.vscode-server/audio/venv/lib/python3.10/site-packages/silentcipher/server.py:409: SmallSampleWarning: All axis-slices of one or more sample arguments are too small; all elements of returned arrays will be NaN. See documentation for sample size requirements.
  ord_values = st.mode(pred_values, keepdims=False).mode
/home/hansung1/.vscode-server/audio/venv/lib/python3.10/site-packages/silentcipher/server.py:409: SmallSampleWarning: All axis-slices of one or more sample arguments are too small; all elements of returned arrays will be NaN. See documentation for sample size requirements.
  ord_values = st.mode(pred_values, keepdims=False).mode
/home/hansung1/.vscode-server/audio/venv/lib/python3.10/site-packages/silentcipher/server.py:409: SmallSampleWarning: All axis-slices of one or more sample arguments are too small; all elements of returned arrays will be NaN. See documentation for sample size requirements.
  ord_values = st.mode(pred_values, keepdims=False).mode
/home/hansung1/.vscode-server/audio/venv/lib/python3.10/site-packages/silentcipher/server.py:409: SmallSampleWarning: All axis-slices of one or more sample arguments are too small; all elements of returned arrays will be NaN. See documentation for sample size requirements.
  ord_values = st.mode(pred_values, keepdims=False).mode
/home/hansung1/.vscode-server/audio/venv/lib/python3.10/site-packages/silentcipher/server.py:409: SmallSampleWarning: All axis-slices of one or more sample arguments are too small; all elements of returned arrays will be NaN. See documentation for sample size requirements.
  ord_values = st.mode(pred_values, keepdims=False).mode
/home/hansung1/.vscode-server/audio/venv/lib/python3.10/site-packages/silentcipher/server.py:409: SmallSampleWarning: All axis-slices of one or more sample arguments are too small; all elements of returned arrays will be NaN. See documentation for sample size requirements.
  ord_values = st.mode(pred_values, keepdims=False).mode
/home/hansung1/.vscode-server/audio/venv/lib/python3.10/site-packages/silentcipher/server.py:409: SmallSampleWarning: All axis-slices of one or more sample arguments are too small; all elements of returned arrays will be NaN. See documentation for sample size requirements.
  ord_values = st.mode(pred_values, keepdims=False).mode
/home/hansung1/.vscode-server/audio/venv/lib/python3.10/site-packages/silentcipher/server.py:409: SmallSampleWarning: All axis-slices of one or more sample arguments are too small; all elements of returned arrays will be NaN. See documentation for sample size requirements.
  ord_values = st.mode(pred_values, keepdims=False).mode
/home/hansung1/.vscode-server/audio/venv/lib/python3.10/site-packages/silentcipher/server.py:409: SmallSampleWarning: All axis-slices of one or more sample arguments are too small; all elements of returned arrays will be NaN. See documentation for sample size requirements.
  ord_values = st.mode(pred_values, keepdims=False).mode
/home/hansung1/.vscode-server/audio/venv/lib/python3.10/site-packages/silentcipher/server.py:409: SmallSampleWarning: All axis-slices of one or more sample arguments are too small; all elements of returned arrays will be NaN. See documentation for sample size requirements.
  ord_values = st.mode(pred_values, keepdims=False).mode
/home/hansung1/.vscode-server/audio/venv/lib/python3.10/site-packages/silentcipher/server.py:409: SmallSampleWarning: All axis-slices of one or more sample arguments are too small; all elements of returned arrays will be NaN. See documentation for sample size requirements.
  ord_values = st.mode(pred_values, keepdims=False).mode
/home/hansung1/.vscode-server/audio/venv/lib/python3.10/site-packages/silentcipher/server.py:409: SmallSampleWarning: All axis-slices of one or more sample arguments are too small; all elements of returned arrays will be NaN. See documentation for sample size requirements.
  ord_values = st.mode(pred_values, keepdims=False).mode
/home/hansung1/.vscode-server/audio/venv/lib/python3.10/site-packages/silentcipher/server.py:409: SmallSampleWarning: All axis-slices of one or more sample arguments are too small; all elements of returned arrays will be NaN. See documentation for sample size requirements.
  ord_values = st.mode(pred_values, keepdims=False).mode
/home/hansung1/.vscode-server/audio/venv/lib/python3.10/site-packages/silentcipher/server.py:409: SmallSampleWarning: All axis-slices of one or more sample arguments are too small; all elements of returned arrays will be NaN. See documentation for sample size requirements.
  ord_values = st.mode(pred_values, keepdims=False).mode
/home/hansung1/.vscode-server/audio/venv/lib/python3.10/site-packages/silentcipher/server.py:409: SmallSampleWarning: All axis-slices of one or more sample arguments are too small; all elements of returned arrays will be NaN. See documentation for sample size requirements.
  ord_values = st.mode(pred_values, keepdims=False).mode
/home/hansung1/.vscode-server/audio/venv/lib/python3.10/site-packages/silentcipher/server.py:409: SmallSampleWarning: All axis-slices of one or more sample arguments are too small; all elements of returned arrays will be NaN. See documentation for sample size requirements.
  ord_values = st.mode(pred_values, keepdims=False).mode
/home/hansung1/.vscode-server/audio/venv/lib/python3.10/site-packages/silentcipher/server.py:409: SmallSampleWarning: All axis-slices of one or more sample arguments are too small; all elements of returned arrays will be NaN. See documentation for sample size requirements.
  ord_values = st.mode(pred_values, keepdims=False).mode
/home/hansung1/.vscode-server/audio/venv/lib/python3.10/site-packages/silentcipher/server.py:409: SmallSampleWarning: All axis-slices of one or more sample arguments are too small; all elements of returned arrays will be NaN. See documentation for sample size requirements.
  ord_values = st.mode(pred_values, keepdims=False).mode
/home/hansung1/.vscode-server/audio/venv/lib/python3.10/site-packages/silentcipher/server.py:409: SmallSampleWarning: All axis-slices of one or more sample arguments are too small; all elements of returned arrays will be NaN. See documentation for sample size requirements.
  ord_values = st.mode(pred_values, keepdims=False).mode
/home/hansung1/.vscode-server/audio/venv/lib/python3.10/site-packages/silentcipher/server.py:409: SmallSampleWarning: All axis-slices of one or more sample arguments are too small; all elements of returned arrays will be NaN. See documentation for sample size requirements.
  ord_values = st.mode(pred_values, keepdims=False).mode
/home/hansung1/.vscode-server/audio/venv/lib/python3.10/site-packages/silentcipher/server.py:409: SmallSampleWarning: All axis-slices of one or more sample arguments are too small; all elements of returned arrays will be NaN. See documentation for sample size requirements.
  ord_values = st.mode(pred_values, keepdims=False).mode
/home/hansung1/.vscode-server/audio/venv/lib/python3.10/site-packages/silentcipher/server.py:409: SmallSampleWarning: All axis-slices of one or more sample arguments are too small; all elements of returned arrays will be NaN. See documentation for sample size requirements.
  ord_values = st.mode(pred_values, keepdims=False).mode
/home/hansung1/.vscode-server/audio/venv/lib/python3.10/site-packages/silentcipher/server.py:409: SmallSampleWarning: All axis-slices of one or more sample arguments are too small; all elements of returned arrays will be NaN. See documentation for sample size requirements.
  ord_values = st.mode(pred_values, keepdims=False).mode
/home/hansung1/.vscode-server/audio/venv/lib/python3.10/site-packages/silentcipher/server.py:409: SmallSampleWarning: All axis-slices of one or more sample arguments are too small; all elements of returned arrays will be NaN. See documentation for sample size requirements.
  ord_values = st.mode(pred_values, keepdims=False).mode
/home/hansung1/.vscode-server/audio/venv/lib/python3.10/site-packages/silentcipher/server.py:409: SmallSampleWarning: All axis-slices of one or more sample arguments are too small; all elements of returned arrays will be NaN. See documentation for sample size requirements.
  ord_values = st.mode(pred_values, keepdims=False).mode
/home/hansung1/.vscode-server/audio/venv/lib/python3.10/site-packages/silentcipher/server.py:409: SmallSampleWarning: All axis-slices of one or more sample arguments are too small; all elements of returned arrays will be NaN. See documentation for sample size requirements.
  ord_values = st.mode(pred_values, keepdims=False).mode
/home/hansung1/.vscode-server/audio/venv/lib/python3.10/site-packages/silentcipher/server.py:409: SmallSampleWarning: All axis-slices of one or more sample arguments are too small; all elements of returned arrays will be NaN. See documentation for sample size requirements.
  ord_values = st.mode(pred_values, keepdims=False).mode

  [OK] 임베딩 완료 (원본 sr=8000 -> 44.1kHz, 0.8초, encode SDR=49.72dB)
    ViSQOL 계산 실패: Reference spectrum size (39) smaller than minimum patch size (45).
  [NoAttack]  BER=1.0 NC=-1.0 DSR=0 PLV=0.9998 SI-SNR=49.74dB
    ViSQOL 계산 실패: Reference spectrum size (39) smaller than minimum patch size (45).
  [MP3_128kbps] BER=1.0 NC=-1.0 DSR=0 PLV=0.9995 SI-SNR=46.94dB
    ViSQOL 계산 실패: Reference spectrum size (39) smaller than minimum patch size (45).
  [MP3_320kbps] BER=1.0 NC=-1.0 DSR=0 PLV=0.9997 SI-SNR=49.27dB
    ViSQOL 계산 실패: Reference spectrum size (39) smaller than minimum patch size (45).
  [Resample_44100-16000RT] BER=1.0 NC=-1.0 DSR=0 PLV=0.9994 SI-SNR=46.8dB
    ViSQOL 계산 실패: Reference spectrum size (34) smaller than minimum patch size (45).
  [Crop_10pct] BER=1.0 NC=-1.0 DSR=0 PLV=0.9997 SI-SNR=50.06dB
    ViSQOL 계산 실패: Reference spectrum size (39) smaller than minimum patch size (45).
  [TSM_1.1x] BER=1.0 NC=-1.0 DSR=0 PLV= SI-SNR=dB
    ViSQOL 계산 실패: Reference spectrum size (39) smaller than minimum patch size (45).
  [AWGN_30dB] BER=1.0 NC=-1.0 DSR=0 PLV=0.9955 SI-SNR=29.93dB
    ViSQOL 계산 실패: Reference spectrum size (39) smaller than minimum patch size (45).
  [Limiter] BER=1.0 NC=-1.0 DSR=0 PLV=0.9998 SI-SNR=49.74dB
    ViSQOL 계산 실패: Reference spectrum size (39) smaller than minimum patch size (45).
  [Opus_64kbps] BER=1.0 NC=-1.0 DSR=0 PLV=0.9948 SI-SNR=28.61dB
    ViSQOL 계산 실패: Reference spectrum size (39) smaller than minimum patch size (45).
  [Opus_32kbps] BER=1.0 NC=-1.0 DSR=0 PLV=0.9738 SI-SNR=18.2dB
    ViSQOL 계산 실패: Reference spectrum size (39) smaller than minimum patch size (45).
  [AAC_128kbps] BER=1.0 NC=-1.0 DSR=0 PLV=0.9992 SI-SNR=39.21dB
    ViSQOL 계산 실패: Reference spectrum size (39) smaller than minimum patch size (45).
  [TelephoneFilter] BER=1.0 NC=-1.0 DSR=0 PLV=0.5105 SI-SNR=-6.11dB
    ViSQOL 계산 실패: Reference spectrum size (39) smaller than minimum patch size (45).
  [EnCodec_6kbps] BER=0.6 NC=-0.2 DSR=1 PLV=0.5779 SI-SNR=5.45dB
    ViSQOL 계산 실패: Reference spectrum size (39) smaller than minimum patch size (45).
  [DAC] BER=0.425 NC=0.15 DSR=1 PLV=0.4022 SI-SNR=-11.5dB

[92/100] 통화 7751-0017.wav
Using the default SDR of 47 dB
  [OK] 임베딩 완료 (원본 sr=8000 -> 44.1kHz, 0.5초, encode SDR=50.28dB)
    ViSQOL 계산 실패: Reference spectrum size (24) smaller than minimum patch size (45).
  [NoAttack]  BER=1.0 NC=-1.0 DSR=0 PLV=0.9997 SI-SNR=50.29dB
    ViSQOL 계산 실패: Reference spectrum size (24) smaller than minimum patch size (45).
  [MP3_128kbps] BER=1.0 NC=-1.0 DSR=0 PLV=0.9995 SI-SNR=41.22dB
    ViSQOL 계산 실패: Reference spectrum size (24) smaller than minimum patch size (45).
  [MP3_320kbps] BER=1.0 NC=-1.0 DSR=0 PLV=0.9997 SI-SNR=49.95dB
    ViSQOL 계산 실패: Reference spectrum size (24) smaller than minimum patch size (45).
  [Resample_44100-16000RT] BER=1.0 NC=-1.0 DSR=0 PLV=0.9997 SI-SNR=50.29dB
    ViSQOL 계산 실패: Reference spectrum size (21) smaller than minimum patch size (45).
  [Crop_10pct] BER=1.0 NC=-1.0 DSR=0 PLV=0.9997 SI-SNR=49.07dB
    ViSQOL 계산 실패: Reference spectrum size (24) smaller than minimum patch size (45).
  [TSM_1.1x] BER=1.0 NC=-1.0 DSR=0 PLV= SI-SNR=dB
    ViSQOL 계산 실패: Reference spectrum size (24) smaller than minimum patch size (45).
  [AWGN_30dB] BER=1.0 NC=-1.0 DSR=0 PLV=0.9959 SI-SNR=29.86dB
    ViSQOL 계산 실패: Reference spectrum size (24) smaller than minimum patch size (45).
  [Limiter] BER=1.0 NC=-1.0 DSR=0 PLV=0.9997 SI-SNR=50.29dB
    ViSQOL 계산 실패: Reference spectrum size (24) smaller than minimum patch size (45).
  [Opus_64kbps] BER=1.0 NC=-1.0 DSR=0 PLV=0.9929 SI-SNR=24.38dB
    ViSQOL 계산 실패: Reference spectrum size (24) smaller than minimum patch size (45).
  [Opus_32kbps] BER=1.0 NC=-1.0 DSR=0 PLV=0.9748 SI-SNR=19.07dB
    ViSQOL 계산 실패: Reference spectrum size (24) smaller than minimum patch size (45).
  [AAC_128kbps] BER=1.0 NC=-1.0 DSR=0 PLV=0.9991 SI-SNR=42.31dB
    ViSQOL 계산 실패: Reference spectrum size (24) smaller than minimum patch size (45).
  [TelephoneFilter] BER=1.0 NC=-1.0 DSR=0 PLV=0.468 SI-SNR=-6.71dB
    ViSQOL 계산 실패: Reference spectrum size (24) smaller than minimum patch size (45).
  [EnCodec_6kbps] BER=1.0 NC=-1.0 DSR=0 PLV=0.5788 SI-SNR=4.02dB
    ViSQOL 계산 실패: Reference spectrum size (24) smaller than minimum patch size (45).
  [DAC] BER=1.0 NC=-1.0 DSR=0 PLV=0.3215 SI-SNR=-9.17dB

[93/100] 통화 7751-0024.wav
Using the default SDR of 47 dB
  [OK] 임베딩 완료 (원본 sr=8000 -> 44.1kHz, 0.5초, encode SDR=50.24dB)
    ViSQOL 계산 실패: Reference spectrum size (24) smaller than minimum patch size (45).
  [NoAttack]  BER=1.0 NC=-1.0 DSR=0 PLV=0.9998 SI-SNR=50.25dB
    ViSQOL 계산 실패: Reference spectrum size (24) smaller than minimum patch size (45).
  [MP3_128kbps] BER=1.0 NC=-1.0 DSR=0 PLV=0.9996 SI-SNR=48.29dB
    ViSQOL 계산 실패: Reference spectrum size (24) smaller than minimum patch size (45).
  [MP3_320kbps] BER=1.0 NC=-1.0 DSR=0 PLV=0.9997 SI-SNR=50.07dB
    ViSQOL 계산 실패: Reference spectrum size (24) smaller than minimum patch size (45).
  [Resample_44100-16000RT] BER=1.0 NC=-1.0 DSR=0 PLV=0.9997 SI-SNR=50.25dB
    ViSQOL 계산 실패: Reference spectrum size (21) smaller than minimum patch size (45).
  [Crop_10pct] BER=1.0 NC=-1.0 DSR=0 PLV=0.9998 SI-SNR=50.54dB
    ViSQOL 계산 실패: Reference spectrum size (24) smaller than minimum patch size (45).
  [TSM_1.1x] BER=1.0 NC=-1.0 DSR=0 PLV= SI-SNR=dB
    ViSQOL 계산 실패: Reference spectrum size (24) smaller than minimum patch size (45).
  [AWGN_30dB] BER=1.0 NC=-1.0 DSR=0 PLV=0.9961 SI-SNR=29.96dB
    ViSQOL 계산 실패: Reference spectrum size (24) smaller than minimum patch size (45).
  [Limiter] BER=1.0 NC=-1.0 DSR=0 PLV=0.9998 SI-SNR=50.25dB
    ViSQOL 계산 실패: Reference spectrum size (24) smaller than minimum patch size (45).
  [Opus_64kbps] BER=1.0 NC=-1.0 DSR=0 PLV=0.991 SI-SNR=23.27dB
    ViSQOL 계산 실패: Reference spectrum size (24) smaller than minimum patch size (45).
  [Opus_32kbps] BER=1.0 NC=-1.0 DSR=0 PLV=0.971 SI-SNR=18.54dB
    ViSQOL 계산 실패: Reference spectrum size (24) smaller than minimum patch size (45).
  [AAC_128kbps] BER=1.0 NC=-1.0 DSR=0 PLV=0.9995 SI-SNR=43.37dB
    ViSQOL 계산 실패: Reference spectrum size (24) smaller than minimum patch size (45).
  [TelephoneFilter] BER=1.0 NC=-1.0 DSR=0 PLV=0.594 SI-SNR=0.33dB
    ViSQOL 계산 실패: Reference spectrum size (24) smaller than minimum patch size (45).
  [EnCodec_6kbps] BER=1.0 NC=-1.0 DSR=0 PLV=0.607 SI-SNR=5.19dB
    ViSQOL 계산 실패: Reference spectrum size (24) smaller than minimum patch size (45).
  [DAC] BER=1.0 NC=-1.0 DSR=0 PLV=0.3332 SI-SNR=-15.48dB

[94/100] 통화 7755-0009.wav
Using the default SDR of 47 dB
  [OK] 임베딩 완료 (원본 sr=8000 -> 44.1kHz, 0.7초, encode SDR=50.16dB)
    ViSQOL 계산 실패: Reference spectrum size (34) smaller than minimum patch size (45).
  [NoAttack]  BER=1.0 NC=-1.0 DSR=0 PLV=0.9997 SI-SNR=50.17dB
    ViSQOL 계산 실패: Reference spectrum size (34) smaller than minimum patch size (45).
  [MP3_128kbps] BER=1.0 NC=-1.0 DSR=0 PLV=0.9996 SI-SNR=48.2dB
    ViSQOL 계산 실패: Reference spectrum size (34) smaller than minimum patch size (45).
  [MP3_320kbps] BER=1.0 NC=-1.0 DSR=0 PLV=0.9997 SI-SNR=49.62dB
    ViSQOL 계산 실패: Reference spectrum size (34) smaller than minimum patch size (45).
  [Resample_44100-16000RT] BER=1.0 NC=-1.0 DSR=0 PLV=0.9997 SI-SNR=50.17dB
    ViSQOL 계산 실패: Reference spectrum size (30) smaller than minimum patch size (45).
  [Crop_10pct] BER=1.0 NC=-1.0 DSR=0 PLV=0.9997 SI-SNR=50.21dB
    ViSQOL 계산 실패: Reference spectrum size (34) smaller than minimum patch size (45).
  [TSM_1.1x] BER=1.0 NC=-1.0 DSR=0 PLV= SI-SNR=dB
    ViSQOL 계산 실패: Reference spectrum size (34) smaller than minimum patch size (45).
  [AWGN_30dB] BER=1.0 NC=-1.0 DSR=0 PLV=0.9954 SI-SNR=29.97dB
/home/hansung1/.vscode-server/audio/venv/lib/python3.10/site-packages/silentcipher/server.py:409: SmallSampleWarning: All axis-slices of one or more sample arguments are too small; all elements of returned arrays will be NaN. See documentation for sample size requirements.
  ord_values = st.mode(pred_values, keepdims=False).mode
/home/hansung1/.vscode-server/audio/venv/lib/python3.10/site-packages/silentcipher/server.py:409: SmallSampleWarning: All axis-slices of one or more sample arguments are too small; all elements of returned arrays will be NaN. See documentation for sample size requirements.
  ord_values = st.mode(pred_values, keepdims=False).mode
/home/hansung1/.vscode-server/audio/venv/lib/python3.10/site-packages/silentcipher/server.py:409: SmallSampleWarning: All axis-slices of one or more sample arguments are too small; all elements of returned arrays will be NaN. See documentation for sample size requirements.
  ord_values = st.mode(pred_values, keepdims=False).mode
/home/hansung1/.vscode-server/audio/venv/lib/python3.10/site-packages/silentcipher/server.py:409: SmallSampleWarning: All axis-slices of one or more sample arguments are too small; all elements of returned arrays will be NaN. See documentation for sample size requirements.
  ord_values = st.mode(pred_values, keepdims=False).mode
/home/hansung1/.vscode-server/audio/venv/lib/python3.10/site-packages/silentcipher/server.py:409: SmallSampleWarning: All axis-slices of one or more sample arguments are too small; all elements of returned arrays will be NaN. See documentation for sample size requirements.
  ord_values = st.mode(pred_values, keepdims=False).mode
/home/hansung1/.vscode-server/audio/venv/lib/python3.10/site-packages/silentcipher/server.py:409: SmallSampleWarning: All axis-slices of one or more sample arguments are too small; all elements of returned arrays will be NaN. See documentation for sample size requirements.
  ord_values = st.mode(pred_values, keepdims=False).mode
/home/hansung1/.vscode-server/audio/venv/lib/python3.10/site-packages/silentcipher/server.py:409: SmallSampleWarning: All axis-slices of one or more sample arguments are too small; all elements of returned arrays will be NaN. See documentation for sample size requirements.
  ord_values = st.mode(pred_values, keepdims=False).mode
/home/hansung1/.vscode-server/audio/venv/lib/python3.10/site-packages/silentcipher/server.py:409: SmallSampleWarning: All axis-slices of one or more sample arguments are too small; all elements of returned arrays will be NaN. See documentation for sample size requirements.
  ord_values = st.mode(pred_values, keepdims=False).mode
/home/hansung1/.vscode-server/audio/venv/lib/python3.10/site-packages/silentcipher/server.py:409: SmallSampleWarning: All axis-slices of one or more sample arguments are too small; all elements of returned arrays will be NaN. See documentation for sample size requirements.
  ord_values = st.mode(pred_values, keepdims=False).mode
/home/hansung1/.vscode-server/audio/venv/lib/python3.10/site-packages/silentcipher/server.py:409: SmallSampleWarning: All axis-slices of one or more sample arguments are too small; all elements of returned arrays will be NaN. See documentation for sample size requirements.
  ord_values = st.mode(pred_values, keepdims=False).mode
/home/hansung1/.vscode-server/audio/venv/lib/python3.10/site-packages/silentcipher/server.py:409: SmallSampleWarning: All axis-slices of one or more sample arguments are too small; all elements of returned arrays will be NaN. See documentation for sample size requirements.
  ord_values = st.mode(pred_values, keepdims=False).mode
/home/hansung1/.vscode-server/audio/venv/lib/python3.10/site-packages/silentcipher/server.py:409: SmallSampleWarning: All axis-slices of one or more sample arguments are too small; all elements of returned arrays will be NaN. See documentation for sample size requirements.
  ord_values = st.mode(pred_values, keepdims=False).mode
/home/hansung1/.vscode-server/audio/venv/lib/python3.10/site-packages/silentcipher/server.py:409: SmallSampleWarning: All axis-slices of one or more sample arguments are too small; all elements of returned arrays will be NaN. See documentation for sample size requirements.
  ord_values = st.mode(pred_values, keepdims=False).mode
/home/hansung1/.vscode-server/audio/venv/lib/python3.10/site-packages/silentcipher/server.py:409: SmallSampleWarning: All axis-slices of one or more sample arguments are too small; all elements of returned arrays will be NaN. See documentation for sample size requirements.
  ord_values = st.mode(pred_values, keepdims=False).mode
/home/hansung1/.vscode-server/audio/venv/lib/python3.10/site-packages/silentcipher/server.py:409: SmallSampleWarning: All axis-slices of one or more sample arguments are too small; all elements of returned arrays will be NaN. See documentation for sample size requirements.
  ord_values = st.mode(pred_values, keepdims=False).mode
/home/hansung1/.vscode-server/audio/venv/lib/python3.10/site-packages/silentcipher/server.py:409: SmallSampleWarning: All axis-slices of one or more sample arguments are too small; all elements of returned arrays will be NaN. See documentation for sample size requirements.
  ord_values = st.mode(pred_values, keepdims=False).mode
/home/hansung1/.vscode-server/audio/venv/lib/python3.10/site-packages/silentcipher/server.py:409: SmallSampleWarning: All axis-slices of one or more sample arguments are too small; all elements of returned arrays will be NaN. See documentation for sample size requirements.
  ord_values = st.mode(pred_values, keepdims=False).mode
/home/hansung1/.vscode-server/audio/venv/lib/python3.10/site-packages/silentcipher/server.py:409: SmallSampleWarning: All axis-slices of one or more sample arguments are too small; all elements of returned arrays will be NaN. See documentation for sample size requirements.
  ord_values = st.mode(pred_values, keepdims=False).mode
/home/hansung1/.vscode-server/audio/venv/lib/python3.10/site-packages/silentcipher/server.py:409: SmallSampleWarning: All axis-slices of one or more sample arguments are too small; all elements of returned arrays will be NaN. See documentation for sample size requirements.
  ord_values = st.mode(pred_values, keepdims=False).mode
/home/hansung1/.vscode-server/audio/venv/lib/python3.10/site-packages/silentcipher/server.py:409: SmallSampleWarning: All axis-slices of one or more sample arguments are too small; all elements of returned arrays will be NaN. See documentation for sample size requirements.
  ord_values = st.mode(pred_values, keepdims=False).mode
/home/hansung1/.vscode-server/audio/venv/lib/python3.10/site-packages/silentcipher/server.py:409: SmallSampleWarning: All axis-slices of one or more sample arguments are too small; all elements of returned arrays will be NaN. See documentation for sample size requirements.
  ord_values = st.mode(pred_values, keepdims=False).mode
/home/hansung1/.vscode-server/audio/venv/lib/python3.10/site-packages/silentcipher/server.py:409: SmallSampleWarning: All axis-slices of one or more sample arguments are too small; all elements of returned arrays will be NaN. See documentation for sample size requirements.
  ord_values = st.mode(pred_values, keepdims=False).mode
/home/hansung1/.vscode-server/audio/venv/lib/python3.10/site-packages/silentcipher/server.py:409: SmallSampleWarning: All axis-slices of one or more sample arguments are too small; all elements of returned arrays will be NaN. See documentation for sample size requirements.
  ord_values = st.mode(pred_values, keepdims=False).mode
/home/hansung1/.vscode-server/audio/venv/lib/python3.10/site-packages/silentcipher/server.py:409: SmallSampleWarning: All axis-slices of one or more sample arguments are too small; all elements of returned arrays will be NaN. See documentation for sample size requirements.
  ord_values = st.mode(pred_values, keepdims=False).mode
/home/hansung1/.vscode-server/audio/venv/lib/python3.10/site-packages/silentcipher/server.py:409: SmallSampleWarning: All axis-slices of one or more sample arguments are too small; all elements of returned arrays will be NaN. See documentation for sample size requirements.
  ord_values = st.mode(pred_values, keepdims=False).mode
/home/hansung1/.vscode-server/audio/venv/lib/python3.10/site-packages/silentcipher/server.py:409: SmallSampleWarning: All axis-slices of one or more sample arguments are too small; all elements of returned arrays will be NaN. See documentation for sample size requirements.
  ord_values = st.mode(pred_values, keepdims=False).mode
/home/hansung1/.vscode-server/audio/venv/lib/python3.10/site-packages/silentcipher/server.py:409: SmallSampleWarning: All axis-slices of one or more sample arguments are too small; all elements of returned arrays will be NaN. See documentation for sample size requirements.
  ord_values = st.mode(pred_values, keepdims=False).mode
/home/hansung1/.vscode-server/audio/venv/lib/python3.10/site-packages/silentcipher/server.py:409: SmallSampleWarning: All axis-slices of one or more sample arguments are too small; all elements of returned arrays will be NaN. See documentation for sample size requirements.
  ord_values = st.mode(pred_values, keepdims=False).mode
/home/hansung1/.vscode-server/audio/venv/lib/python3.10/site-packages/silentcipher/server.py:409: SmallSampleWarning: All axis-slices of one or more sample arguments are too small; all elements of returned arrays will be NaN. See documentation for sample size requirements.
  ord_values = st.mode(pred_values, keepdims=False).mode
/home/hansung1/.vscode-server/audio/venv/lib/python3.10/site-packages/silentcipher/server.py:409: SmallSampleWarning: All axis-slices of one or more sample arguments are too small; all elements of returned arrays will be NaN. See documentation for sample size requirements.
  ord_values = st.mode(pred_values, keepdims=False).mode
/home/hansung1/.vscode-server/audio/venv/lib/python3.10/site-packages/silentcipher/server.py:409: SmallSampleWarning: All axis-slices of one or more sample arguments are too small; all elements of returned arrays will be NaN. See documentation for sample size requirements.
  ord_values = st.mode(pred_values, keepdims=False).mode
/home/hansung1/.vscode-server/audio/venv/lib/python3.10/site-packages/silentcipher/server.py:409: SmallSampleWarning: All axis-slices of one or more sample arguments are too small; all elements of returned arrays will be NaN. See documentation for sample size requirements.
  ord_values = st.mode(pred_values, keepdims=False).mode
/home/hansung1/.vscode-server/audio/venv/lib/python3.10/site-packages/silentcipher/server.py:409: SmallSampleWarning: All axis-slices of one or more sample arguments are too small; all elements of returned arrays will be NaN. See documentation for sample size requirements.
  ord_values = st.mode(pred_values, keepdims=False).mode
/home/hansung1/.vscode-server/audio/venv/lib/python3.10/site-packages/silentcipher/server.py:409: SmallSampleWarning: All axis-slices of one or more sample arguments are too small; all elements of returned arrays will be NaN. See documentation for sample size requirements.
  ord_values = st.mode(pred_values, keepdims=False).mode
/home/hansung1/.vscode-server/audio/venv/lib/python3.10/site-packages/silentcipher/server.py:409: SmallSampleWarning: All axis-slices of one or more sample arguments are too small; all elements of returned arrays will be NaN. See documentation for sample size requirements.
  ord_values = st.mode(pred_values, keepdims=False).mode
/home/hansung1/.vscode-server/audio/venv/lib/python3.10/site-packages/silentcipher/server.py:409: SmallSampleWarning: All axis-slices of one or more sample arguments are too small; all elements of returned arrays will be NaN. See documentation for sample size requirements.
  ord_values = st.mode(pred_values, keepdims=False).mode
/home/hansung1/.vscode-server/audio/venv/lib/python3.10/site-packages/silentcipher/server.py:409: SmallSampleWarning: All axis-slices of one or more sample arguments are too small; all elements of returned arrays will be NaN. See documentation for sample size requirements.
  ord_values = st.mode(pred_values, keepdims=False).mode
/home/hansung1/.vscode-server/audio/venv/lib/python3.10/site-packages/silentcipher/server.py:409: SmallSampleWarning: All axis-slices of one or more sample arguments are too small; all elements of returned arrays will be NaN. See documentation for sample size requirements.
  ord_values = st.mode(pred_values, keepdims=False).mode
/home/hansung1/.vscode-server/audio/venv/lib/python3.10/site-packages/silentcipher/server.py:409: SmallSampleWarning: All axis-slices of one or more sample arguments are too small; all elements of returned arrays will be NaN. See documentation for sample size requirements.
  ord_values = st.mode(pred_values, keepdims=False).mode
/home/hansung1/.vscode-server/audio/venv/lib/python3.10/site-packages/silentcipher/server.py:409: SmallSampleWarning: All axis-slices of one or more sample arguments are too small; all elements of returned arrays will be NaN. See documentation for sample size requirements.
  ord_values = st.mode(pred_values, keepdims=False).mode
/home/hansung1/.vscode-server/audio/venv/lib/python3.10/site-packages/silentcipher/server.py:409: SmallSampleWarning: All axis-slices of one or more sample arguments are too small; all elements of returned arrays will be NaN. See documentation for sample size requirements.
  ord_values = st.mode(pred_values, keepdims=False).mode
/home/hansung1/.vscode-server/audio/venv/lib/python3.10/site-packages/silentcipher/server.py:409: SmallSampleWarning: All axis-slices of one or more sample arguments are too small; all elements of returned arrays will be NaN. See documentation for sample size requirements.
  ord_values = st.mode(pred_values, keepdims=False).mode
/home/hansung1/.vscode-server/audio/venv/lib/python3.10/site-packages/silentcipher/server.py:409: SmallSampleWarning: All axis-slices of one or more sample arguments are too small; all elements of returned arrays will be NaN. See documentation for sample size requirements.
  ord_values = st.mode(pred_values, keepdims=False).mode
/home/hansung1/.vscode-server/audio/venv/lib/python3.10/site-packages/silentcipher/server.py:409: SmallSampleWarning: All axis-slices of one or more sample arguments are too small; all elements of returned arrays will be NaN. See documentation for sample size requirements.
  ord_values = st.mode(pred_values, keepdims=False).mode
/home/hansung1/.vscode-server/audio/venv/lib/python3.10/site-packages/silentcipher/server.py:409: SmallSampleWarning: All axis-slices of one or more sample arguments are too small; all elements of returned arrays will be NaN. See documentation for sample size requirements.
  ord_values = st.mode(pred_values, keepdims=False).mode
/home/hansung1/.vscode-server/audio/venv/lib/python3.10/site-packages/silentcipher/server.py:409: SmallSampleWarning: All axis-slices of one or more sample arguments are too small; all elements of returned arrays will be NaN. See documentation for sample size requirements.
  ord_values = st.mode(pred_values, keepdims=False).mode
/home/hansung1/.vscode-server/audio/venv/lib/python3.10/site-packages/silentcipher/server.py:409: SmallSampleWarning: All axis-slices of one or more sample arguments are too small; all elements of returned arrays will be NaN. See documentation for sample size requirements.
  ord_values = st.mode(pred_values, keepdims=False).mode
/home/hansung1/.vscode-server/audio/venv/lib/python3.10/site-packages/silentcipher/server.py:409: SmallSampleWarning: All axis-slices of one or more sample arguments are too small; all elements of returned arrays will be NaN. See documentation for sample size requirements.
  ord_values = st.mode(pred_values, keepdims=False).mode
    ViSQOL 계산 실패: Reference spectrum size (34) smaller than minimum patch size (45).
  [Limiter] BER=1.0 NC=-1.0 DSR=0 PLV=0.9997 SI-SNR=50.17dB
    ViSQOL 계산 실패: Reference spectrum size (34) smaller than minimum patch size (45).
  [Opus_64kbps] BER=1.0 NC=-1.0 DSR=0 PLV=0.9884 SI-SNR=24.33dB
    ViSQOL 계산 실패: Reference spectrum size (34) smaller than minimum patch size (45).
  [Opus_32kbps] BER=1.0 NC=-1.0 DSR=0 PLV=0.967 SI-SNR=20.26dB
    ViSQOL 계산 실패: Reference spectrum size (34) smaller than minimum patch size (45).
  [AAC_128kbps] BER=1.0 NC=-1.0 DSR=0 PLV=0.9995 SI-SNR=45.34dB
    ViSQOL 계산 실패: Reference spectrum size (34) smaller than minimum patch size (45).
  [TelephoneFilter] BER=1.0 NC=-1.0 DSR=0 PLV=0.4984 SI-SNR=-13.9dB
    ViSQOL 계산 실패: Reference spectrum size (34) smaller than minimum patch size (45).
  [EnCodec_6kbps] BER=1.0 NC=-1.0 DSR=0 PLV=0.5725 SI-SNR=6.51dB
    ViSQOL 계산 실패: Reference spectrum size (34) smaller than minimum patch size (45).
  [DAC] BER=1.0 NC=-1.0 DSR=0 PLV=0.4363 SI-SNR=-4.63dB

[95/100] 통화 7755-0016.wav
Using the default SDR of 47 dB
  [OK] 임베딩 완료 (원본 sr=8000 -> 44.1kHz, 0.7초, encode SDR=49.77dB)
    ViSQOL 계산 실패: Reference spectrum size (33) smaller than minimum patch size (45).
  [NoAttack]  BER=1.0 NC=-1.0 DSR=0 PLV=0.9997 SI-SNR=49.79dB
    ViSQOL 계산 실패: Reference spectrum size (33) smaller than minimum patch size (45).
  [MP3_128kbps] BER=1.0 NC=-1.0 DSR=0 PLV=0.9992 SI-SNR=38.41dB
    ViSQOL 계산 실패: Reference spectrum size (33) smaller than minimum patch size (45).
  [MP3_320kbps] BER=1.0 NC=-1.0 DSR=0 PLV=0.9997 SI-SNR=49.38dB
    ViSQOL 계산 실패: Reference spectrum size (33) smaller than minimum patch size (45).
  [Resample_44100-16000RT] BER=1.0 NC=-1.0 DSR=0 PLV=0.9997 SI-SNR=49.62dB
    ViSQOL 계산 실패: Reference spectrum size (29) smaller than minimum patch size (45).
  [Crop_10pct] BER=1.0 NC=-1.0 DSR=0 PLV=0.9998 SI-SNR=50.27dB
    ViSQOL 계산 실패: Reference spectrum size (33) smaller than minimum patch size (45).
  [TSM_1.1x] BER=1.0 NC=-1.0 DSR=0 PLV= SI-SNR=dB
    ViSQOL 계산 실패: Reference spectrum size (33) smaller than minimum patch size (45).
  [AWGN_30dB] BER=1.0 NC=-1.0 DSR=0 PLV=0.9953 SI-SNR=30.02dB
    ViSQOL 계산 실패: Reference spectrum size (33) smaller than minimum patch size (45).
  [Limiter] BER=1.0 NC=-1.0 DSR=0 PLV=0.9997 SI-SNR=49.79dB
    ViSQOL 계산 실패: Reference spectrum size (33) smaller than minimum patch size (45).
  [Opus_64kbps] BER=1.0 NC=-1.0 DSR=0 PLV=0.9919 SI-SNR=25.35dB
    ViSQOL 계산 실패: Reference spectrum size (33) smaller than minimum patch size (45).
  [Opus_32kbps] BER=1.0 NC=-1.0 DSR=0 PLV=0.9691 SI-SNR=18.07dB
    ViSQOL 계산 실패: Reference spectrum size (33) smaller than minimum patch size (45).
  [AAC_128kbps] BER=1.0 NC=-1.0 DSR=0 PLV=0.9992 SI-SNR=36.45dB
    ViSQOL 계산 실패: Reference spectrum size (33) smaller than minimum patch size (45).
  [TelephoneFilter] BER=1.0 NC=-1.0 DSR=0 PLV=0.5062 SI-SNR=-5.7dB
    ViSQOL 계산 실패: Reference spectrum size (33) smaller than minimum patch size (45).
  [EnCodec_6kbps] BER=1.0 NC=-1.0 DSR=0 PLV=0.5833 SI-SNR=4.86dB
    ViSQOL 계산 실패: Reference spectrum size (33) smaller than minimum patch size (45).
  [DAC] BER=1.0 NC=-1.0 DSR=0 PLV=0.3702 SI-SNR=-11.71dB

[96/100] 통화 7756-0007.wav
Using the default SDR of 47 dB
  [OK] 임베딩 완료 (원본 sr=8000 -> 44.1kHz, 0.7초, encode SDR=50.36dB)
    ViSQOL 계산 실패: Reference spectrum size (33) smaller than minimum patch size (45).
  [NoAttack]  BER=1.0 NC=-1.0 DSR=0 PLV=0.9998 SI-SNR=50.37dB
    ViSQOL 계산 실패: Reference spectrum size (33) smaller than minimum patch size (45).
  [MP3_128kbps] BER=1.0 NC=-1.0 DSR=0 PLV=0.9995 SI-SNR=45.87dB
    ViSQOL 계산 실패: Reference spectrum size (33) smaller than minimum patch size (45).
  [MP3_320kbps] BER=1.0 NC=-1.0 DSR=0 PLV=0.9997 SI-SNR=49.89dB
    ViSQOL 계산 실패: Reference spectrum size (33) smaller than minimum patch size (45).
  [Resample_44100-16000RT] BER=1.0 NC=-1.0 DSR=0 PLV=0.9997 SI-SNR=50.27dB
    ViSQOL 계산 실패: Reference spectrum size (30) smaller than minimum patch size (45).
  [Crop_10pct] BER=1.0 NC=-1.0 DSR=0 PLV=0.9998 SI-SNR=50.21dB
    ViSQOL 계산 실패: Reference spectrum size (33) smaller than minimum patch size (45).
  [TSM_1.1x] BER=1.0 NC=-1.0 DSR=0 PLV= SI-SNR=dB
    ViSQOL 계산 실패: Reference spectrum size (33) smaller than minimum patch size (45).
  [AWGN_30dB] BER=1.0 NC=-1.0 DSR=0 PLV=0.9954 SI-SNR=29.93dB
    ViSQOL 계산 실패: Reference spectrum size (33) smaller than minimum patch size (45).
  [Limiter] BER=1.0 NC=-1.0 DSR=0 PLV=0.9998 SI-SNR=50.37dB
    ViSQOL 계산 실패: Reference spectrum size (33) smaller than minimum patch size (45).
  [Opus_64kbps] BER=1.0 NC=-1.0 DSR=0 PLV=0.9907 SI-SNR=25.52dB
    ViSQOL 계산 실패: Reference spectrum size (33) smaller than minimum patch size (45).
  [Opus_32kbps] BER=1.0 NC=-1.0 DSR=0 PLV=0.9685 SI-SNR=19.16dB
    ViSQOL 계산 실패: Reference spectrum size (33) smaller than minimum patch size (45).
  [AAC_128kbps] BER=1.0 NC=-1.0 DSR=0 PLV=0.9994 SI-SNR=43.93dB
    ViSQOL 계산 실패: Reference spectrum size (33) smaller than minimum patch size (45).
  [TelephoneFilter] BER=1.0 NC=-1.0 DSR=0 PLV=0.4907 SI-SNR=-7.67dB
    ViSQOL 계산 실패: Reference spectrum size (33) smaller than minimum patch size (45).
  [EnCodec_6kbps] BER=1.0 NC=-1.0 DSR=0 PLV=0.5547 SI-SNR=5.64dB
    ViSQOL 계산 실패: Reference spectrum size (33) smaller than minimum patch size (45).
  [DAC] BER=1.0 NC=-1.0 DSR=0 PLV=0.3541 SI-SNR=-8.64dB

[97/100] 통화 7756-0014.wav
Using the default SDR of 47 dB
  [OK] 임베딩 완료 (원본 sr=8000 -> 44.1kHz, 0.8초, encode SDR=50.14dB)
    ViSQOL 계산 실패: Reference spectrum size (36) smaller than minimum patch size (45).
  [NoAttack]  BER=1.0 NC=-1.0 DSR=0 PLV=0.9997 SI-SNR=50.15dB
    ViSQOL 계산 실패: Reference spectrum size (36) smaller than minimum patch size (45).
  [MP3_128kbps] BER=1.0 NC=-1.0 DSR=0 PLV=0.9996 SI-SNR=48.23dB
    ViSQOL 계산 실패: Reference spectrum size (36) smaller than minimum patch size (45).
  [MP3_320kbps] BER=1.0 NC=-1.0 DSR=0 PLV=0.9996 SI-SNR=49.92dB
    ViSQOL 계산 실패: Reference spectrum size (36) smaller than minimum patch size (45).
  [Resample_44100-16000RT] BER=1.0 NC=-1.0 DSR=0 PLV=0.9997 SI-SNR=50.12dB
    ViSQOL 계산 실패: Reference spectrum size (32) smaller than minimum patch size (45).
  [Crop_10pct] BER=1.0 NC=-1.0 DSR=0 PLV=0.9998 SI-SNR=50.67dB
    ViSQOL 계산 실패: Reference spectrum size (36) smaller than minimum patch size (45).
  [TSM_1.1x] BER=1.0 NC=-1.0 DSR=0 PLV= SI-SNR=dB
    ViSQOL 계산 실패: Reference spectrum size (36) smaller than minimum patch size (45).
  [AWGN_30dB] BER=1.0 NC=-1.0 DSR=0 PLV=0.9953 SI-SNR=29.95dB
    ViSQOL 계산 실패: Reference spectrum size (36) smaller than minimum patch size (45).
  [Limiter] BER=1.0 NC=-1.0 DSR=0 PLV=0.9997 SI-SNR=50.15dB
    ViSQOL 계산 실패: Reference spectrum size (36) smaller than minimum patch size (45).
  [Opus_64kbps] BER=1.0 NC=-1.0 DSR=0 PLV=0.9927 SI-SNR=24.92dB
    ViSQOL 계산 실패: Reference spectrum size (36) smaller than minimum patch size (45).
  [Opus_32kbps] BER=1.0 NC=-1.0 DSR=0 PLV=0.9705 SI-SNR=18.71dB
    ViSQOL 계산 실패: Reference spectrum size (36) smaller than minimum patch size (45).
  [AAC_128kbps] BER=1.0 NC=-1.0 DSR=0 PLV=0.9992 SI-SNR=43.42dB
    ViSQOL 계산 실패: Reference spectrum size (36) smaller than minimum patch size (45).
  [TelephoneFilter] BER=1.0 NC=-1.0 DSR=0 PLV=0.5269 SI-SNR=-1.71dB
    ViSQOL 계산 실패: Reference spectrum size (36) smaller than minimum patch size (45).
  [EnCodec_6kbps] BER=1.0 NC=-1.0 DSR=0 PLV=0.5754 SI-SNR=4.0dB
    ViSQOL 계산 실패: Reference spectrum size (36) smaller than minimum patch size (45).
  [DAC] BER=1.0 NC=-1.0 DSR=0 PLV=0.2724 SI-SNR=-34.79dB

[98/100] 통화 7756-0030.wav
Using the default SDR of 47 dB
/home/hansung1/.vscode-server/audio/venv/lib/python3.10/site-packages/silentcipher/server.py:409: SmallSampleWarning: All axis-slices of one or more sample arguments are too small; all elements of returned arrays will be NaN. See documentation for sample size requirements.
  ord_values = st.mode(pred_values, keepdims=False).mode
/home/hansung1/.vscode-server/audio/venv/lib/python3.10/site-packages/silentcipher/server.py:409: SmallSampleWarning: All axis-slices of one or more sample arguments are too small; all elements of returned arrays will be NaN. See documentation for sample size requirements.
  ord_values = st.mode(pred_values, keepdims=False).mode
/home/hansung1/.vscode-server/audio/venv/lib/python3.10/site-packages/silentcipher/server.py:409: SmallSampleWarning: All axis-slices of one or more sample arguments are too small; all elements of returned arrays will be NaN. See documentation for sample size requirements.
  ord_values = st.mode(pred_values, keepdims=False).mode
/home/hansung1/.vscode-server/audio/venv/lib/python3.10/site-packages/silentcipher/server.py:409: SmallSampleWarning: All axis-slices of one or more sample arguments are too small; all elements of returned arrays will be NaN. See documentation for sample size requirements.
  ord_values = st.mode(pred_values, keepdims=False).mode
/home/hansung1/.vscode-server/audio/venv/lib/python3.10/site-packages/silentcipher/server.py:409: SmallSampleWarning: All axis-slices of one or more sample arguments are too small; all elements of returned arrays will be NaN. See documentation for sample size requirements.
  ord_values = st.mode(pred_values, keepdims=False).mode
/home/hansung1/.vscode-server/audio/venv/lib/python3.10/site-packages/silentcipher/server.py:409: SmallSampleWarning: All axis-slices of one or more sample arguments are too small; all elements of returned arrays will be NaN. See documentation for sample size requirements.
  ord_values = st.mode(pred_values, keepdims=False).mode
/home/hansung1/.vscode-server/audio/venv/lib/python3.10/site-packages/silentcipher/server.py:409: SmallSampleWarning: All axis-slices of one or more sample arguments are too small; all elements of returned arrays will be NaN. See documentation for sample size requirements.
  ord_values = st.mode(pred_values, keepdims=False).mode
/home/hansung1/.vscode-server/audio/venv/lib/python3.10/site-packages/silentcipher/server.py:409: SmallSampleWarning: All axis-slices of one or more sample arguments are too small; all elements of returned arrays will be NaN. See documentation for sample size requirements.
  ord_values = st.mode(pred_values, keepdims=False).mode
/home/hansung1/.vscode-server/audio/venv/lib/python3.10/site-packages/silentcipher/server.py:409: SmallSampleWarning: All axis-slices of one or more sample arguments are too small; all elements of returned arrays will be NaN. See documentation for sample size requirements.
  ord_values = st.mode(pred_values, keepdims=False).mode
/home/hansung1/.vscode-server/audio/venv/lib/python3.10/site-packages/silentcipher/server.py:409: SmallSampleWarning: All axis-slices of one or more sample arguments are too small; all elements of returned arrays will be NaN. See documentation for sample size requirements.
  ord_values = st.mode(pred_values, keepdims=False).mode
/home/hansung1/.vscode-server/audio/venv/lib/python3.10/site-packages/silentcipher/server.py:409: SmallSampleWarning: All axis-slices of one or more sample arguments are too small; all elements of returned arrays will be NaN. See documentation for sample size requirements.
  ord_values = st.mode(pred_values, keepdims=False).mode
/home/hansung1/.vscode-server/audio/venv/lib/python3.10/site-packages/silentcipher/server.py:409: SmallSampleWarning: All axis-slices of one or more sample arguments are too small; all elements of returned arrays will be NaN. See documentation for sample size requirements.
  ord_values = st.mode(pred_values, keepdims=False).mode
/home/hansung1/.vscode-server/audio/venv/lib/python3.10/site-packages/silentcipher/server.py:409: SmallSampleWarning: All axis-slices of one or more sample arguments are too small; all elements of returned arrays will be NaN. See documentation for sample size requirements.
  ord_values = st.mode(pred_values, keepdims=False).mode
/home/hansung1/.vscode-server/audio/venv/lib/python3.10/site-packages/silentcipher/server.py:409: SmallSampleWarning: All axis-slices of one or more sample arguments are too small; all elements of returned arrays will be NaN. See documentation for sample size requirements.
  ord_values = st.mode(pred_values, keepdims=False).mode
/home/hansung1/.vscode-server/audio/venv/lib/python3.10/site-packages/silentcipher/server.py:409: SmallSampleWarning: All axis-slices of one or more sample arguments are too small; all elements of returned arrays will be NaN. See documentation for sample size requirements.
  ord_values = st.mode(pred_values, keepdims=False).mode
/home/hansung1/.vscode-server/audio/venv/lib/python3.10/site-packages/silentcipher/server.py:409: SmallSampleWarning: All axis-slices of one or more sample arguments are too small; all elements of returned arrays will be NaN. See documentation for sample size requirements.
  ord_values = st.mode(pred_values, keepdims=False).mode
/home/hansung1/.vscode-server/audio/venv/lib/python3.10/site-packages/silentcipher/server.py:409: SmallSampleWarning: All axis-slices of one or more sample arguments are too small; all elements of returned arrays will be NaN. See documentation for sample size requirements.
  ord_values = st.mode(pred_values, keepdims=False).mode
/home/hansung1/.vscode-server/audio/venv/lib/python3.10/site-packages/silentcipher/server.py:409: SmallSampleWarning: All axis-slices of one or more sample arguments are too small; all elements of returned arrays will be NaN. See documentation for sample size requirements.
  ord_values = st.mode(pred_values, keepdims=False).mode
/home/hansung1/.vscode-server/audio/venv/lib/python3.10/site-packages/silentcipher/server.py:409: SmallSampleWarning: All axis-slices of one or more sample arguments are too small; all elements of returned arrays will be NaN. See documentation for sample size requirements.
  ord_values = st.mode(pred_values, keepdims=False).mode
/home/hansung1/.vscode-server/audio/venv/lib/python3.10/site-packages/silentcipher/server.py:409: SmallSampleWarning: All axis-slices of one or more sample arguments are too small; all elements of returned arrays will be NaN. See documentation for sample size requirements.
  ord_values = st.mode(pred_values, keepdims=False).mode
/home/hansung1/.vscode-server/audio/venv/lib/python3.10/site-packages/silentcipher/server.py:409: SmallSampleWarning: All axis-slices of one or more sample arguments are too small; all elements of returned arrays will be NaN. See documentation for sample size requirements.
  ord_values = st.mode(pred_values, keepdims=False).mode
/home/hansung1/.vscode-server/audio/venv/lib/python3.10/site-packages/silentcipher/server.py:409: SmallSampleWarning: All axis-slices of one or more sample arguments are too small; all elements of returned arrays will be NaN. See documentation for sample size requirements.
  ord_values = st.mode(pred_values, keepdims=False).mode
/home/hansung1/.vscode-server/audio/venv/lib/python3.10/site-packages/silentcipher/server.py:409: SmallSampleWarning: All axis-slices of one or more sample arguments are too small; all elements of returned arrays will be NaN. See documentation for sample size requirements.
  ord_values = st.mode(pred_values, keepdims=False).mode
/home/hansung1/.vscode-server/audio/venv/lib/python3.10/site-packages/silentcipher/server.py:409: SmallSampleWarning: All axis-slices of one or more sample arguments are too small; all elements of returned arrays will be NaN. See documentation for sample size requirements.
  ord_values = st.mode(pred_values, keepdims=False).mode
/home/hansung1/.vscode-server/audio/venv/lib/python3.10/site-packages/silentcipher/server.py:409: SmallSampleWarning: All axis-slices of one or more sample arguments are too small; all elements of returned arrays will be NaN. See documentation for sample size requirements.
  ord_values = st.mode(pred_values, keepdims=False).mode
/home/hansung1/.vscode-server/audio/venv/lib/python3.10/site-packages/silentcipher/server.py:409: SmallSampleWarning: All axis-slices of one or more sample arguments are too small; all elements of returned arrays will be NaN. See documentation for sample size requirements.
  ord_values = st.mode(pred_values, keepdims=False).mode
/home/hansung1/.vscode-server/audio/venv/lib/python3.10/site-packages/silentcipher/server.py:409: SmallSampleWarning: All axis-slices of one or more sample arguments are too small; all elements of returned arrays will be NaN. See documentation for sample size requirements.
  ord_values = st.mode(pred_values, keepdims=False).mode
/home/hansung1/.vscode-server/audio/venv/lib/python3.10/site-packages/silentcipher/server.py:409: SmallSampleWarning: All axis-slices of one or more sample arguments are too small; all elements of returned arrays will be NaN. See documentation for sample size requirements.
  ord_values = st.mode(pred_values, keepdims=False).mode
/home/hansung1/.vscode-server/audio/venv/lib/python3.10/site-packages/silentcipher/server.py:409: SmallSampleWarning: All axis-slices of one or more sample arguments are too small; all elements of returned arrays will be NaN. See documentation for sample size requirements.
  ord_values = st.mode(pred_values, keepdims=False).mode
/home/hansung1/.vscode-server/audio/venv/lib/python3.10/site-packages/silentcipher/server.py:409: SmallSampleWarning: All axis-slices of one or more sample arguments are too small; all elements of returned arrays will be NaN. See documentation for sample size requirements.
  ord_values = st.mode(pred_values, keepdims=False).mode
/home/hansung1/.vscode-server/audio/venv/lib/python3.10/site-packages/silentcipher/server.py:409: SmallSampleWarning: All axis-slices of one or more sample arguments are too small; all elements of returned arrays will be NaN. See documentation for sample size requirements.
  ord_values = st.mode(pred_values, keepdims=False).mode
/home/hansung1/.vscode-server/audio/venv/lib/python3.10/site-packages/silentcipher/server.py:409: SmallSampleWarning: All axis-slices of one or more sample arguments are too small; all elements of returned arrays will be NaN. See documentation for sample size requirements.
  ord_values = st.mode(pred_values, keepdims=False).mode
/home/hansung1/.vscode-server/audio/venv/lib/python3.10/site-packages/silentcipher/server.py:409: SmallSampleWarning: All axis-slices of one or more sample arguments are too small; all elements of returned arrays will be NaN. See documentation for sample size requirements.
  ord_values = st.mode(pred_values, keepdims=False).mode
/home/hansung1/.vscode-server/audio/venv/lib/python3.10/site-packages/silentcipher/server.py:409: SmallSampleWarning: All axis-slices of one or more sample arguments are too small; all elements of returned arrays will be NaN. See documentation for sample size requirements.
  ord_values = st.mode(pred_values, keepdims=False).mode
/home/hansung1/.vscode-server/audio/venv/lib/python3.10/site-packages/silentcipher/server.py:409: SmallSampleWarning: All axis-slices of one or more sample arguments are too small; all elements of returned arrays will be NaN. See documentation for sample size requirements.
  ord_values = st.mode(pred_values, keepdims=False).mode
/home/hansung1/.vscode-server/audio/venv/lib/python3.10/site-packages/silentcipher/server.py:409: SmallSampleWarning: All axis-slices of one or more sample arguments are too small; all elements of returned arrays will be NaN. See documentation for sample size requirements.
  ord_values = st.mode(pred_values, keepdims=False).mode
/home/hansung1/.vscode-server/audio/venv/lib/python3.10/site-packages/silentcipher/server.py:409: SmallSampleWarning: All axis-slices of one or more sample arguments are too small; all elements of returned arrays will be NaN. See documentation for sample size requirements.
  ord_values = st.mode(pred_values, keepdims=False).mode
/home/hansung1/.vscode-server/audio/venv/lib/python3.10/site-packages/silentcipher/server.py:409: SmallSampleWarning: All axis-slices of one or more sample arguments are too small; all elements of returned arrays will be NaN. See documentation for sample size requirements.
  ord_values = st.mode(pred_values, keepdims=False).mode
/home/hansung1/.vscode-server/audio/venv/lib/python3.10/site-packages/silentcipher/server.py:409: SmallSampleWarning: All axis-slices of one or more sample arguments are too small; all elements of returned arrays will be NaN. See documentation for sample size requirements.
  ord_values = st.mode(pred_values, keepdims=False).mode
/home/hansung1/.vscode-server/audio/venv/lib/python3.10/site-packages/silentcipher/server.py:409: SmallSampleWarning: All axis-slices of one or more sample arguments are too small; all elements of returned arrays will be NaN. See documentation for sample size requirements.
  ord_values = st.mode(pred_values, keepdims=False).mode
/home/hansung1/.vscode-server/audio/venv/lib/python3.10/site-packages/silentcipher/server.py:409: SmallSampleWarning: All axis-slices of one or more sample arguments are too small; all elements of returned arrays will be NaN. See documentation for sample size requirements.
  ord_values = st.mode(pred_values, keepdims=False).mode
/home/hansung1/.vscode-server/audio/venv/lib/python3.10/site-packages/silentcipher/server.py:409: SmallSampleWarning: All axis-slices of one or more sample arguments are too small; all elements of returned arrays will be NaN. See documentation for sample size requirements.
  ord_values = st.mode(pred_values, keepdims=False).mode
  [OK] 임베딩 완료 (원본 sr=8000 -> 44.1kHz, 0.7초, encode SDR=50.33dB)
    ViSQOL 계산 실패: Reference spectrum size (34) smaller than minimum patch size (45).
  [NoAttack]  BER=1.0 NC=-1.0 DSR=0 PLV=0.9998 SI-SNR=50.34dB
    ViSQOL 계산 실패: Reference spectrum size (34) smaller than minimum patch size (45).
  [MP3_128kbps] BER=1.0 NC=-1.0 DSR=0 PLV=0.9995 SI-SNR=45.86dB
    ViSQOL 계산 실패: Reference spectrum size (34) smaller than minimum patch size (45).
  [MP3_320kbps] BER=1.0 NC=-1.0 DSR=0 PLV=0.9996 SI-SNR=49.62dB
    ViSQOL 계산 실패: Reference spectrum size (34) smaller than minimum patch size (45).
  [Resample_44100-16000RT] BER=1.0 NC=-1.0 DSR=0 PLV=0.9997 SI-SNR=50.3dB
    ViSQOL 계산 실패: Reference spectrum size (30) smaller than minimum patch size (45).
  [Crop_10pct] BER=1.0 NC=-1.0 DSR=0 PLV=0.9998 SI-SNR=50.35dB
    ViSQOL 계산 실패: Reference spectrum size (34) smaller than minimum patch size (45).
  [TSM_1.1x] BER=1.0 NC=-1.0 DSR=0 PLV= SI-SNR=dB
    ViSQOL 계산 실패: Reference spectrum size (34) smaller than minimum patch size (45).
  [AWGN_30dB] BER=1.0 NC=-1.0 DSR=0 PLV=0.9954 SI-SNR=29.94dB
    ViSQOL 계산 실패: Reference spectrum size (34) smaller than minimum patch size (45).
  [Limiter] BER=1.0 NC=-1.0 DSR=0 PLV=0.9998 SI-SNR=50.34dB
    ViSQOL 계산 실패: Reference spectrum size (34) smaller than minimum patch size (45).
  [Opus_64kbps] BER=1.0 NC=-1.0 DSR=0 PLV=0.9904 SI-SNR=24.8dB
    ViSQOL 계산 실패: Reference spectrum size (34) smaller than minimum patch size (45).
  [Opus_32kbps] BER=1.0 NC=-1.0 DSR=0 PLV=0.9657 SI-SNR=19.68dB
    ViSQOL 계산 실패: Reference spectrum size (34) smaller than minimum patch size (45).
  [AAC_128kbps] BER=1.0 NC=-1.0 DSR=0 PLV=0.9992 SI-SNR=41.1dB
    ViSQOL 계산 실패: Reference spectrum size (34) smaller than minimum patch size (45).
  [TelephoneFilter] BER=1.0 NC=-1.0 DSR=0 PLV=0.5017 SI-SNR=-7.34dB
    ViSQOL 계산 실패: Reference spectrum size (34) smaller than minimum patch size (45).
  [EnCodec_6kbps] BER=1.0 NC=-1.0 DSR=0 PLV=0.58 SI-SNR=6.23dB
    ViSQOL 계산 실패: Reference spectrum size (34) smaller than minimum patch size (45).
  [DAC] BER=1.0 NC=-1.0 DSR=0 PLV=0.4231 SI-SNR=-9.75dB

[99/100] 통화 7761-0025.wav
Using the default SDR of 47 dB
  [OK] 임베딩 완료 (원본 sr=8000 -> 44.1kHz, 0.8초, encode SDR=49.44dB)
    ViSQOL 계산 실패: Reference spectrum size (36) smaller than minimum patch size (45).
  [NoAttack]  BER=1.0 NC=-1.0 DSR=0 PLV=0.9996 SI-SNR=49.45dB
    ViSQOL 계산 실패: Reference spectrum size (36) smaller than minimum patch size (45).
  [MP3_128kbps] BER=1.0 NC=-1.0 DSR=0 PLV=0.9994 SI-SNR=47.83dB
    ViSQOL 계산 실패: Reference spectrum size (36) smaller than minimum patch size (45).
  [MP3_320kbps] BER=1.0 NC=-1.0 DSR=0 PLV=0.9995 SI-SNR=49.22dB
    ViSQOL 계산 실패: Reference spectrum size (36) smaller than minimum patch size (45).
  [Resample_44100-16000RT] BER=1.0 NC=-1.0 DSR=0 PLV=0.9996 SI-SNR=49.45dB
    ViSQOL 계산 실패: Reference spectrum size (32) smaller than minimum patch size (45).
  [Crop_10pct] BER=1.0 NC=-1.0 DSR=0 PLV=0.9997 SI-SNR=49.53dB
    ViSQOL 계산 실패: Reference spectrum size (36) smaller than minimum patch size (45).
  [TSM_1.1x] BER=1.0 NC=-1.0 DSR=0 PLV= SI-SNR=dB
    ViSQOL 계산 실패: Reference spectrum size (36) smaller than minimum patch size (45).
  [AWGN_30dB] BER=1.0 NC=-1.0 DSR=0 PLV=0.9937 SI-SNR=29.9dB
    ViSQOL 계산 실패: Reference spectrum size (36) smaller than minimum patch size (45).
  [Limiter] BER=1.0 NC=-1.0 DSR=0 PLV=0.9996 SI-SNR=49.45dB
    ViSQOL 계산 실패: Reference spectrum size (36) smaller than minimum patch size (45).
  [Opus_64kbps] BER=1.0 NC=-1.0 DSR=0 PLV=0.9902 SI-SNR=24.22dB
    ViSQOL 계산 실패: Reference spectrum size (36) smaller than minimum patch size (45).
  [Opus_32kbps] BER=1.0 NC=-1.0 DSR=0 PLV=0.9714 SI-SNR=20.25dB
    ViSQOL 계산 실패: Reference spectrum size (36) smaller than minimum patch size (45).
  [AAC_128kbps] BER=1.0 NC=-1.0 DSR=0 PLV=0.9993 SI-SNR=45.69dB
    ViSQOL 계산 실패: Reference spectrum size (36) smaller than minimum patch size (45).
  [TelephoneFilter] BER=1.0 NC=-1.0 DSR=0 PLV=0.5752 SI-SNR=-8.99dB
    ViSQOL 계산 실패: Reference spectrum size (36) smaller than minimum patch size (45).
  [EnCodec_6kbps] BER=1.0 NC=-1.0 DSR=0 PLV=0.6483 SI-SNR=8.21dB
    ViSQOL 계산 실패: Reference spectrum size (36) smaller than minimum patch size (45).
  [DAC] BER=1.0 NC=-1.0 DSR=0 PLV=0.3162 SI-SNR=-9.26dB

[100/100] 통화 7763-0020.wav
Using the default SDR of 47 dB
  [OK] 임베딩 완료 (원본 sr=8000 -> 44.1kHz, 0.8초, encode SDR=51.30dB)
    ViSQOL 계산 실패: Reference spectrum size (35) smaller than minimum patch size (45).
  [NoAttack]  BER=1.0 NC=-1.0 DSR=0 PLV=0.9999 SI-SNR=51.29dB
    ViSQOL 계산 실패: Reference spectrum size (35) smaller than minimum patch size (45).
  [MP3_128kbps] BER=1.0 NC=-1.0 DSR=0 PLV=0.9994 SI-SNR=41.63dB
    ViSQOL 계산 실패: Reference spectrum size (35) smaller than minimum patch size (45).
  [MP3_320kbps] BER=1.0 NC=-1.0 DSR=0 PLV=0.9996 SI-SNR=46.02dB
    ViSQOL 계산 실패: Reference spectrum size (35) smaller than minimum patch size (45).
  [Resample_44100-16000RT] BER=1.0 NC=-1.0 DSR=0 PLV=0.9999 SI-SNR=51.27dB
    ViSQOL 계산 실패: Reference spectrum size (32) smaller than minimum patch size (45).
  [Crop_10pct] BER=1.0 NC=-1.0 DSR=0 PLV=0.9999 SI-SNR=51.6dB
    ViSQOL 계산 실패: Reference spectrum size (35) smaller than minimum patch size (45).
  [TSM_1.1x] BER=1.0 NC=-1.0 DSR=0 PLV= SI-SNR=dB
    ViSQOL 계산 실패: Reference spectrum size (35) smaller than minimum patch size (45).
  [AWGN_30dB] BER=1.0 NC=-1.0 DSR=0 PLV=0.9984 SI-SNR=29.98dB
    ViSQOL 계산 실패: Reference spectrum size (35) smaller than minimum patch size (45).
  [Limiter] BER=1.0 NC=-1.0 DSR=0 PLV=0.9999 SI-SNR=51.29dB
    ViSQOL 계산 실패: Reference spectrum size (35) smaller than minimum patch size (45).
  [Opus_64kbps] BER=1.0 NC=-1.0 DSR=0 PLV=0.9849 SI-SNR=20.83dB
    ViSQOL 계산 실패: Reference spectrum size (35) smaller than minimum patch size (45).
  [Opus_32kbps] BER=1.0 NC=-1.0 DSR=0 PLV=0.9305 SI-SNR=13.39dB
    ViSQOL 계산 실패: Reference spectrum size (35) smaller than minimum patch size (45).
  [AAC_128kbps] BER=1.0 NC=-1.0 DSR=0 PLV=0.999 SI-SNR=36.47dB
    ViSQOL 계산 실패: Reference spectrum size (35) smaller than minimum patch size (45).
  [TelephoneFilter] BER=1.0 NC=-1.0 DSR=0 PLV=0.4094 SI-SNR=-11.0dB
    ViSQOL 계산 실패: Reference spectrum size (35) smaller than minimum patch size (45).
  [EnCodec_6kbps] BER=1.0 NC=-1.0 DSR=0 PLV=0.3659 SI-SNR=1.34dB
    ViSQOL 계산 실패: Reference spectrum size (35) smaller than minimum patch size (45).
  [DAC] BER=1.0 NC=-1.0 DSR=0 PLV=0.298 SI-SNR=-5.02dB

============================================================
  전체 파이프라인 완료
============================================================
  단계                       BER      DSR      PLV      SI-SNR     판정
  -----------------------------------------------------------------
  NoAttack                 0.2123   80.0%     0.9995   49.33dB     붕괴
  MP3_128kbps              0.2152   80.0%     0.9931   38.89dB     붕괴
  MP3_320kbps              0.2142   80.0%     0.9984   47.56dB     붕괴
  Resample_44100-16000RT   0.2225   79.0%     0.946    35.86dB     붕괴
  Crop_10pct               0.4423   61.0%     0.9995   49.31dB     붕괴
  TSM_1.1x                 0.8793   23.0%              dB     붕괴
  AWGN_30dB                0.4375   60.0%     0.9834   29.94dB     붕괴
  Limiter                  0.2123   80.0%     0.9994   45.2dB     붕괴
  Opus_64kbps              0.373    66.0%     0.9718   23.08dB     붕괴
  Opus_32kbps              0.7137   38.0%     0.919    17.55dB     붕괴
  AAC_128kbps              0.2387   78.0%     0.9934   37.08dB     붕괴
  TelephoneFilter          0.821    32.0%     0.36     -8.0dB     붕괴
  EnCodec_6kbps            0.8453   34.0%     0.5468   6.04dB     붕괴
  DAC                      0.817    38.0%     0.3149   -11.28dB     붕괴
============================================================
  전체 결과 CSV : /home/hansung1/.vscode-server/audio/sc44_pipeline_results/pipeline_full_results.csv
  요약 CSV      : /home/hansung1/.vscode-server/audio/sc44_pipeline_results/pipeline_full_summary.csv
  콘텐츠 특성 CSV: /home/hansung1/.vscode-server/audio/sc44_pipeline_results/content_features.csv
  임베딩 결과   : /home/hansung1/.vscode-server/audio/sc44_embed
  44.1k 원본    : /home/hansung1/.vscode-server/audio/sc44_pipeline_results/original_44k1_mono
  차이 스펙트로그램(1400개): /home/hansung1/.vscode-server/audio/sc44_pipeline_results/diff_spectrograms
============================================================
