file,stage,BER,NC,DSR,confidence,SI-SNR(dB),ViSQOL,PESQ,ODG,PLV,PhaseDiff_rad,GroupDelayMAE,SpectralFlatness,SpectralCentroid_Hz,EffectiveBandwidth99_Hz,SilenceRatio,CrestFactor
0431_민속악_판소리.wav,NoAttack,0.0,1.0,1,1.0,48.92,4.731,4.625,,0.9998,0.0302,0.098,0.017629,2352.92,6859.38,0.0,5.7465
0431_민속악_판소리.wav,MP3_128kbps,0.0,1.0,1,1.0,22.7,4.507,4.347,,0.9775,0.2041,0.43,0.017629,2352.92,6859.38,0.0,5.7465
0431_민속악_판소리.wav,MP3_320kbps,0.0,1.0,1,1.0,22.7,4.506,4.347,,0.9776,0.2038,0.4297,0.017629,2352.92,6859.38,0.0,5.7465
0431_민속악_판소리.wav,Resample_44100RT,0.0,1.0,1,1.0,39.59,4.729,4.572,,0.9996,0.0707,0.1641,0.017629,2352.92,6859.38,0.0,5.7465
0431_민속악_판소리.wav,Crop_10pct,0.0,1.0,1,0.9531,48.77,4.731,4.624,,0.9997,0.0314,0.1022,0.017629,2352.92,6859.38,0.0,5.7465
0431_민속악_판소리.wav,TSM_1.1x,1.0,-1.0,0,0.0,,4.056,1.202,,,,,0.017629,2352.92,6859.38,0.0,5.7465
0431_민속악_판소리.wav,AWGN_30dB,1.0,-1.0,0,0.0,29.96,4.637,3.79,,0.9873,0.4828,1.1196,0.017629,2352.92,6859.38,0.0,5.7465
0431_민속악_판소리.wav,Limiter,0.0,1.0,1,1.0,48.92,4.731,4.625,,0.9998,0.0302,0.098,0.017629,2352.92,6859.38,0.0,5.7465
0431_민속악_판소리.wav,Opus_32kbps,1.0,-1.0,0,0.0,16.97,4.643,4.138,,0.9385,0.7061,1.5405,0.017629,2352.92,6859.38,0.0,5.7465
0431_민속악_판소리.wav,AAC_128kbps,0.0,1.0,1,0.9812,33.37,4.73,4.595,,0.9977,0.1443,0.3989,0.017629,2352.92,6859.38,0.0,5.7465
0431_민속악_판소리.wav,TelephoneFilter,0.0,1.0,1,0.75,-5.06,2.574,3.135,,0.3093,1.265,1.5977,0.017629,2352.92,6859.38,0.0,5.7465
0431_민속악_판소리.wav,EnCodec_6kbps,1.0,-1.0,0,0.0,1.64,4.252,1.793,,0.3854,1.4902,2.4506,0.017629,2352.92,6859.38,0.0,5.7465
0431_민속악_판소리.wav,DAC,1.0,-1.0,0,0.0,-12.59,4.315,2.47,,0.1805,1.5744,2.3212,0.017629,2352.92,6859.38,0.0,5.7465
0435_민속악_판소리.wav,NoAttack,0.0,1.0,1,1.0,48.9,4.731,4.621,,0.9997,0.033,0.1078,0.013548,2160.16,6140.62,0.0,5.1526
0435_민속악_판소리.wav,MP3_128kbps,0.0,1.0,1,1.0,27.16,4.638,4.393,,0.9832,0.2067,0.4377,0.013548,2160.16,6140.62,0.0,5.1526
0435_민속악_판소리.wav,MP3_320kbps,0.0,1.0,1,1.0,27.16,4.638,4.393,,0.9832,0.2066,0.4375,0.013548,2160.16,6140.62,0.0,5.1526
0435_민속악_판소리.wav,Resample_44100RT,0.0,1.0,1,1.0,42.93,4.729,4.62,,0.9997,0.0744,0.1819,0.013548,2160.16,6140.62,0.0,5.1526
0435_민속악_판소리.wav,Crop_10pct,0.0,1.0,1,0.9062,48.95,4.731,4.62,,0.9997,0.0344,0.1123,0.013548,2160.16,6140.62,0.0,5.1526
0435_민속악_판소리.wav,TSM_1.1x,1.0,-1.0,0,0.0,,4.228,1.249,,,,,0.013548,2160.16,6140.62,0.0,5.1526
0435_민속악_판소리.wav,AWGN_30dB,1.0,-1.0,0,0.0,29.95,4.57,3.759,,0.9867,0.5176,1.2072,0.013548,2160.16,6140.62,0.0,5.1526
0435_민속악_판소리.wav,Limiter,0.0,1.0,1,1.0,48.9,4.731,4.621,,0.9997,0.033,0.1078,0.013548,2160.16,6140.62,0.0,5.1526
0435_민속악_판소리.wav,Opus_32kbps,1.0,-1.0,0,0.0,18.35,4.652,3.855,,0.9456,0.7079,1.5929,0.013548,2160.16,6140.62,0.0,5.1526
0435_민속악_판소리.wav,AAC_128kbps,0.0,1.0,1,0.9875,33.08,4.73,4.576,,0.9979,0.1464,0.4033,0.013548,2160.16,6140.62,0.0,5.1526
0435_민속악_판소리.wav,TelephoneFilter,0.0,1.0,1,0.7986,-5.33,2.852,3.395,,0.3245,1.268,1.6384,0.013548,2160.16,6140.62,0.0,5.1526
0435_민속악_판소리.wav,EnCodec_6kbps,1.0,-1.0,0,0.0,1.91,4.388,1.794,,0.4403,1.482,2.4804,0.013548,2160.16,6140.62,0.0,5.1526
0435_민속악_판소리.wav,DAC,1.0,-1.0,0,0.0,-14.44,4.457,2.47,,0.2189,1.5773,2.366,0.013548,2160.16,6140.62,0.0,5.1526
0437_민속악_판소리.wav,NoAttack,0.0,1.0,1,1.0,48.82,4.731,4.623,,0.9997,0.0401,0.1307,0.010203,2229.91,5937.5,0.0,6.1696
0437_민속악_판소리.wav,MP3_128kbps,0.0,1.0,1,1.0,27.76,4.602,4.4,,0.9858,0.2146,0.4621,0.010203,2229.91,5937.5,0.0,6.1696
0437_민속악_판소리.wav,MP3_320kbps,0.0,1.0,1,1.0,27.76,4.602,4.399,,0.9858,0.2147,0.462,0.010203,2229.91,5937.5,0.0,6.1696
0437_민속악_판소리.wav,Resample_44100RT,0.0,1.0,1,1.0,43.03,4.73,4.61,,0.9996,0.0811,0.2017,0.010203,2229.91,5937.5,0.0,6.1696
0437_민속악_판소리.wav,Crop_10pct,0.0,1.0,1,0.8438,48.86,4.731,4.624,,0.9996,0.0409,0.1337,0.010203,2229.91,5937.5,0.0,6.1696
0437_민속악_판소리.wav,TSM_1.1x,1.0,-1.0,0,0.0,,4.107,1.338,,,,,0.010203,2229.91,5937.5,0.0,6.1696
0437_민속악_판소리.wav,AWGN_30dB,1.0,-1.0,0,0.0,29.93,4.556,3.694,,0.9841,0.6102,1.3884,0.010203,2229.91,5937.5,0.0,6.1696
0437_민속악_판소리.wav,Limiter,0.0,1.0,1,1.0,48.82,4.731,4.623,,0.9997,0.0401,0.1307,0.010203,2229.91,5937.5,0.0,6.1696
0437_민속악_판소리.wav,Opus_32kbps,0.3333,0.3333,1,0.5139,18.66,4.694,4.045,,0.9503,0.7398,1.6529,0.010203,2229.91,5937.5,0.0,6.1696
0437_민속악_판소리.wav,AAC_128kbps,0.0,1.0,1,0.9875,34.3,4.73,4.5,,0.9978,0.1562,0.4308,0.010203,2229.91,5937.5,0.0,6.1696
0437_민속악_판소리.wav,TelephoneFilter,0.0,1.0,1,0.8264,-6.31,2.783,3.221,,0.2936,1.2745,1.6849,0.010203,2229.91,5937.5,0.0,6.1696
0437_민속악_판소리.wav,EnCodec_6kbps,1.0,-1.0,0,0.0,1.29,4.292,1.749,,0.4172,1.4875,2.5017,0.010203,2229.91,5937.5,0.0,6.1696
0437_민속악_판소리.wav,DAC,0.5,0.0,1,0.4861,-12.65,4.363,2.61,,0.219,1.5716,2.3799,0.010203,2229.91,5937.5,0.0,6.1696
0438_민속악_판소리.wav,NoAttack,0.0,1.0,1,1.0,48.84,4.731,4.622,,0.9997,0.034,0.1099,0.013916,2500.29,6265.62,0.011111,4.8193
0438_민속악_판소리.wav,MP3_128kbps,0.0,1.0,1,1.0,27.49,4.635,4.406,,0.983,0.2054,0.437,0.013916,2500.29,6265.62,0.011111,4.8193
0438_민속악_판소리.wav,MP3_320kbps,0.0,1.0,1,1.0,27.49,4.635,4.406,,0.983,0.2054,0.4375,0.013916,2500.29,6265.62,0.011111,4.8193
0438_민속악_판소리.wav,Resample_44100RT,0.0,1.0,1,1.0,41.14,4.729,4.607,,0.9996,0.0753,0.1838,0.013916,2500.29,6265.62,0.011111,4.8193
0438_민속악_판소리.wav,Crop_10pct,0.0,1.0,1,0.7344,48.73,4.731,4.621,,0.9997,0.0355,0.115,0.013916,2500.29,6265.62,0.011111,4.8193
0438_민속악_판소리.wav,TSM_1.1x,0.4167,0.1667,1,0.4306,,4.195,1.411,,,,,0.013916,2500.29,6265.62,0.011111,4.8193
0438_민속악_판소리.wav,AWGN_30dB,0.5833,-0.1667,1,0.5278,29.92,4.628,3.936,,0.9862,0.5169,1.2269,0.013916,2500.29,6265.62,0.011111,4.8193
0438_민속악_판소리.wav,Limiter,0.0,1.0,1,1.0,48.84,4.731,4.622,,0.9997,0.034,0.1099,0.013916,2500.29,6265.62,0.011111,4.8193
0438_민속악_판소리.wav,Opus_32kbps,0.125,0.75,1,0.4722,18.0,4.701,3.866,,0.9419,0.7464,1.6658,0.013916,2500.29,6265.62,0.011111,4.8193
0438_민속악_판소리.wav,AAC_128kbps,0.0,1.0,1,0.975,32.71,4.73,4.604,,0.9976,0.1519,0.4152,0.013916,2500.29,6265.62,0.011111,4.8193
0438_민속악_판소리.wav,TelephoneFilter,0.0,1.0,1,0.7431,-3.62,2.922,3.126,,0.3478,1.2747,1.6674,0.013916,2500.29,6265.62,0.011111,4.8193
0438_민속악_판소리.wav,EnCodec_6kbps,1.0,-1.0,0,0.0,0.9,4.447,1.634,,0.4133,1.4841,2.5226,0.013916,2500.29,6265.62,0.011111,4.8193
0438_민속악_판소리.wav,DAC,1.0,-1.0,0,0.0,-35.42,4.439,2.435,,0.131,1.5731,2.4301,0.013916,2500.29,6265.62,0.011111,4.8193
0442_민속악_판소리.wav,NoAttack,0.0,1.0,1,1.0,48.76,4.731,4.632,,0.9997,0.0311,0.1041,0.009956,2453.92,5859.38,0.0,4.3334
0442_민속악_판소리.wav,MP3_128kbps,0.0,1.0,1,1.0,26.3,4.611,4.417,,0.9817,0.2046,0.4353,0.009956,2453.92,5859.38,0.0,4.3334
0442_민속악_판소리.wav,MP3_320kbps,0.0,1.0,1,1.0,26.3,4.611,4.417,,0.9817,0.2043,0.4355,0.009956,2453.92,5859.38,0.0,4.3334
0442_민속악_판소리.wav,Resample_44100RT,0.0,1.0,1,1.0,39.8,4.729,4.596,,0.9996,0.0706,0.1715,0.009956,2453.92,5859.38,0.0,4.3334
0442_민속악_판소리.wav,Crop_10pct,0.0,1.0,1,0.8203,48.8,4.731,4.632,,0.9997,0.0305,0.1012,0.009956,2453.92,5859.38,0.0,4.3334
0442_민속악_판소리.wav,TSM_1.1x,1.0,-1.0,0,0.0,,4.336,1.164,,,,,0.009956,2453.92,5859.38,0.0,4.3334
0442_민속악_판소리.wav,AWGN_30dB,1.0,-1.0,0,0.0,29.97,4.714,4.244,,0.9837,0.5033,1.219,0.009956,2453.92,5859.38,0.0,4.3334
0442_민속악_판소리.wav,Limiter,0.0,1.0,1,1.0,48.76,4.731,4.632,,0.9997,0.0311,0.1041,0.009956,2453.92,5859.38,0.0,4.3334
0442_민속악_판소리.wav,Opus_32kbps,1.0,-1.0,0,0.0,19.79,4.699,3.916,,0.9454,0.7345,1.6153,0.009956,2453.92,5859.38,0.0,4.3334
0442_민속악_판소리.wav,AAC_128kbps,0.0,1.0,1,0.975,35.09,4.731,4.535,,0.998,0.1439,0.3959,0.009956,2453.92,5859.38,0.0,4.3334
0442_민속악_판소리.wav,TelephoneFilter,0.0,1.0,1,0.7431,-0.91,2.834,3.41,,0.4002,1.2742,1.7049,0.009956,2453.92,5859.38,0.0,4.3334
0442_민속악_판소리.wav,EnCodec_6kbps,1.0,-1.0,0,0.0,2.6,4.456,1.672,,0.4135,1.5026,2.5446,0.009956,2453.92,5859.38,0.0,4.3334
0442_민속악_판소리.wav,DAC,0.3333,0.3333,1,0.4583,-14.08,4.468,2.376,,0.1572,1.5693,2.4326,0.009956,2453.92,5859.38,0.0,4.3334
0451_민속악_판소리.wav,NoAttack,0.0,1.0,1,0.9931,48.72,4.73,4.627,,0.9996,0.0428,0.1395,0.009476,2638.16,6250.0,0.0,6.7298
0451_민속악_판소리.wav,MP3_128kbps,0.0,1.0,1,1.0,26.01,4.594,4.378,,0.9848,0.2175,0.4738,0.009476,2638.16,6250.0,0.0,6.7298
0451_민속악_판소리.wav,MP3_320kbps,0.0,1.0,1,1.0,26.0,4.594,4.378,,0.9847,0.2178,0.4745,0.009476,2638.16,6250.0,0.0,6.7298
0451_민속악_판소리.wav,Resample_44100RT,0.0,1.0,1,0.9931,42.49,4.729,4.611,,0.9995,0.0824,0.2064,0.009476,2638.16,6250.0,0.0,6.7298
0451_민속악_판소리.wav,Crop_10pct,0.0,1.0,1,0.8281,48.33,4.73,4.623,,0.9996,0.0437,0.1419,0.009476,2638.16,6250.0,0.0,6.7298
0451_민속악_판소리.wav,TSM_1.1x,1.0,-1.0,0,0.0,,4.249,1.385,,,,,0.009476,2638.16,6250.0,0.0,6.7298
0451_민속악_판소리.wav,AWGN_30dB,0.2083,0.5833,1,0.5,29.95,4.629,3.96,,0.9826,0.6085,1.4213,0.009476,2638.16,6250.0,0.0,6.7298
0451_민속악_판소리.wav,Limiter,0.0,1.0,1,0.9931,48.72,4.73,4.627,,0.9996,0.0428,0.1395,0.009476,2638.16,6250.0,0.0,6.7298
0451_민속악_판소리.wav,Opus_32kbps,0.2083,0.5833,1,0.5347,18.75,4.69,3.951,,0.9471,0.8045,1.7684,0.009476,2638.16,6250.0,0.0,6.7298
0451_민속악_판소리.wav,AAC_128kbps,0.0,1.0,1,0.9812,37.36,4.73,4.624,,0.9982,0.1479,0.4123,0.009476,2638.16,6250.0,0.0,6.7298
0451_민속악_판소리.wav,TelephoneFilter,0.0,1.0,1,0.7222,-7.64,2.833,3.028,,0.3219,1.278,1.7281,0.009476,2638.16,6250.0,0.0,6.7298
0451_민속악_판소리.wav,EnCodec_6kbps,1.0,-1.0,0,0.0,-2.96,4.367,1.741,,0.3304,1.4962,2.5331,0.009476,2638.16,6250.0,0.0,6.7298
0451_민속악_판소리.wav,DAC,0.4583,0.0833,1,0.4583,-18.64,4.44,2.64,,0.1177,1.5781,2.4027,0.009476,2638.16,6250.0,0.0,6.7298
0466_민속악_판소리.wav,NoAttack,0.0,1.0,1,1.0,48.85,4.729,4.618,,0.9997,0.0321,0.1057,0.013332,2694.24,6640.62,0.0,6.07
0466_민속악_판소리.wav,MP3_128kbps,0.0,1.0,1,1.0,28.33,4.683,4.45,,0.9852,0.2083,0.444,0.013332,2694.24,6640.62,0.0,6.07
0466_민속악_판소리.wav,MP3_320kbps,0.0,1.0,1,1.0,28.33,4.683,4.45,,0.9853,0.2069,0.4429,0.013332,2694.24,6640.62,0.0,6.07
0466_민속악_판소리.wav,Resample_44100RT,0.0,1.0,1,1.0,43.91,4.728,4.612,,0.9997,0.073,0.1783,0.013332,2694.24,6640.62,0.0,6.07
0466_민속악_판소리.wav,Crop_10pct,0.0,1.0,1,0.9609,49.2,4.73,4.619,,0.9998,0.0302,0.1001,0.013332,2694.24,6640.62,0.0,6.07
0466_민속악_판소리.wav,TSM_1.1x,1.0,-1.0,0,0.0,,4.275,1.35,,,,,0.013332,2694.24,6640.62,0.0,6.07
0466_민속악_판소리.wav,AWGN_30dB,1.0,-1.0,0,0.0,29.94,4.651,3.936,,0.9867,0.5146,1.2228,0.013332,2694.24,6640.62,0.0,6.07
0466_민속악_판소리.wav,Limiter,0.0,1.0,1,1.0,48.85,4.729,4.618,,0.9997,0.0321,0.1057,0.013332,2694.24,6640.62,0.0,6.07
0466_민속악_판소리.wav,Opus_32kbps,1.0,-1.0,0,0.0,17.96,4.669,3.968,,0.9426,0.7519,1.6739,0.013332,2694.24,6640.62,0.0,6.07
0466_민속악_판소리.wav,AAC_128kbps,0.0,1.0,1,0.9812,35.8,4.728,4.61,,0.9984,0.1407,0.3915,0.013332,2694.24,6640.62,0.0,6.07
0466_민속악_판소리.wav,TelephoneFilter,0.0,1.0,1,0.8264,-0.85,2.601,3.189,,0.4297,1.2772,1.6892,0.013332,2694.24,6640.62,0.0,6.07
0466_민속악_판소리.wav,EnCodec_6kbps,1.0,-1.0,0,0.0,-1.47,4.362,1.769,,0.3477,1.4991,2.5557,0.013332,2694.24,6640.62,0.0,6.07
0466_민속악_판소리.wav,DAC,1.0,-1.0,0,0.0,-14.52,4.324,2.644,,0.0931,1.569,2.4454,0.013332,2694.24,6640.62,0.0,6.07
0467_민속악_판소리.wav,NoAttack,0.0,1.0,1,1.0,48.82,4.73,4.623,,0.9997,0.0366,0.1195,0.01376,2538.06,6375.0,0.0,6.3905
0467_민속악_판소리.wav,MP3_128kbps,0.0,1.0,1,1.0,25.26,4.602,4.382,,0.9821,0.2117,0.4556,0.01376,2538.06,6375.0,0.0,6.3905
0467_민속악_판소리.wav,MP3_320kbps,0.0,1.0,1,1.0,25.25,4.602,4.382,,0.982,0.2122,0.4573,0.01376,2538.06,6375.0,0.0,6.3905
0467_민속악_판소리.wav,Resample_44100RT,0.0,1.0,1,1.0,36.32,4.726,4.592,,0.9996,0.0767,0.1902,0.01376,2538.06,6375.0,0.0,6.3905
0467_민속악_판소리.wav,Crop_10pct,0.0,1.0,1,0.8438,48.75,4.73,4.621,,0.9997,0.0379,0.1249,0.01376,2538.06,6375.0,0.0,6.3905
0467_민속악_판소리.wav,TSM_1.1x,1.0,-1.0,0,0.0,,4.242,1.278,,,,,0.01376,2538.06,6375.0,0.0,6.3905
0467_민속악_판소리.wav,AWGN_30dB,0.0,1.0,1,0.5972,29.94,4.577,3.618,,0.9859,0.5548,1.271,0.01376,2538.06,6375.0,0.0,6.3905
0467_민속악_판소리.wav,Limiter,0.0,1.0,1,1.0,48.82,4.73,4.623,,0.9997,0.0366,0.1195,0.01376,2538.06,6375.0,0.0,6.3905
0467_민속악_판소리.wav,Opus_32kbps,1.0,-1.0,0,0.0,16.68,4.639,3.805,,0.9372,0.7503,1.641,0.01376,2538.06,6375.0,0.0,6.3905
0467_민속악_판소리.wav,AAC_128kbps,0.0,1.0,1,0.975,32.94,4.729,4.517,,0.9977,0.1583,0.425,0.01376,2538.06,6375.0,0.0,6.3905
0467_민속악_판소리.wav,TelephoneFilter,0.0417,0.9167,1,0.7778,-2.8,2.618,3.021,,0.3709,1.2725,1.6628,0.01376,2538.06,6375.0,0.0,6.3905
0467_민속악_판소리.wav,EnCodec_6kbps,1.0,-1.0,0,0.0,-0.07,4.367,1.677,,0.3579,1.4989,2.4998,0.01376,2538.06,6375.0,0.0,6.3905
0467_민속악_판소리.wav,DAC,1.0,-1.0,0,0.0,-53.99,4.336,2.484,,0.1552,1.5724,2.3878,0.01376,2538.06,6375.0,0.0,6.3905
0477_민속악_판소리.wav,NoAttack,0.0,1.0,1,1.0,48.79,4.731,4.626,,0.9997,0.0333,0.1101,0.010102,2512.6,6015.62,0.0,4.6336
0477_민속악_판소리.wav,MP3_128kbps,0.0,1.0,1,1.0,29.93,4.676,4.459,,0.9855,0.2113,0.4494,0.010102,2512.6,6015.62,0.0,4.6336
0477_민속악_판소리.wav,MP3_320kbps,0.0,1.0,1,1.0,29.93,4.676,4.458,,0.9856,0.211,0.4488,0.010102,2512.6,6015.62,0.0,4.6336
0477_민속악_판소리.wav,Resample_44100RT,0.0,1.0,1,1.0,43.01,4.73,4.621,,0.9996,0.0742,0.1812,0.010102,2512.6,6015.62,0.0,4.6336
0477_민속악_판소리.wav,Crop_10pct,0.0417,0.9167,1,0.6797,49.02,4.73,4.624,,0.9997,0.0312,0.1036,0.010102,2512.6,6015.62,0.0,4.6336
0477_민속악_판소리.wav,TSM_1.1x,1.0,-1.0,0,0.0,,4.358,1.407,,,,,0.010102,2512.6,6015.62,0.0,4.6336
0477_민속악_판소리.wav,AWGN_30dB,1.0,-1.0,0,0.0,29.93,4.655,4.09,,0.9847,0.5194,1.2423,0.010102,2512.6,6015.62,0.0,4.6336
0477_민속악_판소리.wav,Limiter,0.0,1.0,1,1.0,48.79,4.731,4.626,,0.9997,0.0333,0.1101,0.010102,2512.6,6015.62,0.0,4.6336
0477_민속악_판소리.wav,Opus_32kbps,1.0,-1.0,0,0.0,19.04,4.691,4.001,,0.9449,0.7469,1.6497,0.010102,2512.6,6015.62,0.0,4.6336
0477_민속악_판소리.wav,AAC_128kbps,0.0,1.0,1,0.9937,36.3,4.73,4.611,,0.9981,0.1452,0.3996,0.010102,2512.6,6015.62,0.0,4.6336
0477_민속악_판소리.wav,TelephoneFilter,0.0,1.0,1,0.7708,-0.86,2.798,3.327,,0.4132,1.2743,1.6913,0.010102,2512.6,6015.62,0.0,4.6336
0477_민속악_판소리.wav,EnCodec_6kbps,1.0,-1.0,0,0.0,1.15,4.422,1.773,,0.3697,1.4985,2.5508,0.010102,2512.6,6015.62,0.0,4.6336
0477_민속악_판소리.wav,DAC,1.0,-1.0,0,0.0,-12.38,4.474,2.541,,0.1608,1.5774,2.4277,0.010102,2512.6,6015.62,0.0,4.6336
0479_민속악_판소리.wav,NoAttack,0.0,1.0,1,1.0,48.79,4.726,4.608,,0.9997,0.0365,0.1219,0.010699,2556.99,5656.25,0.038095,5.6111
0479_민속악_판소리.wav,MP3_128kbps,0.0,1.0,1,1.0,30.71,4.663,4.467,,0.9878,0.2115,0.4583,0.010699,2556.99,5656.25,0.038095,5.6111
0479_민속악_판소리.wav,MP3_320kbps,0.0,1.0,1,1.0,30.71,4.662,4.468,,0.9877,0.2118,0.4591,0.010699,2556.99,5656.25,0.038095,5.6111
0479_민속악_판소리.wav,Resample_44100RT,0.0,1.0,1,1.0,45.75,4.725,4.604,,0.9996,0.0767,0.1923,0.010699,2556.99,5656.25,0.038095,5.6111
0479_민속악_판소리.wav,Crop_10pct,0.0,1.0,1,1.0,48.71,4.725,4.606,,0.9997,0.0378,0.1261,0.010699,2556.99,5656.25,0.038095,5.6111
0479_민속악_판소리.wav,TSM_1.1x,1.0,-1.0,0,0.0,,4.25,1.394,,,,,0.010699,2556.99,5656.25,0.038095,5.6111
0479_민속악_판소리.wav,AWGN_30dB,1.0,-1.0,0,0.0,29.93,4.607,4.015,,0.9845,0.55,1.3096,0.010699,2556.99,5656.25,0.038095,5.6111
0479_민속악_판소리.wav,Limiter,0.0,1.0,1,1.0,48.79,4.726,4.608,,0.9997,0.0365,0.1219,0.010699,2556.99,5656.25,0.038095,5.6111
0479_민속악_판소리.wav,Opus_32kbps,1.0,-1.0,0,0.0,19.23,4.686,3.801,,0.9453,0.7548,1.7016,0.010699,2556.99,5656.25,0.038095,5.6111
0479_민속악_판소리.wav,AAC_128kbps,0.0,1.0,1,0.9875,37.14,4.725,4.603,,0.9986,0.1334,0.3879,0.010699,2556.99,5656.25,0.038095,5.6111
0479_민속악_판소리.wav,TelephoneFilter,0.0,1.0,1,0.8056,-3.68,2.713,3.538,,0.398,1.2716,1.6897,0.010699,2556.99,5656.25,0.038095,5.6111
0479_민속악_판소리.wav,EnCodec_6kbps,1.0,-1.0,0,0.0,1.22,4.222,2.077,,0.3919,1.4976,2.5446,0.010699,2556.99,5656.25,0.038095,5.6111
0479_민속악_판소리.wav,DAC,0.5,0.0,1,0.4861,-28.83,4.408,2.858,,0.1501,1.5754,2.4396,0.010699,2556.99,5656.25,0.038095,5.6111
0484_민속악_판소리.wav,NoAttack,0.0,1.0,1,1.0,48.81,4.728,4.609,,0.9996,0.049,0.1564,0.01375,2317.5,6296.88,0.057143,5.3113
0484_민속악_판소리.wav,MP3_128kbps,0.0,1.0,1,1.0,26.99,4.631,4.43,,0.981,0.2237,0.4895,0.01375,2317.5,6296.88,0.057143,5.3113
0484_민속악_판소리.wav,MP3_320kbps,0.0,1.0,1,1.0,26.99,4.631,4.43,,0.981,0.2236,0.4896,0.01375,2317.5,6296.88,0.057143,5.3113
0484_민속악_판소리.wav,Resample_44100RT,0.0,1.0,1,1.0,39.74,4.724,4.596,,0.9995,0.0879,0.2235,0.01375,2317.5,6296.88,0.057143,5.3113
0484_민속악_판소리.wav,Crop_10pct,0.0,1.0,1,0.9219,48.54,4.728,4.606,,0.9996,0.0519,0.1657,0.01375,2317.5,6296.88,0.057143,5.3113
0484_민속악_판소리.wav,TSM_1.1x,1.0,-1.0,0,0.0,,4.216,1.346,,,,,0.01375,2317.5,6296.88,0.057143,5.3113
0484_민속악_판소리.wav,AWGN_30dB,0.125,0.75,1,0.5208,29.95,4.436,3.393,,0.9848,0.6145,1.3689,0.01375,2317.5,6296.88,0.057143,5.3113
0484_민속악_판소리.wav,Limiter,0.0,1.0,1,1.0,48.81,4.728,4.609,,0.9996,0.049,0.1564,0.01375,2317.5,6296.88,0.057143,5.3113
0484_민속악_판소리.wav,Opus_32kbps,0.0833,0.8333,1,0.5625,19.26,4.687,4.041,,0.9456,0.7038,1.6122,0.01375,2317.5,6296.88,0.057143,5.3113
0484_민속악_판소리.wav,AAC_128kbps,0.0,1.0,1,0.975,36.41,4.726,4.601,,0.9981,0.1597,0.4396,0.01375,2317.5,6296.88,0.057143,5.3113
0484_민속악_판소리.wav,TelephoneFilter,0.0,1.0,1,0.7917,-3.25,2.983,3.449,,0.3827,1.2771,1.7213,0.01375,2317.5,6296.88,0.057143,5.3113
0484_민속악_판소리.wav,EnCodec_6kbps,1.0,-1.0,0,0.0,1.69,4.337,1.949,,0.4038,1.4957,2.5096,0.01375,2317.5,6296.88,0.057143,5.3113
0484_민속악_판소리.wav,DAC,1.0,-1.0,0,0.0,-21.82,4.467,2.946,,0.1232,1.5723,2.4056,0.01375,2317.5,6296.88,0.057143,5.3113
0487_민속악_판소리.wav,NoAttack,0.0,1.0,1,1.0,48.87,4.727,4.611,,0.9997,0.0379,0.1246,0.013343,2531.13,6578.12,0.036508,6.3985
0487_민속악_판소리.wav,MP3_128kbps,0.0,1.0,1,1.0,22.76,4.584,4.359,,0.9799,0.2115,0.4543,0.013343,2531.13,6578.12,0.036508,6.3985
0487_민속악_판소리.wav,MP3_320kbps,0.0,1.0,1,1.0,22.76,4.584,4.359,,0.98,0.2108,0.4553,0.013343,2531.13,6578.12,0.036508,6.3985
0487_민속악_판소리.wav,Resample_44100RT,0.0,1.0,1,1.0,36.37,4.721,4.576,,0.9996,0.0786,0.1964,0.013343,2531.13,6578.12,0.036508,6.3985
0487_민속악_판소리.wav,Crop_10pct,0.0,1.0,1,0.8047,48.75,4.726,4.61,,0.9997,0.0394,0.1268,0.013343,2531.13,6578.12,0.036508,6.3985
0487_민속악_판소리.wav,TSM_1.1x,1.0,-1.0,0,0.0,,4.15,1.271,,,,,0.013343,2531.13,6578.12,0.036508,6.3985
0487_민속악_판소리.wav,AWGN_30dB,1.0,-1.0,0,0.0,29.97,4.549,3.712,,0.9864,0.5311,1.2408,0.013343,2531.13,6578.12,0.036508,6.3985
0487_민속악_판소리.wav,Limiter,0.0,1.0,1,1.0,48.87,4.727,4.611,,0.9997,0.0379,0.1246,0.013343,2531.13,6578.12,0.036508,6.3985
0487_민속악_판소리.wav,Opus_32kbps,1.0,-1.0,0,0.0,17.55,4.669,4.017,,0.9407,0.718,1.6166,0.013343,2531.13,6578.12,0.036508,6.3985
0487_민속악_판소리.wav,AAC_128kbps,0.0,1.0,1,0.9812,34.89,4.726,4.549,,0.998,0.1551,0.4265,0.013343,2531.13,6578.12,0.036508,6.3985
0487_민속악_판소리.wav,TelephoneFilter,0.0,1.0,1,0.7014,-2.05,2.907,3.244,,0.4188,1.2675,1.6798,0.013343,2531.13,6578.12,0.036508,6.3985
0487_민속악_판소리.wav,EnCodec_6kbps,1.0,-1.0,0,0.0,-1.56,4.408,1.756,,0.3617,1.5022,2.5278,0.013343,2531.13,6578.12,0.036508,6.3985
0487_민속악_판소리.wav,DAC,1.0,-1.0,0,0.0,-14.29,4.44,2.483,,0.1395,1.5755,2.4299,0.013343,2531.13,6578.12,0.036508,6.3985
0488_민속악_판소리.wav,NoAttack,0.0,1.0,1,1.0,48.84,4.724,4.559,,0.9996,0.0561,0.1719,0.013935,2579.05,6609.38,0.07619,4.6327
0488_민속악_판소리.wav,MP3_128kbps,0.0,1.0,1,1.0,23.29,4.58,4.301,,0.9779,0.2313,0.5062,0.013935,2579.05,6609.38,0.07619,4.6327
0488_민속악_판소리.wav,MP3_320kbps,0.0,1.0,1,0.9931,23.29,4.579,4.303,,0.978,0.2328,0.5104,0.013935,2579.05,6609.38,0.07619,4.6327
0488_민속악_판소리.wav,Resample_44100RT,0.0,1.0,1,1.0,38.91,4.72,4.54,,0.9994,0.097,0.2423,0.013935,2579.05,6609.38,0.07619,4.6327
0488_민속악_판소리.wav,Crop_10pct,0.0,1.0,1,1.0,49.12,4.724,4.558,,0.9996,0.0537,0.1646,0.013935,2579.05,6609.38,0.07619,4.6327
0488_민속악_판소리.wav,TSM_1.1x,1.0,-1.0,0,0.0,,4.258,1.485,,,,,0.013935,2579.05,6609.38,0.07619,4.6327
0488_민속악_판소리.wav,AWGN_30dB,0.375,0.25,1,0.5417,29.94,4.483,3.561,,0.9835,0.6215,1.3885,0.013935,2579.05,6609.38,0.07619,4.6327
0488_민속악_판소리.wav,Limiter,0.0,1.0,1,1.0,48.84,4.724,4.559,,0.9996,0.0561,0.1719,0.013935,2579.05,6609.38,0.07619,4.6327
0488_민속악_판소리.wav,Opus_32kbps,1.0,-1.0,0,0.0,19.85,4.691,4.162,,0.9433,0.7342,1.6334,0.013935,2579.05,6609.38,0.07619,4.6327
0488_민속악_판소리.wav,AAC_128kbps,0.0,1.0,1,0.9625,34.82,4.723,4.551,,0.9975,0.1714,0.4694,0.013935,2579.05,6609.38,0.07619,4.6327
0488_민속악_판소리.wav,TelephoneFilter,0.0,1.0,1,0.7778,1.5,3.009,3.269,,0.4041,1.2818,1.745,0.013935,2579.05,6609.38,0.07619,4.6327
0488_민속악_판소리.wav,EnCodec_6kbps,1.0,-1.0,0,0.0,0.8,4.448,1.81,,0.3658,1.5017,2.5098,0.013935,2579.05,6609.38,0.07619,4.6327
0488_민속악_판소리.wav,DAC,1.0,-1.0,0,0.0,-6.29,4.436,2.546,,0.1383,1.5769,2.4083,0.013935,2579.05,6609.38,0.07619,4.6327
0496_민속악_판소리.wav,NoAttack,0.0,1.0,1,1.0,48.81,4.731,4.629,,0.9998,0.0263,0.0893,0.011808,2159.7,5671.88,0.0,5.7663
0496_민속악_판소리.wav,MP3_128kbps,0.0,1.0,1,1.0,30.75,4.625,4.464,,0.9897,0.1966,0.4185,0.011808,2159.7,5671.88,0.0,5.7663
0496_민속악_판소리.wav,MP3_320kbps,0.0,1.0,1,1.0,30.75,4.625,4.464,,0.9897,0.1972,0.4181,0.011808,2159.7,5671.88,0.0,5.7663
0496_민속악_판소리.wav,Resample_44100RT,0.0,1.0,1,1.0,42.2,4.726,4.626,,0.9997,0.0672,0.1633,0.011808,2159.7,5671.88,0.0,5.7663
0496_민속악_판소리.wav,Crop_10pct,0.0,1.0,1,0.7188,48.9,4.731,4.63,,0.9998,0.0262,0.0891,0.011808,2159.7,5671.88,0.0,5.7663
0496_민속악_판소리.wav,TSM_1.1x,1.0,-1.0,0,0.0,,4.133,1.249,,,,,0.011808,2159.7,5671.88,0.0,5.7663
0496_민속악_판소리.wav,AWGN_30dB,1.0,-1.0,0,0.0,29.94,4.66,4.241,,0.987,0.4548,1.1402,0.011808,2159.7,5671.88,0.0,5.7663
0496_민속악_판소리.wav,Limiter,0.0,1.0,1,1.0,48.81,4.731,4.629,,0.9998,0.0263,0.0893,0.011808,2159.7,5671.88,0.0,5.7663
0496_민속악_판소리.wav,Opus_32kbps,1.0,-1.0,0,0.0,18.45,4.684,3.996,,0.9466,0.706,1.6343,0.011808,2159.7,5671.88,0.0,5.7663
0496_민속악_판소리.wav,AAC_128kbps,0.0,1.0,1,0.9875,35.07,4.73,4.611,,0.9986,0.1268,0.3629,0.011808,2159.7,5671.88,0.0,5.7663
0496_민속악_판소리.wav,TelephoneFilter,0.0,1.0,1,0.7292,-1.67,2.616,3.442,,0.4684,1.26,1.6656,0.011808,2159.7,5671.88,0.0,5.7663
0496_민속악_판소리.wav,EnCodec_6kbps,0.5,0.0,1,0.4722,2.85,4.307,1.974,,0.4565,1.4813,2.5461,0.011808,2159.7,5671.88,0.0,5.7663
0496_민속악_판소리.wav,DAC,0.7083,-0.4167,1,0.4861,-22.73,4.391,3.018,,0.1696,1.5776,2.438,0.011808,2159.7,5671.88,0.0,5.7663
0497_민속악_판소리.wav,NoAttack,0.0,1.0,1,1.0,48.93,4.726,4.579,,0.9994,0.0661,0.2052,0.007673,1478.59,4750.0,0.0,5.0174
0497_민속악_판소리.wav,MP3_128kbps,0.0,1.0,1,1.0,34.04,4.595,4.466,,0.9904,0.2373,0.534,0.007673,1478.59,4750.0,0.0,5.0174
0497_민속악_판소리.wav,MP3_320kbps,0.0,1.0,1,1.0,34.04,4.595,4.466,,0.9904,0.2371,0.534,0.007673,1478.59,4750.0,0.0,5.0174
0497_민속악_판소리.wav,Resample_44100RT,0.0,1.0,1,1.0,43.41,4.722,4.565,,0.9993,0.1065,0.2778,0.007673,1478.59,4750.0,0.0,5.0174
0497_민속악_판소리.wav,Crop_10pct,0.0,1.0,1,0.9219,48.71,4.726,4.575,,0.9994,0.0686,0.2123,0.007673,1478.59,4750.0,0.0,5.0174
0497_민속악_판소리.wav,TSM_1.1x,1.0,-1.0,0,0.0,,3.897,1.35,,,,,0.007673,1478.59,4750.0,0.0,5.0174
0497_민속악_판소리.wav,AWGN_30dB,0.0833,0.8333,1,0.5625,29.94,4.226,2.749,,0.9813,0.7609,1.6223,0.007673,1478.59,4750.0,0.0,5.0174
0497_민속악_판소리.wav,Limiter,0.0,1.0,1,1.0,48.93,4.726,4.579,,0.9994,0.0661,0.2052,0.007673,1478.59,4750.0,0.0,5.0174
0497_민속악_판소리.wav,Opus_32kbps,1.0,-1.0,0,0.0,19.48,4.627,4.01,,0.9571,0.6657,1.5477,0.007673,1478.59,4750.0,0.0,5.0174
0497_민속악_판소리.wav,AAC_128kbps,0.0,1.0,1,0.9937,36.79,4.725,4.578,,0.9979,0.1673,0.4758,0.007673,1478.59,4750.0,0.0,5.0174
0497_민속악_판소리.wav,TelephoneFilter,0.0,1.0,1,0.7778,-3.01,3.081,3.749,,0.3941,1.276,1.7594,0.007673,1478.59,4750.0,0.0,5.0174
0497_민속악_판소리.wav,EnCodec_6kbps,1.0,-1.0,0,0.0,5.99,4.335,2.348,,0.5429,1.4857,2.4307,0.007673,1478.59,4750.0,0.0,5.0174
0497_민속악_판소리.wav,DAC,0.375,0.25,1,0.4583,-12.68,4.469,3.308,,0.2542,1.5793,2.3259,0.007673,1478.59,4750.0,0.0,5.0174
0505_민속악_판소리.wav,NoAttack,0.0,1.0,1,1.0,48.88,4.731,4.611,,0.9997,0.0359,0.1167,0.012273,1842.39,5578.12,0.0,5.1112
0505_민속악_판소리.wav,MP3_128kbps,0.0,1.0,1,1.0,35.53,4.653,4.496,,0.9926,0.2067,0.4431,0.012273,1842.39,5578.12,0.0,5.1112
0505_민속악_판소리.wav,MP3_320kbps,0.0,1.0,1,1.0,35.53,4.653,4.496,,0.9927,0.2065,0.4425,0.012273,1842.39,5578.12,0.0,5.1112
0505_민속악_판소리.wav,Resample_44100RT,0.0,1.0,1,1.0,45.23,4.724,4.605,,0.9996,0.0766,0.1906,0.012273,1842.39,5578.12,0.0,5.1112
0505_민속악_판소리.wav,Crop_10pct,0.0,1.0,1,0.6875,48.87,4.731,4.61,,0.9997,0.0366,0.1175,0.012273,1842.39,5578.12,0.0,5.1112
0505_민속악_판소리.wav,TSM_1.1x,1.0,-1.0,0,0.0,,4.098,1.334,,,,,0.012273,1842.39,5578.12,0.0,5.1112
0505_민속악_판소리.wav,AWGN_30dB,0.1667,0.6667,1,0.5417,29.95,4.516,3.634,,0.9859,0.5472,1.269,0.012273,1842.39,5578.12,0.0,5.1112
0505_민속악_판소리.wav,Limiter,0.0,1.0,1,1.0,48.88,4.731,4.611,,0.9997,0.0359,0.1167,0.012273,1842.39,5578.12,0.0,5.1112
0505_민속악_판소리.wav,Opus_32kbps,1.0,-1.0,0,0.0,18.19,4.695,4.122,,0.9472,0.6895,1.5851,0.012273,1842.39,5578.12,0.0,5.1112
0505_민속악_판소리.wav,AAC_128kbps,0.0,1.0,1,0.9937,33.94,4.73,4.605,,0.9978,0.1356,0.3831,0.012273,1842.39,5578.12,0.0,5.1112
0505_민속악_판소리.wav,TelephoneFilter,1.0,-1.0,0,0.0,-2.53,2.997,3.691,,0.4458,1.2602,1.6582,0.012273,1842.39,5578.12,0.0,5.1112
0505_민속악_판소리.wav,EnCodec_6kbps,1.0,-1.0,0,0.0,3.91,4.404,2.028,,0.501,1.4733,2.5008,0.012273,1842.39,5578.12,0.0,5.1112
0505_민속악_판소리.wav,DAC,1.0,-1.0,0,0.0,-15.03,4.505,3.026,,0.1679,1.5725,2.3864,0.012273,1842.39,5578.12,0.0,5.1112
0507_민속악_판소리.wav,NoAttack,0.0,1.0,1,1.0,48.87,4.731,4.629,,0.9997,0.0326,0.1054,0.011502,1917.13,5625.0,0.0,5.2102
0507_민속악_판소리.wav,MP3_128kbps,0.0,1.0,1,1.0,31.98,4.595,4.463,,0.9904,0.2065,0.4354,0.011502,1917.13,5625.0,0.0,5.2102
0507_민속악_판소리.wav,MP3_320kbps,0.0,1.0,1,1.0,31.98,4.595,4.463,,0.9904,0.2067,0.4349,0.011502,1917.13,5625.0,0.0,5.2102
0507_민속악_판소리.wav,Resample_44100RT,0.0,1.0,1,1.0,43.4,4.726,4.606,,0.9996,0.073,0.1741,0.011502,1917.13,5625.0,0.0,5.2102
0507_민속악_판소리.wav,Crop_10pct,0.0,1.0,1,0.8203,49.03,4.732,4.635,,0.9997,0.0279,0.092,0.011502,1917.13,5625.0,0.0,5.2102
0507_민속악_판소리.wav,TSM_1.1x,1.0,-1.0,0,0.0,,3.946,1.387,,,,,0.011502,1917.13,5625.0,0.0,5.2102
0507_민속악_판소리.wav,AWGN_30dB,1.0,-1.0,0,0.0,29.94,4.583,3.936,,0.9848,0.5381,1.2528,0.011502,1917.13,5625.0,0.0,5.2102
0507_민속악_판소리.wav,Limiter,0.0,1.0,1,1.0,47.71,4.731,4.629,,0.9997,0.0329,0.1061,0.011502,1917.13,5625.0,0.0,5.2102
0507_민속악_판소리.wav,Opus_32kbps,1.0,-1.0,0,0.0,18.66,4.68,3.995,,0.9472,0.7061,1.5854,0.011502,1917.13,5625.0,0.0,5.2102
0507_민속악_판소리.wav,AAC_128kbps,0.0,1.0,1,0.9937,35.17,4.73,4.618,,0.998,0.1355,0.3793,0.011502,1917.13,5625.0,0.0,5.2102
0507_민속악_판소리.wav,TelephoneFilter,1.0,-1.0,0,0.0,-2.98,2.722,3.579,,0.4189,1.2583,1.6545,0.011502,1917.13,5625.0,0.0,5.2102
0507_민속악_판소리.wav,EnCodec_6kbps,1.0,-1.0,0,0.0,4.51,4.375,1.984,,0.4865,1.4714,2.4995,0.011502,1917.13,5625.0,0.0,5.2102
0507_민속악_판소리.wav,DAC,1.0,-1.0,0,0.0,-13.55,4.343,2.969,,0.1598,1.5799,2.3801,0.011502,1917.13,5625.0,0.0,5.2102
0514_민속악_판소리.wav,NoAttack,0.0,1.0,1,1.0,48.85,4.731,4.63,,0.9996,0.0354,0.1145,0.008474,1608.79,4640.62,0.0,4.982
0514_민속악_판소리.wav,MP3_128kbps,0.0,1.0,1,1.0,36.2,4.592,4.515,,0.9934,0.2075,0.4414,0.008474,1608.79,4640.62,0.0,4.982
0514_민속악_판소리.wav,MP3_320kbps,0.0,1.0,1,1.0,36.2,4.592,4.515,,0.9934,0.2074,0.4413,0.008474,1608.79,4640.62,0.0,4.982
0514_민속악_판소리.wav,Resample_44100RT,0.0,1.0,1,1.0,46.5,4.728,4.624,,0.9996,0.077,0.1871,0.008474,1608.79,4640.62,0.0,4.982
0514_민속악_판소리.wav,Crop_10pct,0.0,1.0,1,0.7656,48.92,4.732,4.639,,0.9997,0.0295,0.0958,0.008474,1608.79,4640.62,0.0,4.982
0514_민속악_판소리.wav,TSM_1.1x,1.0,-1.0,0,0.0,,4.035,1.384,,,,,0.008474,1608.79,4640.62,0.0,4.982
0514_민속악_판소리.wav,AWGN_30dB,0.125,0.75,1,0.625,29.92,4.492,3.817,,0.9826,0.5923,1.3588,0.008474,1608.79,4640.62,0.0,4.982
0514_민속악_판소리.wav,Limiter,0.0,1.0,1,1.0,35.2,4.73,4.63,,0.9996,0.0368,0.1182,0.008474,1608.79,4640.62,0.0,4.982
0514_민속악_판소리.wav,Opus_32kbps,1.0,-1.0,0,0.0,18.96,4.679,4.159,,0.952,0.6763,1.5487,0.008474,1608.79,4640.62,0.0,4.982
0514_민속악_판소리.wav,AAC_128kbps,0.0,1.0,1,0.9937,31.02,4.73,4.624,,0.9974,0.1386,0.3893,0.008474,1608.79,4640.62,0.0,4.982
0514_민속악_판소리.wav,TelephoneFilter,0.0,1.0,1,0.7917,-5.35,2.838,3.632,,0.3586,1.264,1.6296,0.008474,1608.79,4640.62,0.0,4.982
0514_민속악_판소리.wav,EnCodec_6kbps,0.4583,0.0833,1,0.4514,6.03,4.369,2.083,,0.5506,1.4602,2.478,0.008474,1608.79,4640.62,0.0,4.982
0514_민속악_판소리.wav,DAC,0.4583,0.0833,1,0.4444,-8.24,4.481,3.127,,0.2173,1.5747,2.3762,0.008474,1608.79,4640.62,0.0,4.982
0515_민속악_판소리.wav,NoAttack,0.0,1.0,1,1.0,48.84,4.732,4.638,,0.9997,0.0276,0.0923,0.010445,1903.29,5031.25,0.0,4.8766
0515_민속악_판소리.wav,MP3_128kbps,0.0,1.0,1,1.0,32.77,4.575,4.487,,0.9904,0.1972,0.42,0.010445,1903.29,5031.25,0.0,4.8766
0515_민속악_판소리.wav,MP3_320kbps,0.0,1.0,1,1.0,32.77,4.575,4.487,,0.9904,0.1972,0.42,0.010445,1903.29,5031.25,0.0,4.8766
0515_민속악_판소리.wav,Resample_44100RT,0.0,1.0,1,1.0,45.37,4.727,4.62,,0.9997,0.0691,0.1664,0.010445,1903.29,5031.25,0.0,4.8766
0515_민속악_판소리.wav,Crop_10pct,0.0,1.0,1,0.8438,48.83,4.732,4.641,,0.9997,0.0275,0.092,0.010445,1903.29,5031.25,0.0,4.8766
0515_민속악_판소리.wav,TSM_1.1x,1.0,-1.0,0,0.0,,4.047,1.404,,,,,0.010445,1903.29,5031.25,0.0,4.8766
0515_민속악_판소리.wav,AWGN_30dB,1.0,-1.0,0,0.0,29.95,4.675,4.318,,0.9847,0.4928,1.1988,0.010445,1903.29,5031.25,0.0,4.8766
0515_민속악_판소리.wav,Limiter,0.0,1.0,1,1.0,48.82,4.732,4.638,,0.9997,0.0276,0.0925,0.010445,1903.29,5031.25,0.0,4.8766
0515_민속악_판소리.wav,Opus_32kbps,1.0,-1.0,0,0.0,19.08,4.666,4.127,,0.9496,0.693,1.5762,0.010445,1903.29,5031.25,0.0,4.8766
0515_민속악_판소리.wav,AAC_128kbps,0.0,1.0,1,0.9875,32.52,4.731,4.626,,0.9976,0.1338,0.3762,0.010445,1903.29,5031.25,0.0,4.8766
0515_민속악_판소리.wav,TelephoneFilter,0.0,1.0,1,0.7569,-3.8,2.697,3.673,,0.3952,1.2617,1.6357,0.010445,1903.29,5031.25,0.0,4.8766
0515_민속악_판소리.wav,EnCodec_6kbps,1.0,-1.0,0,0.0,4.95,4.392,1.994,,0.5086,1.4657,2.5225,0.010445,1903.29,5031.25,0.0,4.8766
0515_민속악_판소리.wav,DAC,1.0,-1.0,0,0.0,-12.64,4.418,2.922,,0.2461,1.5703,2.4034,0.010445,1903.29,5031.25,0.0,4.8766
0519_민속악_판소리.wav,NoAttack,0.0,1.0,1,1.0,48.92,4.726,4.574,,0.9995,0.0625,0.1919,0.012905,1598.82,5640.62,0.096825,5.4835
0519_민속악_판소리.wav,MP3_128kbps,0.0,1.0,1,1.0,36.57,4.6,4.48,,0.9927,0.235,0.5281,0.012905,1598.82,5640.62,0.096825,5.4835
0519_민속악_판소리.wav,MP3_320kbps,0.0,1.0,1,1.0,36.56,4.6,4.48,,0.9927,0.2352,0.5291,0.012905,1598.82,5640.62,0.096825,5.4835
0519_민속악_판소리.wav,Resample_44100RT,0.0,1.0,1,1.0,45.48,4.718,4.572,,0.9994,0.1025,0.2626,0.012905,1598.82,5640.62,0.096825,5.4835
0519_민속악_판소리.wav,Crop_10pct,0.0,1.0,1,0.7109,48.84,4.726,4.569,,0.9994,0.0657,0.2022,0.012905,1598.82,5640.62,0.096825,5.4835
0519_민속악_판소리.wav,TSM_1.1x,1.0,-1.0,0,0.0,,3.892,1.326,,,,,0.012905,1598.82,5640.62,0.096825,5.4835
0519_민속악_판소리.wav,AWGN_30dB,1.0,-1.0,0,0.0,29.95,4.277,3.054,,0.9814,0.7388,1.5879,0.012905,1598.82,5640.62,0.096825,5.4835
0519_민속악_판소리.wav,Limiter,0.0,1.0,1,1.0,48.9,4.726,4.573,,0.9995,0.0626,0.1922,0.012905,1598.82,5640.62,0.096825,5.4835
0519_민속악_판소리.wav,Opus_32kbps,0.125,0.75,1,0.5694,19.45,4.627,3.88,,0.9552,0.6704,1.5605,0.012905,1598.82,5640.62,0.096825,5.4835
0519_민속악_판소리.wav,AAC_128kbps,0.0,1.0,1,0.9937,34.07,4.724,4.511,,0.9977,0.1628,0.4627,0.012905,1598.82,5640.62,0.096825,5.4835
0519_민속악_판소리.wav,TelephoneFilter,0.0,1.0,1,0.75,-4.07,3.083,3.676,,0.4055,1.2717,1.7405,0.012905,1598.82,5640.62,0.096825,5.4835
0519_민속악_판소리.wav,EnCodec_6kbps,1.0,-1.0,0,0.0,5.73,4.332,2.348,,0.5428,1.4873,2.4329,0.012905,1598.82,5640.62,0.096825,5.4835
0519_민속악_판소리.wav,DAC,1.0,-1.0,0,0.0,-10.97,4.451,3.42,,0.2051,1.5809,2.3263,0.012905,1598.82,5640.62,0.096825,5.4835
Similar_Dance_00002_Cover_Arrangement_A.wav,NoAttack,0.0,1.0,1,1.0,48.88,4.732,4.638,,0.9997,0.0248,0.0855,0.013052,1755.5,4359.38,0.0,3.4201
Similar_Dance_00002_Cover_Arrangement_A.wav,MP3_128kbps,0.0,1.0,1,1.0,30.67,4.596,4.327,,0.9815,0.1911,0.3975,0.013052,1755.5,4359.38,0.0,3.4201
Similar_Dance_00002_Cover_Arrangement_A.wav,MP3_320kbps,0.0,1.0,1,1.0,30.67,4.597,4.327,,0.9815,0.1913,0.3972,0.013052,1755.5,4359.38,0.0,3.4201
Similar_Dance_00002_Cover_Arrangement_A.wav,Resample_44100RT,0.0,1.0,1,1.0,43.82,4.731,4.612,,0.9996,0.063,0.1555,0.013052,1755.5,4359.38,0.0,3.4201
Similar_Dance_00002_Cover_Arrangement_A.wav,Crop_10pct,0.0,1.0,1,0.9297,48.92,4.732,4.638,,0.9997,0.0245,0.0843,0.013052,1755.5,4359.38,0.0,3.4201
Similar_Dance_00002_Cover_Arrangement_A.wav,TSM_1.1x,0.5417,-0.0833,1,0.4722,,4.222,1.051,,,,,0.013052,1755.5,4359.38,0.0,3.4201
Similar_Dance_00002_Cover_Arrangement_A.wav,AWGN_30dB,1.0,-1.0,0,0.0,29.95,4.714,4.173,,0.9832,0.4286,1.1007,0.013052,1755.5,4359.38,0.0,3.4201
Similar_Dance_00002_Cover_Arrangement_A.wav,Limiter,0.0,1.0,1,0.9931,20.3,4.706,4.614,,0.9989,0.0408,0.1447,0.013052,1755.5,4359.38,0.0,3.4201
Similar_Dance_00002_Cover_Arrangement_A.wav,Opus_32kbps,0.5833,-0.1667,1,0.4792,19.0,4.708,3.969,,0.9429,0.6279,1.5108,0.013052,1755.5,4359.38,0.0,3.4201
Similar_Dance_00002_Cover_Arrangement_A.wav,AAC_128kbps,0.0,1.0,1,0.9931,32.26,4.731,4.59,,0.9979,0.1229,0.3585,0.013052,1755.5,4359.38,0.0,3.4201
Similar_Dance_00002_Cover_Arrangement_A.wav,TelephoneFilter,1.0,-1.0,0,0.0,-21.2,2.814,2.934,,0.1273,1.2619,1.5396,0.013052,1755.5,4359.38,0.0,3.4201
Similar_Dance_00002_Cover_Arrangement_A.wav,EnCodec_6kbps,1.0,-1.0,0,0.0,9.84,4.499,1.446,,0.5598,1.4438,2.4484,0.013052,1755.5,4359.38,0.0,3.4201
Similar_Dance_00002_Cover_Arrangement_A.wav,DAC,1.0,-1.0,0,0.0,3.28,4.55,3.367,,0.3301,1.5698,2.3425,0.013052,1755.5,4359.38,0.0,3.4201
Similar_Dance_00002_Cover_Genre_A.wav,NoAttack,0.0,1.0,1,1.0,48.99,4.732,4.644,,0.9998,0.0168,0.0593,0.013152,1736.22,4671.88,0.0,2.9782
Similar_Dance_00002_Cover_Genre_A.wav,MP3_128kbps,0.0,1.0,1,0.9931,30.29,4.643,4.356,,0.9835,0.1819,0.3766,0.013152,1736.22,4671.88,0.0,2.9782
Similar_Dance_00002_Cover_Genre_A.wav,MP3_320kbps,0.0,1.0,1,0.9931,30.29,4.643,4.356,,0.9835,0.1819,0.3768,0.013152,1736.22,4671.88,0.0,2.9782
Similar_Dance_00002_Cover_Genre_A.wav,Resample_44100RT,0.0,1.0,1,1.0,44.01,4.731,4.619,,0.9998,0.0545,0.1307,0.013152,1736.22,4671.88,0.0,2.9782
Similar_Dance_00002_Cover_Genre_A.wav,Crop_10pct,1.0,-1.0,0,0.0,48.84,4.732,4.643,,0.9998,0.0169,0.0595,0.013152,1736.22,4671.88,0.0,2.9782
Similar_Dance_00002_Cover_Genre_A.wav,TSM_1.1x,1.0,-1.0,0,0.0,,4.287,1.148,,,,,0.013152,1736.22,4671.88,0.0,2.9782
Similar_Dance_00002_Cover_Genre_A.wav,AWGN_30dB,1.0,-1.0,0,0.0,29.95,4.728,4.527,,0.9874,0.3442,0.9342,0.013152,1736.22,4671.88,0.0,2.9782
Similar_Dance_00002_Cover_Genre_A.wav,Limiter,0.0,1.0,1,0.9722,22.84,4.718,4.59,,0.9992,0.0426,0.1423,0.013152,1736.22,4671.88,0.0,2.9782
Similar_Dance_00002_Cover_Genre_A.wav,Opus_32kbps,1.0,-1.0,0,0.0,17.48,4.693,3.875,,0.9447,0.5828,1.4445,0.013152,1736.22,4671.88,0.0,2.9782
Similar_Dance_00002_Cover_Genre_A.wav,AAC_128kbps,0.0,1.0,1,0.9861,32.4,4.732,4.598,,0.9982,0.1036,0.3047,0.013152,1736.22,4671.88,0.0,2.9782
Similar_Dance_00002_Cover_Genre_A.wav,TelephoneFilter,1.0,-1.0,0,0.0,-14.34,2.759,3.094,,0.143,1.2622,1.5117,0.013152,1736.22,4671.88,0.0,2.9782
Similar_Dance_00002_Cover_Genre_A.wav,EnCodec_6kbps,1.0,-1.0,0,0.0,8.6,4.539,2.118,,0.566,1.4405,2.473,0.013152,1736.22,4671.88,0.0,2.9782
Similar_Dance_00002_Cover_Genre_A.wav,DAC,1.0,-1.0,0,0.0,0.67,4.576,3.059,,0.3161,1.5743,2.3804,0.013152,1736.22,4671.88,0.0,2.9782
Similar_Dance_00002_Cover_Instrument_A.wav,NoAttack,0.0,1.0,1,1.0,48.91,4.73,4.622,,0.9997,0.0324,0.1081,0.013093,1753.04,3093.75,0.0,7.847
Similar_Dance_00002_Cover_Instrument_A.wav,MP3_128kbps,0.0,1.0,1,0.9931,32.93,4.383,4.46,,0.9893,0.2088,0.4457,0.013093,1753.04,3093.75,0.0,7.847
Similar_Dance_00002_Cover_Instrument_A.wav,MP3_320kbps,0.0,1.0,1,0.9931,32.92,4.383,4.46,,0.9894,0.2087,0.4445,0.013093,1753.04,3093.75,0.0,7.847
Similar_Dance_00002_Cover_Instrument_A.wav,Resample_44100RT,0.0,1.0,1,1.0,46.14,4.724,4.614,,0.9996,0.0703,0.1748,0.013093,1753.04,3093.75,0.0,7.847
Similar_Dance_00002_Cover_Instrument_A.wav,Crop_10pct,0.0,1.0,1,0.9844,47.79,4.73,4.619,,0.9996,0.0346,0.1147,0.013093,1753.04,3093.75,0.0,7.847
Similar_Dance_00002_Cover_Instrument_A.wav,TSM_1.1x,1.0,-1.0,0,0.0,,3.932,1.254,,,,,0.013093,1753.04,3093.75,0.0,7.847
Similar_Dance_00002_Cover_Instrument_A.wav,AWGN_30dB,0.125,0.75,1,0.5694,29.94,4.576,4.038,,0.9818,0.5746,1.3392,0.013093,1753.04,3093.75,0.0,7.847
Similar_Dance_00002_Cover_Instrument_A.wav,Limiter,0.0,1.0,1,1.0,20.39,4.678,4.608,,0.9991,0.0358,0.1207,0.013093,1753.04,3093.75,0.0,7.847
Similar_Dance_00002_Cover_Instrument_A.wav,Opus_32kbps,0.125,0.75,1,0.4722,19.5,4.616,4.271,,0.9574,0.6296,1.4639,0.013093,1753.04,3093.75,0.0,7.847
Similar_Dance_00002_Cover_Instrument_A.wav,AAC_128kbps,0.0,1.0,1,0.9861,29.93,4.722,4.58,,0.9978,0.1446,0.4022,0.013093,1753.04,3093.75,0.0,7.847
Similar_Dance_00002_Cover_Instrument_A.wav,TelephoneFilter,0.0,1.0,1,0.7639,-6.69,2.799,3.911,,0.3685,1.2581,1.6314,0.013093,1753.04,3093.75,0.0,7.847
Similar_Dance_00002_Cover_Instrument_A.wav,EnCodec_6kbps,0.5,0.0,1,0.4861,6.72,4.213,2.112,,0.5666,1.4699,2.4116,0.013093,1753.04,3093.75,0.0,7.847
Similar_Dance_00002_Cover_Instrument_A.wav,DAC,1.0,-1.0,0,0.0,-7.22,4.418,3.272,,0.2495,1.5801,2.3167,0.013093,1753.04,3093.75,0.0,7.847
Similar_Dance_00002_Cover_Instrument_C.wav,NoAttack,0.0,1.0,1,1.0,48.9,4.73,4.623,,0.9997,0.0326,0.1085,0.014086,1774.84,3031.25,0.0,7.8556
Similar_Dance_00002_Cover_Instrument_C.wav,MP3_128kbps,0.0,1.0,1,1.0,32.72,4.37,4.456,,0.9887,0.2088,0.4464,0.014086,1774.84,3031.25,0.0,7.8556
Similar_Dance_00002_Cover_Instrument_C.wav,MP3_320kbps,0.0,1.0,1,1.0,32.71,4.37,4.456,,0.9887,0.2088,0.4474,0.014086,1774.84,3031.25,0.0,7.8556
Similar_Dance_00002_Cover_Instrument_C.wav,Resample_44100RT,0.0,1.0,1,1.0,46.18,4.724,4.609,,0.9996,0.0712,0.1749,0.014086,1774.84,3031.25,0.0,7.8556
Similar_Dance_00002_Cover_Instrument_C.wav,Crop_10pct,0.0,1.0,1,0.6328,48.99,4.73,4.621,,0.9997,0.0326,0.1071,0.014086,1774.84,3031.25,0.0,7.8556
Similar_Dance_00002_Cover_Instrument_C.wav,TSM_1.1x,1.0,-1.0,0,0.0,,3.903,1.264,,,,,0.014086,1774.84,3031.25,0.0,7.8556
Similar_Dance_00002_Cover_Instrument_C.wav,AWGN_30dB,0.2083,0.5833,1,0.5625,29.97,4.593,4.035,,0.9819,0.5731,1.3375,0.014086,1774.84,3031.25,0.0,7.8556
Similar_Dance_00002_Cover_Instrument_C.wav,Limiter,0.0,1.0,1,1.0,20.59,4.689,4.602,,0.9992,0.0357,0.1197,0.014086,1774.84,3031.25,0.0,7.8556
Similar_Dance_00002_Cover_Instrument_C.wav,Opus_32kbps,1.0,-1.0,0,0.0,19.48,4.633,4.16,,0.9571,0.6351,1.4706,0.014086,1774.84,3031.25,0.0,7.8556
Similar_Dance_00002_Cover_Instrument_C.wav,AAC_128kbps,0.0,1.0,1,0.9861,30.29,4.723,4.61,,0.9978,0.1436,0.4025,0.014086,1774.84,3031.25,0.0,7.8556
Similar_Dance_00002_Cover_Instrument_C.wav,TelephoneFilter,0.0,1.0,1,0.7778,-6.79,2.805,3.899,,0.3657,1.2542,1.6176,0.014086,1774.84,3031.25,0.0,7.8556
Similar_Dance_00002_Cover_Instrument_C.wav,EnCodec_6kbps,1.0,-1.0,0,0.0,6.75,4.226,2.161,,0.571,1.4709,2.3934,0.014086,1774.84,3031.25,0.0,7.8556
Similar_Dance_00002_Cover_Instrument_C.wav,DAC,1.0,-1.0,0,0.0,-7.04,4.404,3.192,,0.2645,1.5803,2.308,0.014086,1774.84,3031.25,0.0,7.8556
Similar_Dance_00002_Cover_Rhythm_A.wav,NoAttack,0.0,1.0,1,1.0,48.73,4.732,4.634,,0.9996,0.0331,0.1125,0.004665,1399.95,2828.12,0.0,3.8346
Similar_Dance_00002_Cover_Rhythm_A.wav,MP3_128kbps,0.0,1.0,1,1.0,33.98,4.62,4.394,,0.9875,0.1975,0.4231,0.004665,1399.95,2828.12,0.0,3.8346
Similar_Dance_00002_Cover_Rhythm_A.wav,MP3_320kbps,0.0,1.0,1,1.0,33.98,4.62,4.394,,0.9875,0.1976,0.4231,0.004665,1399.95,2828.12,0.0,3.8346
Similar_Dance_00002_Cover_Rhythm_A.wav,Resample_44100RT,0.0,1.0,1,1.0,46.21,4.731,4.616,,0.9996,0.0706,0.183,0.004665,1399.95,2828.12,0.0,3.8346
Similar_Dance_00002_Cover_Rhythm_A.wav,Crop_10pct,0.0833,0.8333,1,0.7188,48.92,4.732,4.637,,0.9996,0.0327,0.112,0.004665,1399.95,2828.12,0.0,3.8346
Similar_Dance_00002_Cover_Rhythm_A.wav,TSM_1.1x,1.0,-1.0,0,0.0,,4.13,1.205,,,,,0.004665,1399.95,2828.12,0.0,3.8346
Similar_Dance_00002_Cover_Rhythm_A.wav,AWGN_30dB,0.0833,0.8333,1,0.6111,29.95,4.72,4.311,,0.9787,0.5142,1.329,0.004665,1399.95,2828.12,0.0,3.8346
Similar_Dance_00002_Cover_Rhythm_A.wav,Limiter,0.0,1.0,1,1.0,29.1,4.729,4.61,,0.9992,0.0434,0.1421,0.004665,1399.95,2828.12,0.0,3.8346
Similar_Dance_00002_Cover_Rhythm_A.wav,Opus_32kbps,0.1667,0.6667,1,0.5833,18.9,4.702,3.959,,0.9604,0.5861,1.4515,0.004665,1399.95,2828.12,0.0,3.8346
Similar_Dance_00002_Cover_Rhythm_A.wav,AAC_128kbps,0.0,1.0,1,1.0,38.16,4.732,4.601,,0.9986,0.1235,0.3613,0.004665,1399.95,2828.12,0.0,3.8346
Similar_Dance_00002_Cover_Rhythm_A.wav,TelephoneFilter,1.0,-1.0,0,0.0,-21.58,2.613,1.6,,0.2216,1.2697,1.5957,0.004665,1399.95,2828.12,0.0,3.8346
Similar_Dance_00002_Cover_Rhythm_A.wav,EnCodec_6kbps,0.375,0.25,1,0.4931,9.99,4.518,1.952,,0.6512,1.4598,2.4814,0.004665,1399.95,2828.12,0.0,3.8346
Similar_Dance_00002_Cover_Rhythm_A.wav,DAC,1.0,-1.0,0,0.0,2.85,4.575,2.944,,0.4348,1.5693,2.3821,0.004665,1399.95,2828.12,0.0,3.8346
Similar_Dance_00002_Cover_Tempo_A.wav,NoAttack,0.0,1.0,1,1.0,49.06,4.731,4.614,,0.9998,0.0234,0.0733,0.036533,2232.09,5546.88,0.0,10.0265
Similar_Dance_00002_Cover_Tempo_A.wav,MP3_128kbps,0.0,1.0,1,1.0,28.78,4.42,4.408,,0.9849,0.2,0.4004,0.036533,2232.09,5546.88,0.0,10.0265
Similar_Dance_00002_Cover_Tempo_A.wav,MP3_320kbps,0.0,1.0,1,1.0,28.77,4.418,4.407,,0.9853,0.1996,0.4,0.036533,2232.09,5546.88,0.0,10.0265
Similar_Dance_00002_Cover_Tempo_A.wav,Resample_44100RT,0.0,1.0,1,1.0,41.3,4.723,4.598,,0.9997,0.0633,0.1363,0.036533,2232.09,5546.88,0.0,10.0265
Similar_Dance_00002_Cover_Tempo_A.wav,Crop_10pct,0.0,1.0,1,0.9219,48.48,4.731,4.612,,0.9998,0.0248,0.0779,0.036533,2232.09,5546.88,0.0,10.0265
Similar_Dance_00002_Cover_Tempo_A.wav,TSM_1.1x,1.0,-1.0,0,0.0,,3.703,1.165,,,,,0.036533,2232.09,5546.88,0.0,10.0265
Similar_Dance_00002_Cover_Tempo_A.wav,AWGN_30dB,1.0,-1.0,0,0.0,29.96,4.638,3.916,,0.9898,0.4109,0.9555,0.036533,2232.09,5546.88,0.0,10.0265
Similar_Dance_00002_Cover_Tempo_A.wav,Limiter,0.0,1.0,1,1.0,49.06,4.731,4.614,,0.9998,0.0234,0.0733,0.036533,2232.09,5546.88,0.0,10.0265
Similar_Dance_00002_Cover_Tempo_A.wav,Opus_32kbps,1.0,-1.0,0,0.0,16.39,4.65,4.036,,0.949,0.5685,1.2871,0.036533,2232.09,5546.88,0.0,10.0265
Similar_Dance_00002_Cover_Tempo_A.wav,AAC_128kbps,0.0,1.0,1,0.9097,31.62,4.729,4.407,,0.9978,0.1556,0.3933,0.036533,2232.09,5546.88,0.0,10.0265
Similar_Dance_00002_Cover_Tempo_A.wav,TelephoneFilter,0.0,1.0,1,0.7361,-1.22,2.785,3.435,,0.3996,1.2522,1.5464,0.036533,2232.09,5546.88,0.0,10.0265
Similar_Dance_00002_Cover_Tempo_A.wav,EnCodec_6kbps,1.0,-1.0,0,0.0,2.21,4.235,1.963,,0.4628,1.466,2.2296,0.036533,2232.09,5546.88,0.0,10.0265
Similar_Dance_00002_Cover_Tempo_A.wav,DAC,0.3333,0.3333,1,0.4861,-22.42,4.404,2.981,,0.1803,1.574,2.1107,0.036533,2232.09,5546.88,0.0,10.0265
Similar_Dance_00002_Cover_Tempo_C.wav,NoAttack,0.0,1.0,1,1.0,49.02,4.73,4.625,,0.9998,0.0266,0.0822,0.027742,2132.58,5046.88,0.0,8.2473
Similar_Dance_00002_Cover_Tempo_C.wav,MP3_128kbps,0.0,1.0,1,1.0,29.48,4.364,4.408,,0.9873,0.2075,0.4239,0.027742,2132.58,5046.88,0.0,8.2473
Similar_Dance_00002_Cover_Tempo_C.wav,MP3_320kbps,0.0,1.0,1,1.0,29.48,4.364,4.409,,0.9872,0.2077,0.4238,0.027742,2132.58,5046.88,0.0,8.2473
Similar_Dance_00002_Cover_Tempo_C.wav,Resample_44100RT,0.0,1.0,1,1.0,42.55,4.723,4.601,,0.9997,0.0666,0.147,0.027742,2132.58,5046.88,0.0,8.2473
Similar_Dance_00002_Cover_Tempo_C.wav,Crop_10pct,0.0,1.0,1,0.9062,49.09,4.731,4.625,,0.9998,0.0277,0.0851,0.027742,2132.58,5046.88,0.0,8.2473
Similar_Dance_00002_Cover_Tempo_C.wav,TSM_1.1x,1.0,-1.0,0,0.0,,3.649,1.175,,,,,0.027742,2132.58,5046.88,0.0,8.2473
Similar_Dance_00002_Cover_Tempo_C.wav,AWGN_30dB,0.0833,0.8333,1,0.5764,29.95,4.577,4.009,,0.9876,0.506,1.1416,0.027742,2132.58,5046.88,0.0,8.2473
Similar_Dance_00002_Cover_Tempo_C.wav,Limiter,0.0,1.0,1,1.0,49.02,4.73,4.625,,0.9998,0.0266,0.0822,0.027742,2132.58,5046.88,0.0,8.2473
Similar_Dance_00002_Cover_Tempo_C.wav,Opus_32kbps,1.0,-1.0,0,0.0,16.37,4.651,3.983,,0.9486,0.6312,1.3674,0.027742,2132.58,5046.88,0.0,8.2473
Similar_Dance_00002_Cover_Tempo_C.wav,AAC_128kbps,0.0,1.0,1,0.9444,34.33,4.728,4.524,,0.9982,0.1599,0.4097,0.027742,2132.58,5046.88,0.0,8.2473
Similar_Dance_00002_Cover_Tempo_C.wav,TelephoneFilter,0.0,1.0,1,0.7639,1.16,3.077,3.654,,0.5034,1.2567,1.572,0.027742,2132.58,5046.88,0.0,8.2473
Similar_Dance_00002_Cover_Tempo_C.wav,EnCodec_6kbps,1.0,-1.0,0,0.0,0.53,4.213,1.726,,0.4655,1.4693,2.2277,0.027742,2132.58,5046.88,0.0,8.2473
Similar_Dance_00002_Cover_Tempo_C.wav,DAC,1.0,-1.0,0,0.0,-27.18,4.346,2.733,,0.1555,1.5749,2.1215,0.027742,2132.58,5046.88,0.0,8.2473
Similar_Dance_00002_Cover_Timbre_A.wav,NoAttack,0.0,1.0,1,1.0,48.94,4.73,4.625,,0.9997,0.0291,0.0962,0.01446,1826.37,3703.12,0.0,9.2739
Similar_Dance_00002_Cover_Timbre_A.wav,MP3_128kbps,0.0,1.0,1,1.0,31.39,4.368,4.449,,0.9878,0.2054,0.44,0.01446,1826.37,3703.12,0.0,9.2739
Similar_Dance_00002_Cover_Timbre_A.wav,MP3_320kbps,0.0,1.0,1,1.0,31.38,4.368,4.449,,0.9877,0.2052,0.4401,0.01446,1826.37,3703.12,0.0,9.2739
Similar_Dance_00002_Cover_Timbre_A.wav,Resample_44100RT,0.0,1.0,1,1.0,45.33,4.724,4.617,,0.9996,0.067,0.162,0.01446,1826.37,3703.12,0.0,9.2739
Similar_Dance_00002_Cover_Timbre_A.wav,Crop_10pct,0.0,1.0,1,1.0,47.82,4.73,4.624,,0.9997,0.0307,0.1011,0.01446,1826.37,3703.12,0.0,9.2739
Similar_Dance_00002_Cover_Timbre_A.wav,TSM_1.1x,1.0,-1.0,0,0.0,,3.886,1.249,,,,,0.01446,1826.37,3703.12,0.0,9.2739
Similar_Dance_00002_Cover_Timbre_A.wav,AWGN_30dB,1.0,-1.0,0,0.0,29.96,4.6,4.171,,0.9838,0.5327,1.2507,0.01446,1826.37,3703.12,0.0,9.2739
Similar_Dance_00002_Cover_Timbre_A.wav,Limiter,0.0,1.0,1,1.0,24.09,4.702,4.613,,0.9994,0.0317,0.104,0.01446,1826.37,3703.12,0.0,9.2739
Similar_Dance_00002_Cover_Timbre_A.wav,Opus_32kbps,1.0,-1.0,0,0.0,9.83,4.491,3.664,,0.9506,0.6423,1.474,0.01446,1826.37,3703.12,0.0,9.2739
Similar_Dance_00002_Cover_Timbre_A.wav,AAC_128kbps,0.0,1.0,1,0.9722,30.53,4.721,4.585,,0.9978,0.1413,0.3953,0.01446,1826.37,3703.12,0.0,9.2739
Similar_Dance_00002_Cover_Timbre_A.wav,TelephoneFilter,0.0,1.0,1,0.7847,-4.65,2.893,3.82,,0.4159,1.2568,1.6206,0.01446,1826.37,3703.12,0.0,9.2739
Similar_Dance_00002_Cover_Timbre_A.wav,EnCodec_6kbps,0.375,0.25,1,0.4722,5.65,4.184,2.107,,0.5341,1.4684,2.399,0.01446,1826.37,3703.12,0.0,9.2739
Similar_Dance_00002_Cover_Timbre_A.wav,DAC,1.0,-1.0,0,0.0,-10.43,4.417,3.064,,0.2329,1.5766,2.3074,0.01446,1826.37,3703.12,0.0,9.2739
Similar_Dance_00002_Cover_Timbre_C.wav,NoAttack,0.0,1.0,1,1.0,48.96,4.731,4.626,,0.9997,0.0281,0.0934,0.014264,1835.87,3718.75,0.0,9.3921
Similar_Dance_00002_Cover_Timbre_C.wav,MP3_128kbps,0.0,1.0,1,1.0,31.23,4.345,4.448,,0.9877,0.2054,0.4325,0.014264,1835.87,3718.75,0.0,9.3921
Similar_Dance_00002_Cover_Timbre_C.wav,MP3_320kbps,0.0,1.0,1,1.0,31.23,4.345,4.448,,0.9877,0.2056,0.4329,0.014264,1835.87,3718.75,0.0,9.3921
Similar_Dance_00002_Cover_Timbre_C.wav,Resample_44100RT,0.0,1.0,1,1.0,45.24,4.723,4.612,,0.9997,0.0663,0.1599,0.014264,1835.87,3718.75,0.0,9.3921
Similar_Dance_00002_Cover_Timbre_C.wav,Crop_10pct,0.0,1.0,1,0.8125,49.21,4.731,4.629,,0.9997,0.0271,0.0905,0.014264,1835.87,3718.75,0.0,9.3921
Similar_Dance_00002_Cover_Timbre_C.wav,TSM_1.1x,1.0,-1.0,0,0.0,,3.778,1.261,,,,,0.014264,1835.87,3718.75,0.0,9.3921
Similar_Dance_00002_Cover_Timbre_C.wav,AWGN_30dB,1.0,-1.0,0,0.0,29.93,4.607,4.145,,0.9842,0.5247,1.2396,0.014264,1835.87,3718.75,0.0,9.3921
Similar_Dance_00002_Cover_Timbre_C.wav,Limiter,0.0,1.0,1,1.0,23.89,4.699,4.612,,0.9994,0.0303,0.1013,0.014264,1835.87,3718.75,0.0,9.3921
Similar_Dance_00002_Cover_Timbre_C.wav,Opus_32kbps,1.0,-1.0,0,0.0,18.55,4.626,4.198,,0.9514,0.6477,1.4802,0.014264,1835.87,3718.75,0.0,9.3921
Similar_Dance_00002_Cover_Timbre_C.wav,AAC_128kbps,0.0,1.0,1,0.9792,30.11,4.72,4.58,,0.9977,0.1402,0.3888,0.014264,1835.87,3718.75,0.0,9.3921
Similar_Dance_00002_Cover_Timbre_C.wav,TelephoneFilter,0.0,1.0,1,0.7847,-4.58,2.889,3.837,,0.4169,1.2572,1.6094,0.014264,1835.87,3718.75,0.0,9.3921
Similar_Dance_00002_Cover_Timbre_C.wav,EnCodec_6kbps,1.0,-1.0,0,0.0,5.63,4.196,2.06,,0.5318,1.4717,2.3993,0.014264,1835.87,3718.75,0.0,9.3921
Similar_Dance_00002_Cover_Timbre_C.wav,DAC,1.0,-1.0,0,0.0,-10.2,4.386,3.101,,0.228,1.5701,2.3045,0.014264,1835.87,3718.75,0.0,9.3921
Similar_Dance_00002_Org.wav,NoAttack,0.0,1.0,1,1.0,48.85,4.732,4.642,,0.9998,0.0217,0.072,0.00853,1594.36,3468.75,0.0,2.5656
Similar_Dance_00002_Org.wav,MP3_128kbps,0.0,1.0,1,1.0,30.13,4.649,4.407,,0.9809,0.1903,0.3874,0.00853,1594.36,3468.75,0.0,2.5656
Similar_Dance_00002_Org.wav,MP3_320kbps,0.0,1.0,1,1.0,30.13,4.649,4.407,,0.9808,0.1904,0.3874,0.00853,1594.36,3468.75,0.0,2.5656
Similar_Dance_00002_Org.wav,Resample_44100RT,0.0,1.0,1,1.0,40.43,4.73,4.638,,0.9996,0.0613,0.1414,0.00853,1594.36,3468.75,0.0,2.5656
Similar_Dance_00002_Org.wav,Crop_10pct,0.0,1.0,1,0.6719,48.84,4.732,4.632,,0.9998,0.0212,0.0696,0.00853,1594.36,3468.75,0.0,2.5656
Similar_Dance_00002_Org.wav,TSM_1.1x,0.2083,0.5833,1,0.4375,,4.305,1.082,,,,,0.00853,1594.36,3468.75,0.0,2.5656
Similar_Dance_00002_Org.wav,AWGN_30dB,0.0,1.0,1,0.625,29.92,4.72,4.432,,0.9838,0.4246,1.066,0.00853,1594.36,3468.75,0.0,2.5656
Similar_Dance_00002_Org.wav,Limiter,0.0,1.0,1,0.9861,24.61,4.725,4.429,,0.9992,0.0547,0.159,0.00853,1594.36,3468.75,0.0,2.5656
Similar_Dance_00002_Org.wav,Opus_32kbps,0.2083,0.5833,1,0.5278,19.22,4.707,4.134,,0.9493,0.5711,1.3607,0.00853,1594.36,3468.75,0.0,2.5656
Similar_Dance_00002_Org.wav,AAC_128kbps,0.0,1.0,1,0.9937,32.53,4.731,4.582,,0.9974,0.1275,0.3511,0.00853,1594.36,3468.75,0.0,2.5656
Similar_Dance_00002_Org.wav,TelephoneFilter,1.0,-1.0,0,0.0,-8.63,2.555,3.564,,0.2023,1.2641,1.5632,0.00853,1594.36,3468.75,0.0,2.5656
Similar_Dance_00002_Org.wav,EnCodec_6kbps,1.0,-1.0,0,0.0,8.76,4.566,2.095,,0.5832,1.4502,2.3908,0.00853,1594.36,3468.75,0.0,2.5656
Similar_Dance_00002_Org.wav,DAC,1.0,-1.0,0,0.0,-2.04,4.639,3.284,,0.3563,1.5708,2.2038,0.00853,1594.36,3468.75,0.0,2.5656
Similar_Dance_00003_Cover_Arrangement_A.wav,NoAttack,0.0,1.0,1,0.9931,48.95,4.732,4.643,,0.9997,0.0274,0.0913,0.017224,1624.54,3984.38,0.0,5.236
Similar_Dance_00003_Cover_Arrangement_A.wav,MP3_128kbps,0.0,1.0,1,0.9931,31.79,4.61,4.437,,0.9874,0.1973,0.4101,0.017224,1624.54,3984.38,0.0,5.236
Similar_Dance_00003_Cover_Arrangement_A.wav,MP3_320kbps,0.0,1.0,1,0.9931,31.76,4.61,4.433,,0.9874,0.1981,0.4112,0.017224,1624.54,3984.38,0.0,5.236
Similar_Dance_00003_Cover_Arrangement_A.wav,Resample_44100RT,0.0,1.0,1,0.9931,44.32,4.73,4.64,,0.9997,0.0653,0.159,0.017224,1624.54,3984.38,0.0,5.236
Similar_Dance_00003_Cover_Arrangement_A.wav,Crop_10pct,0.0,1.0,1,0.6953,49.09,4.732,4.641,,0.9997,0.0271,0.0895,0.017224,1624.54,3984.38,0.0,5.236
Similar_Dance_00003_Cover_Arrangement_A.wav,TSM_1.1x,1.0,-1.0,0,0.0,,3.646,1.147,,,,,0.017224,1624.54,3984.38,0.0,5.236
Similar_Dance_00003_Cover_Arrangement_A.wav,AWGN_30dB,1.0,-1.0,0,0.0,29.94,4.572,3.604,,0.9853,0.4774,1.1586,0.017224,1624.54,3984.38,0.0,5.236
Similar_Dance_00003_Cover_Arrangement_A.wav,Limiter,0.0,1.0,1,0.9931,36.07,4.732,4.63,,0.9997,0.0294,0.0971,0.017224,1624.54,3984.38,0.0,5.236
Similar_Dance_00003_Cover_Arrangement_A.wav,Opus_32kbps,1.0,-1.0,0,0.0,19.0,4.694,4.258,,0.9614,0.5311,1.3136,0.017224,1624.54,3984.38,0.0,5.236
Similar_Dance_00003_Cover_Arrangement_A.wav,AAC_128kbps,0.0,1.0,1,0.9861,34.56,4.731,4.596,,0.9984,0.1268,0.3584,0.017224,1624.54,3984.38,0.0,5.236
Similar_Dance_00003_Cover_Arrangement_A.wav,TelephoneFilter,0.125,0.75,1,0.6389,-10.21,2.682,3.47,,0.1956,1.2643,1.5624,0.017224,1624.54,3984.38,0.0,5.236
Similar_Dance_00003_Cover_Arrangement_A.wav,EnCodec_6kbps,1.0,-1.0,0,0.0,7.08,4.427,2.439,,0.5691,1.4475,2.3222,0.017224,1624.54,3984.38,0.0,5.236
Similar_Dance_00003_Cover_Arrangement_A.wav,DAC,1.0,-1.0,0,0.0,-1.16,4.581,3.563,,0.3177,1.5736,2.2186,0.017224,1624.54,3984.38,0.0,5.236
Similar_Dance_00003_Cover_Genre_A.wav,NoAttack,0.0,1.0,1,1.0,48.88,4.732,4.623,,0.9994,0.0512,0.1639,0.011572,1382.03,3328.12,0.0,3.0003
Similar_Dance_00003_Cover_Genre_A.wav,MP3_128kbps,0.0,1.0,1,1.0,35.43,4.661,4.418,,0.9885,0.2334,0.5146,0.011572,1382.03,3328.12,0.0,3.0003
Similar_Dance_00003_Cover_Genre_A.wav,MP3_320kbps,0.0,1.0,1,1.0,35.43,4.661,4.423,,0.9884,0.233,0.5129,0.011572,1382.03,3328.12,0.0,3.0003
Similar_Dance_00003_Cover_Genre_A.wav,Resample_44100RT,0.0,1.0,1,1.0,45.21,4.73,4.623,,0.9993,0.0911,0.2288,0.011572,1382.03,3328.12,0.0,3.0003
Similar_Dance_00003_Cover_Genre_A.wav,Crop_10pct,0.0417,0.9167,1,0.7344,48.97,4.732,4.621,,0.9994,0.0504,0.1627,0.011572,1382.03,3328.12,0.0,3.0003
Similar_Dance_00003_Cover_Genre_A.wav,TSM_1.1x,1.0,-1.0,0,0.0,,3.856,1.105,,,,,0.011572,1382.03,3328.12,0.0,3.0003
Similar_Dance_00003_Cover_Genre_A.wav,AWGN_30dB,1.0,-1.0,0,0.0,29.97,4.575,3.021,,0.9757,0.7414,1.6463,0.011572,1382.03,3328.12,0.0,3.0003
Similar_Dance_00003_Cover_Genre_A.wav,Limiter,0.0,1.0,1,1.0,19.31,4.666,4.545,,0.9967,0.1105,0.3386,0.011572,1382.03,3328.12,0.0,3.0003
Similar_Dance_00003_Cover_Genre_A.wav,Opus_32kbps,0.0,1.0,1,0.6875,19.76,4.689,4.116,,0.9696,0.5852,1.3827,0.011572,1382.03,3328.12,0.0,3.0003
Similar_Dance_00003_Cover_Genre_A.wav,AAC_128kbps,0.0,1.0,1,0.9861,37.43,4.73,4.315,,0.9979,0.1911,0.5227,0.011572,1382.03,3328.12,0.0,3.0003
Similar_Dance_00003_Cover_Genre_A.wav,TelephoneFilter,1.0,-1.0,0,0.0,-24.97,3.094,3.1,,0.1693,1.2749,1.6425,0.011572,1382.03,3328.12,0.0,3.0003
Similar_Dance_00003_Cover_Genre_A.wav,EnCodec_6kbps,1.0,-1.0,0,0.0,10.34,4.411,2.038,,0.6296,1.4689,2.3463,0.011572,1382.03,3328.12,0.0,3.0003
Similar_Dance_00003_Cover_Genre_A.wav,DAC,1.0,-1.0,0,0.0,3.48,4.613,2.932,,0.4462,1.5685,2.2218,0.011572,1382.03,3328.12,0.0,3.0003
Similar_Dance_00003_Cover_Instrument_A.wav,NoAttack,0.0,1.0,1,1.0,49.01,4.732,4.641,,0.9998,0.0251,0.0803,0.008441,1481.38,3937.5,0.0,3.8999
Similar_Dance_00003_Cover_Instrument_A.wav,MP3_128kbps,0.0,1.0,1,1.0,35.73,4.676,4.503,,0.9926,0.2049,0.4326,0.008441,1481.38,3937.5,0.0,3.8999
Similar_Dance_00003_Cover_Instrument_A.wav,MP3_320kbps,0.0,1.0,1,1.0,35.73,4.676,4.503,,0.9926,0.205,0.4316,0.008441,1481.38,3937.5,0.0,3.8999
Similar_Dance_00003_Cover_Instrument_A.wav,Resample_44100RT,0.0,1.0,1,1.0,46.94,4.732,4.641,,0.9997,0.0637,0.1471,0.008441,1481.38,3937.5,0.0,3.8999
Similar_Dance_00003_Cover_Instrument_A.wav,Crop_10pct,0.2917,0.4167,1,0.5,49.0,4.732,4.641,,0.9998,0.0253,0.082,0.008441,1481.38,3937.5,0.0,3.8999
Similar_Dance_00003_Cover_Instrument_A.wav,TSM_1.1x,1.0,-1.0,0,0.0,,3.961,1.06,,,,,0.008441,1481.38,3937.5,0.0,3.8999
Similar_Dance_00003_Cover_Instrument_A.wav,AWGN_30dB,1.0,-1.0,0,0.0,29.95,4.634,3.874,,0.9858,0.5367,1.2538,0.008441,1481.38,3937.5,0.0,3.8999
Similar_Dance_00003_Cover_Instrument_A.wav,Limiter,0.0,1.0,1,0.9861,23.41,4.715,4.609,,0.999,0.0409,0.1331,0.008441,1481.38,3937.5,0.0,3.8999
Similar_Dance_00003_Cover_Instrument_A.wav,Opus_32kbps,1.0,-1.0,0,0.0,19.15,4.715,4.266,,0.9663,0.5617,1.3443,0.008441,1481.38,3937.5,0.0,3.8999
Similar_Dance_00003_Cover_Instrument_A.wav,AAC_128kbps,0.0,1.0,1,0.9931,35.91,4.731,4.596,,0.9986,0.144,0.4033,0.008441,1481.38,3937.5,0.0,3.8999
Similar_Dance_00003_Cover_Instrument_A.wav,TelephoneFilter,0.0,1.0,1,0.7014,-11.68,3.137,3.539,,0.1845,1.2664,1.5496,0.008441,1481.38,3937.5,0.0,3.8999
Similar_Dance_00003_Cover_Instrument_A.wav,EnCodec_6kbps,0.4167,0.1667,1,0.4583,7.06,4.533,2.058,,0.597,1.4465,2.3633,0.008441,1481.38,3937.5,0.0,3.8999
Similar_Dance_00003_Cover_Instrument_A.wav,DAC,1.0,-1.0,0,0.0,-2.07,4.63,3.107,,0.3981,1.5593,2.2185,0.008441,1481.38,3937.5,0.0,3.8999
Similar_Dance_00003_Cover_Instrument_C.wav,NoAttack,0.0,1.0,1,1.0,48.64,4.731,4.468,,0.9993,0.0956,0.26,0.007555,972.31,3078.12,0.0,4.785
Similar_Dance_00003_Cover_Instrument_C.wav,MP3_128kbps,0.0,1.0,1,1.0,37.74,4.616,4.379,,0.995,0.2983,0.6796,0.007555,972.31,3078.12,0.0,4.785
Similar_Dance_00003_Cover_Instrument_C.wav,MP3_320kbps,0.0,1.0,1,1.0,37.7,4.615,4.376,,0.995,0.298,0.6795,0.007555,972.31,3078.12,0.0,4.785
Similar_Dance_00003_Cover_Instrument_C.wav,Resample_44100RT,0.0,1.0,1,1.0,47.14,4.729,4.468,,0.9993,0.1323,0.3312,0.007555,972.31,3078.12,0.0,4.785
Similar_Dance_00003_Cover_Instrument_C.wav,Crop_10pct,0.0,1.0,1,0.7891,48.64,4.731,4.463,,0.9993,0.0973,0.266,0.007555,972.31,3078.12,0.0,4.785
Similar_Dance_00003_Cover_Instrument_C.wav,TSM_1.1x,1.0,-1.0,0,0.0,,3.569,1.08,,,,,0.007555,972.31,3078.12,0.0,4.785
Similar_Dance_00003_Cover_Instrument_C.wav,AWGN_30dB,1.0,-1.0,0,0.0,29.69,3.935,1.987,,0.9845,0.8919,1.7847,0.007555,972.31,3078.12,0.0,4.785
Similar_Dance_00003_Cover_Instrument_C.wav,Limiter,0.0,1.0,1,1.0,48.64,4.731,4.468,,0.9993,0.0956,0.26,0.007555,972.31,3078.12,0.0,4.785
Similar_Dance_00003_Cover_Instrument_C.wav,Opus_32kbps,0.0,1.0,1,0.6806,15.21,4.635,3.965,,0.9125,0.6855,1.5313,0.007555,972.31,3078.12,0.0,4.785
Similar_Dance_00003_Cover_Instrument_C.wav,AAC_128kbps,0.0,1.0,1,0.9792,38.62,4.721,4.262,,0.9985,0.2663,0.684,0.007555,972.31,3078.12,0.0,4.785
Similar_Dance_00003_Cover_Instrument_C.wav,TelephoneFilter,0.0,1.0,1,0.8125,-10.84,3.273,3.451,,0.2542,1.315,1.8496,0.007555,972.31,3078.12,0.0,4.785
Similar_Dance_00003_Cover_Instrument_C.wav,EnCodec_6kbps,1.0,-1.0,0,0.0,7.26,4.208,1.902,,0.6706,1.4612,2.3753,0.007555,972.31,3078.12,0.0,4.785
Similar_Dance_00003_Cover_Instrument_C.wav,DAC,0.4167,0.1667,1,0.4097,-1.73,4.473,3.185,,0.4686,1.5516,2.2396,0.007555,972.31,3078.12,0.0,4.785
Similar_Dance_00003_Cover_Rhythm_A.wav,NoAttack,0.0,1.0,1,1.0,48.97,4.732,4.634,,0.9997,0.0255,0.0845,0.003037,1269.64,2500.0,0.0,5.5549
Similar_Dance_00003_Cover_Rhythm_A.wav,MP3_128kbps,0.0,1.0,1,1.0,45.86,4.613,4.565,,0.9979,0.1976,0.4254,0.003037,1269.64,2500.0,0.0,5.5549
Similar_Dance_00003_Cover_Rhythm_A.wav,MP3_320kbps,0.0,1.0,1,1.0,45.84,4.613,4.565,,0.9979,0.1975,0.4262,0.003037,1269.64,2500.0,0.0,5.5549
Similar_Dance_00003_Cover_Rhythm_A.wav,Resample_44100RT,0.0,1.0,1,1.0,48.72,4.726,4.634,,0.9997,0.0624,0.1547,0.003037,1269.64,2500.0,0.0,5.5549
Similar_Dance_00003_Cover_Rhythm_A.wav,Crop_10pct,1.0,-1.0,0,0.0,49.0,4.732,4.629,,0.9997,0.0255,0.0826,0.003037,1269.64,2500.0,0.0,5.5549
Similar_Dance_00003_Cover_Rhythm_A.wav,TSM_1.1x,1.0,-1.0,0,0.0,,3.741,1.367,,,,,0.003037,1269.64,2500.0,0.0,5.5549
Similar_Dance_00003_Cover_Rhythm_A.wav,AWGN_30dB,1.0,-1.0,0,0.0,29.94,4.185,4.293,,0.981,0.6445,1.5118,0.003037,1269.64,2500.0,0.0,5.5549
Similar_Dance_00003_Cover_Rhythm_A.wav,Limiter,0.0,1.0,1,1.0,48.97,4.732,4.634,,0.9997,0.0255,0.0845,0.003037,1269.64,2500.0,0.0,5.5549
Similar_Dance_00003_Cover_Rhythm_A.wav,Opus_32kbps,1.0,-1.0,0,0.0,20.1,4.68,4.228,,0.9624,0.57,1.4273,0.003037,1269.64,2500.0,0.0,5.5549
Similar_Dance_00003_Cover_Rhythm_A.wav,AAC_128kbps,0.0,1.0,1,0.9792,39.92,4.731,4.629,,0.999,0.1135,0.3319,0.003037,1269.64,2500.0,0.0,5.5549
Similar_Dance_00003_Cover_Rhythm_A.wav,TelephoneFilter,0.0,1.0,1,0.7639,1.55,3.183,4.102,,0.5567,1.2537,1.6486,0.003037,1269.64,2500.0,0.0,5.5549
Similar_Dance_00003_Cover_Rhythm_A.wav,EnCodec_6kbps,1.0,-1.0,0,0.0,7.36,4.376,2.488,,0.6573,1.4439,2.4926,0.003037,1269.64,2500.0,0.0,5.5549
Similar_Dance_00003_Cover_Rhythm_A.wav,DAC,1.0,-1.0,0,0.0,-16.85,4.579,3.545,,0.286,1.573,2.418,0.003037,1269.64,2500.0,0.0,5.5549
Similar_Dance_00003_Cover_Tempo_A.wav,NoAttack,0.0,1.0,1,0.9931,49.11,4.732,4.589,,0.9998,0.0244,0.083,0.010106,1306.18,3531.25,0.0,6.021
Similar_Dance_00003_Cover_Tempo_A.wav,MP3_128kbps,0.0,1.0,1,0.9931,38.55,4.611,4.462,,0.9949,0.1985,0.421,0.010106,1306.18,3531.25,0.0,6.021
Similar_Dance_00003_Cover_Tempo_A.wav,MP3_320kbps,0.0,1.0,1,0.9931,38.56,4.611,4.459,,0.9949,0.1985,0.4205,0.010106,1306.18,3531.25,0.0,6.021
Similar_Dance_00003_Cover_Tempo_A.wav,Resample_44100RT,0.0,1.0,1,0.9931,47.31,4.729,4.589,,0.9997,0.0629,0.1538,0.010106,1306.18,3531.25,0.0,6.021
Similar_Dance_00003_Cover_Tempo_A.wav,Crop_10pct,1.0,-1.0,0,0.0,49.2,4.732,4.595,,0.9998,0.0235,0.0812,0.010106,1306.18,3531.25,0.0,6.021
Similar_Dance_00003_Cover_Tempo_A.wav,TSM_1.1x,1.0,-1.0,0,0.0,,3.478,1.115,,,,,0.010106,1306.18,3531.25,0.0,6.021
Similar_Dance_00003_Cover_Tempo_A.wav,AWGN_30dB,1.0,-1.0,0,0.0,29.93,4.445,3.109,,0.9859,0.534,1.2816,0.010106,1306.18,3531.25,0.0,6.021
Similar_Dance_00003_Cover_Tempo_A.wav,Limiter,0.0,1.0,1,0.9931,49.11,4.732,4.589,,0.9998,0.0244,0.083,0.010106,1306.18,3531.25,0.0,6.021
Similar_Dance_00003_Cover_Tempo_A.wav,Opus_32kbps,1.0,-1.0,0,0.0,18.33,4.673,4.196,,0.9659,0.5426,1.3816,0.010106,1306.18,3531.25,0.0,6.021
Similar_Dance_00003_Cover_Tempo_A.wav,AAC_128kbps,0.0,1.0,1,0.9792,36.81,4.731,4.478,,0.9989,0.1288,0.3661,0.010106,1306.18,3531.25,0.0,6.021
Similar_Dance_00003_Cover_Tempo_A.wav,TelephoneFilter,1.0,-1.0,0,0.0,-15.0,2.65,3.585,,0.2295,1.2583,1.5349,0.010106,1306.18,3531.25,0.0,6.021
Similar_Dance_00003_Cover_Tempo_A.wav,EnCodec_6kbps,1.0,-1.0,0,0.0,8.09,4.381,2.226,,0.6331,1.4221,2.3777,0.010106,1306.18,3531.25,0.0,6.021
Similar_Dance_00003_Cover_Tempo_A.wav,DAC,0.375,0.25,1,0.4236,0.26,4.545,3.148,,0.3677,1.5737,2.2718,0.010106,1306.18,3531.25,0.0,6.021
Similar_Dance_00003_Cover_Tempo_C.wav,NoAttack,0.0,1.0,1,1.0,49.05,4.732,4.618,,0.9998,0.0279,0.0974,0.008145,1261.41,2625.0,0.0,6.2021
Similar_Dance_00003_Cover_Tempo_C.wav,MP3_128kbps,0.0,1.0,1,1.0,38.63,4.548,4.506,,0.9949,0.2021,0.4408,0.008145,1261.41,2625.0,0.0,6.2021
Similar_Dance_00003_Cover_Tempo_C.wav,MP3_320kbps,0.0,1.0,1,1.0,38.58,4.548,4.505,,0.9949,0.2024,0.4415,0.008145,1261.41,2625.0,0.0,6.2021
Similar_Dance_00003_Cover_Tempo_C.wav,Resample_44100RT,0.0,1.0,1,1.0,47.77,4.728,4.618,,0.9997,0.066,0.168,0.008145,1261.41,2625.0,0.0,6.2021
Similar_Dance_00003_Cover_Tempo_C.wav,Crop_10pct,0.0,1.0,1,0.7891,49.09,4.732,4.638,,0.9998,0.0268,0.0958,0.008145,1261.41,2625.0,0.0,6.2021
Similar_Dance_00003_Cover_Tempo_C.wav,TSM_1.1x,1.0,-1.0,0,0.0,,3.775,1.148,,,,,0.008145,1261.41,2625.0,0.0,6.2021
Similar_Dance_00003_Cover_Tempo_C.wav,AWGN_30dB,0.0,1.0,1,0.5972,29.95,4.432,3.315,,0.9854,0.5684,1.3678,0.008145,1261.41,2625.0,0.0,6.2021
Similar_Dance_00003_Cover_Tempo_C.wav,Limiter,0.0,1.0,1,1.0,49.05,4.732,4.618,,0.9998,0.0279,0.0974,0.008145,1261.41,2625.0,0.0,6.2021
Similar_Dance_00003_Cover_Tempo_C.wav,Opus_32kbps,1.0,-1.0,0,0.0,19.07,4.66,4.31,,0.9646,0.5892,1.4957,0.008145,1261.41,2625.0,0.0,6.2021
Similar_Dance_00003_Cover_Tempo_C.wav,AAC_128kbps,0.0,1.0,1,0.9861,34.95,4.73,4.604,,0.9988,0.1257,0.3706,0.008145,1261.41,2625.0,0.0,6.2021
Similar_Dance_00003_Cover_Tempo_C.wav,TelephoneFilter,0.0,1.0,1,0.7569,-10.59,2.579,3.821,,0.3008,1.261,1.5991,0.008145,1261.41,2625.0,0.0,6.2021
Similar_Dance_00003_Cover_Tempo_C.wav,EnCodec_6kbps,0.375,0.25,1,0.4444,8.01,4.429,1.987,,0.6478,1.4258,2.426,0.008145,1261.41,2625.0,0.0,6.2021
Similar_Dance_00003_Cover_Tempo_C.wav,DAC,1.0,-1.0,0,0.0,-2.4,4.55,3.594,,0.3535,1.578,2.335,0.008145,1261.41,2625.0,0.0,6.2021
Similar_Dance_00003_Cover_Timbre_A.wav,NoAttack,0.0,1.0,1,1.0,48.74,4.731,4.458,,0.9992,0.1074,0.2917,0.002562,868.02,2890.62,0.0,5.58
Similar_Dance_00003_Cover_Timbre_A.wav,MP3_128kbps,0.0,1.0,1,1.0,40.54,4.622,4.38,,0.9968,0.3244,0.7513,0.002562,868.02,2890.62,0.0,5.58
Similar_Dance_00003_Cover_Timbre_A.wav,MP3_320kbps,0.0,1.0,1,0.9861,40.19,4.622,4.359,,0.9969,0.3241,0.7525,0.002562,868.02,2890.62,0.0,5.58
Similar_Dance_00003_Cover_Timbre_A.wav,Resample_44100RT,0.0,1.0,1,1.0,48.24,4.729,4.458,,0.9992,0.1419,0.3606,0.002562,868.02,2890.62,0.0,5.58
Similar_Dance_00003_Cover_Timbre_A.wav,Crop_10pct,0.0,1.0,1,0.8906,48.78,4.731,4.452,,0.9992,0.108,0.2929,0.002562,868.02,2890.62,0.0,5.58
Similar_Dance_00003_Cover_Timbre_A.wav,TSM_1.1x,1.0,-1.0,0,0.0,,3.665,1.087,,,,,0.002562,868.02,2890.62,0.0,5.58
Similar_Dance_00003_Cover_Timbre_A.wav,AWGN_30dB,0.5833,-0.1667,1,0.4722,29.72,3.834,1.963,,0.9844,0.9721,1.9043,0.002562,868.02,2890.62,0.0,5.58
Similar_Dance_00003_Cover_Timbre_A.wav,Limiter,0.0,1.0,1,1.0,48.74,4.731,4.458,,0.9992,0.1074,0.2917,0.002562,868.02,2890.62,0.0,5.58
Similar_Dance_00003_Cover_Timbre_A.wav,Opus_32kbps,0.0417,0.9167,1,0.7569,15.96,4.629,3.927,,0.9165,0.737,1.598,0.002562,868.02,2890.62,0.0,5.58
Similar_Dance_00003_Cover_Timbre_A.wav,AAC_128kbps,0.0,1.0,1,0.9931,42.51,4.718,4.268,,0.9986,0.3104,0.7863,0.002562,868.02,2890.62,0.0,5.58
Similar_Dance_00003_Cover_Timbre_A.wav,TelephoneFilter,0.0,1.0,1,0.8333,-9.41,3.368,3.656,,0.2986,1.3214,1.8988,0.002562,868.02,2890.62,0.0,5.58
Similar_Dance_00003_Cover_Timbre_A.wav,EnCodec_6kbps,1.0,-1.0,0,0.0,7.33,4.219,1.894,,0.7034,1.4675,2.3708,0.002562,868.02,2890.62,0.0,5.58
Similar_Dance_00003_Cover_Timbre_A.wav,DAC,1.0,-1.0,0,0.0,-2.76,4.486,3.137,,0.5043,1.5509,2.2135,0.002562,868.02,2890.62,0.0,5.58
Similar_Dance_00003_Cover_Timbre_C.wav,NoAttack,0.0,1.0,1,1.0,48.64,4.731,4.468,,0.9993,0.0956,0.26,0.007555,972.31,3078.12,0.0,4.785
Similar_Dance_00003_Cover_Timbre_C.wav,MP3_128kbps,0.0,1.0,1,1.0,37.74,4.616,4.379,,0.995,0.2983,0.6796,0.007555,972.31,3078.12,0.0,4.785
Similar_Dance_00003_Cover_Timbre_C.wav,MP3_320kbps,0.0,1.0,1,1.0,37.7,4.615,4.376,,0.995,0.298,0.6795,0.007555,972.31,3078.12,0.0,4.785
Similar_Dance_00003_Cover_Timbre_C.wav,Resample_44100RT,0.0,1.0,1,1.0,47.14,4.729,4.468,,0.9993,0.1323,0.3312,0.007555,972.31,3078.12,0.0,4.785
Similar_Dance_00003_Cover_Timbre_C.wav,Crop_10pct,0.0,1.0,1,0.7734,48.73,4.731,4.465,,0.9993,0.0951,0.2648,0.007555,972.31,3078.12,0.0,4.785
Similar_Dance_00003_Cover_Timbre_C.wav,TSM_1.1x,1.0,-1.0,0,0.0,,3.569,1.08,,,,,0.007555,972.31,3078.12,0.0,4.785
Similar_Dance_00003_Cover_Timbre_C.wav,AWGN_30dB,1.0,-1.0,0,0.0,29.7,3.94,1.978,,0.9846,0.8931,1.7798,0.007555,972.31,3078.12,0.0,4.785
Similar_Dance_00003_Cover_Timbre_C.wav,Limiter,0.0,1.0,1,1.0,48.64,4.731,4.468,,0.9993,0.0956,0.26,0.007555,972.31,3078.12,0.0,4.785
Similar_Dance_00003_Cover_Timbre_C.wav,Opus_32kbps,0.0,1.0,1,0.6806,15.21,4.635,3.965,,0.9125,0.6855,1.5313,0.007555,972.31,3078.12,0.0,4.785
Similar_Dance_00003_Cover_Timbre_C.wav,AAC_128kbps,0.0,1.0,1,0.9792,38.62,4.721,4.262,,0.9985,0.2663,0.684,0.007555,972.31,3078.12,0.0,4.785
Similar_Dance_00003_Cover_Timbre_C.wav,TelephoneFilter,0.0,1.0,1,0.8125,-10.84,3.273,3.451,,0.2542,1.315,1.8496,0.007555,972.31,3078.12,0.0,4.785
Similar_Dance_00003_Cover_Timbre_C.wav,EnCodec_6kbps,1.0,-1.0,0,0.0,7.26,4.208,1.902,,0.6706,1.4612,2.3753,0.007555,972.31,3078.12,0.0,4.785
Similar_Dance_00003_Cover_Timbre_C.wav,DAC,0.4167,0.1667,1,0.4097,-1.73,4.473,3.185,,0.4686,1.5516,2.2396,0.007555,972.31,3078.12,0.0,4.785
Similar_Dance_00003_Org.wav,NoAttack,0.0,1.0,1,0.9861,49.01,4.732,4.638,,0.9998,0.0232,0.0783,0.01417,1625.42,3750.0,0.0,3.1822
Similar_Dance_00003_Org.wav,MP3_128kbps,0.0,1.0,1,0.9861,33.39,4.673,4.414,,0.9883,0.1981,0.4111,0.01417,1625.42,3750.0,0.0,3.1822
Similar_Dance_00003_Org.wav,MP3_320kbps,0.0,1.0,1,0.9861,33.39,4.673,4.415,,0.9883,0.198,0.4105,0.01417,1625.42,3750.0,0.0,3.1822
Similar_Dance_00003_Org.wav,Resample_44100RT,0.0,1.0,1,0.9861,45.75,4.732,4.638,,0.9997,0.0622,0.147,0.01417,1625.42,3750.0,0.0,3.1822
Similar_Dance_00003_Org.wav,Crop_10pct,0.0,1.0,1,0.8359,48.99,4.732,4.639,,0.9998,0.0224,0.0762,0.01417,1625.42,3750.0,0.0,3.1822
Similar_Dance_00003_Org.wav,TSM_1.1x,0.375,0.25,1,0.4931,,3.967,1.129,,,,,0.01417,1625.42,3750.0,0.0,3.1822
Similar_Dance_00003_Org.wav,AWGN_30dB,1.0,-1.0,0,0.0,29.96,4.668,3.78,,0.9838,0.4843,1.1752,0.01417,1625.42,3750.0,0.0,3.1822
Similar_Dance_00003_Org.wav,Limiter,0.0,1.0,1,0.9583,22.59,4.707,4.593,,0.9984,0.0574,0.1921,0.01417,1625.42,3750.0,0.0,3.1822
Similar_Dance_00003_Org.wav,Opus_32kbps,1.0,-1.0,0,0.0,20.09,4.708,4.284,,0.9615,0.5271,1.293,0.01417,1625.42,3750.0,0.0,3.1822
Similar_Dance_00003_Org.wav,AAC_128kbps,0.0,1.0,1,0.9875,34.29,4.731,4.569,,0.9982,0.131,0.3739,0.01417,1625.42,3750.0,0.0,3.1822
Similar_Dance_00003_Org.wav,TelephoneFilter,1.0,-1.0,0,0.0,-16.24,3.26,3.198,,0.0831,1.2621,1.5305,0.01417,1625.42,3750.0,0.0,3.1822
Similar_Dance_00003_Org.wav,EnCodec_6kbps,1.0,-1.0,0,0.0,8.43,4.532,2.274,,0.5604,1.4607,2.3359,0.01417,1625.42,3750.0,0.0,3.1822
Similar_Dance_00003_Org.wav,DAC,1.0,-1.0,0,0.0,0.81,4.646,3.139,,0.3465,1.5761,2.2292,0.01417,1625.42,3750.0,0.0,3.1822
Similar_Trot_00138_Cover_Arrangement_A.wav,NoAttack,0.0,1.0,1,0.9931,49.11,4.732,4.641,,0.9998,0.0197,0.0654,0.009517,1408.78,3953.12,0.0,4.5194
Similar_Trot_00138_Cover_Arrangement_A.wav,MP3_128kbps,0.0,1.0,1,0.9931,37.79,4.658,4.527,,0.9936,0.1918,0.3957,0.009517,1408.78,3953.12,0.0,4.5194
Similar_Trot_00138_Cover_Arrangement_A.wav,MP3_320kbps,0.0,1.0,1,0.9931,37.79,4.657,4.527,,0.9936,0.1919,0.3958,0.009517,1408.78,3953.12,0.0,4.5194
Similar_Trot_00138_Cover_Arrangement_A.wav,Resample_44100RT,0.0,1.0,1,0.9931,47.07,4.731,4.641,,0.9998,0.057,0.1336,0.009517,1408.78,3953.12,0.0,4.5194
Similar_Trot_00138_Cover_Arrangement_A.wav,Crop_10pct,0.0,1.0,1,0.7266,49.1,4.732,4.639,,0.9998,0.0204,0.0681,0.009517,1408.78,3953.12,0.0,4.5194
Similar_Trot_00138_Cover_Arrangement_A.wav,TSM_1.1x,1.0,-1.0,0,0.0,,3.801,1.169,,,,,0.009517,1408.78,3953.12,0.0,4.5194
Similar_Trot_00138_Cover_Arrangement_A.wav,AWGN_30dB,1.0,-1.0,0,0.0,29.96,4.51,3.777,,0.9859,0.4892,1.1662,0.009517,1408.78,3953.12,0.0,4.5194
Similar_Trot_00138_Cover_Arrangement_A.wav,Limiter,0.0,1.0,1,0.9931,49.11,4.732,4.641,,0.9998,0.0197,0.0654,0.009517,1408.78,3953.12,0.0,4.5194
Similar_Trot_00138_Cover_Arrangement_A.wav,Opus_32kbps,1.0,-1.0,0,0.0,19.18,4.686,4.288,,0.9644,0.5078,1.2576,0.009517,1408.78,3953.12,0.0,4.5194
Similar_Trot_00138_Cover_Arrangement_A.wav,AAC_128kbps,0.0,1.0,1,0.9514,35.39,4.731,4.622,,0.9985,0.1254,0.3545,0.009517,1408.78,3953.12,0.0,4.5194
Similar_Trot_00138_Cover_Arrangement_A.wav,TelephoneFilter,0.0,1.0,1,0.7639,-9.95,2.832,3.552,,0.1848,1.2571,1.5358,0.009517,1408.78,3953.12,0.0,4.5194
Similar_Trot_00138_Cover_Arrangement_A.wav,EnCodec_6kbps,1.0,-1.0,0,0.0,6.83,4.431,2.38,,0.5871,1.4488,2.3669,0.009517,1408.78,3953.12,0.0,4.5194
Similar_Trot_00138_Cover_Arrangement_A.wav,DAC,1.0,-1.0,0,0.0,-4.86,4.526,3.301,,0.3655,1.5633,2.2588,0.009517,1408.78,3953.12,0.0,4.5194
Similar_Trot_00138_Cover_Genre_A.wav,NoAttack,0.0,1.0,1,0.9583,49.13,4.732,4.643,,0.9999,0.0113,0.0399,0.02732,1844.63,3968.75,0.0,4.8435
Similar_Trot_00138_Cover_Genre_A.wav,MP3_128kbps,0.0,1.0,1,0.9653,34.93,4.676,4.477,,0.9906,0.1799,0.3611,0.02732,1844.63,3968.75,0.0,4.8435
Similar_Trot_00138_Cover_Genre_A.wav,MP3_320kbps,0.0,1.0,1,0.9653,34.96,4.676,4.477,,0.9907,0.1798,0.361,0.02732,1844.63,3968.75,0.0,4.8435
Similar_Trot_00138_Cover_Genre_A.wav,Resample_44100RT,0.0,1.0,1,0.9583,44.9,4.731,4.643,,0.9998,0.0497,0.1091,0.02732,1844.63,3968.75,0.0,4.8435
Similar_Trot_00138_Cover_Genre_A.wav,Crop_10pct,0.0,1.0,1,0.9141,49.12,4.732,4.643,,0.9999,0.0113,0.0398,0.02732,1844.63,3968.75,0.0,4.8435
Similar_Trot_00138_Cover_Genre_A.wav,TSM_1.1x,0.3333,0.3333,1,0.4931,,3.816,1.161,,,,,0.02732,1844.63,3968.75,0.0,4.8435
Similar_Trot_00138_Cover_Genre_A.wav,AWGN_30dB,1.0,-1.0,0,0.0,29.93,4.699,4.489,,0.9895,0.3202,0.8643,0.02732,1844.63,3968.75,0.0,4.8435
Similar_Trot_00138_Cover_Genre_A.wav,Limiter,0.0,1.0,1,0.9583,37.61,4.732,4.643,,0.9999,0.0139,0.0468,0.02732,1844.63,3968.75,0.0,4.8435
Similar_Trot_00138_Cover_Genre_A.wav,Opus_32kbps,1.0,-1.0,0,0.0,17.92,4.702,4.136,,0.9532,0.5102,1.3029,0.02732,1844.63,3968.75,0.0,4.8435
Similar_Trot_00138_Cover_Genre_A.wav,AAC_128kbps,0.0,1.0,1,0.875,33.25,4.731,4.598,,0.9983,0.1036,0.299,0.02732,1844.63,3968.75,0.0,4.8435
Similar_Trot_00138_Cover_Genre_A.wav,TelephoneFilter,1.0,-1.0,0,0.0,-9.52,2.667,3.538,,0.2237,1.2562,1.4858,0.02732,1844.63,3968.75,0.0,4.8435
Similar_Trot_00138_Cover_Genre_A.wav,EnCodec_6kbps,1.0,-1.0,0,0.0,6.34,4.442,2.403,,0.4979,1.4348,2.4123,0.02732,1844.63,3968.75,0.0,4.8435
Similar_Trot_00138_Cover_Genre_A.wav,DAC,1.0,-1.0,0,0.0,-1.97,4.548,3.382,,0.2466,1.5641,2.3187,0.02732,1844.63,3968.75,0.0,4.8435
Similar_Trot_00138_Cover_Instrument_A.wav,NoAttack,0.0,1.0,1,0.8403,49.28,4.732,4.635,,0.9999,0.013,0.0392,0.012912,1406.4,3593.75,0.0,5.6805
Similar_Trot_00138_Cover_Instrument_A.wav,MP3_128kbps,0.0,1.0,1,0.8403,37.86,4.651,4.509,,0.9948,0.1882,0.3682,0.012912,1406.4,3593.75,0.0,5.6805
Similar_Trot_00138_Cover_Instrument_A.wav,MP3_320kbps,0.0,1.0,1,0.8403,37.87,4.652,4.509,,0.9948,0.1877,0.3678,0.012912,1406.4,3593.75,0.0,5.6805
Similar_Trot_00138_Cover_Instrument_A.wav,Resample_44100RT,0.0,1.0,1,0.8403,47.42,4.73,4.635,,0.9999,0.0522,0.1085,0.012912,1406.4,3593.75,0.0,5.6805
Similar_Trot_00138_Cover_Instrument_A.wav,Crop_10pct,1.0,-1.0,0,0.0,49.38,4.732,4.634,,0.9999,0.0127,0.0382,0.012912,1406.4,3593.75,0.0,5.6805
Similar_Trot_00138_Cover_Instrument_A.wav,TSM_1.1x,0.5,0.0,1,0.4931,,3.513,1.103,,,,,0.012912,1406.4,3593.75,0.0,5.6805
Similar_Trot_00138_Cover_Instrument_A.wav,AWGN_30dB,1.0,-1.0,0,0.0,29.95,4.481,3.29,,0.9897,0.4135,0.9639,0.012912,1406.4,3593.75,0.0,5.6805
Similar_Trot_00138_Cover_Instrument_A.wav,Limiter,0.0,1.0,1,0.8403,49.28,4.732,4.635,,0.9999,0.013,0.0392,0.012912,1406.4,3593.75,0.0,5.6805
Similar_Trot_00138_Cover_Instrument_A.wav,Opus_32kbps,1.0,-1.0,0,0.0,17.51,4.674,4.362,,0.9625,0.491,1.1784,0.012912,1406.4,3593.75,0.0,5.6805
Similar_Trot_00138_Cover_Instrument_A.wav,AAC_128kbps,1.0,-1.0,0,0.0,35.29,4.73,4.622,,0.9987,0.1276,0.3346,0.012912,1406.4,3593.75,0.0,5.6805
Similar_Trot_00138_Cover_Instrument_A.wav,TelephoneFilter,1.0,-1.0,0,0.0,-17.69,2.822,3.551,,0.1634,1.2596,1.4218,0.012912,1406.4,3593.75,0.0,5.6805
Similar_Trot_00138_Cover_Instrument_A.wav,EnCodec_6kbps,1.0,-1.0,0,0.0,6.51,4.376,2.563,,0.5638,1.4204,2.1918,0.012912,1406.4,3593.75,0.0,5.6805
Similar_Trot_00138_Cover_Instrument_A.wav,DAC,1.0,-1.0,0,0.0,-0.75,4.533,3.296,,0.3325,1.5764,2.098,0.012912,1406.4,3593.75,0.0,5.6805
Similar_Trot_00138_Cover_Instrument_C.wav,NoAttack,0.0,1.0,1,0.9514,49.17,4.732,4.642,,0.9999,0.0147,0.0473,0.010806,1284.23,3203.12,0.0,5.7561
Similar_Trot_00138_Cover_Instrument_C.wav,MP3_128kbps,0.0,1.0,1,0.9653,38.29,4.642,4.517,,0.9949,0.184,0.367,0.010806,1284.23,3203.12,0.0,5.7561
Similar_Trot_00138_Cover_Instrument_C.wav,MP3_320kbps,0.0,1.0,1,0.9653,38.27,4.642,4.517,,0.9949,0.1842,0.3666,0.010806,1284.23,3203.12,0.0,5.7561
Similar_Trot_00138_Cover_Instrument_C.wav,Resample_44100RT,0.0,1.0,1,0.9514,47.61,4.73,4.64,,0.9998,0.054,0.1168,0.010806,1284.23,3203.12,0.0,5.7561
Similar_Trot_00138_Cover_Instrument_C.wav,Crop_10pct,1.0,-1.0,0,0.0,49.17,4.732,4.642,,0.9999,0.0146,0.0476,0.010806,1284.23,3203.12,0.0,5.7561
Similar_Trot_00138_Cover_Instrument_C.wav,TSM_1.1x,1.0,-1.0,0,0.0,,3.518,1.127,,,,,0.010806,1284.23,3203.12,0.0,5.7561
Similar_Trot_00138_Cover_Instrument_C.wav,AWGN_30dB,0.25,0.5,1,0.5764,29.97,4.475,3.51,,0.9887,0.4207,1.0105,0.010806,1284.23,3203.12,0.0,5.7561
Similar_Trot_00138_Cover_Instrument_C.wav,Limiter,0.0,1.0,1,0.9514,49.17,4.732,4.642,,0.9999,0.0147,0.0473,0.010806,1284.23,3203.12,0.0,5.7561
Similar_Trot_00138_Cover_Instrument_C.wav,Opus_32kbps,0.4583,0.0833,1,0.4444,18.08,4.664,4.233,,0.9646,0.4966,1.2231,0.010806,1284.23,3203.12,0.0,5.7561
Similar_Trot_00138_Cover_Instrument_C.wav,AAC_128kbps,0.0,1.0,1,0.9375,36.27,4.731,4.625,,0.9988,0.121,0.3298,0.010806,1284.23,3203.12,0.0,5.7561
Similar_Trot_00138_Cover_Instrument_C.wav,TelephoneFilter,1.0,-1.0,0,0.0,-18.88,2.692,3.522,,0.2426,1.2596,1.4616,0.010806,1284.23,3203.12,0.0,5.7561
Similar_Trot_00138_Cover_Instrument_C.wav,EnCodec_6kbps,0.25,0.5,1,0.5,7.74,4.372,2.582,,0.6097,1.4282,2.2477,0.010806,1284.23,3203.12,0.0,5.7561
Similar_Trot_00138_Cover_Instrument_C.wav,DAC,0.3333,0.3333,1,0.4444,-0.23,4.532,3.423,,0.3922,1.5736,2.1648,0.010806,1284.23,3203.12,0.0,5.7561
Similar_Trot_00138_Cover_Rhythm_A.wav,NoAttack,0.0,1.0,1,0.9931,49.03,4.732,4.568,,0.9998,0.0239,0.0739,0.012355,1678.65,3953.12,0.0,3.9069
Similar_Trot_00138_Cover_Rhythm_A.wav,MP3_128kbps,0.0,1.0,1,0.9931,29.15,4.59,4.181,,0.98,0.1945,0.3858,0.012355,1678.65,3953.12,0.0,3.9069
Similar_Trot_00138_Cover_Rhythm_A.wav,MP3_320kbps,0.0,1.0,1,0.9931,29.14,4.588,4.192,,0.9797,0.1941,0.3847,0.012355,1678.65,3953.12,0.0,3.9069
Similar_Trot_00138_Cover_Rhythm_A.wav,Resample_44100RT,0.0,1.0,1,0.9931,42.54,4.73,4.568,,0.9997,0.0628,0.1396,0.012355,1678.65,3953.12,0.0,3.9069
Similar_Trot_00138_Cover_Rhythm_A.wav,Crop_10pct,0.0,1.0,1,0.6484,48.99,4.732,4.581,,0.9998,0.0231,0.0727,0.012355,1678.65,3953.12,0.0,3.9069
Similar_Trot_00138_Cover_Rhythm_A.wav,TSM_1.1x,1.0,-1.0,0,0.0,,3.71,1.087,,,,,0.012355,1678.65,3953.12,0.0,3.9069
Similar_Trot_00138_Cover_Rhythm_A.wav,AWGN_30dB,1.0,-1.0,0,0.0,29.98,4.678,3.079,,0.9835,0.4225,1.0469,0.012355,1678.65,3953.12,0.0,3.9069
Similar_Trot_00138_Cover_Rhythm_A.wav,Limiter,0.0,1.0,1,0.9931,44.78,4.732,4.567,,0.9997,0.0256,0.0774,0.012355,1678.65,3953.12,0.0,3.9069
Similar_Trot_00138_Cover_Rhythm_A.wav,Opus_32kbps,1.0,-1.0,0,0.0,19.04,4.677,3.977,,0.9606,0.4744,1.1652,0.012355,1678.65,3953.12,0.0,3.9069
Similar_Trot_00138_Cover_Rhythm_A.wav,AAC_128kbps,0.0,1.0,1,0.9722,34.02,4.729,4.181,,0.9978,0.1434,0.3846,0.012355,1678.65,3953.12,0.0,3.9069
Similar_Trot_00138_Cover_Rhythm_A.wav,TelephoneFilter,1.0,-1.0,0,0.0,-16.4,2.551,2.64,,0.1083,1.266,1.4836,0.012355,1678.65,3953.12,0.0,3.9069
Similar_Trot_00138_Cover_Rhythm_A.wav,EnCodec_6kbps,1.0,-1.0,0,0.0,9.83,4.474,2.195,,0.5621,1.45,2.2561,0.012355,1678.65,3953.12,0.0,3.9069
Similar_Trot_00138_Cover_Rhythm_A.wav,DAC,0.25,0.5,1,0.4236,2.2,4.584,3.057,,0.358,1.5746,2.1823,0.012355,1678.65,3953.12,0.0,3.9069
Similar_Trot_00138_Cover_Tempo_B.wav,NoAttack,0.0,1.0,1,0.9653,49.13,4.732,4.644,,0.9999,0.0125,0.0413,0.011608,1313.31,3265.62,0.0,5.9973
Similar_Trot_00138_Cover_Tempo_B.wav,MP3_128kbps,0.0,1.0,1,0.9653,38.04,4.634,4.514,,0.9947,0.1822,0.3562,0.011608,1313.31,3265.62,0.0,5.9973
Similar_Trot_00138_Cover_Tempo_B.wav,MP3_320kbps,0.0,1.0,1,0.9583,38.03,4.634,4.514,,0.9947,0.1818,0.3557,0.011608,1313.31,3265.62,0.0,5.9973
Similar_Trot_00138_Cover_Tempo_B.wav,Resample_44100RT,0.0,1.0,1,0.9653,47.55,4.729,4.641,,0.9999,0.0521,0.1095,0.011608,1313.31,3265.62,0.0,5.9973
Similar_Trot_00138_Cover_Tempo_B.wav,Crop_10pct,0.0,1.0,1,0.8828,49.12,4.732,4.644,,0.9999,0.0127,0.0417,0.011608,1313.31,3265.62,0.0,5.9973
Similar_Trot_00138_Cover_Tempo_B.wav,TSM_1.1x,1.0,-1.0,0,0.0,,3.479,1.121,,,,,0.011608,1313.31,3265.62,0.0,5.9973
Similar_Trot_00138_Cover_Tempo_B.wav,AWGN_30dB,1.0,-1.0,0,0.0,29.93,4.48,3.565,,0.9892,0.3926,0.9581,0.011608,1313.31,3265.62,0.0,5.9973
Similar_Trot_00138_Cover_Tempo_B.wav,Limiter,0.0,1.0,1,0.9653,49.13,4.732,4.644,,0.9999,0.0125,0.0413,0.011608,1313.31,3265.62,0.0,5.9973
Similar_Trot_00138_Cover_Tempo_B.wav,Opus_32kbps,0.5417,-0.0833,1,0.4722,17.99,4.662,4.354,,0.9656,0.4783,1.1838,0.011608,1313.31,3265.62,0.0,5.9973
Similar_Trot_00138_Cover_Tempo_B.wav,AAC_128kbps,0.0,1.0,1,0.9028,35.31,4.73,4.628,,0.9987,0.1184,0.3236,0.011608,1313.31,3265.62,0.0,5.9973
Similar_Trot_00138_Cover_Tempo_B.wav,TelephoneFilter,1.0,-1.0,0,0.0,-17.9,2.683,3.528,,0.238,1.2594,1.4494,0.011608,1313.31,3265.62,0.0,5.9973
Similar_Trot_00138_Cover_Tempo_B.wav,EnCodec_6kbps,1.0,-1.0,0,0.0,7.57,4.338,2.691,,0.6071,1.4195,2.2406,0.011608,1313.31,3265.62,0.0,5.9973
Similar_Trot_00138_Cover_Tempo_B.wav,DAC,1.0,-1.0,0,0.0,-0.36,4.528,3.49,,0.3868,1.5757,2.1465,0.011608,1313.31,3265.62,0.0,5.9973
Similar_Trot_00138_Cover_Tempo_D.wav,NoAttack,0.0,1.0,1,0.9514,49.07,4.732,4.644,,0.9999,0.0106,0.036,0.01435,1410.66,3671.88,0.0,5.7239
Similar_Trot_00138_Cover_Tempo_D.wav,MP3_128kbps,0.0,1.0,1,0.9375,36.51,4.657,4.497,,0.9936,0.1788,0.3516,0.01435,1410.66,3671.88,0.0,5.7239
Similar_Trot_00138_Cover_Tempo_D.wav,MP3_320kbps,0.0,1.0,1,0.9375,36.51,4.657,4.497,,0.9936,0.1789,0.3521,0.01435,1410.66,3671.88,0.0,5.7239
Similar_Trot_00138_Cover_Tempo_D.wav,Resample_44100RT,0.0,1.0,1,0.9514,47.03,4.73,4.642,,0.9999,0.0494,0.105,0.01435,1410.66,3671.88,0.0,5.7239
Similar_Trot_00138_Cover_Tempo_D.wav,Crop_10pct,0.0,1.0,1,0.6406,49.07,4.732,4.644,,0.9999,0.0104,0.0345,0.01435,1410.66,3671.88,0.0,5.7239
Similar_Trot_00138_Cover_Tempo_D.wav,TSM_1.1x,1.0,-1.0,0,0.0,,3.558,1.757,,,,,0.01435,1410.66,3671.88,0.0,5.7239
Similar_Trot_00138_Cover_Tempo_D.wav,AWGN_30dB,1.0,-1.0,0,0.0,29.95,4.583,3.969,,0.9903,0.3446,0.8683,0.01435,1410.66,3671.88,0.0,5.7239
Similar_Trot_00138_Cover_Tempo_D.wav,Limiter,0.0,1.0,1,0.9514,49.07,4.732,4.644,,0.9999,0.0106,0.036,0.01435,1410.66,3671.88,0.0,5.7239
Similar_Trot_00138_Cover_Tempo_D.wav,Opus_32kbps,1.0,-1.0,0,0.0,17.68,4.678,4.315,,0.9643,0.4632,1.1744,0.01435,1410.66,3671.88,0.0,5.7239
Similar_Trot_00138_Cover_Tempo_D.wav,AAC_128kbps,0.0,1.0,1,0.8611,35.18,4.731,4.631,,0.9989,0.1049,0.2932,0.01435,1410.66,3671.88,0.0,5.7239
Similar_Trot_00138_Cover_Tempo_D.wav,TelephoneFilter,1.0,-1.0,0,0.0,-17.32,2.657,3.481,,0.2147,1.2597,1.4442,0.01435,1410.66,3671.88,0.0,5.7239
Similar_Trot_00138_Cover_Tempo_D.wav,EnCodec_6kbps,1.0,-1.0,0,0.0,7.29,4.366,2.544,,0.5839,1.4218,2.2808,0.01435,1410.66,3671.88,0.0,5.7239
Similar_Trot_00138_Cover_Tempo_D.wav,DAC,1.0,-1.0,0,0.0,-0.56,4.533,3.407,,0.3647,1.5754,2.1951,0.01435,1410.66,3671.88,0.0,5.7239
Similar_Trot_00138_Cover_Timbre_A.wav,NoAttack,0.0,1.0,1,0.9792,49.09,4.732,4.642,,0.9998,0.0184,0.0596,0.008573,1273.81,2937.5,0.0,5.0808
Similar_Trot_00138_Cover_Timbre_A.wav,MP3_128kbps,0.0,1.0,1,0.9861,39.63,4.673,4.514,,0.9948,0.1883,0.3794,0.008573,1273.81,2937.5,0.0,5.0808
Similar_Trot_00138_Cover_Timbre_A.wav,MP3_320kbps,0.0,1.0,1,0.9861,39.62,4.673,4.514,,0.9948,0.1879,0.3788,0.008573,1273.81,2937.5,0.0,5.0808
Similar_Trot_00138_Cover_Timbre_A.wav,Resample_44100RT,0.0,1.0,1,0.9792,47.9,4.73,4.638,,0.9998,0.0573,0.1279,0.008573,1273.81,2937.5,0.0,5.0808
Similar_Trot_00138_Cover_Timbre_A.wav,Crop_10pct,0.0,1.0,1,0.9844,49.03,4.732,4.644,,0.9998,0.0185,0.0597,0.008573,1273.81,2937.5,0.0,5.0808
Similar_Trot_00138_Cover_Timbre_A.wav,TSM_1.1x,1.0,-1.0,0,0.0,,3.405,1.131,,,,,0.008573,1273.81,2937.5,0.0,5.0808
Similar_Trot_00138_Cover_Timbre_A.wav,AWGN_30dB,0.125,0.75,1,0.5694,29.94,4.477,3.214,,0.9851,0.4757,1.12,0.008573,1273.81,2937.5,0.0,5.0808
Similar_Trot_00138_Cover_Timbre_A.wav,Limiter,0.0,1.0,1,0.9792,49.09,4.732,4.642,,0.9998,0.0184,0.0596,0.008573,1273.81,2937.5,0.0,5.0808
Similar_Trot_00138_Cover_Timbre_A.wav,Opus_32kbps,1.0,-1.0,0,0.0,19.19,4.699,4.262,,0.9642,0.5112,1.2361,0.008573,1273.81,2937.5,0.0,5.0808
Similar_Trot_00138_Cover_Timbre_A.wav,AAC_128kbps,0.0,1.0,1,0.9514,33.05,4.731,4.615,,0.9978,0.1269,0.3425,0.008573,1273.81,2937.5,0.0,5.0808
Similar_Trot_00138_Cover_Timbre_A.wav,TelephoneFilter,0.2917,0.4167,1,0.4514,-27.62,2.802,3.457,,0.2472,1.2595,1.4679,0.008573,1273.81,2937.5,0.0,5.0808
Similar_Trot_00138_Cover_Timbre_A.wav,EnCodec_6kbps,1.0,-1.0,0,0.0,9.4,4.503,2.63,,0.6176,1.4376,2.235,0.008573,1273.81,2937.5,0.0,5.0808
Similar_Trot_00138_Cover_Timbre_A.wav,DAC,0.375,0.25,1,0.4583,1.75,4.564,3.523,,0.4206,1.5718,2.1345,0.008573,1273.81,2937.5,0.0,5.0808
Similar_Trot_00138_Cover_Timbre_C.wav,NoAttack,0.0,1.0,1,0.9514,49.16,4.732,4.644,,0.9999,0.015,0.048,0.010483,1270.22,3187.5,0.0,5.3447
Similar_Trot_00138_Cover_Timbre_C.wav,MP3_128kbps,0.0,1.0,1,0.9444,38.36,4.635,4.516,,0.995,0.1847,0.3692,0.010483,1270.22,3187.5,0.0,5.3447
Similar_Trot_00138_Cover_Timbre_C.wav,MP3_320kbps,0.0,1.0,1,0.9444,38.38,4.634,4.516,,0.995,0.185,0.3682,0.010483,1270.22,3187.5,0.0,5.3447
Similar_Trot_00138_Cover_Timbre_C.wav,Resample_44100RT,0.0,1.0,1,0.9514,47.66,4.729,4.642,,0.9998,0.0536,0.1154,0.010483,1270.22,3187.5,0.0,5.3447
Similar_Trot_00138_Cover_Timbre_C.wav,Crop_10pct,0.0833,0.8333,1,0.6172,49.12,4.732,4.644,,0.9999,0.0147,0.0474,0.010483,1270.22,3187.5,0.0,5.3447
Similar_Trot_00138_Cover_Timbre_C.wav,TSM_1.1x,1.0,-1.0,0,0.0,,3.468,1.109,,,,,0.010483,1270.22,3187.5,0.0,5.3447
Similar_Trot_00138_Cover_Timbre_C.wav,AWGN_30dB,1.0,-1.0,0,0.0,29.94,4.463,3.419,,0.9887,0.4233,1.0138,0.010483,1270.22,3187.5,0.0,5.3447
Similar_Trot_00138_Cover_Timbre_C.wav,Limiter,0.0,1.0,1,0.9514,49.16,4.732,4.644,,0.9999,0.015,0.048,0.010483,1270.22,3187.5,0.0,5.3447
Similar_Trot_00138_Cover_Timbre_C.wav,Opus_32kbps,0.5417,-0.0833,1,0.4861,17.77,4.654,4.23,,0.9662,0.4803,1.1941,0.010483,1270.22,3187.5,0.0,5.3447
Similar_Trot_00138_Cover_Timbre_C.wav,AAC_128kbps,0.0,1.0,1,0.8958,36.22,4.73,4.63,,0.9988,0.1225,0.3331,0.010483,1270.22,3187.5,0.0,5.3447
Similar_Trot_00138_Cover_Timbre_C.wav,TelephoneFilter,1.0,-1.0,0,0.0,-18.78,2.713,3.465,,0.2405,1.2594,1.4749,0.010483,1270.22,3187.5,0.0,5.3447
Similar_Trot_00138_Cover_Timbre_C.wav,EnCodec_6kbps,1.0,-1.0,0,0.0,7.66,4.342,2.6,,0.6171,1.4188,2.2463,0.010483,1270.22,3187.5,0.0,5.3447
Similar_Trot_00138_Cover_Timbre_C.wav,DAC,1.0,-1.0,0,0.0,-0.08,4.488,3.462,,0.3981,1.5738,2.1487,0.010483,1270.22,3187.5,0.0,5.3447
Similar_Trot_00138_Org.wav,NoAttack,0.0,1.0,1,0.9861,49.09,4.732,4.643,,0.9999,0.0164,0.0547,0.015683,1570.75,3921.88,0.0,7.0273
Similar_Trot_00138_Org.wav,MP3_128kbps,0.0,1.0,1,0.9861,32.66,4.512,4.493,,0.9886,0.1857,0.3773,0.015683,1570.75,3921.88,0.0,7.0273
Similar_Trot_00138_Org.wav,MP3_320kbps,0.0,1.0,1,0.9861,32.66,4.512,4.493,,0.9886,0.1855,0.3768,0.015683,1570.75,3921.88,0.0,7.0273
Similar_Trot_00138_Org.wav,Resample_44100RT,0.0,1.0,1,0.9861,44.51,4.729,4.636,,0.9998,0.0557,0.1246,0.015683,1570.75,3921.88,0.0,7.0273
Similar_Trot_00138_Org.wav,Crop_10pct,0.0,1.0,1,0.9922,49.28,4.732,4.643,,0.9998,0.017,0.0568,0.015683,1570.75,3921.88,0.0,7.0273
Similar_Trot_00138_Org.wav,TSM_1.1x,0.625,-0.25,1,0.4653,,3.906,1.053,,,,,0.015683,1570.75,3921.88,0.0,7.0273
Similar_Trot_00138_Org.wav,AWGN_30dB,1.0,-1.0,0,0.0,29.96,4.596,4.135,,0.9873,0.4181,1.0299,0.015683,1570.75,3921.88,0.0,7.0273
Similar_Trot_00138_Org.wav,Limiter,0.0,1.0,1,0.9861,49.09,4.732,4.643,,0.9999,0.0164,0.0547,0.015683,1570.75,3921.88,0.0,7.0273
Similar_Trot_00138_Org.wav,Opus_32kbps,1.0,-1.0,0,0.0,18.09,4.639,4.316,,0.9551,0.5245,1.2938,0.015683,1570.75,3921.88,0.0,7.0273
Similar_Trot_00138_Org.wav,AAC_128kbps,0.0,1.0,1,0.9688,32.53,4.729,4.629,,0.9981,0.1191,0.3374,0.015683,1570.75,3921.88,0.0,7.0273
Similar_Trot_00138_Org.wav,TelephoneFilter,0.0,1.0,1,0.7222,-4.92,2.775,3.594,,0.2303,1.2565,1.5096,0.015683,1570.75,3921.88,0.0,7.0273
Similar_Trot_00138_Org.wav,EnCodec_6kbps,1.0,-1.0,0,0.0,5.06,4.262,1.135,,0.5493,1.4536,2.3813,0.015683,1570.75,3921.88,0.0,7.0273
Similar_Trot_00138_Org.wav,DAC,1.0,-1.0,0,0.0,-10.0,4.499,3.45,,0.2829,1.5669,2.2566,0.015683,1570.75,3921.88,0.0,7.0273
Similar_Trot_00162_Cover_Arrangement_A.wav,NoAttack,0.0,1.0,1,1.0,48.98,4.732,4.635,,0.9997,0.0295,0.0998,0.008959,1242.54,2187.5,0.0,4.7906
Similar_Trot_00162_Cover_Arrangement_A.wav,MP3_128kbps,0.0,1.0,1,1.0,34.84,4.493,4.469,,0.9908,0.2004,0.4223,0.008959,1242.54,2187.5,0.0,4.7906
Similar_Trot_00162_Cover_Arrangement_A.wav,MP3_320kbps,0.0,1.0,1,1.0,34.84,4.492,4.47,,0.9908,0.2008,0.4217,0.008959,1242.54,2187.5,0.0,4.7906
Similar_Trot_00162_Cover_Arrangement_A.wav,Resample_44100RT,0.0,1.0,1,1.0,45.45,4.725,4.631,,0.9996,0.0682,0.1711,0.008959,1242.54,2187.5,0.0,4.7906
Similar_Trot_00162_Cover_Arrangement_A.wav,Crop_10pct,0.0,1.0,1,0.9766,48.99,4.732,4.635,,0.9997,0.0296,0.1007,0.008959,1242.54,2187.5,0.0,4.7906
Similar_Trot_00162_Cover_Arrangement_A.wav,TSM_1.1x,1.0,-1.0,0,0.0,,3.475,1.126,,,,,0.008959,1242.54,2187.5,0.0,4.7906
Similar_Trot_00162_Cover_Arrangement_A.wav,AWGN_30dB,1.0,-1.0,0,0.0,29.96,4.515,3.948,,0.9826,0.5295,1.3011,0.008959,1242.54,2187.5,0.0,4.7906
Similar_Trot_00162_Cover_Arrangement_A.wav,Limiter,0.0,1.0,1,1.0,48.98,4.732,4.635,,0.9997,0.0295,0.0998,0.008959,1242.54,2187.5,0.0,4.7906
Similar_Trot_00162_Cover_Arrangement_A.wav,Opus_32kbps,1.0,-1.0,0,0.0,20.28,4.642,4.308,,0.9715,0.4932,1.2687,0.008959,1242.54,2187.5,0.0,4.7906
Similar_Trot_00162_Cover_Arrangement_A.wav,AAC_128kbps,0.0,1.0,1,0.9722,36.77,4.73,4.608,,0.9987,0.1307,0.3803,0.008959,1242.54,2187.5,0.0,4.7906
Similar_Trot_00162_Cover_Arrangement_A.wav,TelephoneFilter,1.0,-1.0,0,0.0,-27.15,2.562,3.609,,0.2927,1.2665,1.5895,0.008959,1242.54,2187.5,0.0,4.7906
Similar_Trot_00162_Cover_Arrangement_A.wav,EnCodec_6kbps,0.4583,0.0833,1,0.4653,9.44,4.251,1.749,,0.6663,1.4488,2.361,0.008959,1242.54,2187.5,0.0,4.7906
Similar_Trot_00162_Cover_Arrangement_A.wav,DAC,0.4167,0.1667,1,0.4792,0.89,4.423,3.128,,0.4587,1.5646,2.2721,0.008959,1242.54,2187.5,0.0,4.7906
Similar_Trot_00162_Cover_Genre_A.wav,NoAttack,0.0,1.0,1,0.9722,49.09,4.732,4.644,,0.9999,0.014,0.0475,0.025537,1791.9,5640.62,0.0,7.2927
Similar_Trot_00162_Cover_Genre_A.wav,MP3_128kbps,0.0,1.0,1,0.9653,31.37,4.586,4.399,,0.9893,0.1834,0.364,0.025537,1791.9,5640.62,0.0,7.2927
Similar_Trot_00162_Cover_Genre_A.wav,MP3_320kbps,0.0,1.0,1,0.9653,31.36,4.586,4.4,,0.9893,0.1832,0.3643,0.025537,1791.9,5640.62,0.0,7.2927
Similar_Trot_00162_Cover_Genre_A.wav,Resample_44100RT,0.0,1.0,1,0.9722,42.14,4.728,4.643,,0.9998,0.054,0.1127,0.025537,1791.9,5640.62,0.0,7.2927
Similar_Trot_00162_Cover_Genre_A.wav,Crop_10pct,0.0,1.0,1,0.8984,49.06,4.732,4.644,,0.9999,0.0142,0.048,0.025537,1791.9,5640.62,0.0,7.2927
Similar_Trot_00162_Cover_Genre_A.wav,TSM_1.1x,0.3333,0.3333,1,0.4444,,3.317,1.122,,,,,0.025537,1791.9,5640.62,0.0,7.2927
Similar_Trot_00162_Cover_Genre_A.wav,AWGN_30dB,0.125,0.75,1,0.6042,29.97,4.602,4.051,,0.9902,0.3629,0.8938,0.025537,1791.9,5640.62,0.0,7.2927
Similar_Trot_00162_Cover_Genre_A.wav,Limiter,0.0,1.0,1,0.9722,49.09,4.732,4.644,,0.9999,0.014,0.0475,0.025537,1791.9,5640.62,0.0,7.2927
Similar_Trot_00162_Cover_Genre_A.wav,Opus_32kbps,1.0,-1.0,0,0.0,17.63,4.657,4.275,,0.9604,0.4876,1.1923,0.025537,1791.9,5640.62,0.0,7.2927
Similar_Trot_00162_Cover_Genre_A.wav,AAC_128kbps,0.0,1.0,1,0.8819,31.97,4.726,4.452,,0.998,0.1338,0.3632,0.025537,1791.9,5640.62,0.0,7.2927
Similar_Trot_00162_Cover_Genre_A.wav,TelephoneFilter,1.0,-1.0,0,0.0,-16.4,2.79,2.915,,0.1182,1.2641,1.4584,0.025537,1791.9,5640.62,0.0,7.2927
Similar_Trot_00162_Cover_Genre_A.wav,EnCodec_6kbps,1.0,-1.0,0,0.0,5.27,4.352,2.287,,0.5002,1.4402,2.2353,0.025537,1791.9,5640.62,0.0,7.2927
Similar_Trot_00162_Cover_Genre_A.wav,DAC,0.4583,0.0833,1,0.5069,-0.69,4.547,3.204,,0.3035,1.5674,2.1439,0.025537,1791.9,5640.62,0.0,7.2927
Similar_Trot_00162_Cover_Instrument_A.wav,NoAttack,0.0,1.0,1,1.0,49.0,4.732,4.624,,0.9997,0.0357,0.1194,0.010027,1276.51,3078.12,0.0,5.244
Similar_Trot_00162_Cover_Instrument_A.wav,MP3_128kbps,0.0,1.0,1,1.0,36.86,4.634,4.485,,0.9934,0.2061,0.4459,0.010027,1276.51,3078.12,0.0,5.244
Similar_Trot_00162_Cover_Instrument_A.wav,MP3_320kbps,0.0,1.0,1,1.0,36.85,4.634,4.486,,0.9934,0.2058,0.4451,0.010027,1276.51,3078.12,0.0,5.244
Similar_Trot_00162_Cover_Instrument_A.wav,Resample_44100RT,0.0,1.0,1,1.0,47.2,4.73,4.622,,0.9996,0.0736,0.1898,0.010027,1276.51,3078.12,0.0,5.244
Similar_Trot_00162_Cover_Instrument_A.wav,Crop_10pct,0.0,1.0,1,0.7734,48.93,4.731,4.621,,0.9997,0.0362,0.1219,0.010027,1276.51,3078.12,0.0,5.244
Similar_Trot_00162_Cover_Instrument_A.wav,TSM_1.1x,1.0,-1.0,0,0.0,,3.696,1.174,,,,,0.010027,1276.51,3078.12,0.0,5.244
Similar_Trot_00162_Cover_Instrument_A.wav,AWGN_30dB,1.0,-1.0,0,0.0,29.94,4.486,3.435,,0.982,0.6032,1.4261,0.010027,1276.51,3078.12,0.0,5.244
Similar_Trot_00162_Cover_Instrument_A.wav,Limiter,0.0,1.0,1,1.0,29.23,4.722,4.623,,0.9994,0.0416,0.1368,0.010027,1276.51,3078.12,0.0,5.244
Similar_Trot_00162_Cover_Instrument_A.wav,Opus_32kbps,0.0833,0.8333,1,0.5833,20.28,4.694,4.301,,0.9723,0.5161,1.3171,0.010027,1276.51,3078.12,0.0,5.244
Similar_Trot_00162_Cover_Instrument_A.wav,AAC_128kbps,0.0,1.0,1,0.9931,31.7,4.719,4.498,,0.9984,0.138,0.4027,0.010027,1276.51,3078.12,0.0,5.244
Similar_Trot_00162_Cover_Instrument_A.wav,TelephoneFilter,0.0417,0.9167,1,0.6042,-15.15,2.568,3.568,,0.2103,1.2651,1.6075,0.010027,1276.51,3078.12,0.0,5.244
Similar_Trot_00162_Cover_Instrument_A.wav,EnCodec_6kbps,1.0,-1.0,0,0.0,8.76,4.425,2.427,,0.6479,1.4498,2.4492,0.010027,1276.51,3078.12,0.0,5.244
Similar_Trot_00162_Cover_Instrument_A.wav,DAC,1.0,-1.0,0,0.0,0.18,4.566,3.429,,0.4046,1.5689,2.3592,0.010027,1276.51,3078.12,0.0,5.244
Similar_Trot_00162_Cover_Instrument_C.wav,NoAttack,0.0,1.0,1,1.0,48.92,4.732,4.615,,0.9997,0.0355,0.1192,0.011756,1408.2,3515.62,0.001595,6.2788
Similar_Trot_00162_Cover_Instrument_C.wav,MP3_128kbps,0.0,1.0,1,1.0,35.28,4.586,4.477,,0.9918,0.2048,0.441,0.011756,1408.2,3515.62,0.001595,6.2788
Similar_Trot_00162_Cover_Instrument_C.wav,MP3_320kbps,0.0,1.0,1,1.0,35.27,4.586,4.477,,0.9917,0.2048,0.4409,0.011756,1408.2,3515.62,0.001595,6.2788
Similar_Trot_00162_Cover_Instrument_C.wav,Resample_44100RT,0.0,1.0,1,1.0,46.46,4.728,4.614,,0.9996,0.0732,0.1904,0.011756,1408.2,3515.62,0.001595,6.2788
Similar_Trot_00162_Cover_Instrument_C.wav,Crop_10pct,0.0,1.0,1,0.9141,49.01,4.732,4.617,,0.9997,0.0342,0.1134,0.011756,1408.2,3515.62,0.001595,6.2788
Similar_Trot_00162_Cover_Instrument_C.wav,TSM_1.1x,1.0,-1.0,0,0.0,,3.657,1.177,,,,,0.011756,1408.2,3515.62,0.001595,6.2788
Similar_Trot_00162_Cover_Instrument_C.wav,AWGN_30dB,0.0417,0.9167,1,0.5556,29.97,4.477,3.507,,0.9818,0.5832,1.3786,0.011756,1408.2,3515.62,0.001595,6.2788
Similar_Trot_00162_Cover_Instrument_C.wav,Limiter,0.0,1.0,1,1.0,29.96,4.728,4.612,,0.9994,0.0393,0.1313,0.011756,1408.2,3515.62,0.001595,6.2788
Similar_Trot_00162_Cover_Instrument_C.wav,Opus_32kbps,1.0,-1.0,0,0.0,19.87,4.688,4.212,,0.9663,0.5437,1.3613,0.011756,1408.2,3515.62,0.001595,6.2788
Similar_Trot_00162_Cover_Instrument_C.wav,AAC_128kbps,0.0,1.0,1,0.9861,31.72,4.727,4.564,,0.9981,0.1356,0.3949,0.011756,1408.2,3515.62,0.001595,6.2788
Similar_Trot_00162_Cover_Instrument_C.wav,TelephoneFilter,1.0,-1.0,0,0.0,-11.63,2.678,3.627,,0.1825,1.2732,1.6175,0.011756,1408.2,3515.62,0.001595,6.2788
Similar_Trot_00162_Cover_Instrument_C.wav,EnCodec_6kbps,1.0,-1.0,0,0.0,8.09,4.362,2.433,,0.6097,1.4576,2.4418,0.011756,1408.2,3515.62,0.001595,6.2788
Similar_Trot_00162_Cover_Instrument_C.wav,DAC,1.0,-1.0,0,0.0,-0.9,4.563,3.478,,0.3802,1.5677,2.3459,0.011756,1408.2,3515.62,0.001595,6.2788
Similar_Trot_00162_Cover_Rhythm_B.wav,NoAttack,0.0,1.0,1,0.9514,49.08,4.732,4.642,,0.9999,0.0155,0.0523,0.031036,1807.34,5906.25,0.0,7.5556
Similar_Trot_00162_Cover_Rhythm_B.wav,MP3_128kbps,0.0,1.0,1,0.9514,30.16,4.575,4.356,,0.9866,0.1845,0.356,0.031036,1807.34,5906.25,0.0,7.5556
Similar_Trot_00162_Cover_Rhythm_B.wav,MP3_320kbps,0.0,1.0,1,0.9514,30.13,4.575,4.356,,0.9867,0.1844,0.3571,0.031036,1807.34,5906.25,0.0,7.5556
Similar_Trot_00162_Cover_Rhythm_B.wav,Resample_44100RT,0.0,1.0,1,0.9514,41.03,4.727,4.641,,0.9998,0.0552,0.1171,0.031036,1807.34,5906.25,0.0,7.5556
Similar_Trot_00162_Cover_Rhythm_B.wav,Crop_10pct,0.0,1.0,1,0.8672,49.04,4.732,4.644,,0.9999,0.0152,0.0522,0.031036,1807.34,5906.25,0.0,7.5556
Similar_Trot_00162_Cover_Rhythm_B.wav,TSM_1.1x,1.0,-1.0,0,0.0,,3.23,1.076,,,,,0.031036,1807.34,5906.25,0.0,7.5556
Similar_Trot_00162_Cover_Rhythm_B.wav,AWGN_30dB,0.5,0.0,1,0.5347,29.96,4.609,3.915,,0.9895,0.3688,0.9148,0.031036,1807.34,5906.25,0.0,7.5556
Similar_Trot_00162_Cover_Rhythm_B.wav,Limiter,0.0,1.0,1,0.9514,49.08,4.732,4.642,,0.9999,0.0155,0.0523,0.031036,1807.34,5906.25,0.0,7.5556
Similar_Trot_00162_Cover_Rhythm_B.wav,Opus_32kbps,1.0,-1.0,0,0.0,17.17,4.672,4.086,,0.9608,0.4419,1.1033,0.031036,1807.34,5906.25,0.0,7.5556
Similar_Trot_00162_Cover_Rhythm_B.wav,AAC_128kbps,0.0,1.0,1,0.8472,32.67,4.729,4.606,,0.9984,0.1225,0.3335,0.031036,1807.34,5906.25,0.0,7.5556
Similar_Trot_00162_Cover_Rhythm_B.wav,TelephoneFilter,1.0,-1.0,0,0.0,-25.67,2.721,2.552,,0.1046,1.2567,1.4392,0.031036,1807.34,5906.25,0.0,7.5556
Similar_Trot_00162_Cover_Rhythm_B.wav,EnCodec_6kbps,1.0,-1.0,0,0.0,5.31,4.253,2.16,,0.4782,1.4451,2.1798,0.031036,1807.34,5906.25,0.0,7.5556
Similar_Trot_00162_Cover_Rhythm_B.wav,DAC,1.0,-1.0,0,0.0,0.64,4.511,3.24,,0.327,1.5657,2.0892,0.031036,1807.34,5906.25,0.0,7.5556
Similar_Trot_00162_Cover_Tempo_A.wav,NoAttack,0.0,1.0,1,1.0,48.94,4.732,4.633,,0.9996,0.0353,0.1196,0.012219,1340.74,2953.12,0.0,6.9822
Similar_Trot_00162_Cover_Tempo_A.wav,MP3_128kbps,0.0,1.0,1,1.0,37.72,4.519,4.513,,0.9938,0.2087,0.4606,0.012219,1340.74,2953.12,0.0,6.9822
Similar_Trot_00162_Cover_Tempo_A.wav,MP3_320kbps,0.0,1.0,1,1.0,37.72,4.519,4.513,,0.9938,0.2087,0.4606,0.012219,1340.74,2953.12,0.0,6.9822
Similar_Trot_00162_Cover_Tempo_A.wav,Resample_44100RT,0.0,1.0,1,1.0,46.54,4.72,4.633,,0.9996,0.0735,0.189,0.012219,1340.74,2953.12,0.0,6.9822
Similar_Trot_00162_Cover_Tempo_A.wav,Crop_10pct,0.0,1.0,1,0.8906,48.9,4.732,4.633,,0.9996,0.0341,0.1146,0.012219,1340.74,2953.12,0.0,6.9822
Similar_Trot_00162_Cover_Tempo_A.wav,TSM_1.1x,1.0,-1.0,0,0.0,,3.551,1.184,,,,,0.012219,1340.74,2953.12,0.0,6.9822
Similar_Trot_00162_Cover_Tempo_A.wav,AWGN_30dB,1.0,-1.0,0,0.0,29.93,4.349,3.552,,0.9812,0.6377,1.4943,0.012219,1340.74,2953.12,0.0,6.9822
Similar_Trot_00162_Cover_Tempo_A.wav,Limiter,0.0,1.0,1,1.0,38.37,4.731,4.633,,0.9996,0.0368,0.123,0.012219,1340.74,2953.12,0.0,6.9822
Similar_Trot_00162_Cover_Tempo_A.wav,Opus_32kbps,1.0,-1.0,0,0.0,18.97,4.646,4.18,,0.9678,0.5682,1.435,0.012219,1340.74,2953.12,0.0,6.9822
Similar_Trot_00162_Cover_Tempo_A.wav,AAC_128kbps,0.0,1.0,1,0.9653,35.68,4.729,4.609,,0.9983,0.1411,0.4133,0.012219,1340.74,2953.12,0.0,6.9822
Similar_Trot_00162_Cover_Tempo_A.wav,TelephoneFilter,0.0,1.0,1,0.7222,-13.34,2.628,3.791,,0.1855,1.2697,1.6172,0.012219,1340.74,2953.12,0.0,6.9822
Similar_Trot_00162_Cover_Tempo_A.wav,EnCodec_6kbps,1.0,-1.0,0,0.0,8.37,4.364,2.324,,0.623,1.4447,2.459,0.012219,1340.74,2953.12,0.0,6.9822
Similar_Trot_00162_Cover_Tempo_A.wav,DAC,0.5833,-0.1667,1,0.4444,0.08,4.534,3.616,,0.3626,1.5638,2.3371,0.012219,1340.74,2953.12,0.0,6.9822
Similar_Trot_00162_Cover_Tempo_C.wav,NoAttack,0.0,1.0,1,1.0,48.99,4.732,4.609,,0.9995,0.051,0.1669,0.008758,1340.53,4093.75,0.012759,8.2431
Similar_Trot_00162_Cover_Tempo_C.wav,MP3_128kbps,0.0,1.0,1,1.0,34.76,4.484,4.479,,0.9922,0.2293,0.5239,0.008758,1340.53,4093.75,0.012759,8.2431
Similar_Trot_00162_Cover_Tempo_C.wav,MP3_320kbps,0.0,1.0,1,1.0,34.77,4.484,4.479,,0.9923,0.2285,0.5222,0.008758,1340.53,4093.75,0.012759,8.2431
Similar_Trot_00162_Cover_Tempo_C.wav,Resample_44100RT,0.0,1.0,1,1.0,43.56,4.724,4.608,,0.9995,0.0898,0.2367,0.008758,1340.53,4093.75,0.012759,8.2431
Similar_Trot_00162_Cover_Tempo_C.wav,Crop_10pct,0.0,1.0,1,0.7969,48.91,4.731,4.609,,0.9995,0.052,0.1713,0.008758,1340.53,4093.75,0.012759,8.2431
Similar_Trot_00162_Cover_Tempo_C.wav,TSM_1.1x,0.4167,0.1667,1,0.5069,,3.825,1.185,,,,,0.008758,1340.53,4093.75,0.012759,8.2431
Similar_Trot_00162_Cover_Tempo_C.wav,AWGN_30dB,1.0,-1.0,0,0.0,29.94,4.295,3.34,,0.9822,0.7169,1.6116,0.008758,1340.53,4093.75,0.012759,8.2431
Similar_Trot_00162_Cover_Tempo_C.wav,Limiter,0.0,1.0,1,1.0,36.01,4.731,4.598,,0.9994,0.0525,0.1704,0.008758,1340.53,4093.75,0.012759,8.2431
Similar_Trot_00162_Cover_Tempo_C.wav,Opus_32kbps,1.0,-1.0,0,0.0,19.6,4.617,4.159,,0.9661,0.6512,1.5725,0.008758,1340.53,4093.75,0.012759,8.2431
Similar_Trot_00162_Cover_Tempo_C.wav,AAC_128kbps,0.0,1.0,1,0.9792,32.51,4.727,4.526,,0.9984,0.1615,0.4698,0.008758,1340.53,4093.75,0.012759,8.2431
Similar_Trot_00162_Cover_Tempo_C.wav,TelephoneFilter,0.0,1.0,1,0.7778,-13.66,3.049,3.596,,0.1784,1.2808,1.7008,0.008758,1340.53,4093.75,0.012759,8.2431
Similar_Trot_00162_Cover_Tempo_C.wav,EnCodec_6kbps,1.0,-1.0,0,0.0,7.43,4.351,2.259,,0.6002,1.4604,2.471,0.008758,1340.53,4093.75,0.012759,8.2431
Similar_Trot_00162_Cover_Tempo_C.wav,DAC,1.0,-1.0,0,0.0,-0.85,4.453,3.293,,0.3652,1.5604,2.3586,0.008758,1340.53,4093.75,0.012759,8.2431
Similar_Trot_00162_Cover_Timbre_A.wav,NoAttack,0.0,1.0,1,1.0,48.94,4.732,4.621,,0.9997,0.0322,0.1108,0.014341,1525.56,3578.12,0.0,6.5244
Similar_Trot_00162_Cover_Timbre_A.wav,MP3_128kbps,0.0,1.0,1,0.9931,35.01,4.595,4.486,,0.9915,0.2014,0.4356,0.014341,1525.56,3578.12,0.0,6.5244
Similar_Trot_00162_Cover_Timbre_A.wav,MP3_320kbps,0.0,1.0,1,0.9931,35.01,4.595,4.486,,0.9915,0.2011,0.4352,0.014341,1525.56,3578.12,0.0,6.5244
Similar_Trot_00162_Cover_Timbre_A.wav,Resample_44100RT,0.0,1.0,1,1.0,46.3,4.728,4.619,,0.9996,0.0709,0.1812,0.014341,1525.56,3578.12,0.0,6.5244
Similar_Trot_00162_Cover_Timbre_A.wav,Crop_10pct,0.125,0.75,1,0.5391,48.6,4.732,4.62,,0.9997,0.0334,0.1145,0.014341,1525.56,3578.12,0.0,6.5244
Similar_Trot_00162_Cover_Timbre_A.wav,TSM_1.1x,1.0,-1.0,0,0.0,,3.678,1.225,,,,,0.014341,1525.56,3578.12,0.0,6.5244
Similar_Trot_00162_Cover_Timbre_A.wav,AWGN_30dB,1.0,-1.0,0,0.0,29.94,4.483,3.675,,0.982,0.5594,1.3372,0.014341,1525.56,3578.12,0.0,6.5244
Similar_Trot_00162_Cover_Timbre_A.wav,Limiter,0.0,1.0,1,1.0,42.92,4.732,4.621,,0.9997,0.0335,0.1138,0.014341,1525.56,3578.12,0.0,6.5244
Similar_Trot_00162_Cover_Timbre_A.wav,Opus_32kbps,1.0,-1.0,0,0.0,19.91,4.678,4.311,,0.9646,0.5479,1.3786,0.014341,1525.56,3578.12,0.0,6.5244
Similar_Trot_00162_Cover_Timbre_A.wav,AAC_128kbps,0.0,1.0,1,1.0,32.18,4.726,4.546,,0.9984,0.1297,0.3848,0.014341,1525.56,3578.12,0.0,6.5244
Similar_Trot_00162_Cover_Timbre_A.wav,TelephoneFilter,0.0,1.0,1,0.6875,-9.88,2.579,3.694,,0.1267,1.2687,1.5888,0.014341,1525.56,3578.12,0.0,6.5244
Similar_Trot_00162_Cover_Timbre_A.wav,EnCodec_6kbps,1.0,-1.0,0,0.0,7.58,4.387,2.592,,0.5827,1.4548,2.4336,0.014341,1525.56,3578.12,0.0,6.5244
Similar_Trot_00162_Cover_Timbre_A.wav,DAC,0.4583,0.0833,1,0.4931,-1.72,4.53,3.567,,0.3343,1.5654,2.3445,0.014341,1525.56,3578.12,0.0,6.5244
Similar_Trot_00162_Cover_Timbre_C.wav,NoAttack,0.0,1.0,1,1.0,48.9,4.732,4.62,,0.9997,0.0325,0.1098,0.013632,1472.4,3531.25,0.0,6.4152
Similar_Trot_00162_Cover_Timbre_C.wav,MP3_128kbps,0.0,1.0,1,1.0,35.0,4.582,4.48,,0.9913,0.202,0.4347,0.013632,1472.4,3531.25,0.0,6.4152
Similar_Trot_00162_Cover_Timbre_C.wav,MP3_320kbps,0.0,1.0,1,1.0,35.0,4.582,4.48,,0.9913,0.2021,0.4345,0.013632,1472.4,3531.25,0.0,6.4152
Similar_Trot_00162_Cover_Timbre_C.wav,Resample_44100RT,0.0,1.0,1,1.0,46.29,4.728,4.62,,0.9996,0.0708,0.1804,0.013632,1472.4,3531.25,0.0,6.4152
Similar_Trot_00162_Cover_Timbre_C.wav,Crop_10pct,0.0,1.0,1,0.875,48.74,4.732,4.618,,0.9997,0.0332,0.1122,0.013632,1472.4,3531.25,0.0,6.4152
Similar_Trot_00162_Cover_Timbre_C.wav,TSM_1.1x,1.0,-1.0,0,0.0,,3.736,1.169,,,,,0.013632,1472.4,3531.25,0.0,6.4152
Similar_Trot_00162_Cover_Timbre_C.wav,AWGN_30dB,0.0833,0.8333,1,0.5278,29.9,4.49,3.65,,0.9818,0.5636,1.349,0.013632,1472.4,3531.25,0.0,6.4152
Similar_Trot_00162_Cover_Timbre_C.wav,Limiter,0.0,1.0,1,1.0,38.64,4.732,4.62,,0.9996,0.0348,0.115,0.013632,1472.4,3531.25,0.0,6.4152
Similar_Trot_00162_Cover_Timbre_C.wav,Opus_32kbps,1.0,-1.0,0,0.0,19.9,4.681,4.347,,0.9657,0.5351,1.3544,0.013632,1472.4,3531.25,0.0,6.4152
Similar_Trot_00162_Cover_Timbre_C.wav,AAC_128kbps,0.0,1.0,1,0.9861,32.24,4.728,4.55,,0.9983,0.1292,0.3745,0.013632,1472.4,3531.25,0.0,6.4152
Similar_Trot_00162_Cover_Timbre_C.wav,TelephoneFilter,0.0417,0.9167,1,0.6597,-10.97,2.641,3.633,,0.1489,1.2645,1.5997,0.013632,1472.4,3531.25,0.0,6.4152
Similar_Trot_00162_Cover_Timbre_C.wav,EnCodec_6kbps,0.625,-0.25,1,0.4306,8.13,4.382,2.504,,0.5927,1.4582,2.4383,0.013632,1472.4,3531.25,0.0,6.4152
Similar_Trot_00162_Cover_Timbre_C.wav,DAC,1.0,-1.0,0,0.0,-1.21,4.521,3.498,,0.3497,1.5678,2.3426,0.013632,1472.4,3531.25,0.0,6.4152
Similar_Trot_00162_Org.wav,NoAttack,0.0,1.0,1,1.0,48.91,4.732,4.638,,0.9997,0.0313,0.1048,0.010628,1311.04,2359.38,0.0,4.8276
Similar_Trot_00162_Org.wav,MP3_128kbps,0.0,1.0,1,1.0,32.91,4.574,4.407,,0.988,0.1999,0.4239,0.010628,1311.04,2359.38,0.0,4.8276
Similar_Trot_00162_Org.wav,MP3_320kbps,0.0,1.0,1,1.0,32.91,4.574,4.407,,0.988,0.2001,0.424,0.010628,1311.04,2359.38,0.0,4.8276
Similar_Trot_00162_Org.wav,Resample_44100RT,0.0,1.0,1,1.0,44.07,4.729,4.632,,0.9996,0.0712,0.1769,0.010628,1311.04,2359.38,0.0,4.8276
Similar_Trot_00162_Org.wav,Crop_10pct,0.0,1.0,1,0.6797,48.88,4.732,4.638,,0.9997,0.0313,0.1029,0.010628,1311.04,2359.38,0.0,4.8276
Similar_Trot_00162_Org.wav,TSM_1.1x,1.0,-1.0,0,0.0,,3.727,1.081,,,,,0.010628,1311.04,2359.38,0.0,4.8276
Similar_Trot_00162_Org.wav,AWGN_30dB,0.0417,0.9167,1,0.5694,29.95,4.623,3.803,,0.9807,0.544,1.3173,0.010628,1311.04,2359.38,0.0,4.8276
Similar_Trot_00162_Org.wav,Limiter,0.0,1.0,1,1.0,37.55,4.732,4.581,,0.9996,0.0326,0.1077,0.010628,1311.04,2359.38,0.0,4.8276
Similar_Trot_00162_Org.wav,Opus_32kbps,1.0,-1.0,0,0.0,20.4,4.672,4.275,,0.9714,0.4768,1.2235,0.010628,1311.04,2359.38,0.0,4.8276
Similar_Trot_00162_Org.wav,AAC_128kbps,0.0,1.0,1,0.9875,36.82,4.731,4.576,,0.9984,0.1374,0.3898,0.010628,1311.04,2359.38,0.0,4.8276
Similar_Trot_00162_Org.wav,TelephoneFilter,1.0,-1.0,0,0.0,-23.81,2.467,3.224,,0.2775,1.2657,1.5653,0.010628,1311.04,2359.38,0.0,4.8276
Similar_Trot_00162_Org.wav,EnCodec_6kbps,1.0,-1.0,0,0.0,10.73,4.453,2.404,,0.6648,1.4457,2.3295,0.010628,1311.04,2359.38,0.0,4.8276
Similar_Trot_00162_Org.wav,DAC,0.375,0.25,1,0.4931,3.22,4.601,3.34,,0.4744,1.5663,2.2441,0.010628,1311.04,2359.38,0.0,4.8276
일반남여_일반통합06_F_1524374974_25_수도권_실내_07802.wav,NoAttack,0.0,1.0,1,0.875,50.42,4.726,4.278,,0.9992,0.2198,0.3288,0.250111,1259.64,4140.62,0.255708,6.5865
일반남여_일반통합06_F_1524374974_25_수도권_실내_07802.wav,MP3_128kbps,0.0,1.0,1,0.875,45.06,4.698,4.254,,0.9971,0.3931,0.7068,0.250111,1259.64,4140.62,0.255708,6.5865
일반남여_일반통합06_F_1524374974_25_수도권_실내_07802.wav,MP3_320kbps,0.0,1.0,1,0.875,45.02,4.697,4.254,,0.9972,0.3939,0.7063,0.250111,1259.64,4140.62,0.255708,6.5865
일반남여_일반통합06_F_1524374974_25_수도권_실내_07802.wav,Resample_44100RT,0.0,1.0,1,0.875,50.28,4.725,4.278,,0.9991,0.3114,0.4334,0.250111,1259.64,4140.62,0.255708,6.5865
일반남여_일반통합06_F_1524374974_25_수도권_실내_07802.wav,Crop_10pct,0.1667,0.6667,1,0.6667,50.29,4.725,4.372,,0.9993,0.2349,0.3315,0.250111,1259.64,4140.62,0.255708,6.5865
일반남여_일반통합06_F_1524374974_25_수도권_실내_07802.wav,TSM_1.1x,0.5417,-0.0833,1,0.6042,,4.159,1.095,,,,,0.250111,1259.64,4140.62,0.255708,6.5865
일반남여_일반통합06_F_1524374974_25_수도권_실내_07802.wav,AWGN_30dB,0.1667,0.6667,1,0.5833,29.97,4.062,1.983,,0.9813,1.044,1.8595,0.250111,1259.64,4140.62,0.255708,6.5865
일반남여_일반통합06_F_1524374974_25_수도권_실내_07802.wav,Limiter,0.0,1.0,1,0.875,50.42,4.726,4.278,,0.9992,0.2198,0.3288,0.250111,1259.64,4140.62,0.255708,6.5865
일반남여_일반통합06_F_1524374974_25_수도권_실내_07802.wav,Opus_32kbps,0.625,-0.25,1,0.7917,24.38,4.544,4.285,,0.9776,0.704,1.3066,0.250111,1259.64,4140.62,0.255708,6.5865
일반남여_일반통합06_F_1524374974_25_수도권_실내_07802.wav,AAC_128kbps,0.0,1.0,1,0.875,44.52,4.722,4.209,,0.9982,0.3756,0.7225,0.250111,1259.64,4140.62,0.255708,6.5865
일반남여_일반통합06_F_1524374974_25_수도권_실내_07802.wav,TelephoneFilter,0.6667,-0.3333,1,0.7292,-11.61,4.081,2.915,,0.4105,1.0973,1.4688,0.250111,1259.64,4140.62,0.255708,6.5865
일반남여_일반통합06_F_1524374974_25_수도권_실내_07802.wav,EnCodec_6kbps,1.0,-1.0,0,0.0,8.02,4.436,2.109,,0.583,1.5211,2.1933,0.250111,1259.64,4140.62,0.255708,6.5865
일반남여_일반통합06_F_1524374974_25_수도권_실내_07802.wav,DAC,0.4167,0.1667,1,0.5833,-6.93,4.566,3.562,,0.344,1.5908,2.0365,0.250111,1259.64,4140.62,0.255708,6.5865
일반남여_일반통합06_F_1524374974_25_수도권_실내_07811.wav,NoAttack,0.0,1.0,1,0.875,50.21,4.729,4.352,,0.9989,0.1785,0.3304,0.187358,1264.53,5265.62,0.196262,10.6188
일반남여_일반통합06_F_1524374974_25_수도권_실내_07811.wav,MP3_128kbps,0.0,1.0,1,0.8542,40.59,4.715,4.318,,0.9952,0.3985,0.7871,0.187358,1264.53,5265.62,0.196262,10.6188
일반남여_일반통합06_F_1524374974_25_수도권_실내_07811.wav,MP3_320kbps,0.0,1.0,1,0.8542,40.43,4.715,4.318,,0.9951,0.3998,0.7875,0.187358,1264.53,5265.62,0.196262,10.6188
일반남여_일반통합06_F_1524374974_25_수도권_실내_07811.wav,Resample_44100RT,0.0,1.0,1,0.875,49.69,4.726,4.352,,0.9988,0.2659,0.4356,0.187358,1264.53,5265.62,0.196262,10.6188
일반남여_일반통합06_F_1524374974_25_수도권_실내_07811.wav,Crop_10pct,0.2083,0.5833,1,0.7708,50.17,4.729,4.308,,0.9989,0.1907,0.3388,0.187358,1264.53,5265.62,0.196262,10.6188
일반남여_일반통합06_F_1524374974_25_수도권_실내_07811.wav,TSM_1.1x,1.0,-1.0,0,0.0,,4.168,1.101,,,,,0.187358,1264.53,5265.62,0.196262,10.6188
일반남여_일반통합06_F_1524374974_25_수도권_실내_07811.wav,AWGN_30dB,0.375,0.25,1,0.625,29.92,4.042,1.976,,0.9784,1.1151,1.9771,0.187358,1264.53,5265.62,0.196262,10.6188
일반남여_일반통합06_F_1524374974_25_수도권_실내_07811.wav,Limiter,0.0,1.0,1,0.875,50.21,4.729,4.352,,0.9989,0.1785,0.3304,0.187358,1264.53,5265.62,0.196262,10.6188
일반남여_일반통합06_F_1524374974_25_수도권_실내_07811.wav,Opus_32kbps,0.0,1.0,1,0.875,24.75,4.613,4.351,,0.9782,0.7038,1.353,0.187358,1264.53,5265.62,0.196262,10.6188
일반남여_일반통합06_F_1524374974_25_수도권_실내_07811.wav,AAC_128kbps,0.0,1.0,1,0.8542,45.46,4.727,4.286,,0.9976,0.401,0.8418,0.187358,1264.53,5265.62,0.196262,10.6188
일반남여_일반통합06_F_1524374974_25_수도권_실내_07811.wav,TelephoneFilter,0.125,0.75,1,0.7292,-0.92,4.241,2.895,,0.575,1.1274,1.6038,0.187358,1264.53,5265.62,0.196262,10.6188
일반남여_일반통합06_F_1524374974_25_수도권_실내_07811.wav,EnCodec_6kbps,1.0,-1.0,0,0.0,7.1,4.434,2.219,,0.629,1.5178,2.1939,0.187358,1264.53,5265.62,0.196262,10.6188
일반남여_일반통합06_F_1524374974_25_수도권_실내_07811.wav,DAC,1.0,-1.0,0,0.0,-28.03,4.597,3.877,,0.3363,1.5837,2.0374,0.187358,1264.53,5265.62,0.196262,10.6188
일반남여_일반통합06_F_1524374974_25_수도권_실내_07812.wav,NoAttack,0.2083,0.5833,1,0.8125,50.65,4.726,4.37,,0.9989,0.2093,0.3628,0.205971,1194.01,3375.0,0.255682,8.6315
일반남여_일반통합06_F_1524374974_25_수도권_실내_07812.wav,MP3_128kbps,0.2083,0.5833,1,0.8125,46.45,4.684,4.346,,0.997,0.4317,0.8323,0.205971,1194.01,3375.0,0.255682,8.6315
일반남여_일반통합06_F_1524374974_25_수도권_실내_07812.wav,MP3_320kbps,0.2083,0.5833,1,0.8125,46.27,4.684,4.346,,0.9971,0.4308,0.8341,0.205971,1194.01,3375.0,0.255682,8.6315
일반남여_일반통합06_F_1524374974_25_수도권_실내_07812.wav,Resample_44100RT,0.1667,0.6667,1,0.8438,50.41,4.725,4.37,,0.9988,0.2709,0.4424,0.205971,1194.01,3375.0,0.255682,8.6315
일반남여_일반통합06_F_1524374974_25_수도권_실내_07812.wav,Crop_10pct,0.1667,0.6667,1,0.8438,51.18,4.727,4.432,,0.9989,0.2223,0.3637,0.205971,1194.01,3375.0,0.255682,8.6315
일반남여_일반통합06_F_1524374974_25_수도권_실내_07812.wav,TSM_1.1x,0.4167,0.1667,1,0.6562,,4.108,1.13,,,,,0.205971,1194.01,3375.0,0.255682,8.6315
일반남여_일반통합06_F_1524374974_25_수도권_실내_07812.wav,AWGN_30dB,0.5417,-0.0833,1,0.6875,29.95,3.978,1.842,,0.9778,1.1491,2.042,0.205971,1194.01,3375.0,0.255682,8.6315
일반남여_일반통합06_F_1524374974_25_수도권_실내_07812.wav,Limiter,0.2083,0.5833,1,0.8125,50.65,4.726,4.37,,0.9989,0.2093,0.3628,0.205971,1194.01,3375.0,0.255682,8.6315
일반남여_일반통합06_F_1524374974_25_수도권_실내_07812.wav,Opus_32kbps,0.2917,0.4167,1,0.7812,26.11,4.565,4.382,,0.9796,0.7095,1.3461,0.205971,1194.01,3375.0,0.255682,8.6315
일반남여_일반통합06_F_1524374974_25_수도권_실내_07812.wav,AAC_128kbps,0.2083,0.5833,1,0.8438,46.83,4.722,4.323,,0.9977,0.4459,0.8932,0.205971,1194.01,3375.0,0.255682,8.6315
일반남여_일반통합06_F_1524374974_25_수도권_실내_07812.wav,TelephoneFilter,0.2917,0.4167,1,0.625,-2.72,4.16,3.23,,0.5123,1.1243,1.5794,0.205971,1194.01,3375.0,0.255682,8.6315
일반남여_일반통합06_F_1524374974_25_수도권_실내_07812.wav,EnCodec_6kbps,0.3333,0.3333,1,0.6562,8.51,4.452,2.286,,0.6323,1.5261,2.2207,0.205971,1194.01,3375.0,0.255682,8.6315
일반남여_일반통합06_F_1524374974_25_수도권_실내_07812.wav,DAC,1.0,-1.0,0,0.0,-42.57,4.596,3.696,,0.3697,1.5829,2.0763,0.205971,1194.01,3375.0,0.255682,8.6315
일반남여_일반통합06_F_1524374974_25_수도권_실내_07814.wav,NoAttack,0.0,1.0,1,0.8542,50.76,4.729,4.291,,0.9994,0.2512,0.32,0.291376,1321.79,6078.12,0.305419,10.137
일반남여_일반통합06_F_1524374974_25_수도권_실내_07814.wav,MP3_128kbps,0.0,1.0,1,0.875,39.27,4.697,4.259,,0.9958,0.3753,0.6543,0.291376,1321.79,6078.12,0.305419,10.137
일반남여_일반통합06_F_1524374974_25_수도권_실내_07814.wav,MP3_320kbps,0.0,1.0,1,0.875,39.06,4.697,4.256,,0.9959,0.3756,0.6543,0.291376,1321.79,6078.12,0.305419,10.137
일반남여_일반통합06_F_1524374974_25_수도권_실내_07814.wav,Resample_44100RT,0.0,1.0,1,0.8542,50.46,4.729,4.291,,0.9993,0.3606,0.4408,0.291376,1321.79,6078.12,0.305419,10.137
일반남여_일반통합06_F_1524374974_25_수도권_실내_07814.wav,Crop_10pct,0.4583,0.0833,1,0.5938,50.65,4.73,4.347,,0.9994,0.1967,0.2693,0.291376,1321.79,6078.12,0.305419,10.137
일반남여_일반통합06_F_1524374974_25_수도권_실내_07814.wav,TSM_1.1x,0.5,0.0,1,0.6667,,4.011,1.075,,,,,0.291376,1321.79,6078.12,0.305419,10.137
일반남여_일반통합06_F_1524374974_25_수도권_실내_07814.wav,AWGN_30dB,1.0,-1.0,0,0.0,29.99,4.162,2.382,,0.9849,1.0034,1.7655,0.291376,1321.79,6078.12,0.305419,10.137
일반남여_일반통합06_F_1524374974_25_수도권_실내_07814.wav,Limiter,0.0,1.0,1,0.8542,50.76,4.729,4.291,,0.9994,0.2512,0.32,0.291376,1321.79,6078.12,0.305419,10.137
일반남여_일반통합06_F_1524374974_25_수도권_실내_07814.wav,Opus_32kbps,0.4167,0.1667,1,0.7708,21.63,4.501,4.282,,0.9715,0.6873,1.2656,0.291376,1321.79,6078.12,0.305419,10.137
일반남여_일반통합06_F_1524374974_25_수도권_실내_07814.wav,AAC_128kbps,0.0,1.0,1,0.875,42.79,4.728,4.233,,0.9984,0.3572,0.6661,0.291376,1321.79,6078.12,0.305419,10.137
일반남여_일반통합06_F_1524374974_25_수도권_실내_07814.wav,TelephoneFilter,0.1667,0.6667,1,0.6667,-1.99,3.954,2.873,,0.5225,1.0221,1.3623,0.291376,1321.79,6078.12,0.305419,10.137
일반남여_일반통합06_F_1524374974_25_수도권_실내_07814.wav,EnCodec_6kbps,1.0,-1.0,0,0.0,6.12,4.49,2.384,,0.6187,1.5111,2.1663,0.291376,1321.79,6078.12,0.305419,10.137
일반남여_일반통합06_F_1524374974_25_수도권_실내_07814.wav,DAC,1.0,-1.0,0,0.0,-24.28,4.625,3.85,,0.2465,1.5844,2.0238,0.291376,1321.79,6078.12,0.305419,10.137
일반남여_일반통합06_F_1524374974_25_수도권_실내_07820.wav,NoAttack,0.0,1.0,1,0.875,50.57,4.727,4.264,,0.9991,0.2922,0.4315,0.219516,1091.8,2125.0,0.238318,9.6064
일반남여_일반통합06_F_1524374974_25_수도권_실내_07820.wav,MP3_128kbps,0.0,1.0,1,0.875,45.3,4.701,4.229,,0.9969,0.4625,0.82,0.219516,1091.8,2125.0,0.238318,9.6064
일반남여_일반통합06_F_1524374974_25_수도권_실내_07820.wav,MP3_320kbps,0.0,1.0,1,0.875,45.31,4.701,4.23,,0.9968,0.4633,0.8181,0.219516,1091.8,2125.0,0.238318,9.6064
일반남여_일반통합06_F_1524374974_25_수도권_실내_07820.wav,Resample_44100RT,0.0,1.0,1,0.875,50.45,4.727,4.264,,0.999,0.4011,0.5461,0.219516,1091.8,2125.0,0.238318,9.6064
일반남여_일반통합06_F_1524374974_25_수도권_실내_07820.wav,Crop_10pct,0.2917,0.4167,1,0.625,49.79,4.726,4.194,,0.999,0.3157,0.4551,0.219516,1091.8,2125.0,0.238318,9.6064
일반남여_일반통합06_F_1524374974_25_수도권_실내_07820.wav,TSM_1.1x,1.0,-1.0,0,0.0,,4.152,1.113,,,,,0.219516,1091.8,2125.0,0.238318,9.6064
일반남여_일반통합06_F_1524374974_25_수도권_실내_07820.wav,AWGN_30dB,1.0,-1.0,0,0.0,29.96,4.086,1.955,,0.9811,1.1105,1.9392,0.219516,1091.8,2125.0,0.238318,9.6064
일반남여_일반통합06_F_1524374974_25_수도권_실내_07820.wav,Limiter,0.0,1.0,1,0.875,50.57,4.727,4.264,,0.9991,0.2922,0.4315,0.219516,1091.8,2125.0,0.238318,9.6064
일반남여_일반통합06_F_1524374974_25_수도권_실내_07820.wav,Opus_32kbps,0.0833,0.8333,1,0.8333,26.66,4.603,4.307,,0.9825,0.7615,1.3595,0.219516,1091.8,2125.0,0.238318,9.6064
일반남여_일반통합06_F_1524374974_25_수도권_실내_07820.wav,AAC_128kbps,0.0,1.0,1,0.8958,45.49,4.722,4.212,,0.9982,0.4642,0.8599,0.219516,1091.8,2125.0,0.238318,9.6064
일반남여_일반통합06_F_1524374974_25_수도권_실내_07820.wav,TelephoneFilter,1.0,-1.0,0,0.0,-4.91,4.145,3.242,,0.5469,1.1327,1.5637,0.219516,1091.8,2125.0,0.238318,9.6064
일반남여_일반통합06_F_1524374974_25_수도권_실내_07820.wav,EnCodec_6kbps,1.0,-1.0,0,0.0,8.25,4.502,2.354,,0.6656,1.5168,2.1127,0.219516,1091.8,2125.0,0.238318,9.6064
일반남여_일반통합06_F_1524374974_25_수도권_실내_07820.wav,DAC,0.4167,0.1667,1,0.6042,-16.21,4.574,3.608,,0.3399,1.5789,1.9577,0.219516,1091.8,2125.0,0.238318,9.6064
일반남여_일반통합06_F_1524374974_25_수도권_실내_07822.wav,NoAttack,0.0,1.0,1,0.8958,50.69,4.726,4.404,,0.9992,0.1941,0.3171,0.258902,1198.73,2765.62,0.275701,7.4009
일반남여_일반통합06_F_1524374974_25_수도권_실내_07822.wav,MP3_128kbps,0.0,1.0,1,0.8958,46.29,4.711,4.372,,0.9973,0.3626,0.6722,0.258902,1198.73,2765.62,0.275701,7.4009
일반남여_일반통합06_F_1524374974_25_수도권_실내_07822.wav,MP3_320kbps,0.0,1.0,1,0.8958,46.23,4.711,4.373,,0.9972,0.364,0.6676,0.258902,1198.73,2765.62,0.275701,7.4009
일반남여_일반통합06_F_1524374974_25_수도권_실내_07822.wav,Resample_44100RT,0.0,1.0,1,0.8958,50.33,4.725,4.404,,0.999,0.287,0.42,0.258902,1198.73,2765.62,0.275701,7.4009
일반남여_일반통합06_F_1524374974_25_수도권_실내_07822.wav,Crop_10pct,0.0,1.0,1,0.8542,50.9,4.724,4.4,,0.9991,0.1478,0.2775,0.258902,1198.73,2765.62,0.275701,7.4009
일반남여_일반통합06_F_1524374974_25_수도권_실내_07822.wav,TSM_1.1x,1.0,-1.0,0,0.0,,4.039,1.107,,,,,0.258902,1198.73,2765.62,0.275701,7.4009
일반남여_일반통합06_F_1524374974_25_수도권_실내_07822.wav,AWGN_30dB,0.5,0.0,1,0.6458,29.94,4.049,1.951,,0.9823,1.0857,1.8911,0.258902,1198.73,2765.62,0.275701,7.4009
일반남여_일반통합06_F_1524374974_25_수도권_실내_07822.wav,Limiter,0.0,1.0,1,0.8958,50.69,4.726,4.404,,0.9992,0.1941,0.3171,0.258902,1198.73,2765.62,0.275701,7.4009
일반남여_일반통합06_F_1524374974_25_수도권_실내_07822.wav,Opus_32kbps,0.0,1.0,1,0.75,25.88,4.571,4.407,,0.9811,0.7085,1.3061,0.258902,1198.73,2765.62,0.275701,7.4009
일반남여_일반통합06_F_1524374974_25_수도권_실내_07822.wav,AAC_128kbps,0.0,1.0,1,0.875,44.38,4.718,4.344,,0.9982,0.3493,0.6989,0.258902,1198.73,2765.62,0.275701,7.4009
일반남여_일반통합06_F_1524374974_25_수도권_실내_07822.wav,TelephoneFilter,0.5417,-0.0833,1,0.7292,-4.27,4.021,2.819,,0.5369,1.025,1.4557,0.258902,1198.73,2765.62,0.275701,7.4009
일반남여_일반통합06_F_1524374974_25_수도권_실내_07822.wav,EnCodec_6kbps,1.0,-1.0,0,0.0,8.89,4.453,2.201,,0.6539,1.5208,2.1756,0.258902,1198.73,2765.62,0.275701,7.4009
일반남여_일반통합06_F_1524374974_25_수도권_실내_07822.wav,DAC,0.625,-0.25,1,0.6042,-21.96,4.594,3.58,,0.349,1.5897,2.0618,0.258902,1198.73,2765.62,0.275701,7.4009
일반남여_일반통합06_F_1524374974_25_수도권_실내_07826.wav,NoAttack,0.0,1.0,1,0.9167,51.04,4.73,4.261,,0.9991,0.3374,0.4135,0.320702,1202.34,1562.5,0.394231,9.2175
일반남여_일반통합06_F_1524374974_25_수도권_실내_07826.wav,MP3_128kbps,0.0,1.0,1,0.9167,48.48,4.708,4.215,,0.9977,0.5458,0.9097,0.320702,1202.34,1562.5,0.394231,9.2175
일반남여_일반통합06_F_1524374974_25_수도권_실내_07826.wav,MP3_320kbps,0.0,1.0,1,0.8958,48.46,4.708,4.215,,0.9978,0.5455,0.909,0.320702,1202.34,1562.5,0.394231,9.2175
일반남여_일반통합06_F_1524374974_25_수도권_실내_07826.wav,Resample_44100RT,0.0,1.0,1,0.9167,50.99,4.73,4.261,,0.999,0.4129,0.4991,0.320702,1202.34,1562.5,0.394231,9.2175
일반남여_일반통합06_F_1524374974_25_수도권_실내_07826.wav,Crop_10pct,0.125,0.75,1,0.75,51.16,4.73,4.312,,0.9992,0.3225,0.3659,0.320702,1202.34,1562.5,0.394231,9.2175
일반남여_일반통합06_F_1524374974_25_수도권_실내_07826.wav,TSM_1.1x,0.4167,0.1667,1,0.6875,,4.219,1.167,,,,,0.320702,1202.34,1562.5,0.394231,9.2175
일반남여_일반통합06_F_1524374974_25_수도권_실내_07826.wav,AWGN_30dB,1.0,-1.0,0,0.0,29.98,3.974,2.101,,0.978,1.174,2.0238,0.320702,1202.34,1562.5,0.394231,9.2175
일반남여_일반통합06_F_1524374974_25_수도권_실내_07826.wav,Limiter,0.0,1.0,1,0.9167,51.04,4.73,4.261,,0.9991,0.3374,0.4135,0.320702,1202.34,1562.5,0.394231,9.2175
일반남여_일반통합06_F_1524374974_25_수도권_실내_07826.wav,Opus_32kbps,0.0,1.0,1,0.8333,28.57,4.585,4.305,,0.9843,0.791,1.4155,0.320702,1202.34,1562.5,0.394231,9.2175
일반남여_일반통합06_F_1524374974_25_수도권_실내_07826.wav,AAC_128kbps,0.0,1.0,1,0.8958,46.8,4.724,4.093,,0.9982,0.5462,0.9452,0.320702,1202.34,1562.5,0.394231,9.2175
일반남여_일반통합06_F_1524374974_25_수도권_실내_07826.wav,TelephoneFilter,1.0,-1.0,0,0.0,-8.63,4.187,3.479,,0.5245,1.0419,1.3724,0.320702,1202.34,1562.5,0.394231,9.2175
일반남여_일반통합06_F_1524374974_25_수도권_실내_07826.wav,EnCodec_6kbps,1.0,-1.0,0,0.0,10.3,4.45,2.512,,0.7269,1.5242,2.2441,0.320702,1202.34,1562.5,0.394231,9.2175
일반남여_일반통합06_F_1524374974_25_수도권_실내_07826.wav,DAC,0.375,0.25,1,0.6667,-10.29,4.631,3.93,,0.3859,1.5871,2.0664,0.320702,1202.34,1562.5,0.394231,9.2175
일반남여_일반통합06_F_1524374974_25_수도권_실내_07834.wav,NoAttack,0.0,1.0,1,0.8333,50.62,4.727,4.475,,0.9993,0.2172,0.3004,0.274663,1188.64,4312.5,0.283654,7.8164
일반남여_일반통합06_F_1524374974_25_수도권_실내_07834.wav,MP3_128kbps,0.0,1.0,1,0.8542,41.31,4.697,4.436,,0.9957,0.3725,0.6708,0.274663,1188.64,4312.5,0.283654,7.8164
일반남여_일반통합06_F_1524374974_25_수도권_실내_07834.wav,MP3_320kbps,0.0,1.0,1,0.8542,41.2,4.696,4.436,,0.9957,0.3725,0.6683,0.274663,1188.64,4312.5,0.283654,7.8164
일반남여_일반통합06_F_1524374974_25_수도권_실내_07834.wav,Resample_44100RT,0.0,1.0,1,0.8333,50.36,4.726,4.475,,0.9992,0.3123,0.4026,0.274663,1188.64,4312.5,0.283654,7.8164
일반남여_일반통합06_F_1524374974_25_수도권_실내_07834.wav,Crop_10pct,1.0,-1.0,0,0.0,50.67,4.728,4.465,,0.9993,0.2046,0.2891,0.274663,1188.64,4312.5,0.283654,7.8164
일반남여_일반통합06_F_1524374974_25_수도권_실내_07834.wav,TSM_1.1x,1.0,-1.0,0,0.0,,4.052,1.075,,,,,0.274663,1188.64,4312.5,0.283654,7.8164
일반남여_일반통합06_F_1524374974_25_수도권_실내_07834.wav,AWGN_30dB,1.0,-1.0,0,0.0,29.94,4.144,2.086,,0.9828,1.039,1.821,0.274663,1188.64,4312.5,0.283654,7.8164
일반남여_일반통합06_F_1524374974_25_수도권_실내_07834.wav,Limiter,0.0,1.0,1,0.8333,50.62,4.727,4.475,,0.9993,0.2172,0.3004,0.274663,1188.64,4312.5,0.283654,7.8164
일반남여_일반통합06_F_1524374974_25_수도권_실내_07834.wav,Opus_32kbps,0.0,1.0,1,0.6875,23.32,4.531,4.435,,0.9752,0.6713,1.2388,0.274663,1188.64,4312.5,0.283654,7.8164
일반남여_일반통합06_F_1524374974_25_수도권_실내_07834.wav,AAC_128kbps,0.0,1.0,1,0.875,42.87,4.725,4.444,,0.9982,0.355,0.6849,0.274663,1188.64,4312.5,0.283654,7.8164
일반남여_일반통합06_F_1524374974_25_수도권_실내_07834.wav,TelephoneFilter,0.3333,0.3333,1,0.75,-3.89,3.972,2.736,,0.5085,1.0312,1.4083,0.274663,1188.64,4312.5,0.283654,7.8164
일반남여_일반통합06_F_1524374974_25_수도권_실내_07834.wav,EnCodec_6kbps,0.5,0.0,1,0.6875,6.69,4.421,2.198,,0.5892,1.5257,2.161,0.274663,1188.64,4312.5,0.283654,7.8164
일반남여_일반통합06_F_1524374974_25_수도권_실내_07834.wav,DAC,1.0,-1.0,0,0.0,-19.42,4.581,3.522,,0.4022,1.5851,2.0384,0.274663,1188.64,4312.5,0.283654,7.8164
일반남여_일반통합06_F_1524374974_25_수도권_실내_07836.wav,NoAttack,0.2083,0.5833,1,0.8438,51.11,4.729,4.335,,0.9995,0.2151,0.2902,0.369675,1365.15,2937.5,0.367188,8.0868
일반남여_일반통합06_F_1524374974_25_수도권_실내_07836.wav,MP3_128kbps,0.1667,0.6667,1,0.875,44.53,4.72,4.295,,0.9976,0.3815,0.6419,0.369675,1365.15,2937.5,0.367188,8.0868
일반남여_일반통합06_F_1524374974_25_수도권_실내_07836.wav,MP3_320kbps,0.1667,0.6667,1,0.875,44.53,4.72,4.295,,0.9976,0.3812,0.6416,0.369675,1365.15,2937.5,0.367188,8.0868
일반남여_일반통합06_F_1524374974_25_수도권_실내_07836.wav,Resample_44100RT,0.2083,0.5833,1,0.8438,50.77,4.729,4.335,,0.9994,0.3182,0.3942,0.369675,1365.15,2937.5,0.367188,8.0868
일반남여_일반통합06_F_1524374974_25_수도권_실내_07836.wav,Crop_10pct,1.0,-1.0,0,0.0,48.88,4.729,4.214,,0.9994,0.242,0.3096,0.369675,1365.15,2937.5,0.367188,8.0868
일반남여_일반통합06_F_1524374974_25_수도권_실내_07836.wav,TSM_1.1x,1.0,-1.0,0,0.0,,4.169,1.199,,,,,0.369675,1365.15,2937.5,0.367188,8.0868
일반남여_일반통합06_F_1524374974_25_수도권_실내_07836.wav,AWGN_30dB,1.0,-1.0,0,0.0,29.99,4.153,2.506,,0.986,1.0446,1.7874,0.369675,1365.15,2937.5,0.367188,8.0868
일반남여_일반통합06_F_1524374974_25_수도권_실내_07836.wav,Limiter,0.2083,0.5833,1,0.8438,51.11,4.729,4.335,,0.9995,0.2151,0.2902,0.369675,1365.15,2937.5,0.367188,8.0868
일반남여_일반통합06_F_1524374974_25_수도권_실내_07836.wav,Opus_32kbps,0.1667,0.6667,1,0.8125,23.22,4.546,4.368,,0.9788,0.6572,1.1756,0.369675,1365.15,2937.5,0.367188,8.0868
일반남여_일반통합06_F_1524374974_25_수도권_실내_07836.wav,AAC_128kbps,0.2083,0.5833,1,0.875,42.5,4.726,4.324,,0.9985,0.3707,0.6572,0.369675,1365.15,2937.5,0.367188,8.0868
일반남여_일반통합06_F_1524374974_25_수도권_실내_07836.wav,TelephoneFilter,1.0,-1.0,0,0.0,-1.18,3.991,3.313,,0.5573,0.9663,1.271,0.369675,1365.15,2937.5,0.367188,8.0868
일반남여_일반통합06_F_1524374974_25_수도권_실내_07836.wav,EnCodec_6kbps,0.375,0.25,1,0.6875,6.86,4.469,2.516,,0.6366,1.512,2.15,0.369675,1365.15,2937.5,0.367188,8.0868
일반남여_일반통합06_F_1524374974_25_수도권_실내_07836.wav,DAC,1.0,-1.0,0,0.0,-15.26,4.607,3.826,,0.2391,1.5835,2.04,0.369675,1365.15,2937.5,0.367188,8.0868
일반남여_일반통합06_F_1524374974_25_수도권_실내_07838.wav,NoAttack,0.0,1.0,1,0.8542,50.88,4.725,4.392,,0.9989,0.1634,0.2981,0.283434,1104.05,5203.12,0.300493,11.8868
일반남여_일반통합06_F_1524374974_25_수도권_실내_07838.wav,MP3_128kbps,0.0,1.0,1,0.8542,38.0,4.714,4.337,,0.9948,0.3389,0.669,0.283434,1104.05,5203.12,0.300493,11.8868
일반남여_일반통합06_F_1524374974_25_수도권_실내_07838.wav,MP3_320kbps,0.0,1.0,1,0.8542,38.05,4.714,4.336,,0.9946,0.3393,0.6689,0.283434,1104.05,5203.12,0.300493,11.8868
일반남여_일반통합06_F_1524374974_25_수도권_실내_07838.wav,Resample_44100RT,0.0,1.0,1,0.8542,50.25,4.725,4.392,,0.9988,0.2565,0.3965,0.283434,1104.05,5203.12,0.300493,11.8868
일반남여_일반통합06_F_1524374974_25_수도권_실내_07838.wav,Crop_10pct,0.1667,0.6667,1,0.8438,50.88,4.723,4.433,,0.9989,0.1877,0.3332,0.283434,1104.05,5203.12,0.300493,11.8868
일반남여_일반통합06_F_1524374974_25_수도권_실내_07838.wav,TSM_1.1x,0.6667,-0.3333,1,0.5833,,4.077,1.104,,,,,0.283434,1104.05,5203.12,0.300493,11.8868
일반남여_일반통합06_F_1524374974_25_수도권_실내_07838.wav,AWGN_30dB,0.5,0.0,1,0.625,29.96,4.037,1.919,,0.9805,1.17,2.0072,0.283434,1104.05,5203.12,0.300493,11.8868
일반남여_일반통합06_F_1524374974_25_수도권_실내_07838.wav,Limiter,0.0,1.0,1,0.8542,50.88,4.725,4.392,,0.9989,0.1634,0.2981,0.283434,1104.05,5203.12,0.300493,11.8868
일반남여_일반통합06_F_1524374974_25_수도권_실내_07838.wav,Opus_32kbps,0.0,1.0,1,0.7917,22.7,4.556,4.433,,0.9701,0.6676,1.2557,0.283434,1104.05,5203.12,0.300493,11.8868
일반남여_일반통합06_F_1524374974_25_수도권_실내_07838.wav,AAC_128kbps,0.0,1.0,1,0.8542,43.28,4.72,4.244,,0.9978,0.3453,0.7274,0.283434,1104.05,5203.12,0.300493,11.8868
일반남여_일반통합06_F_1524374974_25_수도권_실내_07838.wav,TelephoneFilter,1.0,-1.0,0,0.0,-2.79,4.022,2.756,,0.4386,1.016,1.4661,0.283434,1104.05,5203.12,0.300493,11.8868
일반남여_일반통합06_F_1524374974_25_수도권_실내_07838.wav,EnCodec_6kbps,1.0,-1.0,0,0.0,6.14,4.484,2.239,,0.56,1.5269,2.215,0.283434,1104.05,5203.12,0.300493,11.8868
일반남여_일반통합06_F_1524374974_25_수도권_실내_07838.wav,DAC,0.0833,0.8333,1,0.6458,-23.66,4.578,3.586,,0.3634,1.5846,2.1036,0.283434,1104.05,5203.12,0.300493,11.8868
일반남여_일반통합06_F_1524374974_25_수도권_실내_07840.wav,NoAttack,0.2083,0.5833,1,0.8438,51.18,4.728,4.316,,0.9993,0.2267,0.3208,0.376494,826.35,2593.75,0.3875,5.2914
일반남여_일반통합06_F_1524374974_25_수도권_실내_07840.wav,MP3_128kbps,0.2083,0.5833,1,0.8438,47.43,4.72,4.276,,0.9979,0.3682,0.6337,0.376494,826.35,2593.75,0.3875,5.2914
일반남여_일반통합06_F_1524374974_25_수도권_실내_07840.wav,MP3_320kbps,0.2083,0.5833,1,0.8438,47.42,4.72,4.275,,0.9979,0.3684,0.6345,0.376494,826.35,2593.75,0.3875,5.2914
일반남여_일반통합06_F_1524374974_25_수도권_실내_07840.wav,Resample_44100RT,0.2083,0.5833,1,0.8438,51.13,4.728,4.316,,0.9992,0.3668,0.4622,0.376494,826.35,2593.75,0.3875,5.2914
일반남여_일반통합06_F_1524374974_25_수도권_실내_07840.wav,Crop_10pct,1.0,-1.0,0,0.0,51.03,4.729,4.273,,0.9994,0.2429,0.3146,0.376494,826.35,2593.75,0.3875,5.2914
일반남여_일반통합06_F_1524374974_25_수도권_실내_07840.wav,TSM_1.1x,1.0,-1.0,0,0.0,,3.986,1.126,,,,,0.376494,826.35,2593.75,0.3875,5.2914
일반남여_일반통합06_F_1524374974_25_수도권_실내_07840.wav,AWGN_30dB,1.0,-1.0,0,0.0,29.98,4.08,2.207,,0.9815,1.1394,1.9415,0.376494,826.35,2593.75,0.3875,5.2914
일반남여_일반통합06_F_1524374974_25_수도권_실내_07840.wav,Limiter,0.2083,0.5833,1,0.8438,51.18,4.728,4.316,,0.9993,0.2267,0.3208,0.376494,826.35,2593.75,0.3875,5.2914
일반남여_일반통합06_F_1524374974_25_수도권_실내_07840.wav,Opus_32kbps,1.0,-1.0,0,0.0,27.24,4.555,4.275,,0.9816,0.7259,1.2789,0.376494,826.35,2593.75,0.3875,5.2914
일반남여_일반통합06_F_1524374974_25_수도권_실내_07840.wav,AAC_128kbps,0.2083,0.5833,1,0.8438,45.1,4.726,4.312,,0.9984,0.3817,0.6901,0.376494,826.35,2593.75,0.3875,5.2914
일반남여_일반통합06_F_1524374974_25_수도권_실내_07840.wav,TelephoneFilter,0.4167,0.1667,1,0.6562,-10.07,3.961,2.993,,0.5115,0.9558,1.3143,0.376494,826.35,2593.75,0.3875,5.2914
일반남여_일반통합06_F_1524374974_25_수도권_실내_07840.wav,EnCodec_6kbps,1.0,-1.0,0,0.0,9.9,4.44,2.199,,0.6679,1.524,2.198,0.376494,826.35,2593.75,0.3875,5.2914
일반남여_일반통합06_F_1524374974_25_수도권_실내_07840.wav,DAC,0.4167,0.1667,1,0.7188,-8.77,4.627,3.522,,0.4157,1.581,2.0617,0.376494,826.35,2593.75,0.3875,5.2914
일반남여_일반통합06_F_1524374974_25_수도권_실내_07843.wav,NoAttack,0.2917,0.4167,1,0.8125,51.08,4.728,4.272,,0.9992,0.2107,0.3124,0.354082,746.83,1531.25,0.367742,8.667
일반남여_일반통합06_F_1524374974_25_수도권_실내_07843.wav,MP3_128kbps,0.2917,0.4167,1,0.8125,49.26,4.727,4.251,,0.9985,0.3767,0.6623,0.354082,746.83,1531.25,0.367742,8.667
일반남여_일반통합06_F_1524374974_25_수도권_실내_07843.wav,MP3_320kbps,0.2917,0.4167,1,0.8125,49.19,4.728,4.254,,0.9985,0.3767,0.663,0.354082,746.83,1531.25,0.367742,8.667
일반남여_일반통합06_F_1524374974_25_수도권_실내_07843.wav,Resample_44100RT,0.2917,0.4167,1,0.8125,51.06,4.728,4.272,,0.9992,0.3532,0.4492,0.354082,746.83,1531.25,0.367742,8.667
일반남여_일반통합06_F_1524374974_25_수도권_실내_07843.wav,Crop_10pct,1.0,-1.0,0,0.0,50.42,4.729,4.274,,0.9991,0.2395,0.3344,0.354082,746.83,1531.25,0.367742,8.667
일반남여_일반통합06_F_1524374974_25_수도권_실내_07843.wav,TSM_1.1x,1.0,-1.0,0,0.0,,4.149,1.14,,,,,0.354082,746.83,1531.25,0.367742,8.667
일반남여_일반통합06_F_1524374974_25_수도권_실내_07843.wav,AWGN_30dB,0.4583,0.0833,1,0.6875,29.97,4.063,2.078,,0.9805,1.1588,1.9781,0.354082,746.83,1531.25,0.367742,8.667
일반남여_일반통합06_F_1524374974_25_수도권_실내_07843.wav,Limiter,0.2917,0.4167,1,0.8125,51.08,4.728,4.272,,0.9992,0.2107,0.3124,0.354082,746.83,1531.25,0.367742,8.667
일반남여_일반통합06_F_1524374974_25_수도권_실내_07843.wav,Opus_32kbps,0.2917,0.4167,1,0.7812,27.33,4.654,4.336,,0.9848,0.6843,1.2446,0.354082,746.83,1531.25,0.367742,8.667
일반남여_일반통합06_F_1524374974_25_수도권_실내_07843.wav,AAC_128kbps,0.2917,0.4167,1,0.8125,46.04,4.727,4.273,,0.9985,0.3642,0.6838,0.354082,746.83,1531.25,0.367742,8.667
일반남여_일반통합06_F_1524374974_25_수도권_실내_07843.wav,TelephoneFilter,0.3333,0.3333,1,0.8125,-2.13,4.177,3.654,,0.5974,0.9511,1.3321,0.354082,746.83,1531.25,0.367742,8.667
일반남여_일반통합06_F_1524374974_25_수도권_실내_07843.wav,EnCodec_6kbps,1.0,-1.0,0,0.0,8.51,4.5,2.267,,0.6991,1.5213,2.2123,0.354082,746.83,1531.25,0.367742,8.667
일반남여_일반통합06_F_1524374974_25_수도권_실내_07843.wav,DAC,0.4167,0.1667,1,0.6875,-24.45,4.622,3.542,,0.3967,1.5756,2.0894,0.354082,746.83,1531.25,0.367742,8.667
일반남여_일반통합06_F_1524374974_25_수도권_실내_07845.wav,NoAttack,0.0,1.0,1,0.8125,50.77,4.729,4.405,,0.9992,0.1619,0.2495,0.327455,944.32,1875.0,0.34375,6.4204
일반남여_일반통합06_F_1524374974_25_수도권_실내_07845.wav,MP3_128kbps,0.0,1.0,1,0.8125,49.42,4.725,4.384,,0.9985,0.3283,0.6013,0.327455,944.32,1875.0,0.34375,6.4204
일반남여_일반통합06_F_1524374974_25_수도권_실내_07845.wav,MP3_320kbps,0.0,1.0,1,0.8125,49.42,4.725,4.386,,0.9985,0.3277,0.6009,0.327455,944.32,1875.0,0.34375,6.4204
일반남여_일반통합06_F_1524374974_25_수도권_실내_07845.wav,Resample_44100RT,0.0,1.0,1,0.8125,50.74,4.729,4.405,,0.9991,0.2658,0.3554,0.327455,944.32,1875.0,0.34375,6.4204
일반남여_일반통합06_F_1524374974_25_수도권_실내_07845.wav,Crop_10pct,1.0,-1.0,0,0.0,50.77,4.727,4.446,,0.9992,0.1639,0.2652,0.327455,944.32,1875.0,0.34375,6.4204
일반남여_일반통합06_F_1524374974_25_수도권_실내_07845.wav,TSM_1.1x,0.2917,0.4167,1,0.5938,,4.087,1.138,,,,,0.327455,944.32,1875.0,0.34375,6.4204
일반남여_일반통합06_F_1524374974_25_수도권_실내_07845.wav,AWGN_30dB,0.3333,0.3333,1,0.5833,29.93,4.034,2.134,,0.9807,1.1256,1.9443,0.327455,944.32,1875.0,0.34375,6.4204
일반남여_일반통합06_F_1524374974_25_수도권_실내_07845.wav,Limiter,0.0,1.0,1,0.8125,50.77,4.729,4.405,,0.9992,0.1619,0.2495,0.327455,944.32,1875.0,0.34375,6.4204
일반남여_일반통합06_F_1524374974_25_수도권_실내_07845.wav,Opus_32kbps,0.0417,0.9167,1,0.75,27.7,4.61,4.413,,0.9849,0.7094,1.279,0.327455,944.32,1875.0,0.34375,6.4204
일반남여_일반통합06_F_1524374974_25_수도권_실내_07845.wav,AAC_128kbps,0.0,1.0,1,0.8125,45.95,4.726,4.395,,0.9984,0.3153,0.6222,0.327455,944.32,1875.0,0.34375,6.4204
일반남여_일반통합06_F_1524374974_25_수도권_실내_07845.wav,TelephoneFilter,0.125,0.75,1,0.6458,-4.38,4.098,3.521,,0.5409,0.9493,1.312,0.327455,944.32,1875.0,0.34375,6.4204
일반남여_일반통합06_F_1524374974_25_수도권_실내_07845.wav,EnCodec_6kbps,0.375,0.25,1,0.5833,9.69,4.495,2.252,,0.6872,1.525,2.2106,0.327455,944.32,1875.0,0.34375,6.4204
일반남여_일반통합06_F_1524374974_25_수도권_실내_07845.wav,DAC,1.0,-1.0,0,0.0,-25.28,4.618,3.486,,0.3885,1.5784,2.077,0.327455,944.32,1875.0,0.34375,6.4204
일반남여_일반통합06_F_1524374974_25_수도권_실내_07847.wav,NoAttack,0.25,0.5,1,0.7812,51.71,4.727,4.329,,0.9995,0.307,0.3591,0.430189,981.35,1687.5,0.47482,9.2156
일반남여_일반통합06_F_1524374974_25_수도권_실내_07847.wav,MP3_128kbps,0.2917,0.4167,1,0.75,48.31,4.723,4.293,,0.9981,0.4065,0.6631,0.430189,981.35,1687.5,0.47482,9.2156
일반남여_일반통합06_F_1524374974_25_수도권_실내_07847.wav,MP3_320kbps,0.2917,0.4167,1,0.75,48.31,4.723,4.293,,0.9981,0.407,0.6623,0.430189,981.35,1687.5,0.47482,9.2156
일반남여_일반통합06_F_1524374974_25_수도권_실내_07847.wav,Resample_44100RT,0.25,0.5,1,0.7812,51.42,4.727,4.329,,0.9994,0.4695,0.4968,0.430189,981.35,1687.5,0.47482,9.2156
일반남여_일반통합06_F_1524374974_25_수도권_실내_07847.wav,Crop_10pct,1.0,-1.0,0,0.0,50.28,4.724,4.326,,0.9995,0.2945,0.3183,0.430189,981.35,1687.5,0.47482,9.2156
일반남여_일반통합06_F_1524374974_25_수도권_실내_07847.wav,TSM_1.1x,1.0,-1.0,0,0.0,,4.385,1.273,,,,,0.430189,981.35,1687.5,0.47482,9.2156
일반남여_일반통합06_F_1524374974_25_수도권_실내_07847.wav,AWGN_30dB,0.2917,0.4167,1,0.5625,29.96,4.124,2.541,,0.9831,1.1207,1.8932,0.430189,981.35,1687.5,0.47482,9.2156
일반남여_일반통합06_F_1524374974_25_수도권_실내_07847.wav,Limiter,0.25,0.5,1,0.7812,51.71,4.727,4.329,,0.9995,0.307,0.3591,0.430189,981.35,1687.5,0.47482,9.2156
일반남여_일반통합06_F_1524374974_25_수도권_실내_07847.wav,Opus_32kbps,0.3333,0.3333,1,0.6875,26.33,4.602,4.395,,0.9829,0.7502,1.3213,0.430189,981.35,1687.5,0.47482,9.2156
일반남여_일반통합06_F_1524374974_25_수도권_실내_07847.wav,AAC_128kbps,0.2917,0.4167,1,0.75,45.23,4.723,4.309,,0.9988,0.4192,0.6904,0.430189,981.35,1687.5,0.47482,9.2156
일반남여_일반통합06_F_1524374974_25_수도권_실내_07847.wav,TelephoneFilter,0.25,0.5,1,0.7188,-3.73,4.205,3.849,,0.5633,0.8341,1.0811,0.430189,981.35,1687.5,0.47482,9.2156
일반남여_일반통합06_F_1524374974_25_수도권_실내_07847.wav,EnCodec_6kbps,1.0,-1.0,0,0.0,7.65,4.525,2.905,,0.6661,1.5267,2.2654,0.430189,981.35,1687.5,0.47482,9.2156
일반남여_일반통합06_F_1524374974_25_수도권_실내_07847.wav,DAC,1.0,-1.0,0,0.0,-20.24,4.677,3.905,,0.2342,1.5769,2.128,0.430189,981.35,1687.5,0.47482,9.2156
일반남여_일반통합06_F_1524374974_25_수도권_실내_07849.wav,NoAttack,0.1667,0.6667,1,0.8438,51.02,4.729,4.255,,0.9991,0.2508,0.3425,0.387247,978.85,1593.75,0.40625,10.8404
일반남여_일반통합06_F_1524374974_25_수도권_실내_07849.wav,MP3_128kbps,0.1667,0.6667,1,0.8438,49.28,4.707,4.225,,0.9978,0.4068,0.705,0.387247,978.85,1593.75,0.40625,10.8404
일반남여_일반통합06_F_1524374974_25_수도권_실내_07849.wav,MP3_320kbps,0.1667,0.6667,1,0.8438,49.27,4.707,4.225,,0.9978,0.4076,0.7016,0.387247,978.85,1593.75,0.40625,10.8404
일반남여_일반통합06_F_1524374974_25_수도권_실내_07849.wav,Resample_44100RT,0.1667,0.6667,1,0.8438,50.93,4.729,4.255,,0.9989,0.3782,0.4714,0.387247,978.85,1593.75,0.40625,10.8404
일반남여_일반통합06_F_1524374974_25_수도권_실내_07849.wav,Crop_10pct,1.0,-1.0,0,0.0,48.2,4.728,4.041,,0.9988,0.2811,0.3599,0.387247,978.85,1593.75,0.40625,10.8404
일반남여_일반통합06_F_1524374974_25_수도권_실내_07849.wav,TSM_1.1x,0.2917,0.4167,1,1.0,,4.233,1.2,,,,,0.387247,978.85,1593.75,0.40625,10.8404
일반남여_일반통합06_F_1524374974_25_수도권_실내_07849.wav,AWGN_30dB,1.0,-1.0,0,0.0,29.98,4.163,2.21,,0.9787,1.1816,2.0143,0.387247,978.85,1593.75,0.40625,10.8404
일반남여_일반통합06_F_1524374974_25_수도권_실내_07849.wav,Limiter,0.1667,0.6667,1,0.8438,51.02,4.729,4.255,,0.9991,0.2508,0.3425,0.387247,978.85,1593.75,0.40625,10.8404
일반남여_일반통합06_F_1524374974_25_수도권_실내_07849.wav,Opus_32kbps,0.1667,0.6667,1,0.8438,27.24,4.581,4.293,,0.9833,0.6851,1.2145,0.387247,978.85,1593.75,0.40625,10.8404
일반남여_일반통합06_F_1524374974_25_수도권_실내_07849.wav,AAC_128kbps,0.125,0.75,1,0.8438,45.19,4.726,4.176,,0.998,0.4007,0.7261,0.387247,978.85,1593.75,0.40625,10.8404
일반남여_일반통합06_F_1524374974_25_수도권_실내_07849.wav,TelephoneFilter,0.375,0.25,1,0.75,0.05,4.177,3.465,,0.6011,0.9007,1.2305,0.387247,978.85,1593.75,0.40625,10.8404
일반남여_일반통합06_F_1524374974_25_수도권_실내_07849.wav,EnCodec_6kbps,1.0,-1.0,0,0.0,7.89,4.539,2.447,,0.6735,1.5206,2.2048,0.387247,978.85,1593.75,0.40625,10.8404
일반남여_일반통합06_F_1524374974_25_수도권_실내_07849.wav,DAC,1.0,-1.0,0,0.0,-16.58,4.614,3.991,,0.3227,1.586,2.0783,0.387247,978.85,1593.75,0.40625,10.8404
일반남여_일반통합06_F_1524374974_25_수도권_실내_07851.wav,NoAttack,0.2083,0.5833,1,0.8438,50.74,4.721,4.126,,0.9993,0.2285,0.3391,0.258366,1315.29,4750.0,0.33125,11.5978
일반남여_일반통합06_F_1524374974_25_수도권_실내_07851.wav,MP3_128kbps,0.2083,0.5833,1,0.8125,42.23,4.702,4.093,,0.9974,0.4218,0.7607,0.258366,1315.29,4750.0,0.33125,11.5978
일반남여_일반통합06_F_1524374974_25_수도권_실내_07851.wav,MP3_320kbps,0.2083,0.5833,1,0.8438,42.39,4.702,4.093,,0.9974,0.4224,0.7605,0.258366,1315.29,4750.0,0.33125,11.5978
일반남여_일반통합06_F_1524374974_25_수도권_실내_07851.wav,Resample_44100RT,0.2083,0.5833,1,0.8438,50.64,4.721,4.126,,0.9993,0.2919,0.4234,0.258366,1315.29,4750.0,0.33125,11.5978
일반남여_일반통합06_F_1524374974_25_수도권_실내_07851.wav,Crop_10pct,1.0,-1.0,0,0.0,49.81,4.723,4.038,,0.9993,0.2354,0.3389,0.258366,1315.29,4750.0,0.33125,11.5978
일반남여_일반통합06_F_1524374974_25_수도권_실내_07851.wav,TSM_1.1x,0.3333,0.3333,1,0.75,,4.018,1.056,,,,,0.258366,1315.29,4750.0,0.33125,11.5978
일반남여_일반통합06_F_1524374974_25_수도권_실내_07851.wav,AWGN_30dB,1.0,-1.0,0,0.0,29.98,4.118,1.87,,0.9847,1.0951,1.8929,0.258366,1315.29,4750.0,0.33125,11.5978
일반남여_일반통합06_F_1524374974_25_수도권_실내_07851.wav,Limiter,0.2083,0.5833,1,0.8438,50.74,4.721,4.126,,0.9993,0.2285,0.3391,0.258366,1315.29,4750.0,0.33125,11.5978
일반남여_일반통합06_F_1524374974_25_수도권_실내_07851.wav,Opus_32kbps,0.2083,0.5833,1,0.75,21.36,4.531,4.149,,0.977,0.6722,1.2047,0.258366,1315.29,4750.0,0.33125,11.5978
일반남여_일반통합06_F_1524374974_25_수도권_실내_07851.wav,AAC_128kbps,0.2083,0.5833,1,0.8125,39.29,4.717,3.978,,0.998,0.4383,0.8211,0.258366,1315.29,4750.0,0.33125,11.5978
일반남여_일반통합06_F_1524374974_25_수도권_실내_07851.wav,TelephoneFilter,0.5833,-0.1667,1,0.75,-9.25,3.956,2.709,,0.4366,1.0847,1.4381,0.258366,1315.29,4750.0,0.33125,11.5978
일반남여_일반통합06_F_1524374974_25_수도권_실내_07851.wav,EnCodec_6kbps,0.2917,0.4167,1,0.6875,6.35,4.419,2.174,,0.5801,1.5223,2.081,0.258366,1315.29,4750.0,0.33125,11.5978
일반남여_일반통합06_F_1524374974_25_수도권_실내_07851.wav,DAC,1.0,-1.0,0,0.0,-8.86,4.516,3.397,,0.3844,1.5902,1.9192,0.258366,1315.29,4750.0,0.33125,11.5978
일반남여_일반통합06_F_1524374974_25_수도권_실내_07853.wav,NoAttack,0.0,1.0,1,0.875,50.98,4.722,4.359,,0.999,0.1746,0.3148,0.301298,1030.58,3265.62,0.304813,8.1169
일반남여_일반통합06_F_1524374974_25_수도권_실내_07853.wav,MP3_128kbps,0.0,1.0,1,0.875,39.69,4.696,4.325,,0.9953,0.3474,0.6668,0.301298,1030.58,3265.62,0.304813,8.1169
일반남여_일반통합06_F_1524374974_25_수도권_실내_07853.wav,MP3_320kbps,0.0,1.0,1,0.875,39.73,4.696,4.326,,0.9952,0.3474,0.6679,0.301298,1030.58,3265.62,0.304813,8.1169
일반남여_일반통합06_F_1524374974_25_수도권_실내_07853.wav,Resample_44100RT,0.0,1.0,1,0.875,49.52,4.721,4.359,,0.9988,0.2727,0.427,0.301298,1030.58,3265.62,0.304813,8.1169
일반남여_일반통합06_F_1524374974_25_수도권_실내_07853.wav,Crop_10pct,0.1667,0.6667,1,0.9062,51.27,4.721,4.349,,0.999,0.1456,0.2776,0.301298,1030.58,3265.62,0.304813,8.1169
일반남여_일반통합06_F_1524374974_25_수도권_실내_07853.wav,TSM_1.1x,1.0,-1.0,0,0.0,,4.129,1.118,,,,,0.301298,1030.58,3265.62,0.304813,8.1169
일반남여_일반통합06_F_1524374974_25_수도권_실내_07853.wav,AWGN_30dB,0.4167,0.1667,1,0.6667,29.98,4.067,1.869,,0.9801,1.1403,1.9796,0.301298,1030.58,3265.62,0.304813,8.1169
일반남여_일반통합06_F_1524374974_25_수도권_실내_07853.wav,Limiter,0.0,1.0,1,0.875,50.98,4.722,4.359,,0.999,0.1746,0.3148,0.301298,1030.58,3265.62,0.304813,8.1169
일반남여_일반통합06_F_1524374974_25_수도권_실내_07853.wav,Opus_32kbps,0.0417,0.9167,1,0.8333,25.78,4.603,4.38,,0.9788,0.7757,1.4305,0.301298,1030.58,3265.62,0.304813,8.1169
일반남여_일반통합06_F_1524374974_25_수도권_실내_07853.wav,AAC_128kbps,0.0,1.0,1,0.875,45.08,4.716,4.316,,0.9979,0.3624,0.7176,0.301298,1030.58,3265.62,0.304813,8.1169
일반남여_일반통합06_F_1524374974_25_수도권_실내_07853.wav,TelephoneFilter,1.0,-1.0,0,0.0,-3.74,4.096,2.742,,0.5272,1.0058,1.4667,0.301298,1030.58,3265.62,0.304813,8.1169
일반남여_일반통합06_F_1524374974_25_수도권_실내_07853.wav,EnCodec_6kbps,1.0,-1.0,0,0.0,7.51,4.462,1.961,,0.6072,1.5265,2.2381,0.301298,1030.58,3265.62,0.304813,8.1169
일반남여_일반통합06_F_1524374974_25_수도권_실내_07853.wav,DAC,0.5417,-0.0833,1,0.5417,-30.26,4.598,3.54,,0.3104,1.5845,2.0951,0.301298,1030.58,3265.62,0.304813,8.1169
일반남여_일반통합06_F_1524374974_25_수도권_실내_07855.wav,NoAttack,0.2083,0.5833,1,0.8438,51.12,4.728,4.309,,0.999,0.3342,0.4234,0.337904,1101.05,3078.12,0.386364,14.7166
일반남여_일반통합06_F_1524374974_25_수도권_실내_07855.wav,MP3_128kbps,0.2083,0.5833,1,0.8438,41.64,4.707,4.249,,0.9956,0.5142,0.8861,0.337904,1101.05,3078.12,0.386364,14.7166
일반남여_일반통합06_F_1524374974_25_수도권_실내_07855.wav,MP3_320kbps,0.2083,0.5833,1,0.8438,41.21,4.706,4.249,,0.9953,0.5149,0.8885,0.337904,1101.05,3078.12,0.386364,14.7166
일반남여_일반통합06_F_1524374974_25_수도권_실내_07855.wav,Resample_44100RT,0.2083,0.5833,1,0.8438,50.72,4.727,4.309,,0.9989,0.4349,0.546,0.337904,1101.05,3078.12,0.386364,14.7166
일반남여_일반통합06_F_1524374974_25_수도권_실내_07855.wav,Crop_10pct,0.2083,0.5833,1,0.7812,51.42,4.727,4.299,,0.999,0.3591,0.4488,0.337904,1101.05,3078.12,0.386364,14.7166
일반남여_일반통합06_F_1524374974_25_수도권_실내_07855.wav,TSM_1.1x,1.0,-1.0,0,0.0,,4.173,1.138,,,,,0.337904,1101.05,3078.12,0.386364,14.7166
일반남여_일반통합06_F_1524374974_25_수도권_실내_07855.wav,AWGN_30dB,0.4167,0.1667,1,0.75,29.91,4.006,2.075,,0.98,1.1712,1.9999,0.337904,1101.05,3078.12,0.386364,14.7166
일반남여_일반통합06_F_1524374974_25_수도권_실내_07855.wav,Limiter,0.2083,0.5833,1,0.8438,51.12,4.728,4.309,,0.999,0.3342,0.4234,0.337904,1101.05,3078.12,0.386364,14.7166
일반남여_일반통합06_F_1524374974_25_수도권_실내_07855.wav,Opus_32kbps,0.25,0.5,1,0.8125,24.08,4.616,4.342,,0.9778,0.7578,1.3461,0.337904,1101.05,3078.12,0.386364,14.7166
일반남여_일반통합06_F_1524374974_25_수도권_실내_07855.wav,AAC_128kbps,0.2083,0.5833,1,0.8438,43.84,4.726,4.19,,0.9976,0.5094,0.9233,0.337904,1101.05,3078.12,0.386364,14.7166
일반남여_일반통합06_F_1524374974_25_수도권_실내_07855.wav,TelephoneFilter,1.0,-1.0,0,0.0,2.65,4.287,2.907,,0.5629,0.9822,1.3259,0.337904,1101.05,3078.12,0.386364,14.7166
일반남여_일반통합06_F_1524374974_25_수도권_실내_07855.wav,EnCodec_6kbps,0.4167,0.1667,1,0.5938,5.79,4.487,2.232,,0.6013,1.5317,2.1762,0.337904,1101.05,3078.12,0.386364,14.7166
일반남여_일반통합06_F_1524374974_25_수도권_실내_07855.wav,DAC,1.0,-1.0,0,0.0,-6.73,4.631,3.754,,0.3148,1.5787,2.0465,0.337904,1101.05,3078.12,0.386364,14.7166
일반남여_일반통합06_F_1524374974_25_수도권_실내_08316.wav,NoAttack,0.2083,0.5833,1,0.8438,51.51,4.729,4.244,,0.9991,0.2976,0.3885,0.371064,1096.17,3125.0,0.380682,10.1232
일반남여_일반통합06_F_1524374974_25_수도권_실내_08316.wav,MP3_128kbps,0.2917,0.4167,1,0.8125,41.1,4.616,4.201,,0.9952,0.4385,0.7529,0.371064,1096.17,3125.0,0.380682,10.1232
일반남여_일반통합06_F_1524374974_25_수도권_실내_08316.wav,MP3_320kbps,0.2917,0.4167,1,0.8125,41.09,4.616,4.203,,0.9951,0.439,0.7537,0.371064,1096.17,3125.0,0.380682,10.1232
일반남여_일반통합06_F_1524374974_25_수도권_실내_08316.wav,Resample_44100RT,0.2083,0.5833,1,0.8438,51.44,4.729,4.244,,0.999,0.3986,0.5008,0.371064,1096.17,3125.0,0.380682,10.1232
일반남여_일반통합06_F_1524374974_25_수도권_실내_08316.wav,Crop_10pct,1.0,-1.0,0,0.0,49.44,4.729,4.198,,0.999,0.3339,0.4033,0.371064,1096.17,3125.0,0.380682,10.1232
일반남여_일반통합06_F_1524374974_25_수도권_실내_08316.wav,TSM_1.1x,1.0,-1.0,0,0.0,,4.157,1.08,,,,,0.371064,1096.17,3125.0,0.380682,10.1232
일반남여_일반통합06_F_1524374974_25_수도권_실내_08316.wav,AWGN_30dB,0.25,0.5,1,0.5938,29.96,4.108,1.855,,0.9798,1.1555,1.9679,0.371064,1096.17,3125.0,0.380682,10.1232
일반남여_일반통합06_F_1524374974_25_수도권_실내_08316.wav,Limiter,0.2083,0.5833,1,0.8438,51.51,4.729,4.244,,0.9991,0.2976,0.3885,0.371064,1096.17,3125.0,0.380682,10.1232
일반남여_일반통합06_F_1524374974_25_수도권_실내_08316.wav,Opus_32kbps,0.3333,0.3333,1,0.6562,26.25,4.51,4.284,,0.9785,0.7871,1.3884,0.371064,1096.17,3125.0,0.380682,10.1232
일반남여_일반통합06_F_1524374974_25_수도권_실내_08316.wav,AAC_128kbps,0.2917,0.4167,1,0.8125,42.47,4.726,4.189,,0.9977,0.4591,0.8128,0.371064,1096.17,3125.0,0.380682,10.1232
일반남여_일반통합06_F_1524374974_25_수도권_실내_08316.wav,TelephoneFilter,1.0,-1.0,0,0.0,-12.36,4.135,2.885,,0.4416,0.9397,1.2451,0.371064,1096.17,3125.0,0.380682,10.1232
일반남여_일반통합06_F_1524374974_25_수도권_실내_08316.wav,EnCodec_6kbps,0.3333,0.3333,1,0.5625,9.07,4.426,2.353,,0.598,1.5415,2.1722,0.371064,1096.17,3125.0,0.380682,10.1232
일반남여_일반통합06_F_1524374974_25_수도권_실내_08316.wav,DAC,1.0,-1.0,0,0.0,-6.61,4.605,3.666,,0.4228,1.5862,2.0826,0.371064,1096.17,3125.0,0.380682,10.1232
일반남여_일반통합06_F_1524374974_25_수도권_실내_08318.wav,NoAttack,0.2917,0.4167,1,0.8125,51.44,4.729,4.212,,0.9991,0.2009,0.3214,0.362544,1073.92,4671.88,0.392045,9.7271
일반남여_일반통합06_F_1524374974_25_수도권_실내_08318.wav,MP3_128kbps,0.2917,0.4167,1,0.8125,41.42,4.721,4.186,,0.9956,0.3799,0.703,0.362544,1073.92,4671.88,0.392045,9.7271
일반남여_일반통합06_F_1524374974_25_수도권_실내_08318.wav,MP3_320kbps,0.2917,0.4167,1,0.8125,41.39,4.721,4.186,,0.9955,0.3802,0.7042,0.362544,1073.92,4671.88,0.392045,9.7271
일반남여_일반통합06_F_1524374974_25_수도권_실내_08318.wav,Resample_44100RT,0.2917,0.4167,1,0.8125,50.83,4.729,4.212,,0.999,0.3,0.4145,0.362544,1073.92,4671.88,0.392045,9.7271
일반남여_일반통합06_F_1524374974_25_수도권_실내_08318.wav,Crop_10pct,0.4583,0.0833,1,0.625,50.13,4.728,4.271,,0.999,0.2169,0.3155,0.362544,1073.92,4671.88,0.392045,9.7271
일반남여_일반통합06_F_1524374974_25_수도권_실내_08318.wav,TSM_1.1x,1.0,-1.0,0,0.0,,4.175,1.074,,,,,0.362544,1073.92,4671.88,0.392045,9.7271
일반남여_일반통합06_F_1524374974_25_수도권_실내_08318.wav,AWGN_30dB,1.0,-1.0,0,0.0,29.98,4.029,1.838,,0.9848,1.1906,1.996,0.362544,1073.92,4671.88,0.392045,9.7271
일반남여_일반통합06_F_1524374974_25_수도권_실내_08318.wav,Limiter,0.2917,0.4167,1,0.8125,51.44,4.729,4.212,,0.9991,0.2009,0.3214,0.362544,1073.92,4671.88,0.392045,9.7271
일반남여_일반통합06_F_1524374974_25_수도권_실내_08318.wav,Opus_32kbps,0.2917,0.4167,1,0.6875,23.71,4.592,4.178,,0.9776,0.7602,1.3707,0.362544,1073.92,4671.88,0.392045,9.7271
일반남여_일반통합06_F_1524374974_25_수도권_실내_08318.wav,AAC_128kbps,0.2917,0.4167,1,0.7812,44.67,4.727,4.183,,0.9981,0.4034,0.7486,0.362544,1073.92,4671.88,0.392045,9.7271
일반남여_일반통합06_F_1524374974_25_수도권_실내_08318.wav,TelephoneFilter,1.0,-1.0,0,0.0,-6.5,4.256,2.498,,0.474,0.9767,1.3497,0.362544,1073.92,4671.88,0.392045,9.7271
일반남여_일반통합06_F_1524374974_25_수도권_실내_08318.wav,EnCodec_6kbps,0.4167,0.1667,1,0.625,6.58,4.498,2.398,,0.6098,1.5314,2.1568,0.362544,1073.92,4671.88,0.392045,9.7271
일반남여_일반통합06_F_1524374974_25_수도권_실내_08318.wav,DAC,1.0,-1.0,0,0.0,-12.21,4.644,3.717,,0.4247,1.5833,2.0726,0.362544,1073.92,4671.88,0.392045,9.7271
통화 7727-0029.wav,NoAttack,0.0,1.0,1,1.0,49.12,4.731,4.631,,0.9996,0.4393,0.8252,4.6e-05,991.87,2437.5,0.015873,6.3201
통화 7727-0029.wav,MP3_128kbps,0.0,1.0,1,1.0,48.61,4.731,4.535,,0.9996,0.8272,1.408,4.6e-05,991.87,2437.5,0.015873,6.3201
통화 7727-0029.wav,MP3_320kbps,0.0,1.0,1,1.0,48.76,4.731,4.534,,0.9996,0.8241,1.407,4.6e-05,991.87,2437.5,0.015873,6.3201
통화 7727-0029.wav,Resample_44100RT,0.0,1.0,1,1.0,49.11,4.731,4.631,,0.9996,0.5288,0.949,4.6e-05,991.87,2437.5,0.015873,6.3201
통화 7727-0029.wav,Crop_10pct,1.0,-1.0,0,0.0,49.04,,4.631,,0.9996,0.414,0.7574,4.6e-05,991.87,2437.5,0.015873,6.3201
통화 7727-0029.wav,TSM_1.1x,1.0,-1.0,0,0.0,,4.514,1.42,,,,,4.6e-05,991.87,2437.5,0.015873,6.3201
통화 7727-0029.wav,AWGN_30dB,0.5417,-0.0833,1,1.0,29.97,3.923,1.648,,0.9913,0.9671,1.7134,4.6e-05,991.87,2437.5,0.015873,6.3201
통화 7727-0029.wav,Limiter,0.0,1.0,1,1.0,49.12,4.731,4.631,,0.9996,0.4393,0.8252,4.6e-05,991.87,2437.5,0.015873,6.3201
통화 7727-0029.wav,Opus_32kbps,1.0,-1.0,0,0.0,25.7,4.723,4.237,,0.9897,0.9294,1.6625,4.6e-05,991.87,2437.5,0.015873,6.3201
통화 7727-0029.wav,AAC_128kbps,0.0,1.0,1,1.0,45.01,4.73,4.247,,0.9993,0.8458,1.4174,4.6e-05,991.87,2437.5,0.015873,6.3201
통화 7727-0029.wav,TelephoneFilter,0.125,0.75,1,1.0,-4.63,4.653,4.292,,0.5242,1.2474,1.5829,4.6e-05,991.87,2437.5,0.015873,6.3201
통화 7727-0029.wav,EnCodec_6kbps,1.0,-1.0,0,0.0,7.47,4.624,2.327,,0.6191,1.4917,2.3616,4.6e-05,991.87,2437.5,0.015873,6.3201
통화 7727-0029.wav,DAC,0.5,0.0,1,1.0,-13.21,4.687,4.074,,0.4081,1.5908,2.1039,4.6e-05,991.87,2437.5,0.015873,6.3201
통화 7728-0017.wav,NoAttack,1.0,-1.0,0,0.0,49.03,,4.625,,0.9995,0.4218,0.9359,0.000715,987.22,2812.5,0.017857,5.5574
통화 7728-0017.wav,MP3_128kbps,1.0,-1.0,0,0.0,48.56,,4.579,,0.9994,0.8041,1.3967,0.000715,987.22,2812.5,0.017857,5.5574
통화 7728-0017.wav,MP3_320kbps,1.0,-1.0,0,0.0,48.71,,4.579,,0.9994,0.7989,1.3953,0.000715,987.22,2812.5,0.017857,5.5574
통화 7728-0017.wav,Resample_44100RT,1.0,-1.0,0,0.0,48.0,,4.625,,0.9989,0.522,1.0616,0.000715,987.22,2812.5,0.017857,5.5574
통화 7728-0017.wav,Crop_10pct,1.0,-1.0,0,0.0,49.31,,4.619,,0.9995,0.3843,0.8069,0.000715,987.22,2812.5,0.017857,5.5574
통화 7728-0017.wav,TSM_1.1x,1.0,-1.0,0,0.0,,,1.518,,,,,0.000715,987.22,2812.5,0.017857,5.5574
통화 7728-0017.wav,AWGN_30dB,1.0,-1.0,0,0.0,29.9,,1.641,,0.9885,0.9933,1.7917,0.000715,987.22,2812.5,0.017857,5.5574
통화 7728-0017.wav,Limiter,1.0,-1.0,0,0.0,49.03,,4.625,,0.9995,0.4218,0.9359,0.000715,987.22,2812.5,0.017857,5.5574
통화 7728-0017.wav,Opus_32kbps,1.0,-1.0,0,0.0,26.71,,4.273,,0.9892,0.9055,1.6575,0.000715,987.22,2812.5,0.017857,5.5574
통화 7728-0017.wav,AAC_128kbps,1.0,-1.0,0,0.0,46.95,,4.553,,0.9993,0.8067,1.4109,0.000715,987.22,2812.5,0.017857,5.5574
통화 7728-0017.wav,TelephoneFilter,1.0,-1.0,0,0.0,-1.92,,4.389,,0.5401,1.2667,1.59,0.000715,987.22,2812.5,0.017857,5.5574
통화 7728-0017.wav,EnCodec_6kbps,1.0,-1.0,0,0.0,8.7,,2.648,,0.6099,1.4534,2.373,0.000715,987.22,2812.5,0.017857,5.5574
통화 7728-0017.wav,DAC,1.0,-1.0,0,0.0,-23.75,,4.05,,0.4935,1.5867,2.1919,0.000715,987.22,2812.5,0.017857,5.5574
통화 7728-0022.wav,NoAttack,1.0,-1.0,0,0.0,49.49,,4.618,,0.9997,0.383,0.8147,0.000452,1092.8,2515.62,0.0,4.5711
통화 7728-0022.wav,MP3_128kbps,1.0,-1.0,0,0.0,48.99,,4.57,,0.9997,0.7786,1.3532,0.000452,1092.8,2515.62,0.0,4.5711
통화 7728-0022.wav,MP3_320kbps,1.0,-1.0,0,0.0,49.24,,4.57,,0.9997,0.7769,1.3487,0.000452,1092.8,2515.62,0.0,4.5711
통화 7728-0022.wav,Resample_44100RT,1.0,-1.0,0,0.0,49.48,,4.618,,0.9997,0.4884,0.9398,0.000452,1092.8,2515.62,0.0,4.5711
통화 7728-0022.wav,Crop_10pct,1.0,-1.0,0,0.0,48.79,,4.634,,0.9997,0.3504,0.7193,0.000452,1092.8,2515.62,0.0,4.5711
통화 7728-0022.wav,TSM_1.1x,1.0,-1.0,0,0.0,,,1.266,,,,,0.000452,1092.8,2515.62,0.0,4.5711
통화 7728-0022.wav,AWGN_30dB,1.0,-1.0,0,0.0,29.97,,1.577,,0.9933,0.9391,1.664,0.000452,1092.8,2515.62,0.0,4.5711
통화 7728-0022.wav,Limiter,1.0,-1.0,0,0.0,49.49,,4.618,,0.9997,0.383,0.8147,0.000452,1092.8,2515.62,0.0,4.5711
통화 7728-0022.wav,Opus_32kbps,1.0,-1.0,0,0.0,25.88,,3.906,,0.9901,0.8892,1.5878,0.000452,1092.8,2515.62,0.0,4.5711
통화 7728-0022.wav,AAC_128kbps,1.0,-1.0,0,0.0,46.74,,4.251,,0.9996,0.7979,1.349,0.000452,1092.8,2515.62,0.0,4.5711
통화 7728-0022.wav,TelephoneFilter,1.0,-1.0,0,0.0,-6.25,,4.176,,0.5163,1.252,1.5006,0.000452,1092.8,2515.62,0.0,4.5711
통화 7728-0022.wav,EnCodec_6kbps,1.0,-1.0,0,0.0,7.74,,2.271,,0.6386,1.4596,2.3404,0.000452,1092.8,2515.62,0.0,4.5711
통화 7728-0022.wav,DAC,1.0,-1.0,0,0.0,-12.51,,2.611,,0.3931,1.5455,2.1203,0.000452,1092.8,2515.62,0.0,4.5711
통화 7728-0038.wav,NoAttack,1.0,-1.0,0,0.0,49.45,,4.638,,0.9995,0.4276,0.8722,4.2e-05,947.07,2625.0,0.0,6.0825
통화 7728-0038.wav,MP3_128kbps,1.0,-1.0,0,0.0,49.1,,4.562,,0.9995,0.7999,1.4046,4.2e-05,947.07,2625.0,0.0,6.0825
통화 7728-0038.wav,MP3_320kbps,1.0,-1.0,0,0.0,48.16,,4.563,,0.9994,0.8134,1.395,4.2e-05,947.07,2625.0,0.0,6.0825
통화 7728-0038.wav,Resample_44100RT,1.0,-1.0,0,0.0,49.43,,4.638,,0.9994,0.5192,1.004,4.2e-05,947.07,2625.0,0.0,6.0825
통화 7728-0038.wav,Crop_10pct,1.0,-1.0,0,0.0,48.3,,4.632,,0.9995,0.385,0.792,4.2e-05,947.07,2625.0,0.0,6.0825
통화 7728-0038.wav,TSM_1.1x,1.0,-1.0,0,0.0,,,1.351,,,,,4.2e-05,947.07,2625.0,0.0,6.0825
통화 7728-0038.wav,AWGN_30dB,1.0,-1.0,0,0.0,29.94,,1.587,,0.9894,0.993,1.7821,4.2e-05,947.07,2625.0,0.0,6.0825
통화 7728-0038.wav,Limiter,1.0,-1.0,0,0.0,49.45,,4.638,,0.9995,0.4276,0.8722,4.2e-05,947.07,2625.0,0.0,6.0825
통화 7728-0038.wav,Opus_32kbps,1.0,-1.0,0,0.0,26.61,,4.265,,0.9881,0.9325,1.6613,4.2e-05,947.07,2625.0,0.0,6.0825
통화 7728-0038.wav,AAC_128kbps,1.0,-1.0,0,0.0,46.36,,4.323,,0.9991,0.8313,1.4314,4.2e-05,947.07,2625.0,0.0,6.0825
통화 7728-0038.wav,TelephoneFilter,1.0,-1.0,0,0.0,-3.85,,4.304,,0.54,1.2386,1.5893,4.2e-05,947.07,2625.0,0.0,6.0825
통화 7728-0038.wav,EnCodec_6kbps,1.0,-1.0,0,0.0,8.19,,2.306,,0.6467,1.47,2.3634,4.2e-05,947.07,2625.0,0.0,6.0825
통화 7728-0038.wav,DAC,1.0,-1.0,0,0.0,-12.78,,4.048,,0.4955,1.6221,2.0918,4.2e-05,947.07,2625.0,0.0,6.0825
통화 7729-0014.wav,NoAttack,1.0,-1.0,0,0.0,49.54,,4.644,,0.9997,0.373,0.7708,0.000346,980.6,2593.75,0.0,6.2599
통화 7729-0014.wav,MP3_128kbps,1.0,-1.0,0,0.0,46.65,,3.346,,0.9995,0.8068,1.3406,0.000346,980.6,2593.75,0.0,6.2599
통화 7729-0014.wav,MP3_320kbps,1.0,-1.0,0,0.0,46.81,,3.348,,0.9995,0.8097,1.3435,0.000346,980.6,2593.75,0.0,6.2599
통화 7729-0014.wav,Resample_44100RT,1.0,-1.0,0,0.0,49.46,,4.644,,0.9996,0.4721,0.9208,0.000346,980.6,2593.75,0.0,6.2599
통화 7729-0014.wav,Crop_10pct,1.0,-1.0,0,0.0,50.0,,4.644,,0.9998,0.3437,0.7093,0.000346,980.6,2593.75,0.0,6.2599
통화 7729-0014.wav,TSM_1.1x,1.0,-1.0,0,0.0,,,1.128,,,,,0.000346,980.6,2593.75,0.0,6.2599
통화 7729-0014.wav,AWGN_30dB,1.0,-1.0,0,0.0,29.94,,1.579,,0.9929,0.9197,1.6226,0.000346,980.6,2593.75,0.0,6.2599
통화 7729-0014.wav,Limiter,1.0,-1.0,0,0.0,49.54,,4.644,,0.9997,0.373,0.7708,0.000346,980.6,2593.75,0.0,6.2599
통화 7729-0014.wav,Opus_32kbps,1.0,-1.0,0,0.0,21.98,,3.163,,0.9805,0.9413,1.6913,0.000346,980.6,2593.75,0.0,6.2599
통화 7729-0014.wav,AAC_128kbps,1.0,-1.0,0,0.0,37.43,,3.281,,0.9985,0.8313,1.4267,0.000346,980.6,2593.75,0.0,6.2599
통화 7729-0014.wav,TelephoneFilter,1.0,-1.0,0,0.0,-2.75,,3.542,,0.5236,1.2222,1.6048,0.000346,980.6,2593.75,0.0,6.2599
통화 7729-0014.wav,EnCodec_6kbps,1.0,-1.0,0,0.0,4.77,,1.441,,0.5236,1.5114,2.3682,0.000346,980.6,2593.75,0.0,6.2599
통화 7729-0014.wav,DAC,1.0,-1.0,0,0.0,-25.7,,2.563,,0.447,1.5677,2.2053,0.000346,980.6,2593.75,0.0,6.2599
통화 7729-0018.wav,NoAttack,1.0,-1.0,0,0.0,49.27,,4.644,,0.9997,0.3897,0.7964,0.00055,919.76,2500.0,0.0,4.6161
통화 7729-0018.wav,MP3_128kbps,1.0,-1.0,0,0.0,47.48,,3.288,,0.9994,0.7964,1.3704,0.00055,919.76,2500.0,0.0,4.6161
통화 7729-0018.wav,MP3_320kbps,1.0,-1.0,0,0.0,47.48,,3.272,,0.9994,0.7969,1.3802,0.00055,919.76,2500.0,0.0,4.6161
통화 7729-0018.wav,Resample_44100RT,1.0,-1.0,0,0.0,49.15,,4.644,,0.9995,0.4858,0.9312,0.00055,919.76,2500.0,0.0,4.6161
통화 7729-0018.wav,Crop_10pct,1.0,-1.0,0,0.0,49.58,,4.639,,0.9997,0.3325,0.6663,0.00055,919.76,2500.0,0.0,4.6161
통화 7729-0018.wav,TSM_1.1x,1.0,-1.0,0,0.0,,,1.314,,,,,0.00055,919.76,2500.0,0.0,4.6161
통화 7729-0018.wav,AWGN_30dB,1.0,-1.0,0,0.0,29.92,,1.496,,0.9903,0.9485,1.7228,0.00055,919.76,2500.0,0.0,4.6161
통화 7729-0018.wav,Limiter,1.0,-1.0,0,0.0,49.27,,4.644,,0.9997,0.3897,0.7964,0.00055,919.76,2500.0,0.0,4.6161
통화 7729-0018.wav,Opus_32kbps,1.0,-1.0,0,0.0,23.1,,3.024,,0.9774,0.947,1.7203,0.00055,919.76,2500.0,0.0,4.6161
통화 7729-0018.wav,AAC_128kbps,1.0,-1.0,0,0.0,39.6,,3.217,,0.9984,0.8414,1.4657,0.00055,919.76,2500.0,0.0,4.6161
통화 7729-0018.wav,TelephoneFilter,1.0,-1.0,0,0.0,-8.85,,3.457,,0.516,1.2138,1.6738,0.00055,919.76,2500.0,0.0,4.6161
통화 7729-0018.wav,EnCodec_6kbps,1.0,-1.0,0,0.0,6.03,,1.54,,0.5196,1.5253,2.3363,0.00055,919.76,2500.0,0.0,4.6161
통화 7729-0018.wav,DAC,1.0,-1.0,0,0.0,-8.78,,2.467,,0.3946,1.5726,2.2363,0.00055,919.76,2500.0,0.0,4.6161
통화 7729-0020.wav,NoAttack,1.0,-1.0,0,0.0,49.44,,4.643,,0.9997,0.3601,0.7425,0.000189,997.39,2437.5,0.0,5.05
통화 7729-0020.wav,MP3_128kbps,1.0,-1.0,0,0.0,47.83,,3.754,,0.9995,0.835,1.3716,0.000189,997.39,2437.5,0.0,5.05
통화 7729-0020.wav,MP3_320kbps,1.0,-1.0,0,0.0,47.74,,3.753,,0.9995,0.8298,1.3802,0.000189,997.39,2437.5,0.0,5.05
통화 7729-0020.wav,Resample_44100RT,1.0,-1.0,0,0.0,49.44,,4.643,,0.9996,0.4611,0.8911,0.000189,997.39,2437.5,0.0,5.05
통화 7729-0020.wav,Crop_10pct,1.0,-1.0,0,0.0,49.52,,4.643,,0.9997,0.3279,0.6786,0.000189,997.39,2437.5,0.0,5.05
통화 7729-0020.wav,TSM_1.1x,1.0,-1.0,0,0.0,,,1.147,,,,,0.000189,997.39,2437.5,0.0,5.05
통화 7729-0020.wav,AWGN_30dB,1.0,-1.0,0,0.0,29.96,,1.658,,0.9918,0.9518,1.6869,0.000189,997.39,2437.5,0.0,5.05
통화 7729-0020.wav,Limiter,1.0,-1.0,0,0.0,49.44,,4.643,,0.9997,0.3601,0.7425,0.000189,997.39,2437.5,0.0,5.05
통화 7729-0020.wav,Opus_32kbps,1.0,-1.0,0,0.0,23.91,,3.508,,0.9826,0.9594,1.6877,0.000189,997.39,2437.5,0.0,5.05
통화 7729-0020.wav,AAC_128kbps,1.0,-1.0,0,0.0,41.61,,3.736,,0.9989,0.8459,1.4353,0.000189,997.39,2437.5,0.0,5.05
통화 7729-0020.wav,TelephoneFilter,1.0,-1.0,0,0.0,-4.16,,3.712,,0.5703,1.2538,1.6687,0.000189,997.39,2437.5,0.0,5.05
통화 7729-0020.wav,EnCodec_6kbps,1.0,-1.0,0,0.0,5.57,,1.635,,0.5257,1.5189,2.3047,0.000189,997.39,2437.5,0.0,5.05
통화 7729-0020.wav,DAC,1.0,-1.0,0,0.0,-12.35,,2.826,,0.3478,1.5834,2.1955,0.000189,997.39,2437.5,0.0,5.05
통화 7729-0025.wav,NoAttack,1.0,-1.0,0,0.0,49.81,,4.627,,0.9997,0.3783,0.8305,0.000348,945.62,2171.88,0.0,5.2996
통화 7729-0025.wav,MP3_128kbps,1.0,-1.0,0,0.0,47.83,,3.597,,0.9994,0.8204,1.4434,0.000348,945.62,2171.88,0.0,5.2996
통화 7729-0025.wav,MP3_320kbps,1.0,-1.0,0,0.0,47.83,,3.597,,0.9994,0.8182,1.4385,0.000348,945.62,2171.88,0.0,5.2996
통화 7729-0025.wav,Resample_44100RT,1.0,-1.0,0,0.0,49.81,,4.627,,0.9997,0.4627,0.9799,0.000348,945.62,2171.88,0.0,5.2996
통화 7729-0025.wav,Crop_10pct,1.0,-1.0,0,0.0,48.94,,4.644,,0.9997,0.3058,0.6424,0.000348,945.62,2171.88,0.0,5.2996
통화 7729-0025.wav,TSM_1.1x,1.0,-1.0,0,0.0,,,1.167,,,,,0.000348,945.62,2171.88,0.0,5.2996
통화 7729-0025.wav,AWGN_30dB,1.0,-1.0,0,0.0,29.98,,1.65,,0.9893,0.9845,1.7997,0.000348,945.62,2171.88,0.0,5.2996
통화 7729-0025.wav,Limiter,1.0,-1.0,0,0.0,49.81,,4.627,,0.9997,0.3783,0.8305,0.000348,945.62,2171.88,0.0,5.2996
통화 7729-0025.wav,Opus_32kbps,1.0,-1.0,0,0.0,23.24,,3.438,,0.9795,0.9694,1.7632,0.000348,945.62,2171.88,0.0,5.2996
통화 7729-0025.wav,AAC_128kbps,1.0,-1.0,0,0.0,37.99,,3.558,,0.9978,0.859,1.5341,0.000348,945.62,2171.88,0.0,5.2996
통화 7729-0025.wav,TelephoneFilter,1.0,-1.0,0,0.0,-0.5,,3.664,,0.6146,1.2833,1.7789,0.000348,945.62,2171.88,0.0,5.2996
통화 7729-0025.wav,EnCodec_6kbps,1.0,-1.0,0,0.0,5.35,,1.722,,0.5273,1.5088,2.4075,0.000348,945.62,2171.88,0.0,5.2996
통화 7729-0025.wav,DAC,1.0,-1.0,0,0.0,-21.53,,1.728,,0.3842,1.5969,2.2167,0.000348,945.62,2171.88,0.0,5.2996
통화 7729-0027.wav,NoAttack,1.0,-1.0,0,0.0,49.17,,4.639,,0.9996,0.4073,0.8922,0.000174,932.53,2953.12,0.0,4.3036
통화 7729-0027.wav,MP3_128kbps,1.0,-1.0,0,0.0,47.52,,3.199,,0.9993,0.827,1.448,0.000174,932.53,2953.12,0.0,4.3036
통화 7729-0027.wav,MP3_320kbps,1.0,-1.0,0,0.0,47.55,,3.195,,0.9993,0.8312,1.4514,0.000174,932.53,2953.12,0.0,4.3036
통화 7729-0027.wav,Resample_44100RT,1.0,-1.0,0,0.0,49.16,,4.639,,0.9995,0.5119,1.0138,0.000174,932.53,2953.12,0.0,4.3036
통화 7729-0027.wav,Crop_10pct,1.0,-1.0,0,0.0,48.46,,4.623,,0.9995,0.362,0.7723,0.000174,932.53,2953.12,0.0,4.3036
통화 7729-0027.wav,TSM_1.1x,1.0,-1.0,0,0.0,,,1.237,,,,,0.000174,932.53,2953.12,0.0,4.3036
통화 7729-0027.wav,AWGN_30dB,1.0,-1.0,0,0.0,29.9,,1.438,,0.9878,0.9943,1.8024,0.000174,932.53,2953.12,0.0,4.3036
통화 7729-0027.wav,Limiter,1.0,-1.0,0,0.0,49.17,,4.639,,0.9996,0.4073,0.8922,0.000174,932.53,2953.12,0.0,4.3036
통화 7729-0027.wav,Opus_32kbps,1.0,-1.0,0,0.0,23.99,,2.891,,0.974,0.9895,1.8237,0.000174,932.53,2953.12,0.0,4.3036
통화 7729-0027.wav,AAC_128kbps,1.0,-1.0,0,0.0,40.01,,3.147,,0.9983,0.8564,1.5198,0.000174,932.53,2953.12,0.0,4.3036
통화 7729-0027.wav,TelephoneFilter,1.0,-1.0,0,0.0,-11.52,,3.199,,0.4889,1.2785,1.787,0.000174,932.53,2953.12,0.0,4.3036
통화 7729-0027.wav,EnCodec_6kbps,1.0,-1.0,0,0.0,7.03,,1.53,,0.5535,1.4975,2.4382,0.000174,932.53,2953.12,0.0,4.3036
통화 7729-0027.wav,DAC,1.0,-1.0,0,0.0,-5.2,,2.38,,0.4871,1.5864,2.2575,0.000174,932.53,2953.12,0.0,4.3036
통화 7732-0011.wav,NoAttack,1.0,-1.0,0,0.0,49.27,,4.583,,0.9993,0.415,0.8837,0.000604,1161.29,2875.0,0.150943,5.1751
통화 7732-0011.wav,MP3_128kbps,1.0,-1.0,0,0.0,48.94,,4.565,,0.9993,0.8217,1.4452,0.000604,1161.29,2875.0,0.150943,5.1751
통화 7732-0011.wav,MP3_320kbps,1.0,-1.0,0,0.0,49.07,,4.564,,0.9993,0.8188,1.4483,0.000604,1161.29,2875.0,0.150943,5.1751
통화 7732-0011.wav,Resample_44100RT,1.0,-1.0,0,0.0,49.27,,4.583,,0.9993,0.502,1.0037,0.000604,1161.29,2875.0,0.150943,5.1751
통화 7732-0011.wav,Crop_10pct,1.0,-1.0,0,0.0,49.69,,4.581,,0.9994,0.3866,0.8033,0.000604,1161.29,2875.0,0.150943,5.1751
통화 7732-0011.wav,TSM_1.1x,1.0,-1.0,0,0.0,,,1.119,,,,,0.000604,1161.29,2875.0,0.150943,5.1751
통화 7732-0011.wav,AWGN_30dB,1.0,-1.0,0,0.0,29.94,,1.604,,0.9884,1.0836,1.8781,0.000604,1161.29,2875.0,0.150943,5.1751
통화 7732-0011.wav,Limiter,1.0,-1.0,0,0.0,49.27,,4.583,,0.9993,0.415,0.8837,0.000604,1161.29,2875.0,0.150943,5.1751
통화 7732-0011.wav,Opus_32kbps,1.0,-1.0,0,0.0,27.43,,4.093,,0.9903,0.9274,1.6613,0.000604,1161.29,2875.0,0.150943,5.1751
통화 7732-0011.wav,AAC_128kbps,1.0,-1.0,0,0.0,47.32,,4.477,,0.9992,0.8396,1.4501,0.000604,1161.29,2875.0,0.150943,5.1751
통화 7732-0011.wav,TelephoneFilter,1.0,-1.0,0,0.0,-5.82,,4.182,,0.5402,1.2318,1.6013,0.000604,1161.29,2875.0,0.150943,5.1751
통화 7732-0011.wav,EnCodec_6kbps,1.0,-1.0,0,0.0,6.92,,2.305,,0.6098,1.4741,2.2708,0.000604,1161.29,2875.0,0.150943,5.1751
통화 7732-0011.wav,DAC,1.0,-1.0,0,0.0,-12.64,,3.489,,0.4076,1.6047,2.0257,0.000604,1161.29,2875.0,0.150943,5.1751
통화 7732-0024.wav,NoAttack,1.0,-1.0,0,0.0,49.09,,4.633,,0.9997,0.3766,0.7817,0.000528,1117.97,2625.0,0.0,7.5024
통화 7732-0024.wav,MP3_128kbps,1.0,-1.0,0,0.0,45.22,,4.441,,0.9995,0.7957,1.3102,0.000528,1117.97,2625.0,0.0,7.5024
통화 7732-0024.wav,MP3_320kbps,1.0,-1.0,0,0.0,47.72,,4.442,,0.9996,0.7899,1.3078,0.000528,1117.97,2625.0,0.0,7.5024
통화 7732-0024.wav,Resample_44100RT,1.0,-1.0,0,0.0,43.8,,4.632,,0.9985,0.4708,0.9193,0.000528,1117.97,2625.0,0.0,7.5024
통화 7732-0024.wav,Crop_10pct,1.0,-1.0,0,0.0,48.9,,4.635,,0.9997,0.3521,0.7273,0.000528,1117.97,2625.0,0.0,7.5024
통화 7732-0024.wav,TSM_1.1x,1.0,-1.0,0,0.0,,,1.283,,,,,0.000528,1117.97,2625.0,0.0,7.5024
통화 7732-0024.wav,AWGN_30dB,1.0,-1.0,0,0.0,29.95,,1.607,,0.9925,0.9241,1.6327,0.000528,1117.97,2625.0,0.0,7.5024
통화 7732-0024.wav,Limiter,1.0,-1.0,0,0.0,49.09,,4.633,,0.9997,0.3766,0.7817,0.000528,1117.97,2625.0,0.0,7.5024
통화 7732-0024.wav,Opus_32kbps,1.0,-1.0,0,0.0,22.99,,4.027,,0.9891,0.8918,1.5301,0.000528,1117.97,2625.0,0.0,7.5024
통화 7732-0024.wav,AAC_128kbps,1.0,-1.0,0,0.0,43.87,,4.31,,0.9994,0.7996,1.3078,0.000528,1117.97,2625.0,0.0,7.5024
통화 7732-0024.wav,TelephoneFilter,1.0,-1.0,0,0.0,-6.28,,4.238,,0.5326,1.2162,1.4905,0.000528,1117.97,2625.0,0.0,7.5024
통화 7732-0024.wav,EnCodec_6kbps,1.0,-1.0,0,0.0,5.49,,1.988,,0.5582,1.4668,2.2422,0.000528,1117.97,2625.0,0.0,7.5024
통화 7732-0024.wav,DAC,1.0,-1.0,0,0.0,-11.6,,3.733,,0.3893,1.5732,1.9171,0.000528,1117.97,2625.0,0.0,7.5024
통화 7751-0017.wav,NoAttack,1.0,-1.0,0,0.0,50.19,,4.644,,0.9997,0.3696,0.7836,0.000276,955.4,2328.12,0.0,6.4735
통화 7751-0017.wav,MP3_128kbps,1.0,-1.0,0,0.0,48.68,,3.913,,0.9996,0.8089,1.3796,0.000276,955.4,2328.12,0.0,6.4735
통화 7751-0017.wav,MP3_320kbps,1.0,-1.0,0,0.0,48.69,,3.918,,0.9996,0.8125,1.3959,0.000276,955.4,2328.12,0.0,6.4735
통화 7751-0017.wav,Resample_44100RT,1.0,-1.0,0,0.0,50.17,,4.643,,0.9997,0.4809,0.9288,0.000276,955.4,2328.12,0.0,6.4735
통화 7751-0017.wav,Crop_10pct,1.0,-1.0,0,0.0,49.55,,4.643,,0.9997,0.3016,0.6554,0.000276,955.4,2328.12,0.0,6.4735
통화 7751-0017.wav,TSM_1.1x,1.0,-1.0,0,0.0,,,1.218,,,,,0.000276,955.4,2328.12,0.0,6.4735
통화 7751-0017.wav,AWGN_30dB,1.0,-1.0,0,0.0,29.95,,1.596,,0.9921,0.9669,1.7272,0.000276,955.4,2328.12,0.0,6.4735
통화 7751-0017.wav,Limiter,1.0,-1.0,0,0.0,50.19,,4.644,,0.9997,0.3696,0.7836,0.000276,955.4,2328.12,0.0,6.4735
통화 7751-0017.wav,Opus_32kbps,1.0,-1.0,0,0.0,22.75,,3.556,,0.9878,0.9159,1.6739,0.000276,955.4,2328.12,0.0,6.4735
통화 7751-0017.wav,AAC_128kbps,1.0,-1.0,0,0.0,41.11,,3.742,,0.9991,0.8281,1.443,0.000276,955.4,2328.12,0.0,6.4735
통화 7751-0017.wav,TelephoneFilter,1.0,-1.0,0,0.0,-6.8,,4.053,,0.4924,1.2589,1.6042,0.000276,955.4,2328.12,0.0,6.4735
통화 7751-0017.wav,EnCodec_6kbps,1.0,-1.0,0,0.0,4.0,,1.777,,0.5686,1.4681,2.2986,0.000276,955.4,2328.12,0.0,6.4735
통화 7751-0017.wav,DAC,1.0,-1.0,0,0.0,-8.73,,3.225,,0.3101,1.5695,2.1569,0.000276,955.4,2328.12,0.0,6.4735
통화 7751-0024.wav,NoAttack,1.0,-1.0,0,0.0,50.03,,4.635,,0.9997,0.3912,0.8399,0.000208,1063.84,2062.5,0.0,6.0621
통화 7751-0024.wav,MP3_128kbps,1.0,-1.0,0,0.0,49.13,,4.309,,0.9996,0.7934,1.3967,0.000208,1063.84,2062.5,0.0,6.0621
통화 7751-0024.wav,MP3_320kbps,1.0,-1.0,0,0.0,49.35,,4.31,,0.9996,0.7972,1.3971,0.000208,1063.84,2062.5,0.0,6.0621
통화 7751-0024.wav,Resample_44100RT,1.0,-1.0,0,0.0,50.02,,4.635,,0.9996,0.482,0.9709,0.000208,1063.84,2062.5,0.0,6.0621
통화 7751-0024.wav,Crop_10pct,1.0,-1.0,0,0.0,50.43,,4.643,,0.9997,0.3267,0.6595,0.000208,1063.84,2062.5,0.0,6.0621
통화 7751-0024.wav,TSM_1.1x,1.0,-1.0,0,0.0,,,1.681,,,,,0.000208,1063.84,2062.5,0.0,6.0621
통화 7751-0024.wav,AWGN_30dB,1.0,-1.0,0,0.0,29.87,,1.671,,0.9924,0.9538,1.6989,0.000208,1063.84,2062.5,0.0,6.0621
통화 7751-0024.wav,Limiter,1.0,-1.0,0,0.0,50.03,,4.635,,0.9997,0.3912,0.8399,0.000208,1063.84,2062.5,0.0,6.0621
통화 7751-0024.wav,Opus_32kbps,1.0,-1.0,0,0.0,22.93,,3.942,,0.9869,0.914,1.6701,0.000208,1063.84,2062.5,0.0,6.0621
통화 7751-0024.wav,AAC_128kbps,1.0,-1.0,0,0.0,42.38,,4.219,,0.9991,0.8081,1.4558,0.000208,1063.84,2062.5,0.0,6.0621
통화 7751-0024.wav,TelephoneFilter,1.0,-1.0,0,0.0,0.14,,4.241,,0.6143,1.2169,1.5899,0.000208,1063.84,2062.5,0.0,6.0621
통화 7751-0024.wav,EnCodec_6kbps,1.0,-1.0,0,0.0,4.83,,2.138,,0.598,1.4955,2.3482,0.000208,1063.84,2062.5,0.0,6.0621
통화 7751-0024.wav,DAC,1.0,-1.0,0,0.0,-14.84,,3.901,,0.3221,1.5859,2.1863,0.000208,1063.84,2062.5,0.0,6.0621
통화 7755-0009.wav,NoAttack,1.0,-1.0,0,0.0,49.18,,4.631,,0.9996,0.3836,0.794,0.000189,938.82,1906.25,0.0,4.7614
통화 7755-0009.wav,MP3_128kbps,1.0,-1.0,0,0.0,47.98,,3.462,,0.9994,0.8333,1.4107,0.000189,938.82,1906.25,0.0,4.7614
통화 7755-0009.wav,MP3_320kbps,1.0,-1.0,0,0.0,47.99,,3.465,,0.9994,0.8344,1.411,0.000189,938.82,1906.25,0.0,4.7614
통화 7755-0009.wav,Resample_44100RT,1.0,-1.0,0,0.0,49.18,,4.631,,0.9996,0.4773,0.9402,0.000189,938.82,1906.25,0.0,4.7614
통화 7755-0009.wav,Crop_10pct,1.0,-1.0,0,0.0,49.26,,4.628,,0.9996,0.3572,0.7483,0.000189,938.82,1906.25,0.0,4.7614
통화 7755-0009.wav,TSM_1.1x,1.0,-1.0,0,0.0,,,1.103,,,,,0.000189,938.82,1906.25,0.0,4.7614
통화 7755-0009.wav,AWGN_30dB,1.0,-1.0,0,0.0,29.85,,1.428,,0.9899,0.9884,1.7311,0.000189,938.82,1906.25,0.0,4.7614
통화 7755-0009.wav,Limiter,1.0,-1.0,0,0.0,49.18,,4.631,,0.9996,0.3836,0.794,0.000189,938.82,1906.25,0.0,4.7614
통화 7755-0009.wav,Opus_32kbps,1.0,-1.0,0,0.0,24.48,,3.066,,0.9842,0.9727,1.697,0.000189,938.82,1906.25,0.0,4.7614
통화 7755-0009.wav,AAC_128kbps,1.0,-1.0,0,0.0,39.94,,3.399,,0.9982,0.8655,1.4605,0.000189,938.82,1906.25,0.0,4.7614
통화 7755-0009.wav,TelephoneFilter,1.0,-1.0,0,0.0,-14.33,,3.401,,0.5143,1.2572,1.6967,0.000189,938.82,1906.25,0.0,4.7614
통화 7755-0009.wav,EnCodec_6kbps,1.0,-1.0,0,0.0,6.49,,1.336,,0.5678,1.5168,2.3475,0.000189,938.82,1906.25,0.0,4.7614
통화 7755-0009.wav,DAC,1.0,-1.0,0,0.0,-5.02,,1.669,,0.4261,1.6028,2.1884,0.000189,938.82,1906.25,0.0,4.7614
통화 7755-0016.wav,NoAttack,1.0,-1.0,0,0.0,49.13,,4.642,,0.9997,0.3622,0.7596,0.000265,955.67,1968.75,0.0,6.3676
통화 7755-0016.wav,MP3_128kbps,1.0,-1.0,0,0.0,48.13,,3.863,,0.9996,0.7897,1.3392,0.000265,955.67,1968.75,0.0,6.3676
통화 7755-0016.wav,MP3_320kbps,1.0,-1.0,0,0.0,48.13,,3.866,,0.9996,0.7896,1.3399,0.000265,955.67,1968.75,0.0,6.3676
통화 7755-0016.wav,Resample_44100RT,1.0,-1.0,0,0.0,48.61,,4.642,,0.9993,0.4488,0.8762,0.000265,955.67,1968.75,0.0,6.3676
통화 7755-0016.wav,Crop_10pct,1.0,-1.0,0,0.0,48.05,,4.64,,0.9997,0.3061,0.6574,0.000265,955.67,1968.75,0.0,6.3676
통화 7755-0016.wav,TSM_1.1x,1.0,-1.0,0,0.0,,,1.281,,,,,0.000265,955.67,1968.75,0.0,6.3676
통화 7755-0016.wav,AWGN_30dB,1.0,-1.0,0,0.0,29.9,,1.589,,0.9909,0.9476,1.7046,0.000265,955.67,1968.75,0.0,6.3676
통화 7755-0016.wav,Limiter,1.0,-1.0,0,0.0,49.13,,4.642,,0.9997,0.3622,0.7596,0.000265,955.67,1968.75,0.0,6.3676
통화 7755-0016.wav,Opus_32kbps,1.0,-1.0,0,0.0,22.31,,3.526,,0.9845,0.913,1.6807,0.000265,955.67,1968.75,0.0,6.3676
통화 7755-0016.wav,AAC_128kbps,1.0,-1.0,0,0.0,41.45,,3.771,,0.9991,0.8066,1.398,0.000265,955.67,1968.75,0.0,6.3676
통화 7755-0016.wav,TelephoneFilter,1.0,-1.0,0,0.0,-5.92,,3.875,,0.5167,1.2314,1.6092,0.000265,955.67,1968.75,0.0,6.3676
통화 7755-0016.wav,EnCodec_6kbps,1.0,-1.0,0,0.0,5.06,,1.724,,0.5828,1.4895,2.4087,0.000265,955.67,1968.75,0.0,6.3676
통화 7755-0016.wav,DAC,1.0,-1.0,0,0.0,-11.65,,2.967,,0.3641,1.5594,2.1437,0.000265,955.67,1968.75,0.0,6.3676
통화 7756-0007.wav,NoAttack,1.0,-1.0,0,0.0,49.23,,4.636,,0.9997,0.3676,0.7612,0.000729,1079.31,2390.62,0.0,6.3736
통화 7756-0007.wav,MP3_128kbps,1.0,-1.0,0,0.0,47.96,,3.707,,0.9996,0.7962,1.3439,0.000729,1079.31,2390.62,0.0,6.3736
통화 7756-0007.wav,MP3_320kbps,1.0,-1.0,0,0.0,48.04,,3.701,,0.9996,0.7984,1.3498,0.000729,1079.31,2390.62,0.0,6.3736
통화 7756-0007.wav,Resample_44100RT,1.0,-1.0,0,0.0,49.0,,4.636,,0.9995,0.4677,0.8895,0.000729,1079.31,2390.62,0.0,6.3736
통화 7756-0007.wav,Crop_10pct,1.0,-1.0,0,0.0,49.12,,4.637,,0.9997,0.3125,0.6501,0.000729,1079.31,2390.62,0.0,6.3736
통화 7756-0007.wav,TSM_1.1x,1.0,-1.0,0,0.0,,,1.101,,,,,0.000729,1079.31,2390.62,0.0,6.3736
통화 7756-0007.wav,AWGN_30dB,1.0,-1.0,0,0.0,29.9,,1.518,,0.9922,0.9446,1.6791,0.000729,1079.31,2390.62,0.0,6.3736
통화 7756-0007.wav,Limiter,1.0,-1.0,0,0.0,49.23,,4.636,,0.9997,0.3676,0.7612,0.000729,1079.31,2390.62,0.0,6.3736
통화 7756-0007.wav,Opus_32kbps,1.0,-1.0,0,0.0,23.21,,3.336,,0.9858,0.9227,1.6427,0.000729,1079.31,2390.62,0.0,6.3736
통화 7756-0007.wav,AAC_128kbps,1.0,-1.0,0,0.0,41.47,,3.525,,0.9991,0.8241,1.4044,0.000729,1079.31,2390.62,0.0,6.3736
통화 7756-0007.wav,TelephoneFilter,1.0,-1.0,0,0.0,-7.86,,3.785,,0.506,1.2512,1.5952,0.000729,1079.31,2390.62,0.0,6.3736
통화 7756-0007.wav,EnCodec_6kbps,1.0,-1.0,0,0.0,5.65,,1.775,,0.5406,1.4753,2.3185,0.000729,1079.31,2390.62,0.0,6.3736
통화 7756-0007.wav,DAC,1.0,-1.0,0,0.0,-9.37,,2.812,,0.3406,1.5855,2.1608,0.000729,1079.31,2390.62,0.0,6.3736
통화 7756-0014.wav,NoAttack,1.0,-1.0,0,0.0,49.89,,4.64,,0.9997,0.3358,0.7082,0.000539,1081.8,2656.25,0.0,7.5802
통화 7756-0014.wav,MP3_128kbps,1.0,-1.0,0,0.0,48.75,,4.231,,0.9996,0.7972,1.3341,0.000539,1081.8,2656.25,0.0,7.5802
통화 7756-0014.wav,MP3_320kbps,1.0,-1.0,0,0.0,48.73,,4.215,,0.9996,0.7995,1.333,0.000539,1081.8,2656.25,0.0,7.5802
통화 7756-0014.wav,Resample_44100RT,1.0,-1.0,0,0.0,49.79,,4.64,,0.9996,0.4372,0.853,0.000539,1081.8,2656.25,0.0,7.5802
통화 7756-0014.wav,Crop_10pct,1.0,-1.0,0,0.0,49.99,,4.64,,0.9997,0.3046,0.6411,0.000539,1081.8,2656.25,0.0,7.5802
통화 7756-0014.wav,TSM_1.1x,1.0,-1.0,0,0.0,,,1.138,,,,,0.000539,1081.8,2656.25,0.0,7.5802
통화 7756-0014.wav,AWGN_30dB,1.0,-1.0,0,0.0,29.95,,1.577,,0.9917,0.9487,1.683,0.000539,1081.8,2656.25,0.0,7.5802
통화 7756-0014.wav,Limiter,1.0,-1.0,0,0.0,49.89,,4.64,,0.9997,0.3358,0.7082,0.000539,1081.8,2656.25,0.0,7.5802
통화 7756-0014.wav,Opus_32kbps,1.0,-1.0,0,0.0,22.96,,3.896,,0.9867,0.912,1.6314,0.000539,1081.8,2656.25,0.0,7.5802
통화 7756-0014.wav,AAC_128kbps,1.0,-1.0,0,0.0,42.31,,4.141,,0.9992,0.8201,1.3813,0.000539,1081.8,2656.25,0.0,7.5802
통화 7756-0014.wav,TelephoneFilter,1.0,-1.0,0,0.0,-1.8,,4.098,,0.5422,1.235,1.5236,0.000539,1081.8,2656.25,0.0,7.5802
통화 7756-0014.wav,EnCodec_6kbps,1.0,-1.0,0,0.0,3.72,,1.885,,0.5562,1.4795,2.3079,0.000539,1081.8,2656.25,0.0,7.5802
통화 7756-0014.wav,DAC,1.0,-1.0,0,0.0,-44.65,,3.366,,0.2729,1.5802,2.1162,0.000539,1081.8,2656.25,0.0,7.5802
통화 7756-0030.wav,NoAttack,1.0,-1.0,0,0.0,49.37,,4.643,,0.9997,0.3764,0.7862,0.00042,1000.42,2031.25,0.0,6.528
통화 7756-0030.wav,MP3_128kbps,1.0,-1.0,0,0.0,47.84,,3.58,,0.9994,0.8065,1.3521,0.00042,1000.42,2031.25,0.0,6.528
통화 7756-0030.wav,MP3_320kbps,1.0,-1.0,0,0.0,47.83,,3.583,,0.9994,0.8074,1.353,0.00042,1000.42,2031.25,0.0,6.528
통화 7756-0030.wav,Resample_44100RT,1.0,-1.0,0,0.0,49.25,,4.643,,0.9995,0.4747,0.9222,0.00042,1000.42,2031.25,0.0,6.528
통화 7756-0030.wav,Crop_10pct,1.0,-1.0,0,0.0,49.81,,4.643,,0.9997,0.3455,0.7034,0.00042,1000.42,2031.25,0.0,6.528
통화 7756-0030.wav,TSM_1.1x,1.0,-1.0,0,0.0,,,1.263,,,,,0.00042,1000.42,2031.25,0.0,6.528
통화 7756-0030.wav,AWGN_30dB,1.0,-1.0,0,0.0,29.88,,1.534,,0.9904,0.9605,1.7074,0.00042,1000.42,2031.25,0.0,6.528
통화 7756-0030.wav,Limiter,1.0,-1.0,0,0.0,49.37,,4.643,,0.9997,0.3764,0.7862,0.00042,1000.42,2031.25,0.0,6.528
통화 7756-0030.wav,Opus_32kbps,1.0,-1.0,0,0.0,23.65,,3.366,,0.9819,0.9353,1.7035,0.00042,1000.42,2031.25,0.0,6.528
통화 7756-0030.wav,AAC_128kbps,1.0,-1.0,0,0.0,38.28,,3.448,,0.9985,0.8389,1.4275,0.00042,1000.42,2031.25,0.0,6.528
통화 7756-0030.wav,TelephoneFilter,1.0,-1.0,0,0.0,-7.6,,3.713,,0.5131,1.2309,1.6295,0.00042,1000.42,2031.25,0.0,6.528
통화 7756-0030.wav,EnCodec_6kbps,1.0,-1.0,0,0.0,6.22,,1.695,,0.5671,1.502,2.3683,0.00042,1000.42,2031.25,0.0,6.528
통화 7756-0030.wav,DAC,1.0,-1.0,0,0.0,-9.53,,2.823,,0.405,1.5652,2.2049,0.00042,1000.42,2031.25,0.0,6.528
통화 7761-0025.wav,NoAttack,1.0,-1.0,0,0.0,49.52,,4.643,,0.9996,0.3703,0.7988,0.000293,965.51,1703.12,0.0,5.4042
통화 7761-0025.wav,MP3_128kbps,1.0,-1.0,0,0.0,48.83,,3.844,,0.9995,0.8058,1.3753,0.000293,965.51,1703.12,0.0,5.4042
통화 7761-0025.wav,MP3_320kbps,1.0,-1.0,0,0.0,48.85,,3.845,,0.9995,0.8119,1.3758,0.000293,965.51,1703.12,0.0,5.4042
통화 7761-0025.wav,Resample_44100RT,1.0,-1.0,0,0.0,49.51,,4.643,,0.9995,0.4671,0.9344,0.000293,965.51,1703.12,0.0,5.4042
통화 7761-0025.wav,Crop_10pct,1.0,-1.0,0,0.0,49.98,,4.643,,0.9996,0.3683,0.782,0.000293,965.51,1703.12,0.0,5.4042
통화 7761-0025.wav,TSM_1.1x,1.0,-1.0,0,0.0,,,1.137,,,,,0.000293,965.51,1703.12,0.0,5.4042
통화 7761-0025.wav,AWGN_30dB,1.0,-1.0,0,0.0,29.89,,1.428,,0.987,0.9956,1.8285,0.000293,965.51,1703.12,0.0,5.4042
통화 7761-0025.wav,Limiter,1.0,-1.0,0,0.0,49.52,,4.643,,0.9996,0.3703,0.7988,0.000293,965.51,1703.12,0.0,5.4042
통화 7761-0025.wav,Opus_32kbps,1.0,-1.0,0,0.0,25.18,,3.453,,0.9857,0.9264,1.6866,0.000293,965.51,1703.12,0.0,5.4042
통화 7761-0025.wav,AAC_128kbps,1.0,-1.0,0,0.0,43.11,,3.767,,0.9989,0.8292,1.4313,0.000293,965.51,1703.12,0.0,5.4042
통화 7761-0025.wav,TelephoneFilter,1.0,-1.0,0,0.0,-9.23,,3.92,,0.5928,1.2398,1.6853,0.000293,965.51,1703.12,0.0,5.4042
통화 7761-0025.wav,EnCodec_6kbps,1.0,-1.0,0,0.0,8.15,,1.773,,0.6373,1.518,2.3448,0.000293,965.51,1703.12,0.0,5.4042
통화 7761-0025.wav,DAC,1.0,-1.0,0,0.0,-9.92,,3.132,,0.3146,1.5868,2.2435,0.000293,965.51,1703.12,0.0,5.4042
통화 7763-0020.wav,NoAttack,1.0,-1.0,0,0.0,49.97,,4.641,,0.9998,0.3713,0.7531,0.000343,1045.68,2812.5,0.0,5.8005
통화 7763-0020.wav,MP3_128kbps,1.0,-1.0,0,0.0,43.08,,2.431,,0.9994,0.8101,1.3574,0.000343,1045.68,2812.5,0.0,5.8005
통화 7763-0020.wav,MP3_320kbps,1.0,-1.0,0,0.0,43.13,,2.431,,0.9994,0.8076,1.3581,0.000343,1045.68,2812.5,0.0,5.8005
통화 7763-0020.wav,Resample_44100RT,1.0,-1.0,0,0.0,49.93,,4.642,,0.9998,0.4682,0.876,0.000343,1045.68,2812.5,0.0,5.8005
통화 7763-0020.wav,Crop_10pct,1.0,-1.0,0,0.0,50.39,,4.642,,0.9998,0.3402,0.697,0.000343,1045.68,2812.5,0.0,5.8005
통화 7763-0020.wav,TSM_1.1x,1.0,-1.0,0,0.0,,,1.296,,,,,0.000343,1045.68,2812.5,0.0,5.8005
통화 7763-0020.wav,AWGN_30dB,1.0,-1.0,0,0.0,29.88,,1.476,,0.9964,0.8748,1.5008,0.000343,1045.68,2812.5,0.0,5.8005
통화 7763-0020.wav,Limiter,1.0,-1.0,0,0.0,49.97,,4.641,,0.9998,0.3713,0.7531,0.000343,1045.68,2812.5,0.0,5.8005
통화 7763-0020.wav,Opus_32kbps,1.0,-1.0,0,0.0,17.01,,2.322,,0.963,0.9737,1.7985,0.000343,1045.68,2812.5,0.0,5.8005
통화 7763-0020.wav,AAC_128kbps,1.0,-1.0,0,0.0,28.71,,2.402,,0.9977,0.8451,1.4486,0.000343,1045.68,2812.5,0.0,5.8005
통화 7763-0020.wav,TelephoneFilter,1.0,-1.0,0,0.0,-11.16,,2.51,,0.4218,1.2289,1.6421,0.000343,1045.68,2812.5,0.0,5.8005
통화 7763-0020.wav,EnCodec_6kbps,1.0,-1.0,0,0.0,1.35,,1.218,,0.3557,1.5437,2.4855,0.000343,1045.68,2812.5,0.0,5.8005
통화 7763-0020.wav,DAC,1.0,-1.0,0,0.0,-5.07,,2.082,,0.2902,1.5849,2.2921,0.000343,1045.68,2812.5,0.0,5.8005
