file,stage,BER,NC,DSR,detect_prob,SI-SNR(dB),ViSQOL,PESQ,ODG,IoU,MIoU,F1,SpectralFlatness,SpectralCentroid_Hz,EffectiveBandwidth99_Hz,SilenceRatio,CrestFactor
0431_민속악_판소리.wav,NoAttack,0.0,1.0,1,1.0,26.35,4.725,4.381,,1.0,0.5,1.0,0.018152,2352.99,6859.38,0.0,5.7464
0431_민속악_판소리.wav,MP3_128kbps,0.0,1.0,1,1.0,21.14,4.5,4.151,,1.0,0.5,1.0,0.018152,2352.99,6859.38,0.0,5.7464
0431_민속악_판소리.wav,MP3_320kbps,0.0,1.0,1,1.0,21.14,4.5,4.151,,1.0,0.5,1.0,0.018152,2352.99,6859.38,0.0,5.7464
0431_민속악_판소리.wav,Resample_44100RT,0.0,1.0,1,1.0,26.17,4.723,4.369,,1.0,0.5,1.0,0.018152,2352.99,6859.38,0.0,5.7464
0431_민속악_판소리.wav,Crop_10pct,0.0,1.0,1,0.8429,26.34,4.724,4.396,,0.8429,0.4214,0.9147,0.018152,2352.99,6859.38,0.0,5.7464
0431_민속악_판소리.wav,TSM_1.1x,0.0,1.0,0,0.1608,,4.045,1.214,,0.1608,0.0804,0.277,0.018152,2352.99,6859.38,0.0,5.7464
0431_민속악_판소리.wav,AWGN_30dB,0.0625,0.875,1,0.957,24.79,4.632,3.685,,0.957,0.4785,0.978,0.018152,2352.99,6859.38,0.0,5.7464
0431_민속악_판소리.wav,Limiter,0.0,1.0,1,1.0,26.35,4.725,4.381,,1.0,0.5,1.0,0.018152,2352.99,6859.38,0.0,5.7464
0431_민속악_판소리.wav,Opus_32kbps,0.0,1.0,1,1.0,16.43,4.636,3.985,,1.0,0.5,1.0,0.018152,2352.99,6859.38,0.0,5.7464
0431_민속악_판소리.wav,AAC_128kbps,0.0,1.0,1,1.0,25.59,4.724,4.383,,1.0,0.5,1.0,0.018152,2352.99,6859.38,0.0,5.7464
0431_민속악_판소리.wav,TelephoneFilter,0.0,1.0,1,1.0,-5.1,2.573,2.967,,1.0,0.5,1.0,0.018152,2352.99,6859.38,0.0,5.7464
0431_민속악_판소리.wav,EnCodec_6kbps,0.5625,-0.125,0,0.2036,1.6,4.289,1.774,,0.2038,0.1019,0.3386,0.018152,2352.99,6859.38,0.0,5.7464
0431_민속악_판소리.wav,DAC,0.75,-0.5,0,0.1598,-12.44,4.305,2.408,,0.16,0.08,0.2758,0.018152,2352.99,6859.38,0.0,5.7464
0435_민속악_판소리.wav,NoAttack,0.0,1.0,1,1.0,28.25,4.727,4.305,,1.0,0.5,1.0,0.014032,2160.22,6140.62,0.0,5.1525
0435_민속악_판소리.wav,MP3_128kbps,0.0,1.0,1,1.0,24.66,4.634,4.142,,1.0,0.5,1.0,0.014032,2160.22,6140.62,0.0,5.1525
0435_민속악_판소리.wav,MP3_320kbps,0.0,1.0,1,1.0,24.66,4.634,4.142,,1.0,0.5,1.0,0.014032,2160.22,6140.62,0.0,5.1525
0435_민속악_판소리.wav,Resample_44100RT,0.0,1.0,1,1.0,28.14,4.725,4.305,,1.0,0.5,1.0,0.014032,2160.22,6140.62,0.0,5.1525
0435_민속악_판소리.wav,Crop_10pct,0.0,1.0,1,0.7527,28.14,4.727,4.306,,0.7527,0.3764,0.8589,0.014032,2160.22,6140.62,0.0,5.1525
0435_민속악_판소리.wav,TSM_1.1x,0.0,1.0,0,0.2778,,4.212,1.244,,0.2778,0.1389,0.4349,0.014032,2160.22,6140.62,0.0,5.1525
0435_민속악_판소리.wav,AWGN_30dB,0.0,1.0,1,0.9929,26.02,4.565,3.609,,0.9929,0.4965,0.9964,0.014032,2160.22,6140.62,0.0,5.1525
0435_민속악_판소리.wav,Limiter,0.0,1.0,1,1.0,28.25,4.727,4.305,,1.0,0.5,1.0,0.014032,2160.22,6140.62,0.0,5.1525
0435_민속악_판소리.wav,Opus_32kbps,0.0,1.0,1,0.9997,17.96,4.643,3.656,,0.9997,0.4998,0.9998,0.014032,2160.22,6140.62,0.0,5.1525
0435_민속악_판소리.wav,AAC_128kbps,0.0,1.0,1,1.0,27.12,4.726,4.305,,1.0,0.5,1.0,0.014032,2160.22,6140.62,0.0,5.1525
0435_민속악_판소리.wav,TelephoneFilter,0.0,1.0,1,1.0,-5.36,2.853,3.118,,1.0,0.5,1.0,0.014032,2160.22,6140.62,0.0,5.1525
0435_민속악_판소리.wav,EnCodec_6kbps,0.25,0.5,0,0.2698,1.93,4.41,1.788,,0.2701,0.135,0.4253,0.014032,2160.22,6140.62,0.0,5.1525
0435_민속악_판소리.wav,DAC,0.8125,-0.625,0,0.0,-14.14,4.449,2.478,,0.0,0.0,0.0,0.014032,2160.22,6140.62,0.0,5.1525
0437_민속악_판소리.wav,NoAttack,0.0,1.0,1,1.0,26.21,4.727,4.214,,1.0,0.5,1.0,0.010613,2230.03,5937.5,0.0,6.1698
0437_민속악_판소리.wav,MP3_128kbps,0.0,1.0,1,1.0,23.92,4.599,4.055,,1.0,0.5,1.0,0.010613,2230.03,5937.5,0.0,6.1698
0437_민속악_판소리.wav,MP3_320kbps,0.0,1.0,1,1.0,23.92,4.598,4.055,,1.0,0.5,1.0,0.010613,2230.03,5937.5,0.0,6.1698
0437_민속악_판소리.wav,Resample_44100RT,0.0,1.0,1,1.0,26.15,4.726,4.213,,1.0,0.5,1.0,0.010613,2230.03,5937.5,0.0,6.1698
0437_민속악_판소리.wav,Crop_10pct,0.0,1.0,1,0.6353,26.0,4.728,4.237,,0.6353,0.3177,0.777,0.010613,2230.03,5937.5,0.0,6.1698
0437_민속악_판소리.wav,TSM_1.1x,0.0625,0.875,0,0.2187,,4.126,1.324,,0.2187,0.1093,0.3589,0.010613,2230.03,5937.5,0.0,6.1698
0437_민속악_판소리.wav,AWGN_30dB,0.0,1.0,1,0.9256,24.68,4.553,3.486,,0.9256,0.4628,0.9614,0.010613,2230.03,5937.5,0.0,6.1698
0437_민속악_판소리.wav,Limiter,0.0,1.0,1,1.0,26.21,4.727,4.214,,1.0,0.5,1.0,0.010613,2230.03,5937.5,0.0,6.1698
0437_민속악_판소리.wav,Opus_32kbps,0.0,1.0,1,1.0,17.92,4.692,3.704,,1.0,0.5,1.0,0.010613,2230.03,5937.5,0.0,6.1698
0437_민속악_판소리.wav,AAC_128kbps,0.0,1.0,1,0.9969,25.63,4.726,4.181,,1.0,0.5,1.0,0.010613,2230.03,5937.5,0.0,6.1698
0437_민속악_판소리.wav,TelephoneFilter,0.0,1.0,1,1.0,-6.36,2.783,2.824,,1.0,0.5,1.0,0.010613,2230.03,5937.5,0.0,6.1698
0437_민속악_판소리.wav,EnCodec_6kbps,0.375,0.25,0,0.3082,1.26,4.296,1.728,,0.3086,0.1543,0.4716,0.010613,2230.03,5937.5,0.0,6.1698
0437_민속악_판소리.wav,DAC,0.6875,-0.375,0,0.001,-12.55,4.355,2.573,,0.001,0.0005,0.002,0.010613,2230.03,5937.5,0.0,6.1698
0438_민속악_판소리.wav,NoAttack,0.0,1.0,1,1.0,26.81,4.728,4.078,,1.0,0.5,1.0,0.014475,2500.41,6265.62,0.011111,4.8192
0438_민속악_판소리.wav,MP3_128kbps,0.0,1.0,1,1.0,24.14,4.632,3.948,,1.0,0.5,1.0,0.014475,2500.41,6265.62,0.011111,4.8192
0438_민속악_판소리.wav,MP3_320kbps,0.0,1.0,1,1.0,24.13,4.632,3.948,,1.0,0.5,1.0,0.014475,2500.41,6265.62,0.011111,4.8192
0438_민속악_판소리.wav,Resample_44100RT,0.0,1.0,1,1.0,26.68,4.727,4.077,,1.0,0.5,1.0,0.014475,2500.41,6265.62,0.011111,4.8192
0438_민속악_판소리.wav,Crop_10pct,0.375,0.25,1,0.914,26.81,4.728,4.088,,0.914,0.457,0.9551,0.014475,2500.41,6265.62,0.011111,4.8192
0438_민속악_판소리.wav,TSM_1.1x,0.125,0.75,0,0.452,,4.261,1.304,,0.452,0.226,0.6226,0.014475,2500.41,6265.62,0.011111,4.8192
0438_민속악_판소리.wav,AWGN_30dB,0.0,1.0,1,0.9521,25.11,4.624,3.576,,0.9521,0.4761,0.9755,0.014475,2500.41,6265.62,0.011111,4.8192
0438_민속악_판소리.wav,Limiter,0.0,1.0,1,1.0,26.81,4.728,4.078,,1.0,0.5,1.0,0.014475,2500.41,6265.62,0.011111,4.8192
0438_민속악_판소리.wav,Opus_32kbps,0.0,1.0,1,1.0,17.2,4.699,3.403,,1.0,0.5,1.0,0.014475,2500.41,6265.62,0.011111,4.8192
0438_민속악_판소리.wav,AAC_128kbps,0.0,1.0,1,0.9969,25.95,4.728,4.08,,1.0,0.5,1.0,0.014475,2500.41,6265.62,0.011111,4.8192
0438_민속악_판소리.wav,TelephoneFilter,0.0,1.0,1,0.9871,-3.67,2.925,2.676,,0.9871,0.4936,0.9935,0.014475,2500.41,6265.62,0.011111,4.8192
0438_민속악_판소리.wav,EnCodec_6kbps,0.4375,0.125,0,0.4039,0.76,4.451,1.62,,0.4032,0.2016,0.5747,0.014475,2500.41,6265.62,0.011111,4.8192
0438_민속악_판소리.wav,DAC,0.75,-0.5,0,0.0488,-33.74,4.427,2.399,,0.0488,0.0244,0.0931,0.014475,2500.41,6265.62,0.011111,4.8192
0442_민속악_판소리.wav,NoAttack,0.0,1.0,1,1.0,25.5,4.724,4.095,,1.0,0.5,1.0,0.010269,2453.95,5859.38,0.0,4.3335
0442_민속악_판소리.wav,MP3_128kbps,0.0,1.0,1,1.0,22.87,4.603,3.967,,1.0,0.5,1.0,0.010269,2453.95,5859.38,0.0,4.3335
0442_민속악_판소리.wav,MP3_320kbps,0.0,1.0,1,1.0,22.87,4.603,3.967,,1.0,0.5,1.0,0.010269,2453.95,5859.38,0.0,4.3335
0442_민속악_판소리.wav,Resample_44100RT,0.0,1.0,1,1.0,25.36,4.722,4.091,,1.0,0.5,1.0,0.010269,2453.95,5859.38,0.0,4.3335
0442_민속악_판소리.wav,Crop_10pct,0.0,1.0,1,0.5396,25.38,4.724,4.085,,0.5396,0.2698,0.7009,0.010269,2453.95,5859.38,0.0,4.3335
0442_민속악_판소리.wav,TSM_1.1x,0.0,1.0,0,0.2595,,4.266,1.232,,0.2595,0.1298,0.4121,0.010269,2453.95,5859.38,0.0,4.3335
0442_민속악_판소리.wav,AWGN_30dB,0.0,1.0,1,1.0,24.17,4.707,3.846,,1.0,0.5,1.0,0.010269,2453.95,5859.38,0.0,4.3335
0442_민속악_판소리.wav,Limiter,0.0,1.0,1,1.0,25.5,4.724,4.095,,1.0,0.5,1.0,0.010269,2453.95,5859.38,0.0,4.3335
0442_민속악_판소리.wav,Opus_32kbps,0.0625,0.875,1,1.0,18.72,4.693,3.537,,1.0,0.5,1.0,0.010269,2453.95,5859.38,0.0,4.3335
0442_민속악_판소리.wav,AAC_128kbps,0.0,1.0,1,0.9993,25.12,4.724,4.074,,1.0,0.5,1.0,0.010269,2453.95,5859.38,0.0,4.3335
0442_민속악_판소리.wav,TelephoneFilter,0.0,1.0,1,1.0,-0.96,2.833,3.021,,1.0,0.5,1.0,0.010269,2453.95,5859.38,0.0,4.3335
0442_민속악_판소리.wav,EnCodec_6kbps,0.375,0.25,0,0.218,2.58,4.446,1.664,,0.2183,0.1091,0.3583,0.010269,2453.95,5859.38,0.0,4.3335
0442_민속악_판소리.wav,DAC,0.5625,-0.125,0,0.0272,-13.94,4.442,2.301,,0.0272,0.0136,0.053,0.010269,2453.95,5859.38,0.0,4.3335
0451_민속악_판소리.wav,NoAttack,0.0,1.0,1,1.0,26.81,4.728,4.164,,1.0,0.5,1.0,0.009884,2638.22,6250.0,0.0,6.7296
0451_민속악_판소리.wav,MP3_128kbps,0.0,1.0,1,1.0,23.38,4.591,3.981,,1.0,0.5,1.0,0.009884,2638.22,6250.0,0.0,6.7296
0451_민속악_판소리.wav,MP3_320kbps,0.0,1.0,1,1.0,23.38,4.591,3.981,,1.0,0.5,1.0,0.009884,2638.22,6250.0,0.0,6.7296
0451_민속악_판소리.wav,Resample_44100RT,0.0,1.0,1,1.0,26.72,4.726,4.162,,1.0,0.5,1.0,0.009884,2638.22,6250.0,0.0,6.7296
0451_민속악_판소리.wav,Crop_10pct,0.125,0.75,0,0.2445,26.66,4.727,4.131,,0.2445,0.1222,0.3929,0.009884,2638.22,6250.0,0.0,6.7296
0451_민속악_판소리.wav,TSM_1.1x,0.1875,0.625,0,0.3311,,4.219,1.37,,0.3311,0.1655,0.4975,0.009884,2638.22,6250.0,0.0,6.7296
0451_민속악_판소리.wav,AWGN_30dB,0.0625,0.875,1,0.9746,25.1,4.626,3.654,,0.9746,0.4873,0.9871,0.009884,2638.22,6250.0,0.0,6.7296
0451_민속악_판소리.wav,Limiter,0.0,1.0,1,1.0,26.81,4.728,4.164,,1.0,0.5,1.0,0.009884,2638.22,6250.0,0.0,6.7296
0451_민속악_판소리.wav,Opus_32kbps,0.0,1.0,1,1.0,18.02,4.683,3.555,,1.0,0.5,1.0,0.009884,2638.22,6250.0,0.0,6.7296
0451_민속악_판소리.wav,AAC_128kbps,0.0,1.0,1,0.996,26.53,4.727,4.167,,1.0,0.5,1.0,0.009884,2638.22,6250.0,0.0,6.7296
0451_민속악_판소리.wav,TelephoneFilter,0.0625,0.875,1,1.0,-7.71,2.832,2.691,,1.0,0.5,1.0,0.009884,2638.22,6250.0,0.0,6.7296
0451_민속악_판소리.wav,EnCodec_6kbps,0.375,0.25,0,0.331,-3.0,4.389,1.719,,0.3313,0.1657,0.4977,0.009884,2638.22,6250.0,0.0,6.7296
0451_민속악_판소리.wav,DAC,0.6875,-0.375,0,0.0059,-18.42,4.442,2.54,,0.0059,0.0029,0.0117,0.009884,2638.22,6250.0,0.0,6.7296
0466_민속악_판소리.wav,NoAttack,0.0,1.0,1,0.9986,23.69,4.726,3.941,,0.9986,0.4993,0.9993,0.01384,2694.3,6640.62,0.0,6.07
0466_민속악_판소리.wav,MP3_128kbps,0.0,1.0,1,0.9985,22.38,4.681,3.853,,0.9985,0.4992,0.9992,0.01384,2694.3,6640.62,0.0,6.07
0466_민속악_판소리.wav,MP3_320kbps,0.0,1.0,1,0.9985,22.38,4.68,3.853,,0.9985,0.4992,0.9992,0.01384,2694.3,6640.62,0.0,6.07
0466_민속악_판소리.wav,Resample_44100RT,0.0,1.0,1,0.9986,23.66,4.725,3.941,,0.9986,0.4993,0.9993,0.01384,2694.3,6640.62,0.0,6.07
0466_민속악_판소리.wav,Crop_10pct,0.0,1.0,1,0.7468,23.6,4.727,3.968,,0.7468,0.3734,0.8551,0.01384,2694.3,6640.62,0.0,6.07
0466_민속악_판소리.wav,TSM_1.1x,0.5625,-0.125,1,0.6802,,4.285,1.373,,0.6802,0.3401,0.8096,0.01384,2694.3,6640.62,0.0,6.07
0466_민속악_판소리.wav,AWGN_30dB,0.0,1.0,1,0.9719,22.75,4.65,3.431,,0.9719,0.486,0.9858,0.01384,2694.3,6640.62,0.0,6.07
0466_민속악_판소리.wav,Limiter,0.0,1.0,1,0.9986,23.69,4.726,3.941,,0.9986,0.4993,0.9993,0.01384,2694.3,6640.62,0.0,6.07
0466_민속악_판소리.wav,Opus_32kbps,0.0,1.0,1,0.9997,16.76,4.666,3.409,,0.9997,0.4998,0.9998,0.01384,2694.3,6640.62,0.0,6.07
0466_민속악_판소리.wav,AAC_128kbps,0.0,1.0,1,0.9952,23.45,4.724,3.949,,0.9985,0.4993,0.9993,0.01384,2694.3,6640.62,0.0,6.07
0466_민속악_판소리.wav,TelephoneFilter,0.0,1.0,1,1.0,-0.93,2.602,2.511,,1.0,0.5,1.0,0.01384,2694.3,6640.62,0.0,6.07
0466_민속악_판소리.wav,EnCodec_6kbps,0.4375,0.125,0,0.4607,-1.45,4.352,1.776,,0.4612,0.2306,0.6313,0.01384,2694.3,6640.62,0.0,6.07
0466_민속악_판소리.wav,DAC,0.6875,-0.375,0,0.0127,-14.71,4.325,2.555,,0.0127,0.0064,0.0251,0.01384,2694.3,6640.62,0.0,6.07
0467_민속악_판소리.wav,NoAttack,0.0,1.0,1,1.0,26.43,4.725,4.118,,1.0,0.5,1.0,0.014273,2538.13,6375.0,0.0,6.3904
0467_민속악_판소리.wav,MP3_128kbps,0.0,1.0,1,1.0,22.79,4.598,3.946,,1.0,0.5,1.0,0.014273,2538.13,6375.0,0.0,6.3904
0467_민속악_판소리.wav,MP3_320kbps,0.0,1.0,1,1.0,22.79,4.597,3.946,,1.0,0.5,1.0,0.014273,2538.13,6375.0,0.0,6.3904
0467_민속악_판소리.wav,Resample_44100RT,0.0,1.0,1,1.0,26.03,4.721,4.112,,1.0,0.5,1.0,0.014273,2538.13,6375.0,0.0,6.3904
0467_민속악_판소리.wav,Crop_10pct,0.0,1.0,1,0.5817,26.49,4.724,4.124,,0.5817,0.2908,0.7355,0.014273,2538.13,6375.0,0.0,6.3904
0467_민속악_판소리.wav,TSM_1.1x,0.0,1.0,1,0.5834,,4.25,1.317,,0.5834,0.2917,0.7369,0.014273,2538.13,6375.0,0.0,6.3904
0467_민속악_판소리.wav,AWGN_30dB,0.0,1.0,1,0.9843,24.84,4.574,3.339,,0.9843,0.4921,0.9921,0.014273,2538.13,6375.0,0.0,6.3904
0467_민속악_판소리.wav,Limiter,0.0,1.0,1,1.0,26.43,4.725,4.118,,1.0,0.5,1.0,0.014273,2538.13,6375.0,0.0,6.3904
0467_민속악_판소리.wav,Opus_32kbps,0.0,1.0,1,1.0,16.93,4.643,3.578,,1.0,0.5,1.0,0.014273,2538.13,6375.0,0.0,6.3904
0467_민속악_판소리.wav,AAC_128kbps,0.0,1.0,1,0.9982,25.7,4.724,4.092,,1.0,0.5,1.0,0.014273,2538.13,6375.0,0.0,6.3904
0467_민속악_판소리.wav,TelephoneFilter,0.0,1.0,1,1.0,-2.84,2.62,2.563,,1.0,0.5,1.0,0.014273,2538.13,6375.0,0.0,6.3904
0467_민속악_판소리.wav,EnCodec_6kbps,0.3125,0.375,0,0.3381,-0.1,4.387,1.644,,0.3385,0.1693,0.5058,0.014273,2538.13,6375.0,0.0,6.3904
0467_민속악_판소리.wav,DAC,0.75,-0.5,0,0.0005,-41.73,4.342,2.402,,0.0005,0.0003,0.001,0.014273,2538.13,6375.0,0.0,6.3904
0477_민속악_판소리.wav,NoAttack,0.0,1.0,1,1.0,29.12,4.727,4.167,,1.0,0.5,1.0,0.010455,2512.63,6015.62,0.0,4.6334
0477_민속악_판소리.wav,MP3_128kbps,0.0,1.0,1,1.0,26.53,4.672,4.074,,1.0,0.5,1.0,0.010455,2512.63,6015.62,0.0,4.6334
0477_민속악_판소리.wav,MP3_320kbps,0.0,1.0,1,1.0,26.53,4.672,4.074,,1.0,0.5,1.0,0.010455,2512.63,6015.62,0.0,4.6334
0477_민속악_판소리.wav,Resample_44100RT,0.0,1.0,1,1.0,29.0,4.726,4.167,,1.0,0.5,1.0,0.010455,2512.63,6015.62,0.0,4.6334
0477_민속악_판소리.wav,Crop_10pct,0.125,0.75,0,0.1892,29.02,4.727,4.195,,0.1892,0.0946,0.3182,0.010455,2512.63,6015.62,0.0,4.6334
0477_민속악_판소리.wav,TSM_1.1x,0.1875,0.625,0,0.3944,,4.347,1.359,,0.3944,0.1972,0.5657,0.010455,2512.63,6015.62,0.0,4.6334
0477_민속악_판소리.wav,AWGN_30dB,0.1875,0.625,1,0.9925,26.51,4.653,3.809,,0.9925,0.4963,0.9963,0.010455,2512.63,6015.62,0.0,4.6334
0477_민속악_판소리.wav,Limiter,0.0,1.0,1,1.0,29.12,4.727,4.167,,1.0,0.5,1.0,0.010455,2512.63,6015.62,0.0,4.6334
0477_민속악_판소리.wav,Opus_32kbps,0.0,1.0,1,1.0,18.46,4.691,3.651,,1.0,0.5,1.0,0.010455,2512.63,6015.62,0.0,4.6334
0477_민속악_판소리.wav,AAC_128kbps,0.0,1.0,1,0.9986,28.51,4.726,4.171,,1.0,0.5,1.0,0.010455,2512.63,6015.62,0.0,4.6334
0477_민속악_판소리.wav,TelephoneFilter,0.0,1.0,1,1.0,-0.88,2.798,2.915,,1.0,0.5,1.0,0.010455,2512.63,6015.62,0.0,4.6334
0477_민속악_판소리.wav,EnCodec_6kbps,0.4375,0.125,0,0.4067,1.13,4.434,1.754,,0.4071,0.2035,0.5786,0.010455,2512.63,6015.62,0.0,4.6334
0477_민속악_판소리.wav,DAC,0.875,-0.75,0,0.0081,-12.33,4.468,2.443,,0.0081,0.004,0.016,0.010455,2512.63,6015.62,0.0,4.6334
0479_민속악_판소리.wav,NoAttack,0.0,1.0,1,1.0,28.22,4.723,4.348,,1.0,0.5,1.0,0.011196,2557.13,5656.25,0.038095,5.6113
0479_민속악_판소리.wav,MP3_128kbps,0.0,1.0,1,1.0,26.29,4.66,4.264,,1.0,0.5,1.0,0.011196,2557.13,5656.25,0.038095,5.6113
0479_민속악_판소리.wav,MP3_320kbps,0.0,1.0,1,1.0,26.29,4.66,4.264,,1.0,0.5,1.0,0.011196,2557.13,5656.25,0.038095,5.6113
0479_민속악_판소리.wav,Resample_44100RT,0.0,1.0,1,1.0,28.18,4.722,4.348,,1.0,0.5,1.0,0.011196,2557.13,5656.25,0.038095,5.6113
0479_민속악_판소리.wav,Crop_10pct,0.0,1.0,1,0.9246,28.33,4.723,4.408,,0.9246,0.4623,0.9608,0.011196,2557.13,5656.25,0.038095,5.6113
0479_민속악_판소리.wav,TSM_1.1x,0.25,0.5,0,0.3303,,4.274,1.405,,0.3303,0.1651,0.4965,0.011196,2557.13,5656.25,0.038095,5.6113
0479_민속악_판소리.wav,AWGN_30dB,0.125,0.75,1,0.965,26.01,4.608,3.868,,0.965,0.4825,0.9822,0.011196,2557.13,5656.25,0.038095,5.6113
0479_민속악_판소리.wav,Limiter,0.0,1.0,1,1.0,28.22,4.723,4.348,,1.0,0.5,1.0,0.011196,2557.13,5656.25,0.038095,5.6113
0479_민속악_판소리.wav,Opus_32kbps,0.0,1.0,1,1.0,18.64,4.685,3.652,,1.0,0.5,1.0,0.011196,2557.13,5656.25,0.038095,5.6113
0479_민속악_판소리.wav,AAC_128kbps,0.0,1.0,1,0.9961,27.75,4.723,4.348,,1.0,0.5,1.0,0.011196,2557.13,5656.25,0.038095,5.6113
0479_민속악_판소리.wav,TelephoneFilter,0.0,1.0,1,1.0,-3.71,2.718,3.259,,1.0,0.5,1.0,0.011196,2557.13,5656.25,0.038095,5.6113
0479_민속악_판소리.wav,EnCodec_6kbps,0.625,-0.25,0,0.1936,1.18,4.255,2.048,,0.1938,0.0969,0.3246,0.011196,2557.13,5656.25,0.038095,5.6113
0479_민속악_판소리.wav,DAC,0.6875,-0.375,0,0.0042,-27.87,4.425,2.78,,0.0042,0.0021,0.0083,0.011196,2557.13,5656.25,0.038095,5.6113
0484_민속악_판소리.wav,NoAttack,0.0,1.0,1,1.0,26.81,4.722,4.236,,1.0,0.5,1.0,0.014487,2317.68,6296.88,0.057143,5.3115
0484_민속악_판소리.wav,MP3_128kbps,0.0,1.0,1,1.0,23.89,4.627,4.118,,1.0,0.5,1.0,0.014487,2317.68,6296.88,0.057143,5.3115
0484_민속악_판소리.wav,MP3_320kbps,0.0,1.0,1,1.0,23.89,4.627,4.118,,1.0,0.5,1.0,0.014487,2317.68,6296.88,0.057143,5.3115
0484_민속악_판소리.wav,Resample_44100RT,0.0,1.0,1,1.0,26.62,4.718,4.234,,1.0,0.5,1.0,0.014487,2317.68,6296.88,0.057143,5.3115
0484_민속악_판소리.wav,Crop_10pct,0.0,1.0,1,0.6334,26.5,4.72,4.243,,0.6334,0.3167,0.7756,0.014487,2317.68,6296.88,0.057143,5.3115
0484_민속악_판소리.wav,TSM_1.1x,0.125,0.75,0,0.3775,,4.221,1.383,,0.3775,0.1888,0.5481,0.014487,2317.68,6296.88,0.057143,5.3115
0484_민속악_판소리.wav,AWGN_30dB,0.0,1.0,1,0.94,25.11,4.433,3.21,,0.94,0.47,0.9691,0.014487,2317.68,6296.88,0.057143,5.3115
0484_민속악_판소리.wav,Limiter,0.0,1.0,1,1.0,26.81,4.722,4.236,,1.0,0.5,1.0,0.014487,2317.68,6296.88,0.057143,5.3115
0484_민속악_판소리.wav,Opus_32kbps,0.0,1.0,1,1.0,18.46,4.684,3.765,,1.0,0.5,1.0,0.014487,2317.68,6296.88,0.057143,5.3115
0484_민속악_판소리.wav,AAC_128kbps,0.0,1.0,1,0.9963,26.42,4.721,4.236,,1.0,0.5,1.0,0.014487,2317.68,6296.88,0.057143,5.3115
0484_민속악_판소리.wav,TelephoneFilter,0.0,1.0,1,1.0,-3.3,2.98,3.081,,1.0,0.5,1.0,0.014487,2317.68,6296.88,0.057143,5.3115
0484_민속악_판소리.wav,EnCodec_6kbps,0.375,0.25,0,0.2702,1.58,4.344,1.929,,0.2705,0.1352,0.4258,0.014487,2317.68,6296.88,0.057143,5.3115
0484_민속악_판소리.wav,DAC,0.8125,-0.625,0,0.0155,-21.63,4.47,2.837,,0.0155,0.0077,0.0305,0.014487,2317.68,6296.88,0.057143,5.3115
0487_민속악_판소리.wav,NoAttack,0.0,1.0,1,1.0,25.47,4.724,4.034,,1.0,0.5,1.0,0.013916,2531.31,6578.12,0.036508,6.3984
0487_민속악_판소리.wav,MP3_128kbps,0.0,1.0,1,1.0,20.89,4.583,3.853,,1.0,0.5,1.0,0.013916,2531.31,6578.12,0.036508,6.3984
0487_민속악_판소리.wav,MP3_320kbps,0.0,1.0,1,1.0,20.89,4.583,3.853,,1.0,0.5,1.0,0.013916,2531.31,6578.12,0.036508,6.3984
0487_민속악_판소리.wav,Resample_44100RT,0.0,1.0,1,1.0,25.14,4.718,4.029,,1.0,0.5,1.0,0.013916,2531.31,6578.12,0.036508,6.3984
0487_민속악_판소리.wav,Crop_10pct,0.0,1.0,0,0.3478,25.89,4.724,4.037,,0.3478,0.1739,0.5161,0.013916,2531.31,6578.12,0.036508,6.3984
0487_민속악_판소리.wav,TSM_1.1x,0.125,0.75,1,0.625,,4.233,1.255,,0.625,0.3125,0.7692,0.013916,2531.31,6578.12,0.036508,6.3984
0487_민속악_판소리.wav,AWGN_30dB,0.0,1.0,1,0.9505,24.17,4.545,3.361,,0.9505,0.4753,0.9746,0.013916,2531.31,6578.12,0.036508,6.3984
0487_민속악_판소리.wav,Limiter,0.0,1.0,1,1.0,25.47,4.724,4.034,,1.0,0.5,1.0,0.013916,2531.31,6578.12,0.036508,6.3984
0487_민속악_판소리.wav,Opus_32kbps,0.0,1.0,1,1.0,16.82,4.659,3.582,,1.0,0.5,1.0,0.013916,2531.31,6578.12,0.036508,6.3984
0487_민속악_판소리.wav,AAC_128kbps,0.0,1.0,1,0.9963,25.04,4.722,4.008,,1.0,0.5,1.0,0.013916,2531.31,6578.12,0.036508,6.3984
0487_민속악_판소리.wav,TelephoneFilter,0.0,1.0,1,1.0,-2.11,2.906,2.708,,1.0,0.5,1.0,0.013916,2531.31,6578.12,0.036508,6.3984
0487_민속악_판소리.wav,EnCodec_6kbps,0.3125,0.375,0,0.3786,-1.59,4.401,1.71,,0.379,0.1895,0.5497,0.013916,2531.31,6578.12,0.036508,6.3984
0487_민속악_판소리.wav,DAC,0.6875,-0.375,0,0.0577,-14.42,4.451,2.428,,0.0578,0.0289,0.1093,0.013916,2531.31,6578.12,0.036508,6.3984
0488_민속악_판소리.wav,NoAttack,0.0,1.0,1,1.0,25.08,4.727,4.079,,1.0,0.5,1.0,0.014645,2579.45,6609.38,0.07619,4.6328
0488_민속악_판소리.wav,MP3_128kbps,0.0,1.0,1,1.0,21.08,4.584,3.882,,1.0,0.5,1.0,0.014645,2579.45,6609.38,0.07619,4.6328
0488_민속악_판소리.wav,MP3_320kbps,0.0,1.0,1,1.0,21.08,4.583,3.882,,1.0,0.5,1.0,0.014645,2579.45,6609.38,0.07619,4.6328
0488_민속악_판소리.wav,Resample_44100RT,0.0,1.0,1,1.0,24.93,4.723,4.077,,1.0,0.5,1.0,0.014645,2579.45,6609.38,0.07619,4.6328
0488_민속악_판소리.wav,Crop_10pct,0.0,1.0,1,0.9799,25.19,4.728,4.055,,0.9799,0.4899,0.9898,0.014645,2579.45,6609.38,0.07619,4.6328
0488_민속악_판소리.wav,TSM_1.1x,0.5,0.0,1,0.7732,,4.294,1.456,,0.7732,0.3866,0.8721,0.014645,2579.45,6609.38,0.07619,4.6328
0488_민속악_판소리.wav,AWGN_30dB,0.0625,0.875,1,0.8493,23.87,4.482,3.24,,0.8493,0.4246,0.9185,0.014645,2579.45,6609.38,0.07619,4.6328
0488_민속악_판소리.wav,Limiter,0.0,1.0,1,1.0,25.08,4.727,4.079,,1.0,0.5,1.0,0.014645,2579.45,6609.38,0.07619,4.6328
0488_민속악_판소리.wav,Opus_32kbps,0.0,1.0,1,1.0,18.62,4.694,3.693,,1.0,0.5,1.0,0.014645,2579.45,6609.38,0.07619,4.6328
0488_민속악_판소리.wav,AAC_128kbps,0.0,1.0,1,0.996,24.87,4.726,4.08,,1.0,0.5,1.0,0.014645,2579.45,6609.38,0.07619,4.6328
0488_민속악_판소리.wav,TelephoneFilter,0.0,1.0,1,0.994,1.44,3.01,2.808,,0.994,0.497,0.997,0.014645,2579.45,6609.38,0.07619,4.6328
0488_민속악_판소리.wav,EnCodec_6kbps,0.5,0.0,0,0.0417,0.81,4.449,1.819,,0.0418,0.0209,0.0802,0.014645,2579.45,6609.38,0.07619,4.6328
0488_민속악_판소리.wav,DAC,0.8125,-0.625,0,0.0588,-6.27,4.458,2.498,,0.0589,0.0294,0.1112,0.014645,2579.45,6609.38,0.07619,4.6328
0496_민속악_판소리.wav,NoAttack,0.0,1.0,1,1.0,23.48,4.724,4.334,,1.0,0.5,1.0,0.012209,2159.73,5671.88,0.0,5.7663
0496_민속악_판소리.wav,MP3_128kbps,0.0,1.0,1,1.0,22.73,4.618,4.245,,1.0,0.5,1.0,0.012209,2159.73,5671.88,0.0,5.7663
0496_민속악_판소리.wav,MP3_320kbps,0.0,1.0,1,1.0,22.73,4.618,4.245,,1.0,0.5,1.0,0.012209,2159.73,5671.88,0.0,5.7663
0496_민속악_판소리.wav,Resample_44100RT,0.0,1.0,1,1.0,23.44,4.72,4.334,,1.0,0.5,1.0,0.012209,2159.73,5671.88,0.0,5.7663
0496_민속악_판소리.wav,Crop_10pct,0.0625,0.875,0,0.3112,23.58,4.724,4.343,,0.3112,0.1556,0.4747,0.012209,2159.73,5671.88,0.0,5.7663
0496_민속악_판소리.wav,TSM_1.1x,0.0625,0.875,0,0.2856,,4.087,1.363,,0.2856,0.1428,0.4443,0.012209,2159.73,5671.88,0.0,5.7663
0496_민속악_판소리.wav,AWGN_30dB,0.0625,0.875,1,1.0,22.61,4.656,4.074,,1.0,0.5,1.0,0.012209,2159.73,5671.88,0.0,5.7663
0496_민속악_판소리.wav,Limiter,0.0,1.0,1,1.0,23.48,4.724,4.334,,1.0,0.5,1.0,0.012209,2159.73,5671.88,0.0,5.7663
0496_민속악_판소리.wav,Opus_32kbps,0.0625,0.875,1,1.0,17.15,4.683,3.823,,1.0,0.5,1.0,0.012209,2159.73,5671.88,0.0,5.7663
0496_민속악_판소리.wav,AAC_128kbps,0.0,1.0,1,0.9961,23.24,4.723,4.331,,1.0,0.5,1.0,0.012209,2159.73,5671.88,0.0,5.7663
0496_민속악_판소리.wav,TelephoneFilter,0.0,1.0,1,1.0,-1.75,2.616,3.206,,1.0,0.5,1.0,0.012209,2159.73,5671.88,0.0,5.7663
0496_민속악_판소리.wav,EnCodec_6kbps,0.4375,0.125,1,0.6645,2.79,4.3,2.003,,0.6652,0.3326,0.7989,0.012209,2159.73,5671.88,0.0,5.7663
0496_민속악_판소리.wav,DAC,0.75,-0.5,0,0.0,-22.6,4.382,2.939,,0.0,0.0,0.0,0.012209,2159.73,5671.88,0.0,5.7663
0497_민속악_판소리.wav,NoAttack,0.0,1.0,1,1.0,26.16,4.727,4.402,,1.0,0.5,1.0,0.007994,1478.79,4750.0,0.0,5.0173
0497_민속악_판소리.wav,MP3_128kbps,0.0,1.0,1,1.0,25.51,4.597,4.333,,1.0,0.5,1.0,0.007994,1478.79,4750.0,0.0,5.0173
0497_민속악_판소리.wav,MP3_320kbps,0.0,1.0,1,1.0,25.51,4.597,4.332,,1.0,0.5,1.0,0.007994,1478.79,4750.0,0.0,5.0173
0497_민속악_판소리.wav,Resample_44100RT,0.0,1.0,1,1.0,26.1,4.724,4.397,,1.0,0.5,1.0,0.007994,1478.79,4750.0,0.0,5.0173
0497_민속악_판소리.wav,Crop_10pct,0.0,1.0,1,0.6913,26.43,4.727,4.403,,0.6913,0.3456,0.8174,0.007994,1478.79,4750.0,0.0,5.0173
0497_민속악_판소리.wav,TSM_1.1x,0.125,0.75,0,0.2375,,3.968,1.353,,0.2375,0.1188,0.3839,0.007994,1478.79,4750.0,0.0,5.0173
0497_민속악_판소리.wav,AWGN_30dB,0.0,1.0,1,0.7723,24.64,4.224,2.699,,0.7723,0.3861,0.8715,0.007994,1478.79,4750.0,0.0,5.0173
0497_민속악_판소리.wav,Limiter,0.0,1.0,1,1.0,26.16,4.727,4.402,,1.0,0.5,1.0,0.007994,1478.79,4750.0,0.0,5.0173
0497_민속악_판소리.wav,Opus_32kbps,0.0,1.0,1,1.0,19.43,4.644,3.974,,1.0,0.5,1.0,0.007994,1478.79,4750.0,0.0,5.0173
0497_민속악_판소리.wav,AAC_128kbps,0.0,1.0,1,0.9969,25.86,4.726,4.402,,1.0,0.5,1.0,0.007994,1478.79,4750.0,0.0,5.0173
0497_민속악_판소리.wav,TelephoneFilter,0.0,1.0,1,1.0,-3.05,3.088,3.599,,1.0,0.5,1.0,0.007994,1478.79,4750.0,0.0,5.0173
0497_민속악_판소리.wav,EnCodec_6kbps,0.375,0.25,0,0.4223,5.96,4.338,2.32,,0.4227,0.2114,0.5943,0.007994,1478.79,4750.0,0.0,5.0173
0497_민속악_판소리.wav,DAC,0.8125,-0.625,0,0.013,-12.47,4.481,3.305,,0.013,0.0065,0.0257,0.007994,1478.79,4750.0,0.0,5.0173
0505_민속악_판소리.wav,NoAttack,0.0,1.0,1,1.0,24.99,4.728,4.324,,1.0,0.5,1.0,0.012711,1842.48,5578.12,0.0,5.1114
0505_민속악_판소리.wav,MP3_128kbps,0.0,1.0,1,1.0,24.64,4.651,4.277,,1.0,0.5,1.0,0.012711,1842.48,5578.12,0.0,5.1114
0505_민속악_판소리.wav,MP3_320kbps,0.0,1.0,1,1.0,24.64,4.651,4.277,,1.0,0.5,1.0,0.012711,1842.48,5578.12,0.0,5.1114
0505_민속악_판소리.wav,Resample_44100RT,0.0,1.0,1,1.0,24.97,4.721,4.323,,1.0,0.5,1.0,0.012711,1842.48,5578.12,0.0,5.1114
0505_민속악_판소리.wav,Crop_10pct,0.0,1.0,0,0.1822,25.04,4.728,4.326,,0.1822,0.0911,0.3083,0.012711,1842.48,5578.12,0.0,5.1114
0505_민속악_판소리.wav,TSM_1.1x,0.0,1.0,0,0.2625,,4.103,1.272,,0.2625,0.1312,0.4158,0.012711,1842.48,5578.12,0.0,5.1114
0505_민속악_판소리.wav,AWGN_30dB,0.0,1.0,1,0.9438,23.8,4.514,3.501,,0.9438,0.4719,0.9711,0.012711,1842.48,5578.12,0.0,5.1114
0505_민속악_판소리.wav,Limiter,0.0,1.0,1,1.0,24.99,4.728,4.324,,1.0,0.5,1.0,0.012711,1842.48,5578.12,0.0,5.1114
0505_민속악_판소리.wav,Opus_32kbps,0.0,1.0,1,1.0,17.46,4.674,3.941,,1.0,0.5,1.0,0.012711,1842.48,5578.12,0.0,5.1114
0505_민속악_판소리.wav,AAC_128kbps,0.0,1.0,1,0.9961,24.52,4.727,4.327,,1.0,0.5,1.0,0.012711,1842.48,5578.12,0.0,5.1114
0505_민속악_판소리.wav,TelephoneFilter,0.0,1.0,1,1.0,-2.59,2.995,3.466,,1.0,0.5,1.0,0.012711,1842.48,5578.12,0.0,5.1114
0505_민속악_판소리.wav,EnCodec_6kbps,0.4375,0.125,0,0.375,3.88,4.412,2.032,,0.3754,0.1877,0.5459,0.012711,1842.48,5578.12,0.0,5.1114
0505_민속악_판소리.wav,DAC,0.75,-0.5,0,0.0027,-14.85,4.512,3.034,,0.0027,0.0014,0.0055,0.012711,1842.48,5578.12,0.0,5.1114
0507_민속악_판소리.wav,NoAttack,0.0,1.0,1,1.0,24.52,4.729,4.302,,1.0,0.5,1.0,0.011891,1917.16,5625.0,0.0,5.2103
0507_민속악_판소리.wav,MP3_128kbps,0.0,1.0,1,1.0,23.82,4.593,4.215,,1.0,0.5,1.0,0.011891,1917.16,5625.0,0.0,5.2103
0507_민속악_판소리.wav,MP3_320kbps,0.0,1.0,1,1.0,23.82,4.593,4.215,,1.0,0.5,1.0,0.011891,1917.16,5625.0,0.0,5.2103
0507_민속악_판소리.wav,Resample_44100RT,0.0,1.0,1,1.0,24.48,4.724,4.299,,1.0,0.5,1.0,0.011891,1917.16,5625.0,0.0,5.2103
0507_민속악_판소리.wav,Crop_10pct,0.0625,0.875,1,0.5137,24.4,4.728,4.299,,0.5137,0.2568,0.6787,0.011891,1917.16,5625.0,0.0,5.2103
0507_민속악_판소리.wav,TSM_1.1x,0.0625,0.875,0,0.1421,,4.082,1.308,,0.1421,0.071,0.2488,0.011891,1917.16,5625.0,0.0,5.2103
0507_민속악_판소리.wav,AWGN_30dB,0.0625,0.875,1,1.0,23.43,4.582,3.776,,1.0,0.5,1.0,0.011891,1917.16,5625.0,0.0,5.2103
0507_민속악_판소리.wav,Limiter,0.0,1.0,1,1.0,24.52,4.729,4.302,,1.0,0.5,1.0,0.011891,1917.16,5625.0,0.0,5.2103
0507_민속악_판소리.wav,Opus_32kbps,0.0,1.0,1,1.0,17.78,4.682,3.873,,1.0,0.5,1.0,0.011891,1917.16,5625.0,0.0,5.2103
0507_민속악_판소리.wav,AAC_128kbps,0.0,1.0,1,0.9961,24.15,4.728,4.302,,1.0,0.5,1.0,0.011891,1917.16,5625.0,0.0,5.2103
0507_민속악_판소리.wav,TelephoneFilter,0.0,1.0,1,1.0,-3.04,2.718,3.349,,1.0,0.5,1.0,0.011891,1917.16,5625.0,0.0,5.2103
0507_민속악_판소리.wav,EnCodec_6kbps,0.3125,0.375,0,0.4203,4.4,4.358,2.003,,0.4207,0.2104,0.5923,0.011891,1917.16,5625.0,0.0,5.2103
0507_민속악_판소리.wav,DAC,0.8125,-0.625,0,0.0044,-13.31,4.359,2.931,,0.0044,0.0022,0.0087,0.011891,1917.16,5625.0,0.0,5.2103
0514_민속악_판소리.wav,NoAttack,0.0,1.0,1,1.0,25.7,4.729,4.332,,1.0,0.5,1.0,0.008807,1608.83,4640.62,0.0,4.9818
0514_민속악_판소리.wav,MP3_128kbps,0.0,1.0,1,1.0,25.35,4.59,4.29,,1.0,0.5,1.0,0.008807,1608.83,4640.62,0.0,4.9818
0514_민속악_판소리.wav,MP3_320kbps,0.0,1.0,1,1.0,25.35,4.59,4.29,,1.0,0.5,1.0,0.008807,1608.83,4640.62,0.0,4.9818
0514_민속악_판소리.wav,Resample_44100RT,0.0,1.0,1,1.0,25.69,4.726,4.332,,1.0,0.5,1.0,0.008807,1608.83,4640.62,0.0,4.9818
0514_민속악_판소리.wav,Crop_10pct,0.0,1.0,0,0.4472,25.49,4.729,4.328,,0.4472,0.2236,0.618,0.008807,1608.83,4640.62,0.0,4.9818
0514_민속악_판소리.wav,TSM_1.1x,0.0,1.0,0,0.1701,,4.068,1.361,,0.1701,0.085,0.2907,0.008807,1608.83,4640.62,0.0,4.9818
0514_민속악_판소리.wav,AWGN_30dB,0.0,1.0,1,0.971,24.32,4.49,3.686,,0.971,0.4855,0.9853,0.008807,1608.83,4640.62,0.0,4.9818
0514_민속악_판소리.wav,Limiter,0.0,1.0,1,1.0,25.26,4.728,4.331,,1.0,0.5,1.0,0.008807,1608.83,4640.62,0.0,4.9818
0514_민속악_판소리.wav,Opus_32kbps,0.0,1.0,1,0.9999,18.05,4.675,3.99,,0.9999,0.4999,0.9999,0.008807,1608.83,4640.62,0.0,4.9818
0514_민속악_판소리.wav,AAC_128kbps,0.0,1.0,1,0.9961,24.52,4.728,4.333,,1.0,0.5,1.0,0.008807,1608.83,4640.62,0.0,4.9818
0514_민속악_판소리.wav,TelephoneFilter,0.0,1.0,1,1.0,-5.4,2.838,3.42,,1.0,0.5,1.0,0.008807,1608.83,4640.62,0.0,4.9818
0514_민속악_판소리.wav,EnCodec_6kbps,0.1875,0.625,0,0.4321,5.96,4.369,2.05,,0.4326,0.2163,0.6039,0.008807,1608.83,4640.62,0.0,4.9818
0514_민속악_판소리.wav,DAC,0.8125,-0.625,0,0.0047,-8.09,4.485,3.097,,0.0047,0.0024,0.0094,0.008807,1608.83,4640.62,0.0,4.9818
0515_민속악_판소리.wav,NoAttack,0.0,1.0,1,1.0,25.14,4.729,4.285,,1.0,0.5,1.0,0.010775,1903.3,5031.25,0.0,4.8766
0515_민속악_판소리.wav,MP3_128kbps,0.0,1.0,1,1.0,24.46,4.571,4.212,,1.0,0.5,1.0,0.010775,1903.3,5031.25,0.0,4.8766
0515_민속악_판소리.wav,MP3_320kbps,0.0,1.0,1,1.0,24.46,4.571,4.212,,1.0,0.5,1.0,0.010775,1903.3,5031.25,0.0,4.8766
0515_민속악_판소리.wav,Resample_44100RT,0.0,1.0,1,1.0,25.11,4.724,4.285,,1.0,0.5,1.0,0.010775,1903.3,5031.25,0.0,4.8766
0515_민속악_판소리.wav,Crop_10pct,0.0,1.0,1,0.6663,24.96,4.729,4.271,,0.6663,0.3332,0.7998,0.010775,1903.3,5031.25,0.0,4.8766
0515_민속악_판소리.wav,TSM_1.1x,0.0625,0.875,0,0.1666,,4.023,1.332,,0.1666,0.0833,0.2856,0.010775,1903.3,5031.25,0.0,4.8766
0515_민속악_판소리.wav,AWGN_30dB,0.0,1.0,1,1.0,23.9,4.673,4.093,,1.0,0.5,1.0,0.010775,1903.3,5031.25,0.0,4.8766
0515_민속악_판소리.wav,Limiter,0.0,1.0,1,1.0,25.14,4.729,4.285,,1.0,0.5,1.0,0.010775,1903.3,5031.25,0.0,4.8766
0515_민속악_판소리.wav,Opus_32kbps,0.0,1.0,1,0.9999,17.41,4.653,3.885,,0.9999,0.5,1.0,0.010775,1903.3,5031.25,0.0,4.8766
0515_민속악_판소리.wav,AAC_128kbps,0.0,1.0,1,0.996,24.46,4.729,4.288,,1.0,0.5,1.0,0.010775,1903.3,5031.25,0.0,4.8766
0515_민속악_판소리.wav,TelephoneFilter,0.0625,0.875,1,1.0,-3.86,2.694,3.396,,1.0,0.5,1.0,0.010775,1903.3,5031.25,0.0,4.8766
0515_민속악_판소리.wav,EnCodec_6kbps,0.3125,0.375,1,0.5576,4.98,4.374,1.964,,0.5577,0.2788,0.7161,0.010775,1903.3,5031.25,0.0,4.8766
0515_민속악_판소리.wav,DAC,0.5625,-0.125,0,0.3811,-12.6,4.427,2.851,,0.3805,0.1903,0.5513,0.010775,1903.3,5031.25,0.0,4.8766
0519_민속악_판소리.wav,NoAttack,0.0,1.0,1,1.0,26.91,4.726,4.412,,1.0,0.5,1.0,0.013603,1599.01,5640.62,0.096825,5.4834
0519_민속악_판소리.wav,MP3_128kbps,0.0,1.0,1,1.0,26.49,4.602,4.365,,1.0,0.5,1.0,0.013603,1599.01,5640.62,0.096825,5.4834
0519_민속악_판소리.wav,MP3_320kbps,0.0,1.0,1,1.0,26.49,4.602,4.365,,1.0,0.5,1.0,0.013603,1599.01,5640.62,0.096825,5.4834
0519_민속악_판소리.wav,Resample_44100RT,0.0,1.0,1,1.0,26.88,4.717,4.412,,1.0,0.5,1.0,0.013603,1599.01,5640.62,0.096825,5.4834
0519_민속악_판소리.wav,Crop_10pct,0.0,1.0,0,0.1928,27.15,4.726,4.416,,0.1928,0.0964,0.3232,0.013603,1599.01,5640.62,0.096825,5.4834
0519_민속악_판소리.wav,TSM_1.1x,0.0,1.0,0,0.1558,,3.843,1.329,,0.1558,0.0779,0.2695,0.013603,1599.01,5640.62,0.096825,5.4834
0519_민속악_판소리.wav,AWGN_30dB,0.0625,0.875,1,0.7909,25.17,4.276,3.007,,0.7909,0.3954,0.8832,0.013603,1599.01,5640.62,0.096825,5.4834
0519_민속악_판소리.wav,Limiter,0.0,1.0,1,1.0,26.91,4.726,4.412,,1.0,0.5,1.0,0.013603,1599.01,5640.62,0.096825,5.4834
0519_민속악_판소리.wav,Opus_32kbps,0.0,1.0,1,0.9999,19.18,4.637,4.034,,0.9999,0.4999,0.9999,0.013603,1599.01,5640.62,0.096825,5.4834
0519_민속악_판소리.wav,AAC_128kbps,0.0,1.0,1,0.997,26.2,4.724,4.374,,1.0,0.5,1.0,0.013603,1599.01,5640.62,0.096825,5.4834
0519_민속악_판소리.wav,TelephoneFilter,0.0,1.0,1,1.0,-4.11,3.091,3.573,,1.0,0.5,1.0,0.013603,1599.01,5640.62,0.096825,5.4834
0519_민속악_판소리.wav,EnCodec_6kbps,0.375,0.25,0,0.1256,5.83,4.349,2.322,,0.1257,0.0629,0.2234,0.013603,1599.01,5640.62,0.096825,5.4834
0519_민속악_판소리.wav,DAC,0.6875,-0.375,0,0.0021,-10.75,4.455,3.36,,0.0021,0.001,0.0041,0.013603,1599.01,5640.62,0.096825,5.4834
Similar_Dance_00002_Cover_Arrangement_A.wav,NoAttack,0.0,1.0,1,1.0,28.02,4.731,4.185,,1.0,0.5,1.0,0.01333,1755.5,4359.38,0.0,3.4201
Similar_Dance_00002_Cover_Arrangement_A.wav,MP3_128kbps,0.0,1.0,1,1.0,26.16,4.596,3.971,,1.0,0.5,1.0,0.01333,1755.5,4359.38,0.0,3.4201
Similar_Dance_00002_Cover_Arrangement_A.wav,MP3_320kbps,0.0,1.0,1,1.0,26.16,4.596,3.971,,1.0,0.5,1.0,0.01333,1755.5,4359.38,0.0,3.4201
Similar_Dance_00002_Cover_Arrangement_A.wav,Resample_44100RT,0.0,1.0,1,1.0,27.94,4.73,4.184,,1.0,0.5,1.0,0.01333,1755.5,4359.38,0.0,3.4201
Similar_Dance_00002_Cover_Arrangement_A.wav,Crop_10pct,0.0,1.0,1,0.8146,28.07,4.731,4.243,,0.8146,0.4073,0.8978,0.01333,1755.5,4359.38,0.0,3.4201
Similar_Dance_00002_Cover_Arrangement_A.wav,TSM_1.1x,0.0,1.0,0,0.1057,,4.231,3.246,,0.1057,0.0529,0.1913,0.01333,1755.5,4359.38,0.0,3.4201
Similar_Dance_00002_Cover_Arrangement_A.wav,AWGN_30dB,0.0625,0.875,1,1.0,25.89,4.713,3.895,,1.0,0.5,1.0,0.01333,1755.5,4359.38,0.0,3.4201
Similar_Dance_00002_Cover_Arrangement_A.wav,Limiter,0.0625,0.875,1,1.0,19.69,4.705,3.294,,1.0,0.5,1.0,0.01333,1755.5,4359.38,0.0,3.4201
Similar_Dance_00002_Cover_Arrangement_A.wav,Opus_32kbps,0.0,1.0,1,1.0,18.42,4.708,3.008,,1.0,0.5,1.0,0.01333,1755.5,4359.38,0.0,3.4201
Similar_Dance_00002_Cover_Arrangement_A.wav,AAC_128kbps,0.0,1.0,1,0.9997,26.68,4.73,4.174,,1.0,0.5,1.0,0.01333,1755.5,4359.38,0.0,3.4201
Similar_Dance_00002_Cover_Arrangement_A.wav,TelephoneFilter,0.0,1.0,1,1.0,-21.49,2.815,2.484,,1.0,0.5,1.0,0.01333,1755.5,4359.38,0.0,3.4201
Similar_Dance_00002_Cover_Arrangement_A.wav,EnCodec_6kbps,0.75,-0.5,0,0.3104,9.81,4.502,1.915,,0.3107,0.1554,0.4741,0.01333,1755.5,4359.38,0.0,3.4201
Similar_Dance_00002_Cover_Arrangement_A.wav,DAC,0.5625,-0.125,0,0.0026,3.38,4.536,3.007,,0.0026,0.0013,0.0051,0.01333,1755.5,4359.38,0.0,3.4201
Similar_Dance_00002_Cover_Genre_A.wav,NoAttack,0.0,1.0,1,0.9999,26.59,4.731,4.318,,0.9999,0.4999,0.9999,0.013431,1736.22,4671.88,0.0,2.9781
Similar_Dance_00002_Cover_Genre_A.wav,MP3_128kbps,0.0,1.0,1,1.0,25.06,4.643,4.122,,1.0,0.5,1.0,0.013431,1736.22,4671.88,0.0,2.9781
Similar_Dance_00002_Cover_Genre_A.wav,MP3_320kbps,0.0,1.0,1,1.0,25.06,4.643,4.122,,1.0,0.5,1.0,0.013431,1736.22,4671.88,0.0,2.9781
Similar_Dance_00002_Cover_Genre_A.wav,Resample_44100RT,0.0,1.0,1,0.9999,26.54,4.73,4.316,,0.9999,0.4999,0.9999,0.013431,1736.22,4671.88,0.0,2.9781
Similar_Dance_00002_Cover_Genre_A.wav,Crop_10pct,0.0625,0.875,0,0.3261,26.31,4.731,4.302,,0.3261,0.163,0.4918,0.013431,1736.22,4671.88,0.0,2.9781
Similar_Dance_00002_Cover_Genre_A.wav,TSM_1.1x,0.125,0.75,0,0.2253,,4.308,1.086,,0.2253,0.1127,0.3678,0.013431,1736.22,4671.88,0.0,2.9781
Similar_Dance_00002_Cover_Genre_A.wav,AWGN_30dB,0.0,1.0,1,0.9998,24.96,4.727,4.282,,0.9998,0.4999,0.9999,0.013431,1736.22,4671.88,0.0,2.9781
Similar_Dance_00002_Cover_Genre_A.wav,Limiter,0.0,1.0,1,0.9998,21.36,4.717,4.319,,0.9998,0.4999,0.9999,0.013431,1736.22,4671.88,0.0,2.9781
Similar_Dance_00002_Cover_Genre_A.wav,Opus_32kbps,0.0625,0.875,1,1.0,17.13,4.701,3.783,,1.0,0.5,1.0,0.013431,1736.22,4671.88,0.0,2.9781
Similar_Dance_00002_Cover_Genre_A.wav,AAC_128kbps,0.0,1.0,1,0.9983,25.65,4.731,4.315,,0.9999,0.5,1.0,0.013431,1736.22,4671.88,0.0,2.9781
Similar_Dance_00002_Cover_Genre_A.wav,TelephoneFilter,0.0,1.0,1,1.0,-14.51,2.762,2.902,,1.0,0.5,1.0,0.013431,1736.22,4671.88,0.0,2.9781
Similar_Dance_00002_Cover_Genre_A.wav,EnCodec_6kbps,0.4375,0.125,1,0.5486,8.55,4.53,2.109,,0.5491,0.2745,0.7089,0.013431,1736.22,4671.88,0.0,2.9781
Similar_Dance_00002_Cover_Genre_A.wav,DAC,0.625,-0.25,0,0.0097,0.75,4.574,3.011,,0.0097,0.0049,0.0193,0.013431,1736.22,4671.88,0.0,2.9781
Similar_Dance_00002_Cover_Instrument_A.wav,NoAttack,0.0,1.0,1,0.9919,24.84,4.721,4.328,,0.9919,0.4959,0.9959,0.013657,1753.11,3093.75,0.0,7.8469
Similar_Dance_00002_Cover_Instrument_A.wav,MP3_128kbps,0.0,1.0,1,0.9903,24.23,4.375,4.24,,0.9903,0.4951,0.9951,0.013657,1753.11,3093.75,0.0,7.8469
Similar_Dance_00002_Cover_Instrument_A.wav,MP3_320kbps,0.0,1.0,1,0.9902,24.23,4.375,4.24,,0.9902,0.4951,0.9951,0.013657,1753.11,3093.75,0.0,7.8469
Similar_Dance_00002_Cover_Instrument_A.wav,Resample_44100RT,0.0,1.0,1,0.9919,24.83,4.715,4.327,,0.9919,0.4959,0.9959,0.013657,1753.11,3093.75,0.0,7.8469
Similar_Dance_00002_Cover_Instrument_A.wav,Crop_10pct,0.0,1.0,1,0.8685,24.54,4.719,4.323,,0.8685,0.4343,0.9297,0.013657,1753.11,3093.75,0.0,7.8469
Similar_Dance_00002_Cover_Instrument_A.wav,TSM_1.1x,0.1875,0.625,0,0.2664,,3.913,1.407,,0.2664,0.1332,0.4207,0.013657,1753.11,3093.75,0.0,7.8469
Similar_Dance_00002_Cover_Instrument_A.wav,AWGN_30dB,0.0,1.0,1,1.0,23.67,4.57,3.856,,1.0,0.5,1.0,0.013657,1753.11,3093.75,0.0,7.8469
Similar_Dance_00002_Cover_Instrument_A.wav,Limiter,0.0,1.0,1,0.9919,19.03,4.672,4.327,,0.9919,0.4959,0.9959,0.013657,1753.11,3093.75,0.0,7.8469
Similar_Dance_00002_Cover_Instrument_A.wav,Opus_32kbps,0.0,1.0,1,0.9936,18.32,4.612,4.063,,0.9936,0.4968,0.9968,0.013657,1753.11,3093.75,0.0,7.8469
Similar_Dance_00002_Cover_Instrument_A.wav,AAC_128kbps,0.0,1.0,1,0.9897,23.53,4.711,4.324,,0.9906,0.4953,0.9953,0.013657,1753.11,3093.75,0.0,7.8469
Similar_Dance_00002_Cover_Instrument_A.wav,TelephoneFilter,0.0,1.0,1,0.9909,-6.77,2.796,3.678,,0.9909,0.4955,0.9954,0.013657,1753.11,3093.75,0.0,7.8469
Similar_Dance_00002_Cover_Instrument_A.wav,EnCodec_6kbps,0.25,0.5,1,0.5337,6.75,4.206,2.122,,0.5332,0.2666,0.6956,0.013657,1753.11,3093.75,0.0,7.8469
Similar_Dance_00002_Cover_Instrument_A.wav,DAC,0.6875,-0.375,0,0.177,-6.98,4.413,3.24,,0.1772,0.0886,0.301,0.013657,1753.11,3093.75,0.0,7.8469
Similar_Dance_00002_Cover_Instrument_C.wav,NoAttack,0.0,1.0,1,1.0,25.05,4.724,4.336,,1.0,0.5,1.0,0.014713,1774.92,3031.25,0.0,7.8555
Similar_Dance_00002_Cover_Instrument_C.wav,MP3_128kbps,0.0,1.0,1,1.0,24.37,4.364,4.242,,1.0,0.5,1.0,0.014713,1774.92,3031.25,0.0,7.8555
Similar_Dance_00002_Cover_Instrument_C.wav,MP3_320kbps,0.0,1.0,1,1.0,24.37,4.364,4.242,,1.0,0.5,1.0,0.014713,1774.92,3031.25,0.0,7.8555
Similar_Dance_00002_Cover_Instrument_C.wav,Resample_44100RT,0.0,1.0,1,1.0,25.03,4.718,4.335,,1.0,0.5,1.0,0.014713,1774.92,3031.25,0.0,7.8555
Similar_Dance_00002_Cover_Instrument_C.wav,Crop_10pct,0.0,1.0,0,0.3451,25.24,4.723,4.335,,0.3451,0.1725,0.5131,0.014713,1774.92,3031.25,0.0,7.8555
Similar_Dance_00002_Cover_Instrument_C.wav,TSM_1.1x,0.1875,0.625,0,0.2336,,3.92,1.354,,0.2336,0.1168,0.3787,0.014713,1774.92,3031.25,0.0,7.8555
Similar_Dance_00002_Cover_Instrument_C.wav,AWGN_30dB,0.0,1.0,1,1.0,23.85,4.589,3.859,,1.0,0.5,1.0,0.014713,1774.92,3031.25,0.0,7.8555
Similar_Dance_00002_Cover_Instrument_C.wav,Limiter,0.0,1.0,1,1.0,19.25,4.681,4.335,,1.0,0.5,1.0,0.014713,1774.92,3031.25,0.0,7.8555
Similar_Dance_00002_Cover_Instrument_C.wav,Opus_32kbps,0.0,1.0,1,0.9979,18.42,4.623,4.004,,0.9979,0.4989,0.9989,0.014713,1774.92,3031.25,0.0,7.8555
Similar_Dance_00002_Cover_Instrument_C.wav,AAC_128kbps,0.0,1.0,1,0.9994,23.78,4.715,4.334,,1.0,0.5,1.0,0.014713,1774.92,3031.25,0.0,7.8555
Similar_Dance_00002_Cover_Instrument_C.wav,TelephoneFilter,0.0,1.0,1,1.0,-6.87,2.801,3.691,,1.0,0.5,1.0,0.014713,1774.92,3031.25,0.0,7.8555
Similar_Dance_00002_Cover_Instrument_C.wav,EnCodec_6kbps,0.375,0.25,0,0.4043,6.65,4.231,2.146,,0.4047,0.2023,0.5762,0.014713,1774.92,3031.25,0.0,7.8555
Similar_Dance_00002_Cover_Instrument_C.wav,DAC,0.6875,-0.375,0,0.1654,-7.05,4.41,3.111,,0.1655,0.0828,0.284,0.014713,1774.92,3031.25,0.0,7.8555
Similar_Dance_00002_Cover_Rhythm_A.wav,NoAttack,0.125,0.75,1,1.0,27.93,4.731,4.109,,1.0,0.5,1.0,0.004828,1399.96,2828.12,0.0,3.8347
Similar_Dance_00002_Cover_Rhythm_A.wav,MP3_128kbps,0.125,0.75,1,1.0,26.99,4.62,3.962,,1.0,0.5,1.0,0.004828,1399.96,2828.12,0.0,3.8347
Similar_Dance_00002_Cover_Rhythm_A.wav,MP3_320kbps,0.125,0.75,1,1.0,26.99,4.62,3.962,,1.0,0.5,1.0,0.004828,1399.96,2828.12,0.0,3.8347
Similar_Dance_00002_Cover_Rhythm_A.wav,Resample_44100RT,0.125,0.75,1,1.0,27.9,4.73,4.108,,1.0,0.5,1.0,0.004828,1399.96,2828.12,0.0,3.8347
Similar_Dance_00002_Cover_Rhythm_A.wav,Crop_10pct,0.125,0.75,0,0.3743,28.01,4.731,4.076,,0.3743,0.1872,0.5447,0.004828,1399.96,2828.12,0.0,3.8347
Similar_Dance_00002_Cover_Rhythm_A.wav,TSM_1.1x,0.3125,0.375,0,0.1865,,4.058,1.126,,0.1865,0.0933,0.3144,0.004828,1399.96,2828.12,0.0,3.8347
Similar_Dance_00002_Cover_Rhythm_A.wav,AWGN_30dB,0.125,0.75,1,1.0,25.83,4.719,3.926,,1.0,0.5,1.0,0.004828,1399.96,2828.12,0.0,3.8347
Similar_Dance_00002_Cover_Rhythm_A.wav,Limiter,0.125,0.75,1,1.0,25.51,4.729,4.113,,1.0,0.5,1.0,0.004828,1399.96,2828.12,0.0,3.8347
Similar_Dance_00002_Cover_Rhythm_A.wav,Opus_32kbps,0.125,0.75,1,1.0,18.96,4.712,3.695,,1.0,0.5,1.0,0.004828,1399.96,2828.12,0.0,3.8347
Similar_Dance_00002_Cover_Rhythm_A.wav,AAC_128kbps,0.125,0.75,1,0.9994,27.43,4.731,4.101,,1.0,0.5,1.0,0.004828,1399.96,2828.12,0.0,3.8347
Similar_Dance_00002_Cover_Rhythm_A.wav,TelephoneFilter,0.125,0.75,1,0.9985,-21.87,2.616,1.536,,0.9985,0.4992,0.9992,0.004828,1399.96,2828.12,0.0,3.8347
Similar_Dance_00002_Cover_Rhythm_A.wav,EnCodec_6kbps,0.625,-0.25,0,0.3482,9.97,4.513,1.962,,0.3485,0.1742,0.5169,0.004828,1399.96,2828.12,0.0,3.8347
Similar_Dance_00002_Cover_Rhythm_A.wav,DAC,0.625,-0.25,0,0.0068,2.93,4.579,2.891,,0.0068,0.0034,0.0136,0.004828,1399.96,2828.12,0.0,3.8347
Similar_Dance_00002_Cover_Tempo_A.wav,NoAttack,0.125,0.75,1,1.0,21.21,4.723,4.312,,1.0,0.5,1.0,0.037796,2232.09,5546.88,0.0,10.0265
Similar_Dance_00002_Cover_Tempo_A.wav,MP3_128kbps,0.125,0.75,1,1.0,20.5,4.415,4.184,,1.0,0.5,1.0,0.037796,2232.09,5546.88,0.0,10.0265
Similar_Dance_00002_Cover_Tempo_A.wav,MP3_320kbps,0.125,0.75,1,1.0,20.51,4.414,4.185,,1.0,0.5,1.0,0.037796,2232.09,5546.88,0.0,10.0265
Similar_Dance_00002_Cover_Tempo_A.wav,Resample_44100RT,0.125,0.75,1,1.0,21.18,4.716,4.311,,1.0,0.5,1.0,0.037796,2232.09,5546.88,0.0,10.0265
Similar_Dance_00002_Cover_Tempo_A.wav,Crop_10pct,0.125,0.75,1,0.822,21.25,4.721,4.311,,0.822,0.411,0.9023,0.037796,2232.09,5546.88,0.0,10.0265
Similar_Dance_00002_Cover_Tempo_A.wav,TSM_1.1x,0.1875,0.625,0,0.0513,,3.715,1.155,,0.0513,0.0257,0.0977,0.037796,2232.09,5546.88,0.0,10.0265
Similar_Dance_00002_Cover_Tempo_A.wav,AWGN_30dB,0.125,0.75,1,1.0,20.67,4.634,3.735,,1.0,0.5,1.0,0.037796,2232.09,5546.88,0.0,10.0265
Similar_Dance_00002_Cover_Tempo_A.wav,Limiter,0.125,0.75,1,1.0,21.21,4.723,4.312,,1.0,0.5,1.0,0.037796,2232.09,5546.88,0.0,10.0265
Similar_Dance_00002_Cover_Tempo_A.wav,Opus_32kbps,0.125,0.75,1,1.0,15.06,4.644,3.888,,1.0,0.5,1.0,0.037796,2232.09,5546.88,0.0,10.0265
Similar_Dance_00002_Cover_Tempo_A.wav,AAC_128kbps,0.125,0.75,1,0.9993,20.85,4.721,4.2,,1.0,0.5,1.0,0.037796,2232.09,5546.88,0.0,10.0265
Similar_Dance_00002_Cover_Tempo_A.wav,TelephoneFilter,0.125,0.75,1,1.0,-1.34,2.787,3.243,,1.0,0.5,1.0,0.037796,2232.09,5546.88,0.0,10.0265
Similar_Dance_00002_Cover_Tempo_A.wav,EnCodec_6kbps,0.25,0.5,0,0.4806,2.21,4.252,1.941,,0.4801,0.2401,0.6487,0.037796,2232.09,5546.88,0.0,10.0265
Similar_Dance_00002_Cover_Tempo_A.wav,DAC,0.5625,-0.125,0,0.032,-21.4,4.367,2.964,,0.032,0.016,0.062,0.037796,2232.09,5546.88,0.0,10.0265
Similar_Dance_00002_Cover_Tempo_C.wav,NoAttack,0.0,1.0,1,0.9963,22.24,4.719,4.336,,0.9963,0.4982,0.9982,0.028737,2132.59,5046.88,0.0,8.2472
Similar_Dance_00002_Cover_Tempo_C.wav,MP3_128kbps,0.0,1.0,1,0.9962,21.49,4.356,4.202,,0.9962,0.4981,0.9981,0.028737,2132.59,5046.88,0.0,8.2472
Similar_Dance_00002_Cover_Tempo_C.wav,MP3_320kbps,0.0,1.0,1,0.996,21.49,4.356,4.202,,0.996,0.498,0.998,0.028737,2132.59,5046.88,0.0,8.2472
Similar_Dance_00002_Cover_Tempo_C.wav,Resample_44100RT,0.0,1.0,1,0.9963,22.21,4.713,4.331,,0.9963,0.4982,0.9982,0.028737,2132.59,5046.88,0.0,8.2472
Similar_Dance_00002_Cover_Tempo_C.wav,Crop_10pct,0.0,1.0,1,0.8042,22.44,4.721,4.331,,0.8042,0.4021,0.8915,0.028737,2132.59,5046.88,0.0,8.2472
Similar_Dance_00002_Cover_Tempo_C.wav,TSM_1.1x,0.0,1.0,0,0.2456,,3.693,1.174,,0.2456,0.1228,0.3944,0.028737,2132.59,5046.88,0.0,8.2472
Similar_Dance_00002_Cover_Tempo_C.wav,AWGN_30dB,0.0,1.0,1,0.9957,21.57,4.57,3.814,,0.9957,0.4978,0.9978,0.028737,2132.59,5046.88,0.0,8.2472
Similar_Dance_00002_Cover_Tempo_C.wav,Limiter,0.0,1.0,1,0.9963,22.24,4.719,4.336,,0.9963,0.4982,0.9982,0.028737,2132.59,5046.88,0.0,8.2472
Similar_Dance_00002_Cover_Tempo_C.wav,Opus_32kbps,0.0,1.0,1,0.9799,15.23,4.638,3.801,,0.9799,0.49,0.9899,0.028737,2132.59,5046.88,0.0,8.2472
Similar_Dance_00002_Cover_Tempo_C.wav,AAC_128kbps,0.0,1.0,1,0.9943,22.0,4.717,4.307,,0.9958,0.4979,0.9979,0.028737,2132.59,5046.88,0.0,8.2472
Similar_Dance_00002_Cover_Tempo_C.wav,TelephoneFilter,0.0,1.0,1,1.0,1.07,3.075,3.452,,1.0,0.5,1.0,0.028737,2132.59,5046.88,0.0,8.2472
Similar_Dance_00002_Cover_Tempo_C.wav,EnCodec_6kbps,0.25,0.5,0,0.4312,0.55,4.202,1.726,,0.4307,0.2153,0.6021,0.028737,2132.59,5046.88,0.0,8.2472
Similar_Dance_00002_Cover_Tempo_C.wav,DAC,0.4375,0.125,0,0.0098,-26.48,4.345,2.721,,0.0098,0.0049,0.0195,0.028737,2132.59,5046.88,0.0,8.2472
Similar_Dance_00002_Cover_Timbre_A.wav,NoAttack,0.0625,0.875,1,1.0,24.27,4.722,4.22,,1.0,0.5,1.0,0.015055,1826.46,3703.12,0.0,9.274
Similar_Dance_00002_Cover_Timbre_A.wav,MP3_128kbps,0.0625,0.875,1,1.0,23.5,4.363,4.134,,1.0,0.5,1.0,0.015055,1826.46,3703.12,0.0,9.274
Similar_Dance_00002_Cover_Timbre_A.wav,MP3_320kbps,0.0625,0.875,1,1.0,23.5,4.363,4.134,,1.0,0.5,1.0,0.015055,1826.46,3703.12,0.0,9.274
Similar_Dance_00002_Cover_Timbre_A.wav,Resample_44100RT,0.0625,0.875,1,1.0,24.25,4.716,4.219,,1.0,0.5,1.0,0.015055,1826.46,3703.12,0.0,9.274
Similar_Dance_00002_Cover_Timbre_A.wav,Crop_10pct,0.0625,0.875,1,0.919,23.59,4.721,4.259,,0.919,0.4595,0.9578,0.015055,1826.46,3703.12,0.0,9.274
Similar_Dance_00002_Cover_Timbre_A.wav,TSM_1.1x,0.1875,0.625,0,0.2919,,3.846,1.294,,0.2919,0.1459,0.4518,0.015055,1826.46,3703.12,0.0,9.274
Similar_Dance_00002_Cover_Timbre_A.wav,AWGN_30dB,0.0625,0.875,1,0.9997,23.24,4.594,3.906,,0.9997,0.4998,0.9998,0.015055,1826.46,3703.12,0.0,9.274
Similar_Dance_00002_Cover_Timbre_A.wav,Limiter,0.0625,0.875,1,1.0,21.15,4.692,4.222,,1.0,0.5,1.0,0.015055,1826.46,3703.12,0.0,9.274
Similar_Dance_00002_Cover_Timbre_A.wav,Opus_32kbps,0.0625,0.875,1,1.0,17.86,4.617,3.772,,1.0,0.5,1.0,0.015055,1826.46,3703.12,0.0,9.274
Similar_Dance_00002_Cover_Timbre_A.wav,AAC_128kbps,0.0625,0.875,1,0.9999,23.28,4.71,4.215,,1.0,0.5,1.0,0.015055,1826.46,3703.12,0.0,9.274
Similar_Dance_00002_Cover_Timbre_A.wav,TelephoneFilter,0.0625,0.875,1,0.9996,-4.72,2.891,3.529,,0.9996,0.4998,0.9998,0.015055,1826.46,3703.12,0.0,9.274
Similar_Dance_00002_Cover_Timbre_A.wav,EnCodec_6kbps,0.3125,0.375,0,0.2925,5.7,4.195,2.097,,0.2919,0.146,0.4519,0.015055,1826.46,3703.12,0.0,9.274
Similar_Dance_00002_Cover_Timbre_A.wav,DAC,0.625,-0.25,0,0.2012,-10.2,4.431,3.01,,0.2013,0.1007,0.3352,0.015055,1826.46,3703.12,0.0,9.274
Similar_Dance_00002_Cover_Timbre_C.wav,NoAttack,0.0,1.0,1,0.9996,24.28,4.72,4.229,,0.9996,0.4998,0.9998,0.014885,1835.94,3718.75,0.0,9.392
Similar_Dance_00002_Cover_Timbre_C.wav,MP3_128kbps,0.0,1.0,1,0.9996,23.49,4.339,4.134,,0.9996,0.4998,0.9998,0.014885,1835.94,3718.75,0.0,9.392
Similar_Dance_00002_Cover_Timbre_C.wav,MP3_320kbps,0.0,1.0,1,0.9996,23.48,4.339,4.134,,0.9996,0.4998,0.9998,0.014885,1835.94,3718.75,0.0,9.392
Similar_Dance_00002_Cover_Timbre_C.wav,Resample_44100RT,0.0,1.0,1,0.9996,24.26,4.713,4.228,,0.9996,0.4998,0.9998,0.014885,1835.94,3718.75,0.0,9.392
Similar_Dance_00002_Cover_Timbre_C.wav,Crop_10pct,0.0625,0.875,1,0.6835,24.35,4.721,4.267,,0.6835,0.3417,0.812,0.014885,1835.94,3718.75,0.0,9.392
Similar_Dance_00002_Cover_Timbre_C.wav,TSM_1.1x,0.1875,0.625,0,0.4417,,3.862,1.288,,0.4417,0.2209,0.6128,0.014885,1835.94,3718.75,0.0,9.392
Similar_Dance_00002_Cover_Timbre_C.wav,AWGN_30dB,0.0,1.0,1,0.9989,23.25,4.598,3.89,,0.9989,0.4995,0.9995,0.014885,1835.94,3718.75,0.0,9.392
Similar_Dance_00002_Cover_Timbre_C.wav,Limiter,0.0,1.0,1,0.9996,21.05,4.69,4.232,,0.9996,0.4998,0.9998,0.014885,1835.94,3718.75,0.0,9.392
Similar_Dance_00002_Cover_Timbre_C.wav,Opus_32kbps,0.0,1.0,1,0.9984,17.54,4.62,3.88,,0.9984,0.4992,0.9992,0.014885,1835.94,3718.75,0.0,9.392
Similar_Dance_00002_Cover_Timbre_C.wav,AAC_128kbps,0.0,1.0,1,0.999,23.22,4.708,4.214,,0.9998,0.4999,0.9999,0.014885,1835.94,3718.75,0.0,9.392
Similar_Dance_00002_Cover_Timbre_C.wav,TelephoneFilter,0.0625,0.875,1,1.0,-4.65,2.891,3.513,,1.0,0.5,1.0,0.014885,1835.94,3718.75,0.0,9.392
Similar_Dance_00002_Cover_Timbre_C.wav,EnCodec_6kbps,0.375,0.25,0,0.362,5.66,4.181,2.055,,0.3623,0.1812,0.5319,0.014885,1835.94,3718.75,0.0,9.392
Similar_Dance_00002_Cover_Timbre_C.wav,DAC,0.75,-0.5,0,0.2971,-10.24,4.385,2.966,,0.2974,0.1487,0.4584,0.014885,1835.94,3718.75,0.0,9.392
Similar_Dance_00002_Org.wav,NoAttack,0.25,0.5,1,1.0,28.16,4.731,4.28,,1.0,0.5,1.0,0.008647,1594.37,3468.75,0.0,2.5657
Similar_Dance_00002_Org.wav,MP3_128kbps,0.1875,0.625,1,1.0,26.04,4.648,4.144,,1.0,0.5,1.0,0.008647,1594.37,3468.75,0.0,2.5657
Similar_Dance_00002_Org.wav,MP3_320kbps,0.1875,0.625,1,1.0,26.04,4.648,4.144,,1.0,0.5,1.0,0.008647,1594.37,3468.75,0.0,2.5657
Similar_Dance_00002_Org.wav,Resample_44100RT,0.25,0.5,1,1.0,27.94,4.729,4.28,,1.0,0.5,1.0,0.008647,1594.37,3468.75,0.0,2.5657
Similar_Dance_00002_Org.wav,Crop_10pct,0.1875,0.625,0,0.3475,28.26,4.731,4.303,,0.3475,0.1737,0.5157,0.008647,1594.37,3468.75,0.0,2.5657
Similar_Dance_00002_Org.wav,TSM_1.1x,0.3125,0.375,0,0.2022,,4.312,1.125,,0.2022,0.1011,0.3364,0.008647,1594.37,3468.75,0.0,2.5657
Similar_Dance_00002_Org.wav,AWGN_30dB,0.25,0.5,1,1.0,25.94,4.719,4.191,,1.0,0.5,1.0,0.008647,1594.37,3468.75,0.0,2.5657
Similar_Dance_00002_Org.wav,Limiter,0.125,0.75,1,1.0,23.11,4.724,4.173,,1.0,0.5,1.0,0.008647,1594.37,3468.75,0.0,2.5657
Similar_Dance_00002_Org.wav,Opus_32kbps,0.25,0.5,1,0.9966,17.85,4.693,3.802,,0.9966,0.4983,0.9983,0.008647,1594.37,3468.75,0.0,2.5657
Similar_Dance_00002_Org.wav,AAC_128kbps,0.25,0.5,1,0.9961,26.87,4.73,4.284,,1.0,0.5,1.0,0.008647,1594.37,3468.75,0.0,2.5657
Similar_Dance_00002_Org.wav,TelephoneFilter,0.1875,0.625,1,0.9927,-8.68,2.552,3.318,,0.9927,0.4964,0.9964,0.008647,1594.37,3468.75,0.0,2.5657
Similar_Dance_00002_Org.wav,EnCodec_6kbps,0.625,-0.25,0,0.2481,8.73,4.569,2.108,,0.2473,0.1237,0.3966,0.008647,1594.37,3468.75,0.0,2.5657
Similar_Dance_00002_Org.wav,DAC,0.6875,-0.375,0,0.0,-2.16,4.631,3.149,,0.0,0.0,0.0,0.008647,1594.37,3468.75,0.0,2.5657
Similar_Dance_00003_Cover_Arrangement_A.wav,NoAttack,0.0,1.0,1,0.9986,26.05,4.729,4.253,,0.9986,0.4993,0.9993,0.017795,1624.55,3984.38,0.0,5.2361
Similar_Dance_00003_Cover_Arrangement_A.wav,MP3_128kbps,0.0,1.0,1,0.9987,25.03,4.608,4.17,,0.9987,0.4993,0.9993,0.017795,1624.55,3984.38,0.0,5.2361
Similar_Dance_00003_Cover_Arrangement_A.wav,MP3_320kbps,0.0,1.0,1,0.9987,25.03,4.608,4.17,,0.9987,0.4993,0.9993,0.017795,1624.55,3984.38,0.0,5.2361
Similar_Dance_00003_Cover_Arrangement_A.wav,Resample_44100RT,0.0,1.0,1,0.9986,26.01,4.727,4.253,,0.9986,0.4993,0.9993,0.017795,1624.55,3984.38,0.0,5.2361
Similar_Dance_00003_Cover_Arrangement_A.wav,Crop_10pct,0.0,1.0,0,0.4593,26.06,4.729,4.24,,0.4593,0.2297,0.6295,0.017795,1624.55,3984.38,0.0,5.2361
Similar_Dance_00003_Cover_Arrangement_A.wav,TSM_1.1x,0.125,0.75,0,0.2028,,3.64,1.19,,0.2028,0.1014,0.3372,0.017795,1624.55,3984.38,0.0,5.2361
Similar_Dance_00003_Cover_Arrangement_A.wav,AWGN_30dB,0.0,1.0,1,0.9929,24.57,4.57,3.426,,0.9929,0.4964,0.9964,0.017795,1624.55,3984.38,0.0,5.2361
Similar_Dance_00003_Cover_Arrangement_A.wav,Limiter,0.0,1.0,1,0.9986,25.66,4.728,4.254,,0.9986,0.4993,0.9993,0.017795,1624.55,3984.38,0.0,5.2361
Similar_Dance_00003_Cover_Arrangement_A.wav,Opus_32kbps,0.0,1.0,1,0.9948,18.13,4.694,4.03,,0.9948,0.4974,0.9974,0.017795,1624.55,3984.38,0.0,5.2361
Similar_Dance_00003_Cover_Arrangement_A.wav,AAC_128kbps,0.0,1.0,1,0.9985,25.47,4.727,4.253,,0.9985,0.4993,0.9993,0.017795,1624.55,3984.38,0.0,5.2361
Similar_Dance_00003_Cover_Arrangement_A.wav,TelephoneFilter,0.0,1.0,1,1.0,-10.3,2.68,3.242,,1.0,0.5,1.0,0.017795,1624.55,3984.38,0.0,5.2361
Similar_Dance_00003_Cover_Arrangement_A.wav,EnCodec_6kbps,0.3125,0.375,0,0.2605,7.04,4.438,2.419,,0.2608,0.1304,0.4136,0.017795,1624.55,3984.38,0.0,5.2361
Similar_Dance_00003_Cover_Arrangement_A.wav,DAC,0.75,-0.5,0,0.0929,-1.1,4.575,3.524,,0.0929,0.0465,0.1701,0.017795,1624.55,3984.38,0.0,5.2361
Similar_Dance_00003_Cover_Genre_A.wav,NoAttack,0.0,1.0,1,0.9992,33.45,4.731,4.135,,0.9992,0.4996,0.9996,0.01188,1382.03,3328.12,0.0,3.0002
Similar_Dance_00003_Cover_Genre_A.wav,MP3_128kbps,0.0,1.0,1,0.9991,31.4,4.66,4.038,,0.9991,0.4996,0.9996,0.01188,1382.03,3328.12,0.0,3.0002
Similar_Dance_00003_Cover_Genre_A.wav,MP3_320kbps,0.0,1.0,1,0.9991,31.4,4.66,4.037,,0.9991,0.4996,0.9996,0.01188,1382.03,3328.12,0.0,3.0002
Similar_Dance_00003_Cover_Genre_A.wav,Resample_44100RT,0.0,1.0,1,0.9992,33.29,4.729,4.135,,0.9992,0.4996,0.9996,0.01188,1382.03,3328.12,0.0,3.0002
Similar_Dance_00003_Cover_Genre_A.wav,Crop_10pct,0.0625,0.875,0,0.2173,33.56,4.731,4.164,,0.2173,0.1086,0.357,0.01188,1382.03,3328.12,0.0,3.0002
Similar_Dance_00003_Cover_Genre_A.wav,TSM_1.1x,0.125,0.75,0,0.4062,,3.742,1.09,,0.4062,0.2031,0.5777,0.01188,1382.03,3328.12,0.0,3.0002
Similar_Dance_00003_Cover_Genre_A.wav,AWGN_30dB,0.0625,0.875,1,0.9778,28.41,4.575,2.843,,0.9778,0.4889,0.9888,0.01188,1382.03,3328.12,0.0,3.0002
Similar_Dance_00003_Cover_Genre_A.wav,Limiter,0.0,1.0,1,0.9988,19.17,4.666,4.129,,0.9988,0.4994,0.9994,0.01188,1382.03,3328.12,0.0,3.0002
Similar_Dance_00003_Cover_Genre_A.wav,Opus_32kbps,0.0625,0.875,1,0.9996,21.15,4.702,3.841,,0.9996,0.4998,0.9998,0.01188,1382.03,3328.12,0.0,3.0002
Similar_Dance_00003_Cover_Genre_A.wav,AAC_128kbps,0.0,1.0,1,0.9996,31.99,4.729,3.962,,0.9996,0.4998,0.9998,0.01188,1382.03,3328.12,0.0,3.0002
Similar_Dance_00003_Cover_Genre_A.wav,TelephoneFilter,0.0,1.0,1,0.9754,-25.1,3.095,2.717,,0.9754,0.4877,0.9875,0.01188,1382.03,3328.12,0.0,3.0002
Similar_Dance_00003_Cover_Genre_A.wav,EnCodec_6kbps,0.4375,0.125,0,0.0628,10.29,4.419,2.004,,0.0629,0.0314,0.1183,0.01188,1382.03,3328.12,0.0,3.0002
Similar_Dance_00003_Cover_Genre_A.wav,DAC,0.5625,-0.125,0,0.0001,3.41,4.628,2.906,,0.0001,0.0001,0.0002,0.01188,1382.03,3328.12,0.0,3.0002
Similar_Dance_00003_Cover_Instrument_A.wav,NoAttack,0.125,0.75,1,1.0,28.7,4.73,4.213,,1.0,0.5,1.0,0.008741,1481.38,3937.5,0.0,3.9
Similar_Dance_00003_Cover_Instrument_A.wav,MP3_128kbps,0.0625,0.875,1,1.0,27.95,4.675,4.171,,1.0,0.5,1.0,0.008741,1481.38,3937.5,0.0,3.9
Similar_Dance_00003_Cover_Instrument_A.wav,MP3_320kbps,0.125,0.75,1,1.0,27.95,4.675,4.171,,1.0,0.5,1.0,0.008741,1481.38,3937.5,0.0,3.9
Similar_Dance_00003_Cover_Instrument_A.wav,Resample_44100RT,0.125,0.75,1,1.0,28.67,4.73,4.213,,1.0,0.5,1.0,0.008741,1481.38,3937.5,0.0,3.9
Similar_Dance_00003_Cover_Instrument_A.wav,Crop_10pct,0.0,1.0,0,0.1104,29.08,4.731,4.223,,0.1104,0.0552,0.1988,0.008741,1481.38,3937.5,0.0,3.9
Similar_Dance_00003_Cover_Instrument_A.wav,TSM_1.1x,0.0625,0.875,0,0.0416,,3.989,1.144,,0.0416,0.0208,0.0798,0.008741,1481.38,3937.5,0.0,3.9
Similar_Dance_00003_Cover_Instrument_A.wav,AWGN_30dB,0.0625,0.875,1,1.0,26.27,4.631,3.627,,1.0,0.5,1.0,0.008741,1481.38,3937.5,0.0,3.9
Similar_Dance_00003_Cover_Instrument_A.wav,Limiter,0.0625,0.875,1,1.0,22.31,4.713,4.215,,1.0,0.5,1.0,0.008741,1481.38,3937.5,0.0,3.9
Similar_Dance_00003_Cover_Instrument_A.wav,Opus_32kbps,0.125,0.75,1,1.0,18.63,4.712,3.956,,1.0,0.5,1.0,0.008741,1481.38,3937.5,0.0,3.9
Similar_Dance_00003_Cover_Instrument_A.wav,AAC_128kbps,0.125,0.75,1,1.0,28.05,4.729,4.212,,1.0,0.5,1.0,0.008741,1481.38,3937.5,0.0,3.9
Similar_Dance_00003_Cover_Instrument_A.wav,TelephoneFilter,0.125,0.75,1,0.9899,-11.73,3.134,3.217,,0.9899,0.4949,0.9949,0.008741,1481.38,3937.5,0.0,3.9
Similar_Dance_00003_Cover_Instrument_A.wav,EnCodec_6kbps,0.3125,0.375,0,0.4164,7.07,4.529,2.034,,0.4167,0.2084,0.5883,0.008741,1481.38,3937.5,0.0,3.9
Similar_Dance_00003_Cover_Instrument_A.wav,DAC,0.5625,-0.125,0,0.0,-2.11,4.634,3.077,,0.0,0.0,0.0,0.008741,1481.38,3937.5,0.0,3.9
Similar_Dance_00003_Cover_Instrument_C.wav,NoAttack,0.0,1.0,1,1.0,28.63,4.729,4.114,,1.0,0.5,1.0,0.007806,972.37,3078.12,0.0,4.7849
Similar_Dance_00003_Cover_Instrument_C.wav,MP3_128kbps,0.0,1.0,1,1.0,28.18,4.618,4.076,,1.0,0.5,1.0,0.007806,972.37,3078.12,0.0,4.7849
Similar_Dance_00003_Cover_Instrument_C.wav,MP3_320kbps,0.0,1.0,1,1.0,28.14,4.617,4.074,,1.0,0.5,1.0,0.007806,972.37,3078.12,0.0,4.7849
Similar_Dance_00003_Cover_Instrument_C.wav,Resample_44100RT,0.0,1.0,1,1.0,28.61,4.727,4.114,,1.0,0.5,1.0,0.007806,972.37,3078.12,0.0,4.7849
Similar_Dance_00003_Cover_Instrument_C.wav,Crop_10pct,0.0,1.0,0,0.4838,28.57,4.729,4.076,,0.4838,0.2419,0.6521,0.007806,972.37,3078.12,0.0,4.7849
Similar_Dance_00003_Cover_Instrument_C.wav,TSM_1.1x,0.0,1.0,0,0.3037,,3.569,1.085,,0.3037,0.1518,0.4659,0.007806,972.37,3078.12,0.0,4.7849
Similar_Dance_00003_Cover_Instrument_C.wav,AWGN_30dB,0.0,1.0,1,1.0,26.14,3.933,1.958,,1.0,0.5,1.0,0.007806,972.37,3078.12,0.0,4.7849
Similar_Dance_00003_Cover_Instrument_C.wav,Limiter,0.0,1.0,1,1.0,28.63,4.729,4.114,,1.0,0.5,1.0,0.007806,972.37,3078.12,0.0,4.7849
Similar_Dance_00003_Cover_Instrument_C.wav,Opus_32kbps,0.0,1.0,1,1.0,14.53,4.616,3.542,,1.0,0.5,1.0,0.007806,972.37,3078.12,0.0,4.7849
Similar_Dance_00003_Cover_Instrument_C.wav,AAC_128kbps,0.0,1.0,1,1.0,28.29,4.719,3.946,,1.0,0.5,1.0,0.007806,972.37,3078.12,0.0,4.7849
Similar_Dance_00003_Cover_Instrument_C.wav,TelephoneFilter,0.0,1.0,1,0.9767,-10.88,3.272,3.082,,0.9767,0.4883,0.9882,0.007806,972.37,3078.12,0.0,4.7849
Similar_Dance_00003_Cover_Instrument_C.wav,EnCodec_6kbps,0.3125,0.375,0,0.3401,7.15,4.227,1.932,,0.3399,0.1699,0.5073,0.007806,972.37,3078.12,0.0,4.7849
Similar_Dance_00003_Cover_Instrument_C.wav,DAC,0.6875,-0.375,0,0.0,-1.85,4.46,3.09,,0.0,0.0,0.0,0.007806,972.37,3078.12,0.0,4.7849
Similar_Dance_00003_Cover_Rhythm_A.wav,NoAttack,0.0625,0.875,1,1.0,23.82,4.728,4.423,,1.0,0.5,1.0,0.003224,1269.63,2500.0,0.0,5.5548
Similar_Dance_00003_Cover_Rhythm_A.wav,MP3_128kbps,0.0625,0.875,1,1.0,23.81,4.61,4.404,,1.0,0.5,1.0,0.003224,1269.63,2500.0,0.0,5.5548
Similar_Dance_00003_Cover_Rhythm_A.wav,MP3_320kbps,0.0625,0.875,1,1.0,23.81,4.61,4.404,,1.0,0.5,1.0,0.003224,1269.63,2500.0,0.0,5.5548
Similar_Dance_00003_Cover_Rhythm_A.wav,Resample_44100RT,0.0625,0.875,1,1.0,23.82,4.722,4.423,,1.0,0.5,1.0,0.003224,1269.63,2500.0,0.0,5.5548
Similar_Dance_00003_Cover_Rhythm_A.wav,Crop_10pct,0.0625,0.875,0,0.2037,23.78,4.728,4.426,,0.2037,0.1019,0.3385,0.003224,1269.63,2500.0,0.0,5.5548
Similar_Dance_00003_Cover_Rhythm_A.wav,TSM_1.1x,0.125,0.75,0,0.1349,,3.717,1.388,,0.1349,0.0675,0.2378,0.003224,1269.63,2500.0,0.0,5.5548
Similar_Dance_00003_Cover_Rhythm_A.wav,AWGN_30dB,0.0625,0.875,1,1.0,22.88,4.186,4.195,,1.0,0.5,1.0,0.003224,1269.63,2500.0,0.0,5.5548
Similar_Dance_00003_Cover_Rhythm_A.wav,Limiter,0.0625,0.875,1,1.0,23.82,4.728,4.423,,1.0,0.5,1.0,0.003224,1269.63,2500.0,0.0,5.5548
Similar_Dance_00003_Cover_Rhythm_A.wav,Opus_32kbps,0.0625,0.875,1,1.0,18.44,4.672,4.11,,1.0,0.5,1.0,0.003224,1269.63,2500.0,0.0,5.5548
Similar_Dance_00003_Cover_Rhythm_A.wav,AAC_128kbps,0.0625,0.875,1,1.0,23.76,4.727,4.423,,1.0,0.5,1.0,0.003224,1269.63,2500.0,0.0,5.5548
Similar_Dance_00003_Cover_Rhythm_A.wav,TelephoneFilter,0.125,0.75,1,1.0,1.49,3.178,3.993,,1.0,0.5,1.0,0.003224,1269.63,2500.0,0.0,5.5548
Similar_Dance_00003_Cover_Rhythm_A.wav,EnCodec_6kbps,0.3125,0.375,0,0.4799,7.32,4.389,2.487,,0.4803,0.2401,0.6489,0.003224,1269.63,2500.0,0.0,5.5548
Similar_Dance_00003_Cover_Rhythm_A.wav,DAC,0.625,-0.25,0,0.045,-16.55,4.57,3.478,,0.0451,0.0225,0.0862,0.003224,1269.63,2500.0,0.0,5.5548
Similar_Dance_00003_Cover_Tempo_A.wav,NoAttack,0.0,1.0,1,1.0,26.28,4.727,4.281,,1.0,0.5,1.0,0.010533,1306.21,3531.25,0.0,6.0212
Similar_Dance_00003_Cover_Tempo_A.wav,MP3_128kbps,0.0,1.0,1,1.0,26.05,4.607,4.227,,1.0,0.5,1.0,0.010533,1306.21,3531.25,0.0,6.0212
Similar_Dance_00003_Cover_Tempo_A.wav,MP3_320kbps,0.0,1.0,1,1.0,26.05,4.607,4.227,,1.0,0.5,1.0,0.010533,1306.21,3531.25,0.0,6.0212
Similar_Dance_00003_Cover_Tempo_A.wav,Resample_44100RT,0.0,1.0,1,1.0,26.27,4.724,4.281,,1.0,0.5,1.0,0.010533,1306.21,3531.25,0.0,6.0212
Similar_Dance_00003_Cover_Tempo_A.wav,Crop_10pct,0.0,1.0,0,0.2167,26.16,4.727,4.319,,0.2167,0.1083,0.3562,0.010533,1306.21,3531.25,0.0,6.0212
Similar_Dance_00003_Cover_Tempo_A.wav,TSM_1.1x,0.0625,0.875,0,0.2204,,3.558,1.127,,0.2204,0.1102,0.3612,0.010533,1306.21,3531.25,0.0,6.0212
Similar_Dance_00003_Cover_Tempo_A.wav,AWGN_30dB,0.0,1.0,1,1.0,24.73,4.44,3.025,,1.0,0.5,1.0,0.010533,1306.21,3531.25,0.0,6.0212
Similar_Dance_00003_Cover_Tempo_A.wav,Limiter,0.0,1.0,1,1.0,26.28,4.727,4.281,,1.0,0.5,1.0,0.010533,1306.21,3531.25,0.0,6.0212
Similar_Dance_00003_Cover_Tempo_A.wav,Opus_32kbps,0.0,1.0,1,1.0,17.61,4.665,3.953,,1.0,0.5,1.0,0.010533,1306.21,3531.25,0.0,6.0212
Similar_Dance_00003_Cover_Tempo_A.wav,AAC_128kbps,0.0,1.0,1,0.9985,25.96,4.726,4.241,,1.0,0.5,1.0,0.010533,1306.21,3531.25,0.0,6.0212
Similar_Dance_00003_Cover_Tempo_A.wav,TelephoneFilter,0.0,1.0,1,0.9988,-15.18,2.649,3.404,,0.9988,0.4994,0.9994,0.010533,1306.21,3531.25,0.0,6.0212
Similar_Dance_00003_Cover_Tempo_A.wav,EnCodec_6kbps,0.125,0.75,1,0.5239,8.05,4.365,2.222,,0.5243,0.2622,0.688,0.010533,1306.21,3531.25,0.0,6.0212
Similar_Dance_00003_Cover_Tempo_A.wav,DAC,0.875,-0.75,0,0.2564,0.4,4.551,3.14,,0.2566,0.1283,0.4084,0.010533,1306.21,3531.25,0.0,6.0212
Similar_Dance_00003_Cover_Tempo_C.wav,NoAttack,0.0,1.0,1,1.0,24.82,4.727,4.287,,1.0,0.5,1.0,0.008506,1261.43,2625.0,0.0,6.202
Similar_Dance_00003_Cover_Tempo_C.wav,MP3_128kbps,0.0,1.0,1,1.0,24.66,4.546,4.257,,1.0,0.5,1.0,0.008506,1261.43,2625.0,0.0,6.202
Similar_Dance_00003_Cover_Tempo_C.wav,MP3_320kbps,0.0,1.0,1,1.0,24.66,4.546,4.257,,1.0,0.5,1.0,0.008506,1261.43,2625.0,0.0,6.202
Similar_Dance_00003_Cover_Tempo_C.wav,Resample_44100RT,0.0,1.0,1,1.0,24.81,4.723,4.287,,1.0,0.5,1.0,0.008506,1261.43,2625.0,0.0,6.202
Similar_Dance_00003_Cover_Tempo_C.wav,Crop_10pct,0.0,1.0,1,0.6673,24.69,4.727,4.266,,0.6673,0.3337,0.8005,0.008506,1261.43,2625.0,0.0,6.202
Similar_Dance_00003_Cover_Tempo_C.wav,TSM_1.1x,0.0,1.0,0,0.1737,,3.742,1.154,,0.1737,0.0868,0.296,0.008506,1261.43,2625.0,0.0,6.202
Similar_Dance_00003_Cover_Tempo_C.wav,AWGN_30dB,0.0,1.0,1,0.9986,23.67,4.428,3.208,,0.9986,0.4993,0.9993,0.008506,1261.43,2625.0,0.0,6.202
Similar_Dance_00003_Cover_Tempo_C.wav,Limiter,0.0,1.0,1,1.0,24.82,4.727,4.287,,1.0,0.5,1.0,0.008506,1261.43,2625.0,0.0,6.202
Similar_Dance_00003_Cover_Tempo_C.wav,Opus_32kbps,0.0,1.0,1,0.9996,17.91,4.656,4.064,,0.9996,0.4998,0.9998,0.008506,1261.43,2625.0,0.0,6.202
Similar_Dance_00003_Cover_Tempo_C.wav,AAC_128kbps,0.0,1.0,1,1.0,24.43,4.725,4.286,,1.0,0.5,1.0,0.008506,1261.43,2625.0,0.0,6.202
Similar_Dance_00003_Cover_Tempo_C.wav,TelephoneFilter,0.0,1.0,1,0.9781,-10.72,2.574,3.667,,0.9781,0.4891,0.9889,0.008506,1261.43,2625.0,0.0,6.202
Similar_Dance_00003_Cover_Tempo_C.wav,EnCodec_6kbps,0.1875,0.625,1,0.557,7.82,4.417,2.553,,0.5575,0.2787,0.7159,0.008506,1261.43,2625.0,0.0,6.202
Similar_Dance_00003_Cover_Tempo_C.wav,DAC,0.5625,-0.125,0,0.0663,-2.31,4.526,3.472,,0.0664,0.0332,0.1245,0.008506,1261.43,2625.0,0.0,6.202
Similar_Dance_00003_Cover_Timbre_A.wav,NoAttack,0.0,1.0,1,1.0,29.3,4.729,4.119,,1.0,0.5,1.0,0.002667,868.15,2890.62,0.0,5.5796
Similar_Dance_00003_Cover_Timbre_A.wav,MP3_128kbps,0.0,1.0,1,1.0,29.03,4.621,4.069,,1.0,0.5,1.0,0.002667,868.15,2890.62,0.0,5.5796
Similar_Dance_00003_Cover_Timbre_A.wav,MP3_320kbps,0.0,1.0,1,1.0,29.03,4.621,4.071,,1.0,0.5,1.0,0.002667,868.15,2890.62,0.0,5.5796
Similar_Dance_00003_Cover_Timbre_A.wav,Resample_44100RT,0.0,1.0,1,1.0,29.29,4.727,4.119,,1.0,0.5,1.0,0.002667,868.15,2890.62,0.0,5.5796
Similar_Dance_00003_Cover_Timbre_A.wav,Crop_10pct,0.0,1.0,1,0.5826,29.57,4.728,4.125,,0.5826,0.2913,0.7362,0.002667,868.15,2890.62,0.0,5.5796
Similar_Dance_00003_Cover_Timbre_A.wav,TSM_1.1x,0.0,1.0,0,0.2,,3.641,1.098,,0.2,0.1,0.3333,0.002667,868.15,2890.62,0.0,5.5796
Similar_Dance_00003_Cover_Timbre_A.wav,AWGN_30dB,0.0,1.0,1,0.9683,26.54,3.832,1.935,,0.9683,0.4841,0.9839,0.002667,868.15,2890.62,0.0,5.5796
Similar_Dance_00003_Cover_Timbre_A.wav,Limiter,0.0,1.0,1,1.0,29.3,4.729,4.119,,1.0,0.5,1.0,0.002667,868.15,2890.62,0.0,5.5796
Similar_Dance_00003_Cover_Timbre_A.wav,Opus_32kbps,0.0,1.0,1,1.0,15.61,4.622,3.635,,1.0,0.5,1.0,0.002667,868.15,2890.62,0.0,5.5796
Similar_Dance_00003_Cover_Timbre_A.wav,AAC_128kbps,0.0,1.0,1,0.9993,29.16,4.711,3.933,,1.0,0.5,1.0,0.002667,868.15,2890.62,0.0,5.5796
Similar_Dance_00003_Cover_Timbre_A.wav,TelephoneFilter,0.0,1.0,1,0.9771,-9.45,3.367,3.235,,0.9771,0.4886,0.9884,0.002667,868.15,2890.62,0.0,5.5796
Similar_Dance_00003_Cover_Timbre_A.wav,EnCodec_6kbps,0.3125,0.375,0,0.2589,7.32,4.194,1.872,,0.2592,0.1296,0.4116,0.002667,868.15,2890.62,0.0,5.5796
Similar_Dance_00003_Cover_Timbre_A.wav,DAC,0.6875,-0.375,0,0.0011,-2.74,4.489,2.981,,0.0011,0.0006,0.0023,0.002667,868.15,2890.62,0.0,5.5796
Similar_Dance_00003_Cover_Timbre_C.wav,NoAttack,0.0,1.0,1,1.0,28.63,4.729,4.114,,1.0,0.5,1.0,0.007806,972.37,3078.12,0.0,4.7849
Similar_Dance_00003_Cover_Timbre_C.wav,MP3_128kbps,0.0,1.0,1,1.0,28.18,4.618,4.076,,1.0,0.5,1.0,0.007806,972.37,3078.12,0.0,4.7849
Similar_Dance_00003_Cover_Timbre_C.wav,MP3_320kbps,0.0,1.0,1,1.0,28.14,4.617,4.074,,1.0,0.5,1.0,0.007806,972.37,3078.12,0.0,4.7849
Similar_Dance_00003_Cover_Timbre_C.wav,Resample_44100RT,0.0,1.0,1,1.0,28.61,4.727,4.114,,1.0,0.5,1.0,0.007806,972.37,3078.12,0.0,4.7849
Similar_Dance_00003_Cover_Timbre_C.wav,Crop_10pct,0.0,1.0,0,0.4002,28.64,4.729,4.12,,0.4002,0.2001,0.5716,0.007806,972.37,3078.12,0.0,4.7849
Similar_Dance_00003_Cover_Timbre_C.wav,TSM_1.1x,0.0,1.0,0,0.3037,,3.569,1.085,,0.3037,0.1518,0.4659,0.007806,972.37,3078.12,0.0,4.7849
Similar_Dance_00003_Cover_Timbre_C.wav,AWGN_30dB,0.0,1.0,1,0.9999,26.14,3.938,1.953,,0.9999,0.5,1.0,0.007806,972.37,3078.12,0.0,4.7849
Similar_Dance_00003_Cover_Timbre_C.wav,Limiter,0.0,1.0,1,1.0,28.63,4.729,4.114,,1.0,0.5,1.0,0.007806,972.37,3078.12,0.0,4.7849
Similar_Dance_00003_Cover_Timbre_C.wav,Opus_32kbps,0.0,1.0,1,1.0,14.53,4.616,3.542,,1.0,0.5,1.0,0.007806,972.37,3078.12,0.0,4.7849
Similar_Dance_00003_Cover_Timbre_C.wav,AAC_128kbps,0.0,1.0,1,1.0,28.29,4.719,3.946,,1.0,0.5,1.0,0.007806,972.37,3078.12,0.0,4.7849
Similar_Dance_00003_Cover_Timbre_C.wav,TelephoneFilter,0.0,1.0,1,0.9767,-10.88,3.272,3.082,,0.9767,0.4883,0.9882,0.007806,972.37,3078.12,0.0,4.7849
Similar_Dance_00003_Cover_Timbre_C.wav,EnCodec_6kbps,0.3125,0.375,0,0.3401,7.15,4.227,1.932,,0.3399,0.1699,0.5073,0.007806,972.37,3078.12,0.0,4.7849
Similar_Dance_00003_Cover_Timbre_C.wav,DAC,0.6875,-0.375,0,0.0,-1.85,4.46,3.09,,0.0,0.0,0.0,0.007806,972.37,3078.12,0.0,4.7849
Similar_Dance_00003_Org.wav,NoAttack,0.0625,0.875,1,1.0,29.96,4.731,4.445,,1.0,0.5,1.0,0.014503,1625.43,3750.0,0.0,3.1822
Similar_Dance_00003_Org.wav,MP3_128kbps,0.0625,0.875,1,1.0,28.38,4.672,4.32,,1.0,0.5,1.0,0.014503,1625.43,3750.0,0.0,3.1822
Similar_Dance_00003_Org.wav,MP3_320kbps,0.0625,0.875,1,1.0,28.38,4.671,4.32,,1.0,0.5,1.0,0.014503,1625.43,3750.0,0.0,3.1822
Similar_Dance_00003_Org.wav,Resample_44100RT,0.0625,0.875,1,1.0,29.9,4.73,4.445,,1.0,0.5,1.0,0.014503,1625.43,3750.0,0.0,3.1822
Similar_Dance_00003_Org.wav,Crop_10pct,0.0625,0.875,1,0.6991,29.86,4.731,4.445,,0.6991,0.3496,0.8229,0.014503,1625.43,3750.0,0.0,3.1822
Similar_Dance_00003_Org.wav,TSM_1.1x,0.125,0.75,0,0.3802,,3.986,1.124,,0.3802,0.1901,0.5509,0.014503,1625.43,3750.0,0.0,3.1822
Similar_Dance_00003_Org.wav,AWGN_30dB,0.0625,0.875,1,0.9999,26.99,4.666,3.701,,0.9999,0.4999,0.9999,0.014503,1625.43,3750.0,0.0,3.1822
Similar_Dance_00003_Org.wav,Limiter,0.0625,0.875,1,0.9999,21.89,4.706,4.445,,0.9999,0.5,1.0,0.014503,1625.43,3750.0,0.0,3.1822
Similar_Dance_00003_Org.wav,Opus_32kbps,0.0625,0.875,1,1.0,19.7,4.706,4.225,,1.0,0.5,1.0,0.014503,1625.43,3750.0,0.0,3.1822
Similar_Dance_00003_Org.wav,AAC_128kbps,0.0625,0.875,1,0.9962,28.66,4.73,4.426,,1.0,0.5,1.0,0.014503,1625.43,3750.0,0.0,3.1822
Similar_Dance_00003_Org.wav,TelephoneFilter,0.0,1.0,1,0.9995,-16.33,3.261,3.119,,0.9995,0.4998,0.9998,0.014503,1625.43,3750.0,0.0,3.1822
Similar_Dance_00003_Org.wav,EnCodec_6kbps,0.3125,0.375,0,0.1169,8.36,4.529,2.267,,0.117,0.0585,0.2095,0.014503,1625.43,3750.0,0.0,3.1822
Similar_Dance_00003_Org.wav,DAC,0.625,-0.25,0,0.0049,0.8,4.651,3.043,,0.0049,0.0024,0.0097,0.014503,1625.43,3750.0,0.0,3.1822
Similar_Trot_00138_Cover_Arrangement_A.wav,NoAttack,0.0,1.0,1,1.0,26.69,4.73,4.378,,1.0,0.5,1.0,0.009908,1408.8,3953.12,0.0,4.5193
Similar_Trot_00138_Cover_Arrangement_A.wav,MP3_128kbps,0.0,1.0,1,1.0,26.38,4.656,4.342,,1.0,0.5,1.0,0.009908,1408.8,3953.12,0.0,4.5193
Similar_Trot_00138_Cover_Arrangement_A.wav,MP3_320kbps,0.0,1.0,1,1.0,26.38,4.656,4.342,,1.0,0.5,1.0,0.009908,1408.8,3953.12,0.0,4.5193
Similar_Trot_00138_Cover_Arrangement_A.wav,Resample_44100RT,0.0,1.0,1,1.0,26.67,4.73,4.378,,1.0,0.5,1.0,0.009908,1408.8,3953.12,0.0,4.5193
Similar_Trot_00138_Cover_Arrangement_A.wav,Crop_10pct,0.0,1.0,1,0.5301,26.64,4.73,4.425,,0.5301,0.2651,0.6929,0.009908,1408.8,3953.12,0.0,4.5193
Similar_Trot_00138_Cover_Arrangement_A.wav,TSM_1.1x,0.0,1.0,0,0.1352,,3.76,1.189,,0.1352,0.0676,0.2382,0.009908,1408.8,3953.12,0.0,4.5193
Similar_Trot_00138_Cover_Arrangement_A.wav,AWGN_30dB,0.0,1.0,1,1.0,25.02,4.507,3.662,,1.0,0.5,1.0,0.009908,1408.8,3953.12,0.0,4.5193
Similar_Trot_00138_Cover_Arrangement_A.wav,Limiter,0.0,1.0,1,1.0,26.69,4.73,4.378,,1.0,0.5,1.0,0.009908,1408.8,3953.12,0.0,4.5193
Similar_Trot_00138_Cover_Arrangement_A.wav,Opus_32kbps,0.0,1.0,1,1.0,18.33,4.673,4.138,,1.0,0.5,1.0,0.009908,1408.8,3953.12,0.0,4.5193
Similar_Trot_00138_Cover_Arrangement_A.wav,AAC_128kbps,0.0,1.0,1,0.9993,26.21,4.728,4.38,,1.0,0.5,1.0,0.009908,1408.8,3953.12,0.0,4.5193
Similar_Trot_00138_Cover_Arrangement_A.wav,TelephoneFilter,0.0,1.0,1,1.0,-10.01,2.831,3.419,,1.0,0.5,1.0,0.009908,1408.8,3953.12,0.0,4.5193
Similar_Trot_00138_Cover_Arrangement_A.wav,EnCodec_6kbps,0.3125,0.375,0,0.3088,6.73,4.416,2.407,,0.3091,0.1545,0.4722,0.009908,1408.8,3953.12,0.0,4.5193
Similar_Trot_00138_Cover_Arrangement_A.wav,DAC,0.6875,-0.375,0,0.0105,-4.73,4.565,3.268,,0.0105,0.0053,0.0209,0.009908,1408.8,3953.12,0.0,4.5193
Similar_Trot_00138_Cover_Genre_A.wav,NoAttack,0.0625,0.875,1,0.9921,25.8,4.729,4.418,,0.9921,0.4961,0.9961,0.028142,1844.65,3968.75,0.0,4.8433
Similar_Trot_00138_Cover_Genre_A.wav,MP3_128kbps,0.0625,0.875,1,0.9957,25.32,4.678,4.325,,0.9957,0.4979,0.9979,0.028142,1844.65,3968.75,0.0,4.8433
Similar_Trot_00138_Cover_Genre_A.wav,MP3_320kbps,0.0625,0.875,1,0.9955,25.32,4.678,4.326,,0.9955,0.4978,0.9978,0.028142,1844.65,3968.75,0.0,4.8433
Similar_Trot_00138_Cover_Genre_A.wav,Resample_44100RT,0.0625,0.875,1,0.9921,25.76,4.729,4.418,,0.9921,0.496,0.996,0.028142,1844.65,3968.75,0.0,4.8433
Similar_Trot_00138_Cover_Genre_A.wav,Crop_10pct,0.0625,0.875,1,0.8554,25.76,4.729,4.442,,0.8554,0.4277,0.9221,0.028142,1844.65,3968.75,0.0,4.8433
Similar_Trot_00138_Cover_Genre_A.wav,TSM_1.1x,0.0625,0.875,0,0.2932,,3.796,1.17,,0.2932,0.1466,0.4534,0.028142,1844.65,3968.75,0.0,4.8433
Similar_Trot_00138_Cover_Genre_A.wav,AWGN_30dB,0.0625,0.875,1,0.9947,24.4,4.694,4.358,,0.9947,0.4973,0.9973,0.028142,1844.65,3968.75,0.0,4.8433
Similar_Trot_00138_Cover_Genre_A.wav,Limiter,0.0625,0.875,1,0.9927,25.58,4.728,4.418,,0.9927,0.4963,0.9963,0.028142,1844.65,3968.75,0.0,4.8433
Similar_Trot_00138_Cover_Genre_A.wav,Opus_32kbps,0.0625,0.875,1,0.9991,17.21,4.691,4.052,,0.9991,0.4996,0.9996,0.028142,1844.65,3968.75,0.0,4.8433
Similar_Trot_00138_Cover_Genre_A.wav,AAC_128kbps,0.0625,0.875,1,0.9921,25.15,4.729,4.415,,0.9938,0.4969,0.9969,0.028142,1844.65,3968.75,0.0,4.8433
Similar_Trot_00138_Cover_Genre_A.wav,TelephoneFilter,0.0625,0.875,1,0.9763,-9.6,2.669,3.421,,0.9763,0.4881,0.988,0.028142,1844.65,3968.75,0.0,4.8433
Similar_Trot_00138_Cover_Genre_A.wav,EnCodec_6kbps,0.25,0.5,0,0.481,6.28,4.443,2.422,,0.4814,0.2407,0.65,0.028142,1844.65,3968.75,0.0,4.8433
Similar_Trot_00138_Cover_Genre_A.wav,DAC,0.5625,-0.125,0,0.0599,-1.9,4.558,3.326,,0.06,0.03,0.1131,0.028142,1844.65,3968.75,0.0,4.8433
Similar_Trot_00138_Cover_Instrument_A.wav,NoAttack,0.0,1.0,1,1.0,25.08,4.728,4.504,,1.0,0.5,1.0,0.013484,1406.42,3593.75,0.0,5.6804
Similar_Trot_00138_Cover_Instrument_A.wav,MP3_128kbps,0.0,1.0,1,1.0,24.88,4.648,4.444,,1.0,0.5,1.0,0.013484,1406.42,3593.75,0.0,5.6804
Similar_Trot_00138_Cover_Instrument_A.wav,MP3_320kbps,0.0,1.0,1,1.0,24.88,4.648,4.444,,1.0,0.5,1.0,0.013484,1406.42,3593.75,0.0,5.6804
Similar_Trot_00138_Cover_Instrument_A.wav,Resample_44100RT,0.0,1.0,1,1.0,25.07,4.725,4.504,,1.0,0.5,1.0,0.013484,1406.42,3593.75,0.0,5.6804
Similar_Trot_00138_Cover_Instrument_A.wav,Crop_10pct,0.0,1.0,1,0.6473,25.16,4.729,4.486,,0.6473,0.3236,0.7859,0.013484,1406.42,3593.75,0.0,5.6804
Similar_Trot_00138_Cover_Instrument_A.wav,TSM_1.1x,0.0,1.0,0,0.1014,,3.554,1.11,,0.1014,0.0507,0.1842,0.013484,1406.42,3593.75,0.0,5.6804
Similar_Trot_00138_Cover_Instrument_A.wav,AWGN_30dB,0.0,1.0,1,1.0,23.87,4.481,3.277,,1.0,0.5,1.0,0.013484,1406.42,3593.75,0.0,5.6804
Similar_Trot_00138_Cover_Instrument_A.wav,Limiter,0.0,1.0,1,1.0,25.08,4.728,4.504,,1.0,0.5,1.0,0.013484,1406.42,3593.75,0.0,5.6804
Similar_Trot_00138_Cover_Instrument_A.wav,Opus_32kbps,0.0,1.0,1,1.0,16.83,4.671,4.292,,1.0,0.5,1.0,0.013484,1406.42,3593.75,0.0,5.6804
Similar_Trot_00138_Cover_Instrument_A.wav,AAC_128kbps,0.0,1.0,1,0.9997,24.75,4.726,4.502,,1.0,0.5,1.0,0.013484,1406.42,3593.75,0.0,5.6804
Similar_Trot_00138_Cover_Instrument_A.wav,TelephoneFilter,0.0,1.0,1,0.9937,-17.98,2.823,3.531,,0.9937,0.4969,0.9968,0.013484,1406.42,3593.75,0.0,5.6804
Similar_Trot_00138_Cover_Instrument_A.wav,EnCodec_6kbps,0.0625,0.875,1,0.5577,6.5,4.406,2.545,,0.5582,0.2791,0.7165,0.013484,1406.42,3593.75,0.0,5.6804
Similar_Trot_00138_Cover_Instrument_A.wav,DAC,0.5625,-0.125,0,0.0118,-0.71,4.523,3.272,,0.0118,0.0059,0.0234,0.013484,1406.42,3593.75,0.0,5.6804
Similar_Trot_00138_Cover_Instrument_C.wav,NoAttack,0.0,1.0,1,1.0,26.46,4.727,4.512,,1.0,0.5,1.0,0.011281,1284.25,3203.12,0.0,5.7561
Similar_Trot_00138_Cover_Instrument_C.wav,MP3_128kbps,0.0,1.0,1,1.0,26.21,4.638,4.455,,1.0,0.5,1.0,0.011281,1284.25,3203.12,0.0,5.7561
Similar_Trot_00138_Cover_Instrument_C.wav,MP3_320kbps,0.0,1.0,1,1.0,26.21,4.637,4.455,,1.0,0.5,1.0,0.011281,1284.25,3203.12,0.0,5.7561
Similar_Trot_00138_Cover_Instrument_C.wav,Resample_44100RT,0.0,1.0,1,1.0,26.45,4.725,4.512,,1.0,0.5,1.0,0.011281,1284.25,3203.12,0.0,5.7561
Similar_Trot_00138_Cover_Instrument_C.wav,Crop_10pct,0.0,1.0,0,0.208,26.3,4.727,4.493,,0.208,0.104,0.3444,0.011281,1284.25,3203.12,0.0,5.7561
Similar_Trot_00138_Cover_Instrument_C.wav,TSM_1.1x,0.0625,0.875,0,0.1668,,3.474,1.102,,0.1668,0.0834,0.2859,0.011281,1284.25,3203.12,0.0,5.7561
Similar_Trot_00138_Cover_Instrument_C.wav,AWGN_30dB,0.0,1.0,1,1.0,24.87,4.471,3.493,,1.0,0.5,1.0,0.011281,1284.25,3203.12,0.0,5.7561
Similar_Trot_00138_Cover_Instrument_C.wav,Limiter,0.0,1.0,1,1.0,26.46,4.727,4.512,,1.0,0.5,1.0,0.011281,1284.25,3203.12,0.0,5.7561
Similar_Trot_00138_Cover_Instrument_C.wav,Opus_32kbps,0.0,1.0,1,1.0,17.41,4.663,4.189,,1.0,0.5,1.0,0.011281,1284.25,3203.12,0.0,5.7561
Similar_Trot_00138_Cover_Instrument_C.wav,AAC_128kbps,0.0,1.0,1,1.0,26.08,4.725,4.514,,1.0,0.5,1.0,0.011281,1284.25,3203.12,0.0,5.7561
Similar_Trot_00138_Cover_Instrument_C.wav,TelephoneFilter,0.0,1.0,1,1.0,-19.14,2.692,3.516,,1.0,0.5,1.0,0.011281,1284.25,3203.12,0.0,5.7561
Similar_Trot_00138_Cover_Instrument_C.wav,EnCodec_6kbps,0.1875,0.625,0,0.48,7.7,4.398,2.601,,0.4805,0.2402,0.6491,0.011281,1284.25,3203.12,0.0,5.7561
Similar_Trot_00138_Cover_Instrument_C.wav,DAC,0.875,-0.75,0,0.0109,-0.15,4.519,3.419,,0.0109,0.0055,0.0217,0.011281,1284.25,3203.12,0.0,5.7561
Similar_Trot_00138_Cover_Rhythm_A.wav,NoAttack,0.0,1.0,1,1.0,28.82,4.729,3.957,,1.0,0.5,1.0,0.012669,1678.65,3953.12,0.0,3.907
Similar_Trot_00138_Cover_Rhythm_A.wav,MP3_128kbps,0.0,1.0,1,1.0,25.99,4.589,3.712,,1.0,0.5,1.0,0.012669,1678.65,3953.12,0.0,3.907
Similar_Trot_00138_Cover_Rhythm_A.wav,MP3_320kbps,0.0,1.0,1,1.0,25.98,4.588,3.721,,1.0,0.5,1.0,0.012669,1678.65,3953.12,0.0,3.907
Similar_Trot_00138_Cover_Rhythm_A.wav,Resample_44100RT,0.0,1.0,1,1.0,28.68,4.728,3.957,,1.0,0.5,1.0,0.012669,1678.65,3953.12,0.0,3.907
Similar_Trot_00138_Cover_Rhythm_A.wav,Crop_10pct,0.0,1.0,0,0.3576,28.54,4.729,4.017,,0.3576,0.1788,0.5268,0.012669,1678.65,3953.12,0.0,3.907
Similar_Trot_00138_Cover_Rhythm_A.wav,TSM_1.1x,0.0,1.0,0,0.114,,3.723,1.158,,0.114,0.057,0.2047,0.012669,1678.65,3953.12,0.0,3.907
Similar_Trot_00138_Cover_Rhythm_A.wav,AWGN_30dB,0.0,1.0,1,1.0,26.38,4.676,2.951,,1.0,0.5,1.0,0.012669,1678.65,3953.12,0.0,3.907
Similar_Trot_00138_Cover_Rhythm_A.wav,Limiter,0.0,1.0,1,1.0,28.76,4.729,3.957,,1.0,0.5,1.0,0.012669,1678.65,3953.12,0.0,3.907
Similar_Trot_00138_Cover_Rhythm_A.wav,Opus_32kbps,0.0,1.0,1,1.0,18.51,4.676,3.585,,1.0,0.5,1.0,0.012669,1678.65,3953.12,0.0,3.907
Similar_Trot_00138_Cover_Rhythm_A.wav,AAC_128kbps,0.0,1.0,1,0.9985,27.64,4.727,3.801,,1.0,0.5,1.0,0.012669,1678.65,3953.12,0.0,3.907
Similar_Trot_00138_Cover_Rhythm_A.wav,TelephoneFilter,0.0,1.0,1,0.9593,-16.49,2.552,2.346,,0.9593,0.4796,0.9792,0.012669,1678.65,3953.12,0.0,3.907
Similar_Trot_00138_Cover_Rhythm_A.wav,EnCodec_6kbps,0.25,0.5,0,0.3002,9.73,4.48,2.25,,0.3,0.15,0.4615,0.012669,1678.65,3953.12,0.0,3.907
Similar_Trot_00138_Cover_Rhythm_A.wav,DAC,0.625,-0.25,0,0.0158,2.24,4.577,3.036,,0.0158,0.0079,0.0312,0.012669,1678.65,3953.12,0.0,3.907
Similar_Trot_00138_Cover_Tempo_B.wav,NoAttack,0.0,1.0,1,1.0,25.81,4.727,4.482,,1.0,0.5,1.0,0.012133,1313.33,3265.62,0.0,5.9972
Similar_Trot_00138_Cover_Tempo_B.wav,MP3_128kbps,0.0,1.0,1,1.0,25.57,4.63,4.423,,1.0,0.5,1.0,0.012133,1313.33,3265.62,0.0,5.9972
Similar_Trot_00138_Cover_Tempo_B.wav,MP3_320kbps,0.0,1.0,1,1.0,25.57,4.63,4.423,,1.0,0.5,1.0,0.012133,1313.33,3265.62,0.0,5.9972
Similar_Trot_00138_Cover_Tempo_B.wav,Resample_44100RT,0.0,1.0,1,1.0,25.8,4.725,4.482,,1.0,0.5,1.0,0.012133,1313.33,3265.62,0.0,5.9972
Similar_Trot_00138_Cover_Tempo_B.wav,Crop_10pct,0.0,1.0,1,0.7428,25.94,4.727,4.471,,0.7428,0.3714,0.8524,0.012133,1313.33,3265.62,0.0,5.9972
Similar_Trot_00138_Cover_Tempo_B.wav,TSM_1.1x,0.0,1.0,0,0.0956,,3.476,1.148,,0.0956,0.0478,0.1745,0.012133,1313.33,3265.62,0.0,5.9972
Similar_Trot_00138_Cover_Tempo_B.wav,AWGN_30dB,0.0,1.0,1,1.0,24.41,4.475,3.54,,1.0,0.5,1.0,0.012133,1313.33,3265.62,0.0,5.9972
Similar_Trot_00138_Cover_Tempo_B.wav,Limiter,0.0,1.0,1,1.0,25.81,4.727,4.482,,1.0,0.5,1.0,0.012133,1313.33,3265.62,0.0,5.9972
Similar_Trot_00138_Cover_Tempo_B.wav,Opus_32kbps,0.0,1.0,1,1.0,17.24,4.663,4.305,,1.0,0.5,1.0,0.012133,1313.33,3265.62,0.0,5.9972
Similar_Trot_00138_Cover_Tempo_B.wav,AAC_128kbps,0.0,1.0,1,0.9984,25.39,4.725,4.48,,1.0,0.5,1.0,0.012133,1313.33,3265.62,0.0,5.9972
Similar_Trot_00138_Cover_Tempo_B.wav,TelephoneFilter,0.0,1.0,1,0.9662,-18.14,2.679,3.5,,0.9662,0.4831,0.9828,0.012133,1313.33,3265.62,0.0,5.9972
Similar_Trot_00138_Cover_Tempo_B.wav,EnCodec_6kbps,0.0,1.0,0,0.447,7.53,4.339,2.579,,0.4465,0.2232,0.6173,0.012133,1313.33,3265.62,0.0,5.9972
Similar_Trot_00138_Cover_Tempo_B.wav,DAC,0.625,-0.25,0,0.0274,-0.34,4.508,3.407,,0.0274,0.0137,0.0534,0.012133,1313.33,3265.62,0.0,5.9972
Similar_Trot_00138_Cover_Tempo_D.wav,NoAttack,0.0625,0.875,1,1.0,25.53,4.727,4.473,,1.0,0.5,1.0,0.014981,1410.68,3671.88,0.0,5.7237
Similar_Trot_00138_Cover_Tempo_D.wav,MP3_128kbps,0.0625,0.875,1,1.0,25.22,4.654,4.406,,1.0,0.5,1.0,0.014981,1410.68,3671.88,0.0,5.7237
Similar_Trot_00138_Cover_Tempo_D.wav,MP3_320kbps,0.0625,0.875,1,1.0,25.22,4.655,4.406,,1.0,0.5,1.0,0.014981,1410.68,3671.88,0.0,5.7237
Similar_Trot_00138_Cover_Tempo_D.wav,Resample_44100RT,0.0625,0.875,1,1.0,25.52,4.725,4.473,,1.0,0.5,1.0,0.014981,1410.68,3671.88,0.0,5.7237
Similar_Trot_00138_Cover_Tempo_D.wav,Crop_10pct,0.0,1.0,0,0.491,25.45,4.727,4.472,,0.491,0.2455,0.6586,0.014981,1410.68,3671.88,0.0,5.7237
Similar_Trot_00138_Cover_Tempo_D.wav,TSM_1.1x,0.0625,0.875,0,0.1808,,3.521,1.188,,0.1808,0.0904,0.3062,0.014981,1410.68,3671.88,0.0,5.7237
Similar_Trot_00138_Cover_Tempo_D.wav,AWGN_30dB,0.0625,0.875,1,1.0,24.2,4.579,3.934,,1.0,0.5,1.0,0.014981,1410.68,3671.88,0.0,5.7237
Similar_Trot_00138_Cover_Tempo_D.wav,Limiter,0.0625,0.875,1,1.0,25.53,4.727,4.473,,1.0,0.5,1.0,0.014981,1410.68,3671.88,0.0,5.7237
Similar_Trot_00138_Cover_Tempo_D.wav,Opus_32kbps,0.0625,0.875,1,1.0,16.87,4.67,4.259,,1.0,0.5,1.0,0.014981,1410.68,3671.88,0.0,5.7237
Similar_Trot_00138_Cover_Tempo_D.wav,AAC_128kbps,0.0,1.0,1,0.9986,25.13,4.726,4.47,,1.0,0.5,1.0,0.014981,1410.68,3671.88,0.0,5.7237
Similar_Trot_00138_Cover_Tempo_D.wav,TelephoneFilter,0.0,1.0,1,0.9819,-17.56,2.656,3.449,,0.9819,0.491,0.9909,0.014981,1410.68,3671.88,0.0,5.7237
Similar_Trot_00138_Cover_Tempo_D.wav,EnCodec_6kbps,0.3125,0.375,0,0.207,7.27,4.359,2.656,,0.2072,0.1036,0.3432,0.014981,1410.68,3671.88,0.0,5.7237
Similar_Trot_00138_Cover_Tempo_D.wav,DAC,0.625,-0.25,0,0.0062,-0.45,4.54,3.341,,0.0062,0.0031,0.0123,0.014981,1410.68,3671.88,0.0,5.7237
Similar_Trot_00138_Cover_Timbre_A.wav,NoAttack,0.0,1.0,1,1.0,28.76,4.731,4.497,,1.0,0.5,1.0,0.008952,1273.83,2937.5,0.0,5.0806
Similar_Trot_00138_Cover_Timbre_A.wav,MP3_128kbps,0.0,1.0,1,1.0,28.45,4.672,4.436,,1.0,0.5,1.0,0.008952,1273.83,2937.5,0.0,5.0806
Similar_Trot_00138_Cover_Timbre_A.wav,MP3_320kbps,0.0,1.0,1,1.0,28.45,4.672,4.436,,1.0,0.5,1.0,0.008952,1273.83,2937.5,0.0,5.0806
Similar_Trot_00138_Cover_Timbre_A.wav,Resample_44100RT,0.0,1.0,1,1.0,28.75,4.729,4.497,,1.0,0.5,1.0,0.008952,1273.83,2937.5,0.0,5.0806
Similar_Trot_00138_Cover_Timbre_A.wav,Crop_10pct,0.0,1.0,1,0.9569,28.6,4.731,4.498,,0.9569,0.4785,0.978,0.008952,1273.83,2937.5,0.0,5.0806
Similar_Trot_00138_Cover_Timbre_A.wav,TSM_1.1x,0.0,1.0,0,0.1172,,3.355,1.104,,0.1172,0.0586,0.2098,0.008952,1273.83,2937.5,0.0,5.0806
Similar_Trot_00138_Cover_Timbre_A.wav,AWGN_30dB,0.0,1.0,1,1.0,26.33,4.475,3.187,,1.0,0.5,1.0,0.008952,1273.83,2937.5,0.0,5.0806
Similar_Trot_00138_Cover_Timbre_A.wav,Limiter,0.0,1.0,1,1.0,28.76,4.731,4.497,,1.0,0.5,1.0,0.008952,1273.83,2937.5,0.0,5.0806
Similar_Trot_00138_Cover_Timbre_A.wav,Opus_32kbps,0.0,1.0,1,1.0,18.67,4.693,4.207,,1.0,0.5,1.0,0.008952,1273.83,2937.5,0.0,5.0806
Similar_Trot_00138_Cover_Timbre_A.wav,AAC_128kbps,0.0,1.0,1,0.999,27.35,4.73,4.492,,1.0,0.5,1.0,0.008952,1273.83,2937.5,0.0,5.0806
Similar_Trot_00138_Cover_Timbre_A.wav,TelephoneFilter,0.0,1.0,1,0.9999,-28.15,2.803,3.419,,0.9999,0.4999,0.9999,0.008952,1273.83,2937.5,0.0,5.0806
Similar_Trot_00138_Cover_Timbre_A.wav,EnCodec_6kbps,0.125,0.75,0,0.1819,9.43,4.503,2.644,,0.182,0.091,0.308,0.008952,1273.83,2937.5,0.0,5.0806
Similar_Trot_00138_Cover_Timbre_A.wav,DAC,0.4375,0.125,0,0.003,1.75,4.571,3.492,,0.003,0.0015,0.006,0.008952,1273.83,2937.5,0.0,5.0806
Similar_Trot_00138_Cover_Timbre_C.wav,NoAttack,0.0,1.0,1,1.0,26.66,4.728,4.472,,1.0,0.5,1.0,0.010953,1270.25,3187.5,0.0,5.3447
Similar_Trot_00138_Cover_Timbre_C.wav,MP3_128kbps,0.0,1.0,1,1.0,26.4,4.633,4.419,,1.0,0.5,1.0,0.010953,1270.25,3187.5,0.0,5.3447
Similar_Trot_00138_Cover_Timbre_C.wav,MP3_320kbps,0.0,1.0,1,1.0,26.4,4.632,4.419,,1.0,0.5,1.0,0.010953,1270.25,3187.5,0.0,5.3447
Similar_Trot_00138_Cover_Timbre_C.wav,Resample_44100RT,0.0,1.0,1,1.0,26.65,4.726,4.472,,1.0,0.5,1.0,0.010953,1270.25,3187.5,0.0,5.3447
Similar_Trot_00138_Cover_Timbre_C.wav,Crop_10pct,0.0,1.0,0,0.4594,26.67,4.728,4.472,,0.4594,0.2297,0.6295,0.010953,1270.25,3187.5,0.0,5.3447
Similar_Trot_00138_Cover_Timbre_C.wav,TSM_1.1x,0.0,1.0,0,0.1246,,3.473,1.195,,0.1246,0.0623,0.2216,0.010953,1270.25,3187.5,0.0,5.3447
Similar_Trot_00138_Cover_Timbre_C.wav,AWGN_30dB,0.0,1.0,1,1.0,25.0,4.459,3.407,,1.0,0.5,1.0,0.010953,1270.25,3187.5,0.0,5.3447
Similar_Trot_00138_Cover_Timbre_C.wav,Limiter,0.0,1.0,1,1.0,26.66,4.728,4.472,,1.0,0.5,1.0,0.010953,1270.25,3187.5,0.0,5.3447
Similar_Trot_00138_Cover_Timbre_C.wav,Opus_32kbps,0.0,1.0,1,1.0,17.51,4.662,4.316,,1.0,0.5,1.0,0.010953,1270.25,3187.5,0.0,5.3447
Similar_Trot_00138_Cover_Timbre_C.wav,AAC_128kbps,0.0,1.0,1,0.9995,26.25,4.727,4.473,,1.0,0.5,1.0,0.010953,1270.25,3187.5,0.0,5.3447
Similar_Trot_00138_Cover_Timbre_C.wav,TelephoneFilter,0.0,1.0,1,0.9981,-19.02,2.711,3.417,,0.9981,0.499,0.999,0.010953,1270.25,3187.5,0.0,5.3447
Similar_Trot_00138_Cover_Timbre_C.wav,EnCodec_6kbps,0.0625,0.875,0,0.2753,7.61,4.34,2.632,,0.2755,0.1377,0.432,0.010953,1270.25,3187.5,0.0,5.3447
Similar_Trot_00138_Cover_Timbre_C.wav,DAC,0.75,-0.5,0,0.0007,-0.04,4.5,3.429,,0.0007,0.0003,0.0013,0.010953,1270.25,3187.5,0.0,5.3447
Similar_Trot_00138_Org.wav,NoAttack,0.0,1.0,1,1.0,25.46,4.729,4.378,,1.0,0.5,1.0,0.016213,1570.78,3921.88,0.0,7.0271
Similar_Trot_00138_Org.wav,MP3_128kbps,0.0,1.0,1,1.0,24.71,4.51,4.305,,1.0,0.5,1.0,0.016213,1570.78,3921.88,0.0,7.0271
Similar_Trot_00138_Org.wav,MP3_320kbps,0.0,1.0,1,1.0,24.71,4.51,4.305,,1.0,0.5,1.0,0.016213,1570.78,3921.88,0.0,7.0271
Similar_Trot_00138_Org.wav,Resample_44100RT,0.0,1.0,1,1.0,25.43,4.727,4.378,,1.0,0.5,1.0,0.016213,1570.78,3921.88,0.0,7.0271
Similar_Trot_00138_Org.wav,Crop_10pct,0.0,1.0,1,0.9722,25.36,4.73,4.373,,0.9722,0.4861,0.9859,0.016213,1570.78,3921.88,0.0,7.0271
Similar_Trot_00138_Org.wav,TSM_1.1x,0.0625,0.875,0,0.0663,,3.864,1.053,,0.0663,0.0332,0.1244,0.016213,1570.78,3921.88,0.0,7.0271
Similar_Trot_00138_Org.wav,AWGN_30dB,0.0,1.0,1,0.9999,24.16,4.593,4.003,,0.9999,0.4999,0.9999,0.016213,1570.78,3921.88,0.0,7.0271
Similar_Trot_00138_Org.wav,Limiter,0.0,1.0,1,1.0,25.46,4.729,4.378,,1.0,0.5,1.0,0.016213,1570.78,3921.88,0.0,7.0271
Similar_Trot_00138_Org.wav,Opus_32kbps,0.0,1.0,1,1.0,17.29,4.641,4.14,,1.0,0.5,1.0,0.016213,1570.78,3921.88,0.0,7.0271
Similar_Trot_00138_Org.wav,AAC_128kbps,0.0,1.0,1,0.9972,24.73,4.727,4.377,,1.0,0.5,1.0,0.016213,1570.78,3921.88,0.0,7.0271
Similar_Trot_00138_Org.wav,TelephoneFilter,0.0,1.0,1,0.9992,-4.97,2.77,3.426,,0.9992,0.4996,0.9996,0.016213,1570.78,3921.88,0.0,7.0271
Similar_Trot_00138_Org.wav,EnCodec_6kbps,0.1875,0.625,0,0.3838,4.97,4.28,2.346,,0.3842,0.1921,0.5552,0.016213,1570.78,3921.88,0.0,7.0271
Similar_Trot_00138_Org.wav,DAC,0.75,-0.5,0,0.074,-9.95,4.481,3.425,,0.0736,0.0368,0.1372,0.016213,1570.78,3921.88,0.0,7.0271
Similar_Trot_00162_Cover_Arrangement_A.wav,NoAttack,0.0,1.0,1,1.0,25.36,4.729,4.411,,1.0,0.5,1.0,0.009342,1242.56,2187.5,0.0,4.7906
Similar_Trot_00162_Cover_Arrangement_A.wav,MP3_128kbps,0.0,1.0,1,1.0,24.91,4.49,4.329,,1.0,0.5,1.0,0.009342,1242.56,2187.5,0.0,4.7906
Similar_Trot_00162_Cover_Arrangement_A.wav,MP3_320kbps,0.0,1.0,1,1.0,24.91,4.489,4.329,,1.0,0.5,1.0,0.009342,1242.56,2187.5,0.0,4.7906
Similar_Trot_00162_Cover_Arrangement_A.wav,Resample_44100RT,0.0,1.0,1,1.0,25.34,4.722,4.411,,1.0,0.5,1.0,0.009342,1242.56,2187.5,0.0,4.7906
Similar_Trot_00162_Cover_Arrangement_A.wav,Crop_10pct,0.0,1.0,1,0.871,25.31,4.729,4.41,,0.871,0.4355,0.9311,0.009342,1242.56,2187.5,0.0,4.7906
Similar_Trot_00162_Cover_Arrangement_A.wav,TSM_1.1x,0.0,1.0,0,0.1429,,3.464,1.138,,0.1429,0.0715,0.2501,0.009342,1242.56,2187.5,0.0,4.7906
Similar_Trot_00162_Cover_Arrangement_A.wav,AWGN_30dB,0.0,1.0,1,1.0,24.08,4.512,3.869,,1.0,0.5,1.0,0.009342,1242.56,2187.5,0.0,4.7906
Similar_Trot_00162_Cover_Arrangement_A.wav,Limiter,0.0,1.0,1,1.0,25.36,4.729,4.411,,1.0,0.5,1.0,0.009342,1242.56,2187.5,0.0,4.7906
Similar_Trot_00162_Cover_Arrangement_A.wav,Opus_32kbps,0.0,1.0,1,1.0,19.12,4.643,4.191,,1.0,0.5,1.0,0.009342,1242.56,2187.5,0.0,4.7906
Similar_Trot_00162_Cover_Arrangement_A.wav,AAC_128kbps,0.0,1.0,1,0.9988,25.11,4.727,4.411,,1.0,0.5,1.0,0.009342,1242.56,2187.5,0.0,4.7906
Similar_Trot_00162_Cover_Arrangement_A.wav,TelephoneFilter,0.0,1.0,1,1.0,-28.25,2.56,3.541,,1.0,0.5,1.0,0.009342,1242.56,2187.5,0.0,4.7906
Similar_Trot_00162_Cover_Arrangement_A.wav,EnCodec_6kbps,0.375,0.25,0,0.144,9.5,4.236,1.542,,0.1441,0.072,0.2519,0.009342,1242.56,2187.5,0.0,4.7906
Similar_Trot_00162_Cover_Arrangement_A.wav,DAC,0.75,-0.5,0,0.0761,1.04,4.488,3.427,,0.0761,0.0381,0.1415,0.009342,1242.56,2187.5,0.0,4.7906
Similar_Trot_00162_Cover_Genre_A.wav,NoAttack,0.0,1.0,1,1.0,23.73,4.728,4.352,,1.0,0.5,1.0,0.026414,1791.93,5640.62,0.0,7.2928
Similar_Trot_00162_Cover_Genre_A.wav,MP3_128kbps,0.0,1.0,1,1.0,23.04,4.585,4.212,,1.0,0.5,1.0,0.026414,1791.93,5640.62,0.0,7.2928
Similar_Trot_00162_Cover_Genre_A.wav,MP3_320kbps,0.0,1.0,1,1.0,23.04,4.585,4.211,,1.0,0.5,1.0,0.026414,1791.93,5640.62,0.0,7.2928
Similar_Trot_00162_Cover_Genre_A.wav,Resample_44100RT,0.0,1.0,1,1.0,23.68,4.725,4.352,,1.0,0.5,1.0,0.026414,1791.93,5640.62,0.0,7.2928
Similar_Trot_00162_Cover_Genre_A.wav,Crop_10pct,0.0,1.0,1,0.8371,23.72,4.728,4.348,,0.8371,0.4185,0.9113,0.026414,1791.93,5640.62,0.0,7.2928
Similar_Trot_00162_Cover_Genre_A.wav,TSM_1.1x,0.0,1.0,0,0.1867,,3.325,1.089,,0.1867,0.0933,0.3146,0.026414,1791.93,5640.62,0.0,7.2928
Similar_Trot_00162_Cover_Genre_A.wav,AWGN_30dB,0.0,1.0,1,1.0,22.81,4.599,3.901,,1.0,0.5,1.0,0.026414,1791.93,5640.62,0.0,7.2928
Similar_Trot_00162_Cover_Genre_A.wav,Limiter,0.0,1.0,1,1.0,23.73,4.728,4.352,,1.0,0.5,1.0,0.026414,1791.93,5640.62,0.0,7.2928
Similar_Trot_00162_Cover_Genre_A.wav,Opus_32kbps,0.0,1.0,1,1.0,16.45,4.658,4.048,,1.0,0.5,1.0,0.026414,1791.93,5640.62,0.0,7.2928
Similar_Trot_00162_Cover_Genre_A.wav,AAC_128kbps,0.0,1.0,1,0.9985,23.2,4.724,4.274,,1.0,0.5,1.0,0.026414,1791.93,5640.62,0.0,7.2928
Similar_Trot_00162_Cover_Genre_A.wav,TelephoneFilter,0.0,1.0,1,0.9986,-16.77,2.789,2.78,,0.9986,0.4993,0.9993,0.026414,1791.93,5640.62,0.0,7.2928
Similar_Trot_00162_Cover_Genre_A.wav,EnCodec_6kbps,0.3125,0.375,0,0.4831,5.1,4.38,2.306,,0.4835,0.2417,0.6518,0.026414,1791.93,5640.62,0.0,7.2928
Similar_Trot_00162_Cover_Genre_A.wav,DAC,0.5,0.0,0,0.0148,-0.66,4.548,3.102,,0.0148,0.0074,0.0292,0.026414,1791.93,5640.62,0.0,7.2928
Similar_Trot_00162_Cover_Instrument_A.wav,NoAttack,0.0,1.0,1,1.0,25.07,4.729,4.275,,1.0,0.5,1.0,0.01039,1276.53,3078.12,0.0,5.244
Similar_Trot_00162_Cover_Instrument_A.wav,MP3_128kbps,0.0,1.0,1,1.0,24.81,4.632,4.209,,1.0,0.5,1.0,0.01039,1276.53,3078.12,0.0,5.244
Similar_Trot_00162_Cover_Instrument_A.wav,MP3_320kbps,0.0,1.0,1,1.0,24.8,4.632,4.209,,1.0,0.5,1.0,0.01039,1276.53,3078.12,0.0,5.244
Similar_Trot_00162_Cover_Instrument_A.wav,Resample_44100RT,0.0,1.0,1,1.0,25.06,4.727,4.275,,1.0,0.5,1.0,0.01039,1276.53,3078.12,0.0,5.244
Similar_Trot_00162_Cover_Instrument_A.wav,Crop_10pct,0.0,1.0,1,0.5636,24.95,4.728,4.247,,0.5636,0.2818,0.7209,0.01039,1276.53,3078.12,0.0,5.244
Similar_Trot_00162_Cover_Instrument_A.wav,TSM_1.1x,0.0625,0.875,0,0.303,,3.771,1.199,,0.303,0.1515,0.4651,0.01039,1276.53,3078.12,0.0,5.244
Similar_Trot_00162_Cover_Instrument_A.wav,AWGN_30dB,0.0,1.0,1,1.0,23.87,4.483,3.303,,1.0,0.5,1.0,0.01039,1276.53,3078.12,0.0,5.244
Similar_Trot_00162_Cover_Instrument_A.wav,Limiter,0.0,1.0,1,1.0,23.67,4.719,4.275,,1.0,0.5,1.0,0.01039,1276.53,3078.12,0.0,5.244
Similar_Trot_00162_Cover_Instrument_A.wav,Opus_32kbps,0.0,1.0,1,1.0,18.91,4.697,4.043,,1.0,0.5,1.0,0.01039,1276.53,3078.12,0.0,5.244
Similar_Trot_00162_Cover_Instrument_A.wav,AAC_128kbps,0.0,1.0,1,1.0,24.28,4.715,4.243,,1.0,0.5,1.0,0.01039,1276.53,3078.12,0.0,5.244
Similar_Trot_00162_Cover_Instrument_A.wav,TelephoneFilter,0.0,1.0,1,1.0,-15.38,2.573,3.38,,1.0,0.5,1.0,0.01039,1276.53,3078.12,0.0,5.244
Similar_Trot_00162_Cover_Instrument_A.wav,EnCodec_6kbps,0.25,0.5,0,0.3804,8.71,4.409,2.424,,0.3807,0.1904,0.5515,0.01039,1276.53,3078.12,0.0,5.244
Similar_Trot_00162_Cover_Instrument_A.wav,DAC,0.5625,-0.125,0,0.2152,0.18,4.575,3.301,,0.2154,0.1077,0.3544,0.01039,1276.53,3078.12,0.0,5.244
Similar_Trot_00162_Cover_Instrument_C.wav,NoAttack,0.0,1.0,1,1.0,24.77,4.728,4.283,,1.0,0.5,1.0,0.012202,1408.24,3515.62,0.001595,6.2786
Similar_Trot_00162_Cover_Instrument_C.wav,MP3_128kbps,0.0,1.0,1,1.0,24.41,4.584,4.216,,1.0,0.5,1.0,0.012202,1408.24,3515.62,0.001595,6.2786
Similar_Trot_00162_Cover_Instrument_C.wav,MP3_320kbps,0.0,1.0,1,1.0,24.4,4.584,4.216,,1.0,0.5,1.0,0.012202,1408.24,3515.62,0.001595,6.2786
Similar_Trot_00162_Cover_Instrument_C.wav,Resample_44100RT,0.0,1.0,1,1.0,24.75,4.725,4.283,,1.0,0.5,1.0,0.012202,1408.24,3515.62,0.001595,6.2786
Similar_Trot_00162_Cover_Instrument_C.wav,Crop_10pct,0.0,1.0,1,0.8,24.66,4.728,4.275,,0.8,0.4,0.8889,0.012202,1408.24,3515.62,0.001595,6.2786
Similar_Trot_00162_Cover_Instrument_C.wav,TSM_1.1x,0.0,1.0,0,0.0943,,3.722,1.166,,0.0943,0.0472,0.1723,0.012202,1408.24,3515.62,0.001595,6.2786
Similar_Trot_00162_Cover_Instrument_C.wav,AWGN_30dB,0.0,1.0,1,1.0,23.63,4.473,3.324,,1.0,0.5,1.0,0.012202,1408.24,3515.62,0.001595,6.2786
Similar_Trot_00162_Cover_Instrument_C.wav,Limiter,0.0,1.0,1,1.0,23.64,4.724,4.283,,1.0,0.5,1.0,0.012202,1408.24,3515.62,0.001595,6.2786
Similar_Trot_00162_Cover_Instrument_C.wav,Opus_32kbps,0.0,1.0,1,0.9998,18.62,4.682,3.966,,0.9998,0.4999,0.9999,0.012202,1408.24,3515.62,0.001595,6.2786
Similar_Trot_00162_Cover_Instrument_C.wav,AAC_128kbps,0.0,1.0,1,0.9993,24.0,4.722,4.251,,1.0,0.5,1.0,0.012202,1408.24,3515.62,0.001595,6.2786
Similar_Trot_00162_Cover_Instrument_C.wav,TelephoneFilter,0.0,1.0,1,1.0,-11.78,2.674,3.398,,1.0,0.5,1.0,0.012202,1408.24,3515.62,0.001595,6.2786
Similar_Trot_00162_Cover_Instrument_C.wav,EnCodec_6kbps,0.3125,0.375,0,0.302,8.09,4.376,2.418,,0.3023,0.1511,0.4642,0.012202,1408.24,3515.62,0.001595,6.2786
Similar_Trot_00162_Cover_Instrument_C.wav,DAC,0.625,-0.25,0,0.0138,-0.93,4.56,3.38,,0.0138,0.0069,0.0273,0.012202,1408.24,3515.62,0.001595,6.2786
Similar_Trot_00162_Cover_Rhythm_B.wav,NoAttack,0.0,1.0,1,1.0,25.13,4.727,4.389,,1.0,0.5,1.0,0.032039,1807.38,5906.25,0.0,7.5558
Similar_Trot_00162_Cover_Rhythm_B.wav,MP3_128kbps,0.0,1.0,1,1.0,23.94,4.573,4.191,,1.0,0.5,1.0,0.032039,1807.38,5906.25,0.0,7.5558
Similar_Trot_00162_Cover_Rhythm_B.wav,MP3_320kbps,0.0,1.0,1,1.0,23.94,4.573,4.19,,1.0,0.5,1.0,0.032039,1807.38,5906.25,0.0,7.5558
Similar_Trot_00162_Cover_Rhythm_B.wav,Resample_44100RT,0.0,1.0,1,1.0,25.03,4.722,4.389,,1.0,0.5,1.0,0.032039,1807.38,5906.25,0.0,7.5558
Similar_Trot_00162_Cover_Rhythm_B.wav,Crop_10pct,0.0,1.0,1,0.7918,25.31,4.728,4.38,,0.7918,0.3959,0.8838,0.032039,1807.38,5906.25,0.0,7.5558
Similar_Trot_00162_Cover_Rhythm_B.wav,TSM_1.1x,0.0,1.0,0,0.1351,,3.225,1.074,,0.1351,0.0675,0.238,0.032039,1807.38,5906.25,0.0,7.5558
Similar_Trot_00162_Cover_Rhythm_B.wav,AWGN_30dB,0.0,1.0,1,1.0,23.9,4.604,3.796,,1.0,0.5,1.0,0.032039,1807.38,5906.25,0.0,7.5558
Similar_Trot_00162_Cover_Rhythm_B.wav,Limiter,0.0,1.0,1,1.0,25.13,4.727,4.389,,1.0,0.5,1.0,0.032039,1807.38,5906.25,0.0,7.5558
Similar_Trot_00162_Cover_Rhythm_B.wav,Opus_32kbps,0.0,1.0,1,0.9987,16.36,4.669,3.958,,0.9987,0.4993,0.9993,0.032039,1807.38,5906.25,0.0,7.5558
Similar_Trot_00162_Cover_Rhythm_B.wav,AAC_128kbps,0.0,1.0,1,0.9985,24.36,4.726,4.392,,1.0,0.5,1.0,0.032039,1807.38,5906.25,0.0,7.5558
Similar_Trot_00162_Cover_Rhythm_B.wav,TelephoneFilter,0.0,1.0,1,0.9885,-26.61,2.718,2.454,,0.9885,0.4943,0.9942,0.032039,1807.38,5906.25,0.0,7.5558
Similar_Trot_00162_Cover_Rhythm_B.wav,EnCodec_6kbps,0.1875,0.625,0,0.3633,5.33,4.247,2.206,,0.3636,0.1818,0.5333,0.032039,1807.38,5906.25,0.0,7.5558
Similar_Trot_00162_Cover_Rhythm_B.wav,DAC,0.8125,-0.625,0,0.1074,0.78,4.509,3.177,,0.107,0.0535,0.1934,0.032039,1807.38,5906.25,0.0,7.5558
Similar_Trot_00162_Cover_Tempo_A.wav,NoAttack,0.0,1.0,1,1.0,25.17,4.725,4.321,,1.0,0.5,1.0,0.012733,1340.78,2953.12,0.0,6.982
Similar_Trot_00162_Cover_Tempo_A.wav,MP3_128kbps,0.0,1.0,1,1.0,24.95,4.513,4.276,,1.0,0.5,1.0,0.012733,1340.78,2953.12,0.0,6.982
Similar_Trot_00162_Cover_Tempo_A.wav,MP3_320kbps,0.0,1.0,1,1.0,24.95,4.513,4.275,,1.0,0.5,1.0,0.012733,1340.78,2953.12,0.0,6.982
Similar_Trot_00162_Cover_Tempo_A.wav,Resample_44100RT,0.0,1.0,1,1.0,25.16,4.714,4.321,,1.0,0.5,1.0,0.012733,1340.78,2953.12,0.0,6.982
Similar_Trot_00162_Cover_Tempo_A.wav,Crop_10pct,0.0,1.0,1,0.6544,24.91,4.725,4.341,,0.6544,0.3272,0.7911,0.012733,1340.78,2953.12,0.0,6.982
Similar_Trot_00162_Cover_Tempo_A.wav,TSM_1.1x,0.0,1.0,0,0.194,,3.64,1.181,,0.194,0.097,0.325,0.012733,1340.78,2953.12,0.0,6.982
Similar_Trot_00162_Cover_Tempo_A.wav,AWGN_30dB,0.0,1.0,1,1.0,23.93,4.344,3.4,,1.0,0.5,1.0,0.012733,1340.78,2953.12,0.0,6.982
Similar_Trot_00162_Cover_Tempo_A.wav,Limiter,0.0,1.0,1,1.0,24.99,4.725,4.321,,1.0,0.5,1.0,0.012733,1340.78,2953.12,0.0,6.982
Similar_Trot_00162_Cover_Tempo_A.wav,Opus_32kbps,0.0,1.0,1,1.0,18.36,4.647,4.046,,1.0,0.5,1.0,0.012733,1340.78,2953.12,0.0,6.982
Similar_Trot_00162_Cover_Tempo_A.wav,AAC_128kbps,0.0,1.0,1,0.9996,24.89,4.723,4.321,,1.0,0.5,1.0,0.012733,1340.78,2953.12,0.0,6.982
Similar_Trot_00162_Cover_Tempo_A.wav,TelephoneFilter,0.0,1.0,1,0.9938,-13.52,2.623,3.618,,0.9938,0.4969,0.9969,0.012733,1340.78,2953.12,0.0,6.982
Similar_Trot_00162_Cover_Tempo_A.wav,EnCodec_6kbps,0.125,0.75,0,0.4094,8.31,4.368,2.298,,0.4098,0.2049,0.5814,0.012733,1340.78,2953.12,0.0,6.982
Similar_Trot_00162_Cover_Tempo_A.wav,DAC,0.8125,-0.625,0,0.1052,0.05,4.527,3.379,,0.1053,0.0526,0.1905,0.012733,1340.78,2953.12,0.0,6.982
Similar_Trot_00162_Cover_Tempo_C.wav,NoAttack,0.0,1.0,1,1.0,25.53,4.72,4.154,,1.0,0.5,1.0,0.009124,1340.65,4093.75,0.012759,8.2428
Similar_Trot_00162_Cover_Tempo_C.wav,MP3_128kbps,0.0,1.0,1,1.0,25.06,4.472,4.095,,1.0,0.5,1.0,0.009124,1340.65,4093.75,0.012759,8.2428
Similar_Trot_00162_Cover_Tempo_C.wav,MP3_320kbps,0.0,1.0,1,1.0,25.06,4.472,4.096,,1.0,0.5,1.0,0.009124,1340.65,4093.75,0.012759,8.2428
Similar_Trot_00162_Cover_Tempo_C.wav,Resample_44100RT,0.0,1.0,1,1.0,25.48,4.713,4.154,,1.0,0.5,1.0,0.009124,1340.65,4093.75,0.012759,8.2428
Similar_Trot_00162_Cover_Tempo_C.wav,Crop_10pct,0.0,1.0,0,0.4727,25.59,4.718,4.135,,0.4727,0.2364,0.642,0.009124,1340.65,4093.75,0.012759,8.2428
Similar_Trot_00162_Cover_Tempo_C.wav,TSM_1.1x,0.0,1.0,0,0.0809,,3.835,1.166,,0.0809,0.0405,0.1498,0.009124,1340.65,4093.75,0.012759,8.2428
Similar_Trot_00162_Cover_Tempo_C.wav,AWGN_30dB,0.0,1.0,1,1.0,24.19,4.282,3.053,,1.0,0.5,1.0,0.009124,1340.65,4093.75,0.012759,8.2428
Similar_Trot_00162_Cover_Tempo_C.wav,Limiter,0.0,1.0,1,1.0,25.19,4.72,4.15,,1.0,0.5,1.0,0.009124,1340.65,4093.75,0.012759,8.2428
Similar_Trot_00162_Cover_Tempo_C.wav,Opus_32kbps,0.0,1.0,1,1.0,18.64,4.613,3.763,,1.0,0.5,1.0,0.009124,1340.65,4093.75,0.012759,8.2428
Similar_Trot_00162_Cover_Tempo_C.wav,AAC_128kbps,0.0,1.0,1,0.9998,24.69,4.719,4.136,,1.0,0.5,1.0,0.009124,1340.65,4093.75,0.012759,8.2428
Similar_Trot_00162_Cover_Tempo_C.wav,TelephoneFilter,0.0,1.0,1,1.0,-13.8,3.049,3.296,,1.0,0.5,1.0,0.009124,1340.65,4093.75,0.012759,8.2428
Similar_Trot_00162_Cover_Tempo_C.wav,EnCodec_6kbps,0.1875,0.625,0,0.2303,7.33,4.34,1.915,,0.2305,0.1153,0.3747,0.009124,1340.65,4093.75,0.012759,8.2428
Similar_Trot_00162_Cover_Tempo_C.wav,DAC,0.5625,-0.125,0,0.0463,-0.8,4.456,3.159,,0.0463,0.0232,0.0886,0.009124,1340.65,4093.75,0.012759,8.2428
Similar_Trot_00162_Cover_Timbre_A.wav,NoAttack,0.0,1.0,1,1.0,24.15,4.726,4.188,,1.0,0.5,1.0,0.014893,1525.6,3578.12,0.0,6.5243
Similar_Trot_00162_Cover_Timbre_A.wav,MP3_128kbps,0.0,1.0,1,1.0,23.82,4.591,4.134,,1.0,0.5,1.0,0.014893,1525.6,3578.12,0.0,6.5243
Similar_Trot_00162_Cover_Timbre_A.wav,MP3_320kbps,0.0,1.0,1,1.0,23.82,4.591,4.134,,1.0,0.5,1.0,0.014893,1525.6,3578.12,0.0,6.5243
Similar_Trot_00162_Cover_Timbre_A.wav,Resample_44100RT,0.0,1.0,1,1.0,24.14,4.724,4.188,,1.0,0.5,1.0,0.014893,1525.6,3578.12,0.0,6.5243
Similar_Trot_00162_Cover_Timbre_A.wav,Crop_10pct,0.5625,-0.125,0,0.0556,24.12,4.726,4.265,,0.0556,0.0278,0.1054,0.014893,1525.6,3578.12,0.0,6.5243
Similar_Trot_00162_Cover_Timbre_A.wav,TSM_1.1x,0.0,1.0,0,0.3051,,3.671,1.182,,0.3051,0.1525,0.4675,0.014893,1525.6,3578.12,0.0,6.5243
Similar_Trot_00162_Cover_Timbre_A.wav,AWGN_30dB,0.0,1.0,1,1.0,23.14,4.479,3.392,,1.0,0.5,1.0,0.014893,1525.6,3578.12,0.0,6.5243
Similar_Trot_00162_Cover_Timbre_A.wav,Limiter,0.0,1.0,1,1.0,24.11,4.726,4.188,,1.0,0.5,1.0,0.014893,1525.6,3578.12,0.0,6.5243
Similar_Trot_00162_Cover_Timbre_A.wav,Opus_32kbps,0.0,1.0,1,1.0,18.31,4.671,3.978,,1.0,0.5,1.0,0.014893,1525.6,3578.12,0.0,6.5243
Similar_Trot_00162_Cover_Timbre_A.wav,AAC_128kbps,0.0,1.0,1,0.9991,23.58,4.721,4.149,,1.0,0.5,1.0,0.014893,1525.6,3578.12,0.0,6.5243
Similar_Trot_00162_Cover_Timbre_A.wav,TelephoneFilter,0.0,1.0,1,1.0,-10.03,2.577,3.386,,1.0,0.5,1.0,0.014893,1525.6,3578.12,0.0,6.5243
Similar_Trot_00162_Cover_Timbre_A.wav,EnCodec_6kbps,0.3125,0.375,0,0.1965,7.5,4.373,2.491,,0.1967,0.0984,0.3288,0.014893,1525.6,3578.12,0.0,6.5243
Similar_Trot_00162_Cover_Timbre_A.wav,DAC,0.8125,-0.625,0,0.1705,-1.69,4.538,3.434,,0.1707,0.0853,0.2916,0.014893,1525.6,3578.12,0.0,6.5243
Similar_Trot_00162_Cover_Timbre_C.wav,NoAttack,0.0,1.0,1,1.0,23.91,4.727,4.242,,1.0,0.5,1.0,0.014127,1472.43,3531.25,0.0,6.415
Similar_Trot_00162_Cover_Timbre_C.wav,MP3_128kbps,0.0,1.0,1,1.0,23.59,4.579,4.181,,1.0,0.5,1.0,0.014127,1472.43,3531.25,0.0,6.415
Similar_Trot_00162_Cover_Timbre_C.wav,MP3_320kbps,0.0,1.0,1,1.0,23.59,4.579,4.181,,1.0,0.5,1.0,0.014127,1472.43,3531.25,0.0,6.415
Similar_Trot_00162_Cover_Timbre_C.wav,Resample_44100RT,0.0,1.0,1,1.0,23.9,4.725,4.242,,1.0,0.5,1.0,0.014127,1472.43,3531.25,0.0,6.415
Similar_Trot_00162_Cover_Timbre_C.wav,Crop_10pct,0.0,1.0,1,0.5893,23.67,4.727,4.203,,0.5893,0.2947,0.7416,0.014127,1472.43,3531.25,0.0,6.415
Similar_Trot_00162_Cover_Timbre_C.wav,TSM_1.1x,0.0,1.0,0,0.1398,,3.692,1.229,,0.1398,0.0699,0.2453,0.014127,1472.43,3531.25,0.0,6.415
Similar_Trot_00162_Cover_Timbre_C.wav,AWGN_30dB,0.0,1.0,1,1.0,22.93,4.483,3.424,,1.0,0.5,1.0,0.014127,1472.43,3531.25,0.0,6.415
Similar_Trot_00162_Cover_Timbre_C.wav,Limiter,0.0,1.0,1,1.0,23.78,4.727,4.242,,1.0,0.5,1.0,0.014127,1472.43,3531.25,0.0,6.415
Similar_Trot_00162_Cover_Timbre_C.wav,Opus_32kbps,0.0,1.0,1,0.9998,18.5,4.675,4.092,,0.9998,0.4999,0.9999,0.014127,1472.43,3531.25,0.0,6.415
Similar_Trot_00162_Cover_Timbre_C.wav,AAC_128kbps,0.0,1.0,1,0.9989,23.41,4.725,4.196,,1.0,0.5,1.0,0.014127,1472.43,3531.25,0.0,6.415
Similar_Trot_00162_Cover_Timbre_C.wav,TelephoneFilter,0.0,1.0,1,1.0,-11.14,2.636,3.374,,1.0,0.5,1.0,0.014127,1472.43,3531.25,0.0,6.415
Similar_Trot_00162_Cover_Timbre_C.wav,EnCodec_6kbps,0.4375,0.125,0,0.2592,8.02,4.376,2.444,,0.2595,0.1297,0.412,0.014127,1472.43,3531.25,0.0,6.415
Similar_Trot_00162_Cover_Timbre_C.wav,DAC,0.75,-0.5,0,0.015,-1.1,4.538,3.412,,0.015,0.0075,0.0295,0.014127,1472.43,3531.25,0.0,6.415
Similar_Trot_00162_Org.wav,NoAttack,0.0,1.0,1,1.0,27.47,4.73,4.372,,1.0,0.5,1.0,0.010975,1311.06,2359.38,0.0,4.8276
Similar_Trot_00162_Org.wav,MP3_128kbps,0.0,1.0,1,1.0,26.4,4.573,4.238,,1.0,0.5,1.0,0.010975,1311.06,2359.38,0.0,4.8276
Similar_Trot_00162_Org.wav,MP3_320kbps,0.0,1.0,1,1.0,26.4,4.573,4.238,,1.0,0.5,1.0,0.010975,1311.06,2359.38,0.0,4.8276
Similar_Trot_00162_Org.wav,Resample_44100RT,0.0,1.0,1,1.0,27.41,4.727,4.372,,1.0,0.5,1.0,0.010975,1311.06,2359.38,0.0,4.8276
Similar_Trot_00162_Org.wav,Crop_10pct,0.0,1.0,0,0.3353,27.28,4.73,4.394,,0.3353,0.1677,0.5022,0.010975,1311.06,2359.38,0.0,4.8276
Similar_Trot_00162_Org.wav,TSM_1.1x,0.0,1.0,0,0.1073,,3.691,1.08,,0.1073,0.0536,0.1938,0.010975,1311.06,2359.38,0.0,4.8276
Similar_Trot_00162_Org.wav,AWGN_30dB,0.0,1.0,1,1.0,25.55,4.621,3.69,,1.0,0.5,1.0,0.010975,1311.06,2359.38,0.0,4.8276
Similar_Trot_00162_Org.wav,Limiter,0.0,1.0,1,1.0,27.1,4.73,4.369,,1.0,0.5,1.0,0.010975,1311.06,2359.38,0.0,4.8276
Similar_Trot_00162_Org.wav,Opus_32kbps,0.0,1.0,1,1.0,19.48,4.669,4.168,,1.0,0.5,1.0,0.010975,1311.06,2359.38,0.0,4.8276
Similar_Trot_00162_Org.wav,AAC_128kbps,0.0,1.0,1,0.9962,27.04,4.729,4.362,,1.0,0.5,1.0,0.010975,1311.06,2359.38,0.0,4.8276
Similar_Trot_00162_Org.wav,TelephoneFilter,0.0,1.0,1,1.0,-23.23,2.463,3.136,,1.0,0.5,1.0,0.010975,1311.06,2359.38,0.0,4.8276
Similar_Trot_00162_Org.wav,EnCodec_6kbps,0.25,0.5,0,0.2529,10.79,4.445,2.424,,0.2532,0.1266,0.404,0.010975,1311.06,2359.38,0.0,4.8276
Similar_Trot_00162_Org.wav,DAC,0.5625,-0.125,0,0.0223,3.28,4.567,3.198,,0.0223,0.0112,0.0437,0.010975,1311.06,2359.38,0.0,4.8276
일반남여_일반통합06_F_1524374974_25_수도권_실내_07802.wav,NoAttack,0.0,1.0,1,1.0,27.48,4.713,4.062,,1.0,0.5,1.0,0.250111,1259.64,4140.62,0.255708,6.5865
일반남여_일반통합06_F_1524374974_25_수도권_실내_07802.wav,MP3_128kbps,0.0,1.0,1,1.0,27.43,4.686,4.055,,1.0,0.5,1.0,0.250111,1259.64,4140.62,0.255708,6.5865
일반남여_일반통합06_F_1524374974_25_수도권_실내_07802.wav,MP3_320kbps,0.0,1.0,1,1.0,27.43,4.687,4.055,,1.0,0.5,1.0,0.250111,1259.64,4140.62,0.255708,6.5865
일반남여_일반통합06_F_1524374974_25_수도권_실내_07802.wav,Resample_44100RT,0.0,1.0,1,1.0,27.48,4.713,4.062,,1.0,0.5,1.0,0.250111,1259.64,4140.62,0.255708,6.5865
일반남여_일반통합06_F_1524374974_25_수도권_실내_07802.wav,Crop_10pct,0.0,1.0,1,0.6709,27.76,4.712,4.151,,0.6709,0.3354,0.803,0.250111,1259.64,4140.62,0.255708,6.5865
일반남여_일반통합06_F_1524374974_25_수도권_실내_07802.wav,TSM_1.1x,0.0,1.0,0,0.2699,,4.097,1.104,,0.2699,0.135,0.4251,0.250111,1259.64,4140.62,0.255708,6.5865
일반남여_일반통합06_F_1524374974_25_수도권_실내_07802.wav,AWGN_30dB,0.0,1.0,1,0.662,25.57,4.053,1.958,,0.662,0.331,0.7966,0.250111,1259.64,4140.62,0.255708,6.5865
일반남여_일반통합06_F_1524374974_25_수도권_실내_07802.wav,Limiter,0.0,1.0,1,1.0,27.48,4.713,4.062,,1.0,0.5,1.0,0.250111,1259.64,4140.62,0.255708,6.5865
일반남여_일반통합06_F_1524374974_25_수도권_실내_07802.wav,Opus_32kbps,0.0,1.0,1,1.0,22.23,4.534,4.026,,1.0,0.5,1.0,0.250111,1259.64,4140.62,0.255708,6.5865
일반남여_일반통합06_F_1524374974_25_수도권_실내_07802.wav,AAC_128kbps,0.0,1.0,1,1.0,27.4,4.708,4.031,,1.0,0.5,1.0,0.250111,1259.64,4140.62,0.255708,6.5865
일반남여_일반통합06_F_1524374974_25_수도권_실내_07802.wav,TelephoneFilter,0.0,1.0,1,1.0,-11.7,4.038,2.791,,1.0,0.5,1.0,0.250111,1259.64,4140.62,0.255708,6.5865
일반남여_일반통합06_F_1524374974_25_수도권_실내_07802.wav,EnCodec_6kbps,0.4375,0.125,0,0.3286,8.05,4.46,2.107,,0.3295,0.1647,0.4956,0.250111,1259.64,4140.62,0.255708,6.5865
일반남여_일반통합06_F_1524374974_25_수도권_실내_07802.wav,DAC,0.5,0.0,0,0.3117,-6.36,4.595,3.368,,0.3119,0.1559,0.4755,0.250111,1259.64,4140.62,0.255708,6.5865
일반남여_일반통합06_F_1524374974_25_수도권_실내_07811.wav,NoAttack,0.0,1.0,1,1.0,23.47,4.711,3.928,,1.0,0.5,1.0,0.187358,1264.53,5265.62,0.196262,10.6188
일반남여_일반통합06_F_1524374974_25_수도권_실내_07811.wav,MP3_128kbps,0.0,1.0,1,1.0,23.39,4.698,3.921,,1.0,0.5,1.0,0.187358,1264.53,5265.62,0.196262,10.6188
일반남여_일반통합06_F_1524374974_25_수도권_실내_07811.wav,MP3_320kbps,0.0,1.0,1,1.0,23.39,4.698,3.921,,1.0,0.5,1.0,0.187358,1264.53,5265.62,0.196262,10.6188
일반남여_일반통합06_F_1524374974_25_수도권_실내_07811.wav,Resample_44100RT,0.0,1.0,1,1.0,23.46,4.708,3.928,,1.0,0.5,1.0,0.187358,1264.53,5265.62,0.196262,10.6188
일반남여_일반통합06_F_1524374974_25_수도권_실내_07811.wav,Crop_10pct,0.0,1.0,0,0.1644,23.53,4.711,3.892,,0.1644,0.0822,0.2823,0.187358,1264.53,5265.62,0.196262,10.6188
일반남여_일반통합06_F_1524374974_25_수도권_실내_07811.wav,TSM_1.1x,0.0,1.0,0,0.2953,,4.17,1.098,,0.2953,0.1477,0.456,0.187358,1264.53,5265.62,0.196262,10.6188
일반남여_일반통합06_F_1524374974_25_수도권_실내_07811.wav,AWGN_30dB,0.0,1.0,1,0.9928,22.58,4.029,1.949,,0.9928,0.4964,0.9964,0.187358,1264.53,5265.62,0.196262,10.6188
일반남여_일반통합06_F_1524374974_25_수도권_실내_07811.wav,Limiter,0.0,1.0,1,1.0,23.47,4.711,3.928,,1.0,0.5,1.0,0.187358,1264.53,5265.62,0.196262,10.6188
일반남여_일반통합06_F_1524374974_25_수도권_실내_07811.wav,Opus_32kbps,0.0,1.0,1,1.0,21.13,4.588,3.884,,1.0,0.5,1.0,0.187358,1264.53,5265.62,0.196262,10.6188
일반남여_일반통합06_F_1524374974_25_수도권_실내_07811.wav,AAC_128kbps,0.0,1.0,1,1.0,23.47,4.709,3.908,,1.0,0.5,1.0,0.187358,1264.53,5265.62,0.196262,10.6188
일반남여_일반통합06_F_1524374974_25_수도권_실내_07811.wav,TelephoneFilter,0.0,1.0,1,1.0,-0.99,4.207,2.652,,1.0,0.5,1.0,0.187358,1264.53,5265.62,0.196262,10.6188
일반남여_일반통합06_F_1524374974_25_수도권_실내_07811.wav,EnCodec_6kbps,0.4375,0.125,0,0.1773,6.91,4.444,2.192,,0.1773,0.0887,0.3012,0.187358,1264.53,5265.62,0.196262,10.6188
일반남여_일반통합06_F_1524374974_25_수도권_실내_07811.wav,DAC,0.5,0.0,0,0.3788,-38.72,4.591,3.019,,0.3796,0.1898,0.5503,0.187358,1264.53,5265.62,0.196262,10.6188
일반남여_일반통합06_F_1524374974_25_수도권_실내_07812.wav,NoAttack,0.0,1.0,1,1.0,26.34,4.715,4.052,,1.0,0.5,1.0,0.205971,1194.01,3375.0,0.255682,8.6315
일반남여_일반통합06_F_1524374974_25_수도권_실내_07812.wav,MP3_128kbps,0.0,1.0,1,1.0,26.31,4.674,4.049,,1.0,0.5,1.0,0.205971,1194.01,3375.0,0.255682,8.6315
일반남여_일반통합06_F_1524374974_25_수도권_실내_07812.wav,MP3_320kbps,0.0,1.0,1,1.0,26.31,4.674,4.049,,1.0,0.5,1.0,0.205971,1194.01,3375.0,0.255682,8.6315
일반남여_일반통합06_F_1524374974_25_수도권_실내_07812.wav,Resample_44100RT,0.0,1.0,1,1.0,26.34,4.714,4.052,,1.0,0.5,1.0,0.205971,1194.01,3375.0,0.255682,8.6315
일반남여_일반통합06_F_1524374974_25_수도권_실내_07812.wav,Crop_10pct,0.0,1.0,1,0.8374,26.41,4.713,4.127,,0.8374,0.4187,0.9115,0.205971,1194.01,3375.0,0.255682,8.6315
일반남여_일반통합06_F_1524374974_25_수도권_실내_07812.wav,TSM_1.1x,0.0,1.0,0,0.3737,,4.102,1.106,,0.3737,0.1868,0.5441,0.205971,1194.01,3375.0,0.255682,8.6315
일반남여_일반통합06_F_1524374974_25_수도권_실내_07812.wav,AWGN_30dB,0.0,1.0,1,0.8212,24.8,3.977,1.826,,0.8212,0.4106,0.9019,0.205971,1194.01,3375.0,0.255682,8.6315
일반남여_일반통합06_F_1524374974_25_수도권_실내_07812.wav,Limiter,0.0,1.0,1,1.0,26.34,4.715,4.052,,1.0,0.5,1.0,0.205971,1194.01,3375.0,0.255682,8.6315
일반남여_일반통합06_F_1524374974_25_수도권_실내_07812.wav,Opus_32kbps,0.0,1.0,1,1.0,23.32,4.574,4.076,,1.0,0.5,1.0,0.205971,1194.01,3375.0,0.255682,8.6315
일반남여_일반통합06_F_1524374974_25_수도권_실내_07812.wav,AAC_128kbps,0.0,1.0,1,1.0,26.34,4.711,4.041,,1.0,0.5,1.0,0.205971,1194.01,3375.0,0.255682,8.6315
일반남여_일반통합06_F_1524374974_25_수도권_실내_07812.wav,TelephoneFilter,0.0,1.0,1,1.0,-2.76,4.121,3.059,,1.0,0.5,1.0,0.205971,1194.01,3375.0,0.255682,8.6315
일반남여_일반통합06_F_1524374974_25_수도권_실내_07812.wav,EnCodec_6kbps,0.5,0.0,0,0.2337,8.42,4.46,2.275,,0.2346,0.1173,0.3801,0.205971,1194.01,3375.0,0.255682,8.6315
일반남여_일반통합06_F_1524374974_25_수도권_실내_07812.wav,DAC,0.5,0.0,1,0.5838,-37.19,4.594,3.516,,0.5844,0.2922,0.7377,0.205971,1194.01,3375.0,0.255682,8.6315
일반남여_일반통합06_F_1524374974_25_수도권_실내_07814.wav,NoAttack,0.0,1.0,1,1.0,23.74,4.72,4.046,,1.0,0.5,1.0,0.291376,1321.79,6078.12,0.305419,10.137
일반남여_일반통합06_F_1524374974_25_수도권_실내_07814.wav,MP3_128kbps,0.0,1.0,1,1.0,23.62,4.689,4.036,,1.0,0.5,1.0,0.291376,1321.79,6078.12,0.305419,10.137
일반남여_일반통합06_F_1524374974_25_수도권_실내_07814.wav,MP3_320kbps,0.0,1.0,1,1.0,23.62,4.688,4.036,,1.0,0.5,1.0,0.291376,1321.79,6078.12,0.305419,10.137
일반남여_일반통합06_F_1524374974_25_수도권_실내_07814.wav,Resample_44100RT,0.0,1.0,1,1.0,23.74,4.72,4.046,,1.0,0.5,1.0,0.291376,1321.79,6078.12,0.305419,10.137
일반남여_일반통합06_F_1524374974_25_수도권_실내_07814.wav,Crop_10pct,0.0,1.0,0,0.449,23.57,4.719,4.048,,0.449,0.2245,0.6198,0.291376,1321.79,6078.12,0.305419,10.137
일반남여_일반통합06_F_1524374974_25_수도권_실내_07814.wav,TSM_1.1x,0.0,1.0,0,0.3183,,4.021,1.086,,0.3183,0.1592,0.4829,0.291376,1321.79,6078.12,0.305419,10.137
일반남여_일반통합06_F_1524374974_25_수도권_실내_07814.wav,AWGN_30dB,0.0,1.0,1,0.7407,22.8,4.156,2.324,,0.7407,0.3703,0.851,0.291376,1321.79,6078.12,0.305419,10.137
일반남여_일반통합06_F_1524374974_25_수도권_실내_07814.wav,Limiter,0.0,1.0,1,1.0,23.74,4.72,4.046,,1.0,0.5,1.0,0.291376,1321.79,6078.12,0.305419,10.137
일반남여_일반통합06_F_1524374974_25_수도권_실내_07814.wav,Opus_32kbps,0.0,1.0,1,1.0,19.73,4.503,4.067,,1.0,0.5,1.0,0.291376,1321.79,6078.12,0.305419,10.137
일반남여_일반통합06_F_1524374974_25_수도권_실내_07814.wav,AAC_128kbps,0.0,1.0,1,1.0,23.69,4.719,3.961,,1.0,0.5,1.0,0.291376,1321.79,6078.12,0.305419,10.137
일반남여_일반통합06_F_1524374974_25_수도권_실내_07814.wav,TelephoneFilter,0.0,1.0,1,1.0,-2.07,3.915,2.786,,1.0,0.5,1.0,0.291376,1321.79,6078.12,0.305419,10.137
일반남여_일반통합06_F_1524374974_25_수도권_실내_07814.wav,EnCodec_6kbps,0.5,0.0,0,0.1765,6.09,4.485,2.433,,0.1771,0.0885,0.3009,0.291376,1321.79,6078.12,0.305419,10.137
일반남여_일반통합06_F_1524374974_25_수도권_실내_07814.wav,DAC,0.5,0.0,0,0.3229,-26.74,4.587,3.683,,0.3247,0.1623,0.4902,0.291376,1321.79,6078.12,0.305419,10.137
일반남여_일반통합06_F_1524374974_25_수도권_실내_07820.wav,NoAttack,0.0,1.0,1,1.0,25.63,4.714,3.912,,1.0,0.5,1.0,0.219516,1091.8,2125.0,0.238318,9.6064
일반남여_일반통합06_F_1524374974_25_수도권_실내_07820.wav,MP3_128kbps,0.0,1.0,1,1.0,25.61,4.688,3.905,,1.0,0.5,1.0,0.219516,1091.8,2125.0,0.238318,9.6064
일반남여_일반통합06_F_1524374974_25_수도권_실내_07820.wav,MP3_320kbps,0.0,1.0,1,1.0,25.61,4.688,3.905,,1.0,0.5,1.0,0.219516,1091.8,2125.0,0.238318,9.6064
일반남여_일반통합06_F_1524374974_25_수도권_실내_07820.wav,Resample_44100RT,0.0,1.0,1,1.0,25.63,4.714,3.913,,1.0,0.5,1.0,0.219516,1091.8,2125.0,0.238318,9.6064
일반남여_일반통합06_F_1524374974_25_수도권_실내_07820.wav,Crop_10pct,0.0,1.0,1,0.517,24.5,4.714,3.821,,0.517,0.2585,0.6816,0.219516,1091.8,2125.0,0.238318,9.6064
일반남여_일반통합06_F_1524374974_25_수도권_실내_07820.wav,TSM_1.1x,0.0,1.0,0,0.3076,,4.13,1.112,,0.3076,0.1538,0.4705,0.219516,1091.8,2125.0,0.238318,9.6064
일반남여_일반통합06_F_1524374974_25_수도권_실내_07820.wav,AWGN_30dB,0.0,1.0,1,0.9201,24.28,4.077,1.939,,0.9201,0.46,0.9584,0.219516,1091.8,2125.0,0.238318,9.6064
일반남여_일반통합06_F_1524374974_25_수도권_실내_07820.wav,Limiter,0.0,1.0,1,1.0,25.63,4.714,3.912,,1.0,0.5,1.0,0.219516,1091.8,2125.0,0.238318,9.6064
일반남여_일반통합06_F_1524374974_25_수도권_실내_07820.wav,Opus_32kbps,0.0,1.0,1,1.0,23.44,4.595,3.906,,1.0,0.5,1.0,0.219516,1091.8,2125.0,0.238318,9.6064
일반남여_일반통합06_F_1524374974_25_수도권_실내_07820.wav,AAC_128kbps,0.0,1.0,1,1.0,25.61,4.71,3.898,,1.0,0.5,1.0,0.219516,1091.8,2125.0,0.238318,9.6064
일반남여_일반통합06_F_1524374974_25_수도권_실내_07820.wav,TelephoneFilter,0.0,1.0,1,1.0,-4.96,4.111,3.085,,1.0,0.5,1.0,0.219516,1091.8,2125.0,0.238318,9.6064
일반남여_일반통합06_F_1524374974_25_수도권_실내_07820.wav,EnCodec_6kbps,0.4375,0.125,0,0.0513,8.33,4.501,2.396,,0.0513,0.0257,0.0976,0.219516,1091.8,2125.0,0.238318,9.6064
일반남여_일반통합06_F_1524374974_25_수도권_실내_07820.wav,DAC,0.5,0.0,0,0.3439,-16.83,4.583,3.409,,0.3446,0.1723,0.5125,0.219516,1091.8,2125.0,0.238318,9.6064
일반남여_일반통합06_F_1524374974_25_수도권_실내_07822.wav,NoAttack,0.0,1.0,1,1.0,23.7,4.717,4.005,,1.0,0.5,1.0,0.258902,1198.73,2765.62,0.275701,7.4009
일반남여_일반통합06_F_1524374974_25_수도권_실내_07822.wav,MP3_128kbps,0.0,1.0,1,1.0,23.68,4.704,3.995,,1.0,0.5,1.0,0.258902,1198.73,2765.62,0.275701,7.4009
일반남여_일반통합06_F_1524374974_25_수도권_실내_07822.wav,MP3_320kbps,0.0,1.0,1,1.0,23.69,4.703,3.994,,1.0,0.5,1.0,0.258902,1198.73,2765.62,0.275701,7.4009
일반남여_일반통합06_F_1524374974_25_수도권_실내_07822.wav,Resample_44100RT,0.0,1.0,1,1.0,23.7,4.717,4.005,,1.0,0.5,1.0,0.258902,1198.73,2765.62,0.275701,7.4009
일반남여_일반통합06_F_1524374974_25_수도권_실내_07822.wav,Crop_10pct,0.0,1.0,1,0.9491,23.74,4.716,3.986,,0.9491,0.4745,0.9739,0.258902,1198.73,2765.62,0.275701,7.4009
일반남여_일반통합06_F_1524374974_25_수도권_실내_07822.wav,TSM_1.1x,0.0,1.0,0,0.3034,,4.042,1.088,,0.3034,0.1517,0.4656,0.258902,1198.73,2765.62,0.275701,7.4009
일반남여_일반통합06_F_1524374974_25_수도권_실내_07822.wav,AWGN_30dB,0.0,1.0,1,0.8415,22.78,4.046,1.921,,0.8415,0.4208,0.9139,0.258902,1198.73,2765.62,0.275701,7.4009
일반남여_일반통합06_F_1524374974_25_수도권_실내_07822.wav,Limiter,0.0,1.0,1,1.0,23.7,4.717,4.005,,1.0,0.5,1.0,0.258902,1198.73,2765.62,0.275701,7.4009
일반남여_일반통합06_F_1524374974_25_수도권_실내_07822.wav,Opus_32kbps,0.0,1.0,1,1.0,21.55,4.562,3.968,,1.0,0.5,1.0,0.258902,1198.73,2765.62,0.275701,7.4009
일반남여_일반통합06_F_1524374974_25_수도권_실내_07822.wav,AAC_128kbps,0.0,1.0,1,1.0,23.68,4.711,3.974,,1.0,0.5,1.0,0.258902,1198.73,2765.62,0.275701,7.4009
일반남여_일반통합06_F_1524374974_25_수도권_실내_07822.wav,TelephoneFilter,0.0,1.0,1,1.0,-4.35,3.986,2.583,,1.0,0.5,1.0,0.258902,1198.73,2765.62,0.275701,7.4009
일반남여_일반통합06_F_1524374974_25_수도권_실내_07822.wav,EnCodec_6kbps,0.375,0.25,0,0.2641,9.02,4.461,2.149,,0.2641,0.1321,0.4179,0.258902,1198.73,2765.62,0.275701,7.4009
일반남여_일반통합06_F_1524374974_25_수도권_실내_07822.wav,DAC,0.5,0.0,0,0.3555,-21.48,4.575,3.293,,0.3562,0.1781,0.5253,0.258902,1198.73,2765.62,0.275701,7.4009
일반남여_일반통합06_F_1524374974_25_수도권_실내_07826.wav,NoAttack,0.0,1.0,1,1.0,25.33,4.72,3.895,,1.0,0.5,1.0,0.320702,1202.34,1562.5,0.394231,9.2175
일반남여_일반통합06_F_1524374974_25_수도권_실내_07826.wav,MP3_128kbps,0.0,1.0,1,1.0,25.33,4.7,3.896,,1.0,0.5,1.0,0.320702,1202.34,1562.5,0.394231,9.2175
일반남여_일반통합06_F_1524374974_25_수도권_실내_07826.wav,MP3_320kbps,0.0,1.0,1,1.0,25.33,4.699,3.894,,1.0,0.5,1.0,0.320702,1202.34,1562.5,0.394231,9.2175
일반남여_일반통합06_F_1524374974_25_수도권_실내_07826.wav,Resample_44100RT,0.0,1.0,1,1.0,25.33,4.72,3.895,,1.0,0.5,1.0,0.320702,1202.34,1562.5,0.394231,9.2175
일반남여_일반통합06_F_1524374974_25_수도권_실내_07826.wav,Crop_10pct,0.0,1.0,0,0.1421,25.32,4.721,3.864,,0.1421,0.071,0.2488,0.320702,1202.34,1562.5,0.394231,9.2175
일반남여_일반통합06_F_1524374974_25_수도권_실내_07826.wav,TSM_1.1x,0.0,1.0,0,0.3058,,4.189,1.149,,0.3058,0.1529,0.4683,0.320702,1202.34,1562.5,0.394231,9.2175
일반남여_일반통합06_F_1524374974_25_수도권_실내_07826.wav,AWGN_30dB,0.0,1.0,1,0.7061,24.05,3.972,2.084,,0.7061,0.353,0.8277,0.320702,1202.34,1562.5,0.394231,9.2175
일반남여_일반통합06_F_1524374974_25_수도권_실내_07826.wav,Limiter,0.0,1.0,1,1.0,25.33,4.72,3.895,,1.0,0.5,1.0,0.320702,1202.34,1562.5,0.394231,9.2175
일반남여_일반통합06_F_1524374974_25_수도권_실내_07826.wav,Opus_32kbps,0.0,1.0,1,1.0,23.68,4.589,3.907,,1.0,0.5,1.0,0.320702,1202.34,1562.5,0.394231,9.2175
일반남여_일반통합06_F_1524374974_25_수도권_실내_07826.wav,AAC_128kbps,0.0,1.0,1,1.0,25.32,4.713,3.836,,1.0,0.5,1.0,0.320702,1202.34,1562.5,0.394231,9.2175
일반남여_일반통합06_F_1524374974_25_수도권_실내_07826.wav,TelephoneFilter,0.0,1.0,1,1.0,-8.77,4.139,3.339,,1.0,0.5,1.0,0.320702,1202.34,1562.5,0.394231,9.2175
일반남여_일반통합06_F_1524374974_25_수도권_실내_07826.wav,EnCodec_6kbps,0.375,0.25,0,0.2402,10.37,4.485,2.517,,0.2407,0.1203,0.388,0.320702,1202.34,1562.5,0.394231,9.2175
일반남여_일반통합06_F_1524374974_25_수도권_실내_07826.wav,DAC,0.625,-0.25,0,0.4699,-9.59,4.591,3.658,,0.4717,0.2358,0.641,0.320702,1202.34,1562.5,0.394231,9.2175
일반남여_일반통합06_F_1524374974_25_수도권_실내_07834.wav,NoAttack,0.0,1.0,1,1.0,26.08,4.718,3.96,,1.0,0.5,1.0,0.274663,1188.64,4312.5,0.283654,7.8164
일반남여_일반통합06_F_1524374974_25_수도권_실내_07834.wav,MP3_128kbps,0.0,1.0,1,1.0,25.97,4.689,3.95,,1.0,0.5,1.0,0.274663,1188.64,4312.5,0.283654,7.8164
일반남여_일반통합06_F_1524374974_25_수도권_실내_07834.wav,MP3_320kbps,0.0,1.0,1,1.0,25.97,4.689,3.951,,1.0,0.5,1.0,0.274663,1188.64,4312.5,0.283654,7.8164
일반남여_일반통합06_F_1524374974_25_수도권_실내_07834.wav,Resample_44100RT,0.0,1.0,1,1.0,26.08,4.718,3.96,,1.0,0.5,1.0,0.274663,1188.64,4312.5,0.283654,7.8164
일반남여_일반통합06_F_1524374974_25_수도권_실내_07834.wav,Crop_10pct,0.0,1.0,0,0.3589,27.79,4.719,3.927,,0.3589,0.1794,0.5282,0.274663,1188.64,4312.5,0.283654,7.8164
일반남여_일반통합06_F_1524374974_25_수도권_실내_07834.wav,TSM_1.1x,0.0,1.0,0,0.3484,,4.066,1.082,,0.3484,0.1742,0.5167,0.274663,1188.64,4312.5,0.283654,7.8164
일반남여_일반통합06_F_1524374974_25_수도권_실내_07834.wav,AWGN_30dB,0.0,1.0,1,0.7812,24.61,4.143,2.018,,0.7812,0.3906,0.8771,0.274663,1188.64,4312.5,0.283654,7.8164
일반남여_일반통합06_F_1524374974_25_수도권_실내_07834.wav,Limiter,0.0,1.0,1,1.0,26.08,4.718,3.96,,1.0,0.5,1.0,0.274663,1188.64,4312.5,0.283654,7.8164
일반남여_일반통합06_F_1524374974_25_수도권_실내_07834.wav,Opus_32kbps,0.0,1.0,1,1.0,21.62,4.512,3.924,,1.0,0.5,1.0,0.274663,1188.64,4312.5,0.283654,7.8164
일반남여_일반통합06_F_1524374974_25_수도권_실내_07834.wav,AAC_128kbps,0.0,1.0,1,1.0,26.01,4.715,3.946,,1.0,0.5,1.0,0.274663,1188.64,4312.5,0.283654,7.8164
일반남여_일반통합06_F_1524374974_25_수도권_실내_07834.wav,TelephoneFilter,0.0,1.0,1,1.0,-3.93,3.934,2.584,,1.0,0.5,1.0,0.274663,1188.64,4312.5,0.283654,7.8164
일반남여_일반통합06_F_1524374974_25_수도권_실내_07834.wav,EnCodec_6kbps,0.375,0.25,0,0.1991,6.85,4.42,2.14,,0.1994,0.0997,0.3326,0.274663,1188.64,4312.5,0.283654,7.8164
일반남여_일반통합06_F_1524374974_25_수도권_실내_07834.wav,DAC,0.5625,-0.125,0,0.3857,-18.38,4.561,3.37,,0.3871,0.1936,0.5582,0.274663,1188.64,4312.5,0.283654,7.8164
일반남여_일반통합06_F_1524374974_25_수도권_실내_07836.wav,NoAttack,0.0,1.0,1,1.0,15.49,4.689,4.005,,1.0,0.5,1.0,0.369675,1365.15,2937.5,0.367188,8.0868
일반남여_일반통합06_F_1524374974_25_수도권_실내_07836.wav,MP3_128kbps,0.0,1.0,1,1.0,15.48,4.689,3.997,,1.0,0.5,1.0,0.369675,1365.15,2937.5,0.367188,8.0868
일반남여_일반통합06_F_1524374974_25_수도권_실내_07836.wav,MP3_320kbps,0.0,1.0,1,1.0,15.48,4.689,3.997,,1.0,0.5,1.0,0.369675,1365.15,2937.5,0.367188,8.0868
일반남여_일반통합06_F_1524374974_25_수도권_실내_07836.wav,Resample_44100RT,0.0,1.0,1,1.0,15.49,4.69,4.005,,1.0,0.5,1.0,0.369675,1365.15,2937.5,0.367188,8.0868
일반남여_일반통합06_F_1524374974_25_수도권_실내_07836.wav,Crop_10pct,0.0,1.0,0,0.4439,19.71,4.706,3.899,,0.4439,0.222,0.6149,0.369675,1365.15,2937.5,0.367188,8.0868
일반남여_일반통합06_F_1524374974_25_수도권_실내_07836.wav,TSM_1.1x,0.0,1.0,1,0.5113,,4.119,1.155,,0.5113,0.2557,0.6766,0.369675,1365.15,2937.5,0.367188,8.0868
일반남여_일반통합06_F_1524374974_25_수도권_실내_07836.wav,AWGN_30dB,0.0,1.0,1,0.7652,15.34,4.138,2.461,,0.7652,0.3826,0.867,0.369675,1365.15,2937.5,0.367188,8.0868
일반남여_일반통합06_F_1524374974_25_수도권_실내_07836.wav,Limiter,0.0,1.0,1,1.0,15.49,4.689,4.005,,1.0,0.5,1.0,0.369675,1365.15,2937.5,0.367188,8.0868
일반남여_일반통합06_F_1524374974_25_수도권_실내_07836.wav,Opus_32kbps,0.0,1.0,1,1.0,15.02,4.532,3.97,,1.0,0.5,1.0,0.369675,1365.15,2937.5,0.367188,8.0868
일반남여_일반통합06_F_1524374974_25_수도권_실내_07836.wav,AAC_128kbps,0.0,1.0,1,1.0,15.49,4.692,4.002,,1.0,0.5,1.0,0.369675,1365.15,2937.5,0.367188,8.0868
일반남여_일반통합06_F_1524374974_25_수도권_실내_07836.wav,TelephoneFilter,0.0,1.0,1,1.0,-1.68,3.917,3.296,,1.0,0.5,1.0,0.369675,1365.15,2937.5,0.367188,8.0868
일반남여_일반통합06_F_1524374974_25_수도권_실내_07836.wav,EnCodec_6kbps,0.375,0.25,1,0.602,6.29,4.454,2.476,,0.6037,0.3018,0.7529,0.369675,1365.15,2937.5,0.367188,8.0868
일반남여_일반통합06_F_1524374974_25_수도권_실내_07836.wav,DAC,0.5625,-0.125,0,0.4286,-16.86,4.6,3.625,,0.4311,0.2156,0.6025,0.369675,1365.15,2937.5,0.367188,8.0868
일반남여_일반통합06_F_1524374974_25_수도권_실내_07838.wav,NoAttack,0.0,1.0,1,1.0,27.58,4.718,4.042,,1.0,0.5,1.0,0.283434,1104.05,5203.12,0.300493,11.8868
일반남여_일반통합06_F_1524374974_25_수도권_실내_07838.wav,MP3_128kbps,0.0,1.0,1,1.0,27.24,4.713,4.031,,1.0,0.5,1.0,0.283434,1104.05,5203.12,0.300493,11.8868
일반남여_일반통합06_F_1524374974_25_수도권_실내_07838.wav,MP3_320kbps,0.0,1.0,1,1.0,27.24,4.713,4.03,,1.0,0.5,1.0,0.283434,1104.05,5203.12,0.300493,11.8868
일반남여_일반통합06_F_1524374974_25_수도권_실내_07838.wav,Resample_44100RT,0.0,1.0,1,1.0,27.58,4.718,4.041,,1.0,0.5,1.0,0.283434,1104.05,5203.12,0.300493,11.8868
일반남여_일반통합06_F_1524374974_25_수도권_실내_07838.wav,Crop_10pct,0.1875,0.625,0,0.1275,27.59,4.714,4.02,,0.1275,0.0638,0.2262,0.283434,1104.05,5203.12,0.300493,11.8868
일반남여_일반통합06_F_1524374974_25_수도권_실내_07838.wav,TSM_1.1x,0.0,1.0,0,0.3566,,4.036,1.095,,0.3566,0.1783,0.5257,0.283434,1104.05,5203.12,0.300493,11.8868
일반남여_일반통합06_F_1524374974_25_수도권_실내_07838.wav,AWGN_30dB,0.0,1.0,1,0.806,25.62,4.026,1.899,,0.806,0.403,0.8926,0.283434,1104.05,5203.12,0.300493,11.8868
일반남여_일반통합06_F_1524374974_25_수도권_실내_07838.wav,Limiter,0.0,1.0,1,1.0,27.58,4.718,4.042,,1.0,0.5,1.0,0.283434,1104.05,5203.12,0.300493,11.8868
일반남여_일반통합06_F_1524374974_25_수도권_실내_07838.wav,Opus_32kbps,0.0,1.0,1,1.0,21.42,4.562,4.043,,1.0,0.5,1.0,0.283434,1104.05,5203.12,0.300493,11.8868
일반남여_일반통합06_F_1524374974_25_수도권_실내_07838.wav,AAC_128kbps,0.0,1.0,1,1.0,27.5,4.713,3.924,,1.0,0.5,1.0,0.283434,1104.05,5203.12,0.300493,11.8868
일반남여_일반통합06_F_1524374974_25_수도권_실내_07838.wav,TelephoneFilter,0.0,1.0,1,1.0,-2.83,3.982,2.577,,1.0,0.5,1.0,0.283434,1104.05,5203.12,0.300493,11.8868
일반남여_일반통합06_F_1524374974_25_수도권_실내_07838.wav,EnCodec_6kbps,0.375,0.25,0,0.3699,6.17,4.469,2.308,,0.3689,0.1845,0.539,0.283434,1104.05,5203.12,0.300493,11.8868
일반남여_일반통합06_F_1524374974_25_수도권_실내_07838.wav,DAC,0.5625,-0.125,1,0.5007,-28.05,4.599,3.571,,0.5034,0.2517,0.6697,0.283434,1104.05,5203.12,0.300493,11.8868
일반남여_일반통합06_F_1524374974_25_수도권_실내_07840.wav,NoAttack,0.0,1.0,1,1.0,28.66,4.717,4.167,,1.0,0.5,1.0,0.376494,826.35,2593.75,0.3875,5.2914
일반남여_일반통합06_F_1524374974_25_수도권_실내_07840.wav,MP3_128kbps,0.0,1.0,1,1.0,28.62,4.713,4.156,,1.0,0.5,1.0,0.376494,826.35,2593.75,0.3875,5.2914
일반남여_일반통합06_F_1524374974_25_수도권_실내_07840.wav,MP3_320kbps,0.0,1.0,1,1.0,28.62,4.713,4.157,,1.0,0.5,1.0,0.376494,826.35,2593.75,0.3875,5.2914
일반남여_일반통합06_F_1524374974_25_수도권_실내_07840.wav,Resample_44100RT,0.0,1.0,1,1.0,28.66,4.717,4.167,,1.0,0.5,1.0,0.376494,826.35,2593.75,0.3875,5.2914
일반남여_일반통합06_F_1524374974_25_수도권_실내_07840.wav,Crop_10pct,0.0,1.0,1,0.7263,28.56,4.714,4.14,,0.7263,0.3632,0.8415,0.376494,826.35,2593.75,0.3875,5.2914
일반남여_일반통합06_F_1524374974_25_수도권_실내_07840.wav,TSM_1.1x,0.0,1.0,0,0.3191,,4.018,1.117,,0.3191,0.1595,0.4838,0.376494,826.35,2593.75,0.3875,5.2914
일반남여_일반통합06_F_1524374974_25_수도권_실내_07840.wav,AWGN_30dB,0.0,1.0,1,0.6907,26.26,4.078,2.164,,0.6907,0.3454,0.8171,0.376494,826.35,2593.75,0.3875,5.2914
일반남여_일반통합06_F_1524374974_25_수도권_실내_07840.wav,Limiter,0.0,1.0,1,1.0,28.66,4.717,4.167,,1.0,0.5,1.0,0.376494,826.35,2593.75,0.3875,5.2914
일반남여_일반통합06_F_1524374974_25_수도권_실내_07840.wav,Opus_32kbps,0.0,1.0,1,1.0,25.04,4.543,4.108,,1.0,0.5,1.0,0.376494,826.35,2593.75,0.3875,5.2914
일반남여_일반통합06_F_1524374974_25_수도권_실내_07840.wav,AAC_128kbps,0.0,1.0,1,1.0,28.59,4.719,4.157,,1.0,0.5,1.0,0.376494,826.35,2593.75,0.3875,5.2914
일반남여_일반통합06_F_1524374974_25_수도권_실내_07840.wav,TelephoneFilter,0.0,1.0,1,1.0,-10.12,3.926,2.932,,1.0,0.5,1.0,0.376494,826.35,2593.75,0.3875,5.2914
일반남여_일반통합06_F_1524374974_25_수도권_실내_07840.wav,EnCodec_6kbps,0.4375,0.125,0,0.242,9.94,4.408,2.204,,0.242,0.121,0.3897,0.376494,826.35,2593.75,0.3875,5.2914
일반남여_일반통합06_F_1524374974_25_수도권_실내_07840.wav,DAC,0.5625,-0.125,0,0.3939,-9.28,4.563,3.386,,0.394,0.197,0.5652,0.376494,826.35,2593.75,0.3875,5.2914
일반남여_일반통합06_F_1524374974_25_수도권_실내_07843.wav,NoAttack,0.0,1.0,1,1.0,24.96,4.716,3.879,,1.0,0.5,1.0,0.354082,746.83,1531.25,0.367742,8.667
일반남여_일반통합06_F_1524374974_25_수도권_실내_07843.wav,MP3_128kbps,0.0,1.0,1,1.0,24.96,4.717,3.871,,1.0,0.5,1.0,0.354082,746.83,1531.25,0.367742,8.667
일반남여_일반통합06_F_1524374974_25_수도권_실내_07843.wav,MP3_320kbps,0.0,1.0,1,1.0,24.96,4.717,3.871,,1.0,0.5,1.0,0.354082,746.83,1531.25,0.367742,8.667
일반남여_일반통합06_F_1524374974_25_수도권_실내_07843.wav,Resample_44100RT,0.0,1.0,1,1.0,24.96,4.716,3.879,,1.0,0.5,1.0,0.354082,746.83,1531.25,0.367742,8.667
일반남여_일반통합06_F_1524374974_25_수도권_실내_07843.wav,Crop_10pct,0.0,1.0,1,0.5486,24.36,4.714,3.896,,0.5486,0.2743,0.7085,0.354082,746.83,1531.25,0.367742,8.667
일반남여_일반통합06_F_1524374974_25_수도권_실내_07843.wav,TSM_1.1x,0.0,1.0,0,0.3838,,4.162,1.156,,0.3838,0.1919,0.5547,0.354082,746.83,1531.25,0.367742,8.667
일반남여_일반통합06_F_1524374974_25_수도권_실내_07843.wav,AWGN_30dB,0.0,1.0,1,0.7918,23.76,4.058,2.06,,0.7918,0.3959,0.8838,0.354082,746.83,1531.25,0.367742,8.667
일반남여_일반통합06_F_1524374974_25_수도권_실내_07843.wav,Limiter,0.0,1.0,1,1.0,24.96,4.716,3.879,,1.0,0.5,1.0,0.354082,746.83,1531.25,0.367742,8.667
일반남여_일반통합06_F_1524374974_25_수도권_실내_07843.wav,Opus_32kbps,0.0,1.0,1,1.0,23.71,4.647,3.915,,1.0,0.5,1.0,0.354082,746.83,1531.25,0.367742,8.667
일반남여_일반통합06_F_1524374974_25_수도권_실내_07843.wav,AAC_128kbps,0.0,1.0,1,1.0,24.94,4.715,3.891,,1.0,0.5,1.0,0.354082,746.83,1531.25,0.367742,8.667
일반남여_일반통합06_F_1524374974_25_수도권_실내_07843.wav,TelephoneFilter,0.0,1.0,1,1.0,-2.18,4.143,3.378,,1.0,0.5,1.0,0.354082,746.83,1531.25,0.367742,8.667
일반남여_일반통합06_F_1524374974_25_수도권_실내_07843.wav,EnCodec_6kbps,0.25,0.5,0,0.2083,9.17,4.522,2.201,,0.2088,0.1044,0.3454,0.354082,746.83,1531.25,0.367742,8.667
일반남여_일반통합06_F_1524374974_25_수도권_실내_07843.wav,DAC,0.625,-0.25,0,0.4811,-28.89,4.594,3.369,,0.48,0.24,0.6487,0.354082,746.83,1531.25,0.367742,8.667
일반남여_일반통합06_F_1524374974_25_수도권_실내_07845.wav,NoAttack,0.0,1.0,1,1.0,24.78,4.719,4.134,,1.0,0.5,1.0,0.327455,944.32,1875.0,0.34375,6.4204
일반남여_일반통합06_F_1524374974_25_수도권_실내_07845.wav,MP3_128kbps,0.0,1.0,1,1.0,24.77,4.714,4.132,,1.0,0.5,1.0,0.327455,944.32,1875.0,0.34375,6.4204
일반남여_일반통합06_F_1524374974_25_수도권_실내_07845.wav,MP3_320kbps,0.0,1.0,1,1.0,24.77,4.714,4.132,,1.0,0.5,1.0,0.327455,944.32,1875.0,0.34375,6.4204
일반남여_일반통합06_F_1524374974_25_수도권_실내_07845.wav,Resample_44100RT,0.0,1.0,1,1.0,24.78,4.718,4.134,,1.0,0.5,1.0,0.327455,944.32,1875.0,0.34375,6.4204
일반남여_일반통합06_F_1524374974_25_수도권_실내_07845.wav,Crop_10pct,0.0,1.0,0,0.2501,24.78,4.722,4.13,,0.2501,0.125,0.4001,0.327455,944.32,1875.0,0.34375,6.4204
일반남여_일반통합06_F_1524374974_25_수도권_실내_07845.wav,TSM_1.1x,0.0,1.0,0,0.3657,,4.11,1.108,,0.3657,0.1829,0.5356,0.327455,944.32,1875.0,0.34375,6.4204
일반남여_일반통합06_F_1524374974_25_수도권_실내_07845.wav,AWGN_30dB,0.0,1.0,1,0.6264,23.61,4.03,2.108,,0.6264,0.3132,0.7703,0.327455,944.32,1875.0,0.34375,6.4204
일반남여_일반통합06_F_1524374974_25_수도권_실내_07845.wav,Limiter,0.0,1.0,1,1.0,24.78,4.719,4.134,,1.0,0.5,1.0,0.327455,944.32,1875.0,0.34375,6.4204
일반남여_일반통합06_F_1524374974_25_수도권_실내_07845.wav,Opus_32kbps,0.0,1.0,1,1.0,23.18,4.601,4.139,,1.0,0.5,1.0,0.327455,944.32,1875.0,0.34375,6.4204
일반남여_일반통합06_F_1524374974_25_수도권_실내_07845.wav,AAC_128kbps,0.0,1.0,1,1.0,24.76,4.718,4.124,,1.0,0.5,1.0,0.327455,944.32,1875.0,0.34375,6.4204
일반남여_일반통합06_F_1524374974_25_수도권_실내_07845.wav,TelephoneFilter,0.0,1.0,1,1.0,-4.45,4.069,3.353,,1.0,0.5,1.0,0.327455,944.32,1875.0,0.34375,6.4204
일반남여_일반통합06_F_1524374974_25_수도권_실내_07845.wav,EnCodec_6kbps,0.1875,0.625,0,0.2235,9.42,4.532,2.237,,0.2242,0.1121,0.3662,0.327455,944.32,1875.0,0.34375,6.4204
일반남여_일반통합06_F_1524374974_25_수도권_실내_07845.wav,DAC,0.5625,-0.125,0,0.3638,-22.0,4.588,3.578,,0.3648,0.1824,0.5346,0.327455,944.32,1875.0,0.34375,6.4204
일반남여_일반통합06_F_1524374974_25_수도권_실내_07847.wav,NoAttack,0.0,1.0,1,1.0,20.92,4.726,3.98,,1.0,0.5,1.0,0.430189,981.35,1687.5,0.47482,9.2156
일반남여_일반통합06_F_1524374974_25_수도권_실내_07847.wav,MP3_128kbps,0.0,1.0,1,1.0,20.92,4.723,3.976,,1.0,0.5,1.0,0.430189,981.35,1687.5,0.47482,9.2156
일반남여_일반통합06_F_1524374974_25_수도권_실내_07847.wav,MP3_320kbps,0.0,1.0,1,1.0,20.92,4.723,3.976,,1.0,0.5,1.0,0.430189,981.35,1687.5,0.47482,9.2156
일반남여_일반통합06_F_1524374974_25_수도권_실내_07847.wav,Resample_44100RT,0.0,1.0,1,1.0,20.92,4.726,3.98,,1.0,0.5,1.0,0.430189,981.35,1687.5,0.47482,9.2156
일반남여_일반통합06_F_1524374974_25_수도권_실내_07847.wav,Crop_10pct,0.0,1.0,1,0.8351,23.3,4.725,3.973,,0.8351,0.4176,0.9101,0.430189,981.35,1687.5,0.47482,9.2156
일반남여_일반통합06_F_1524374974_25_수도권_실내_07847.wav,TSM_1.1x,0.0,1.0,1,0.5811,,4.374,1.362,,0.5811,0.2905,0.735,0.430189,981.35,1687.5,0.47482,9.2156
일반남여_일반통합06_F_1524374974_25_수도권_실내_07847.wav,AWGN_30dB,0.0,1.0,1,0.5347,20.4,4.119,2.533,,0.5347,0.2674,0.6968,0.430189,981.35,1687.5,0.47482,9.2156
일반남여_일반통합06_F_1524374974_25_수도권_실내_07847.wav,Limiter,0.0,1.0,1,1.0,20.92,4.726,3.98,,1.0,0.5,1.0,0.430189,981.35,1687.5,0.47482,9.2156
일반남여_일반통합06_F_1524374974_25_수도권_실내_07847.wav,Opus_32kbps,0.0,1.0,1,1.0,20.42,4.607,3.993,,1.0,0.5,1.0,0.430189,981.35,1687.5,0.47482,9.2156
일반남여_일반통합06_F_1524374974_25_수도권_실내_07847.wav,AAC_128kbps,0.0,1.0,1,1.0,20.93,4.72,3.982,,1.0,0.5,1.0,0.430189,981.35,1687.5,0.47482,9.2156
일반남여_일반통합06_F_1524374974_25_수도권_실내_07847.wav,TelephoneFilter,0.0,1.0,1,1.0,-3.89,4.15,3.684,,1.0,0.5,1.0,0.430189,981.35,1687.5,0.47482,9.2156
일반남여_일반통합06_F_1524374974_25_수도권_실내_07847.wav,EnCodec_6kbps,0.5,0.0,0,0.4079,8.48,4.526,2.765,,0.4095,0.2047,0.5811,0.430189,981.35,1687.5,0.47482,9.2156
일반남여_일반통합06_F_1524374974_25_수도권_실내_07847.wav,DAC,0.5625,-0.125,0,0.4361,-22.7,4.645,3.751,,0.4363,0.2182,0.6076,0.430189,981.35,1687.5,0.47482,9.2156
일반남여_일반통합06_F_1524374974_25_수도권_실내_07849.wav,NoAttack,0.0,1.0,1,1.0,23.42,4.709,4.077,,1.0,0.5,1.0,0.387247,978.85,1593.75,0.40625,10.8404
일반남여_일반통합06_F_1524374974_25_수도권_실내_07849.wav,MP3_128kbps,0.0,1.0,1,1.0,23.42,4.689,4.065,,1.0,0.5,1.0,0.387247,978.85,1593.75,0.40625,10.8404
일반남여_일반통합06_F_1524374974_25_수도권_실내_07849.wav,MP3_320kbps,0.0,1.0,1,1.0,23.42,4.689,4.065,,1.0,0.5,1.0,0.387247,978.85,1593.75,0.40625,10.8404
일반남여_일반통합06_F_1524374974_25_수도권_실내_07849.wav,Resample_44100RT,0.0,1.0,1,1.0,23.42,4.709,4.077,,1.0,0.5,1.0,0.387247,978.85,1593.75,0.40625,10.8404
일반남여_일반통합06_F_1524374974_25_수도권_실내_07849.wav,Crop_10pct,0.0,1.0,1,0.5082,21.13,4.705,3.829,,0.5082,0.2541,0.6739,0.387247,978.85,1593.75,0.40625,10.8404
일반남여_일반통합06_F_1524374974_25_수도권_실내_07849.wav,TSM_1.1x,0.0,1.0,0,0.3554,,4.169,1.19,,0.3554,0.1777,0.5244,0.387247,978.85,1593.75,0.40625,10.8404
일반남여_일반통합06_F_1524374974_25_수도권_실내_07849.wav,AWGN_30dB,0.0,1.0,1,1.0,22.53,4.147,2.195,,1.0,0.5,1.0,0.387247,978.85,1593.75,0.40625,10.8404
일반남여_일반통합06_F_1524374974_25_수도권_실내_07849.wav,Limiter,0.0,1.0,1,1.0,23.42,4.709,4.077,,1.0,0.5,1.0,0.387247,978.85,1593.75,0.40625,10.8404
일반남여_일반통합06_F_1524374974_25_수도권_실내_07849.wav,Opus_32kbps,0.0,1.0,1,1.0,22.12,4.578,4.064,,1.0,0.5,1.0,0.387247,978.85,1593.75,0.40625,10.8404
일반남여_일반통합06_F_1524374974_25_수도권_실내_07849.wav,AAC_128kbps,0.0,1.0,1,1.0,23.43,4.71,4.039,,1.0,0.5,1.0,0.387247,978.85,1593.75,0.40625,10.8404
일반남여_일반통합06_F_1524374974_25_수도권_실내_07849.wav,TelephoneFilter,0.0,1.0,1,1.0,-0.04,4.122,3.381,,1.0,0.5,1.0,0.387247,978.85,1593.75,0.40625,10.8404
일반남여_일반통합06_F_1524374974_25_수도권_실내_07849.wav,EnCodec_6kbps,0.3125,0.375,0,0.1432,8.08,4.501,2.452,,0.1437,0.0718,0.2512,0.387247,978.85,1593.75,0.40625,10.8404
일반남여_일반통합06_F_1524374974_25_수도권_실내_07849.wav,DAC,0.5625,-0.125,1,0.5722,-15.79,4.582,3.66,,0.5756,0.2878,0.7306,0.387247,978.85,1593.75,0.40625,10.8404
일반남여_일반통합06_F_1524374974_25_수도권_실내_07851.wav,NoAttack,0.0,1.0,1,1.0,25.0,4.717,3.74,,1.0,0.5,1.0,0.258366,1315.29,4750.0,0.33125,11.5978
일반남여_일반통합06_F_1524374974_25_수도권_실내_07851.wav,MP3_128kbps,0.0,1.0,1,1.0,24.93,4.698,3.735,,1.0,0.5,1.0,0.258366,1315.29,4750.0,0.33125,11.5978
일반남여_일반통합06_F_1524374974_25_수도권_실내_07851.wav,MP3_320kbps,0.0,1.0,1,1.0,24.94,4.698,3.735,,1.0,0.5,1.0,0.258366,1315.29,4750.0,0.33125,11.5978
일반남여_일반통합06_F_1524374974_25_수도권_실내_07851.wav,Resample_44100RT,0.0,1.0,1,1.0,25.0,4.717,3.74,,1.0,0.5,1.0,0.258366,1315.29,4750.0,0.33125,11.5978
일반남여_일반통합06_F_1524374974_25_수도권_실내_07851.wav,Crop_10pct,0.0,1.0,1,0.503,25.0,4.717,3.649,,0.503,0.2515,0.6693,0.258366,1315.29,4750.0,0.33125,11.5978
일반남여_일반통합06_F_1524374974_25_수도권_실내_07851.wav,TSM_1.1x,0.0,1.0,0,0.4384,,4.05,1.066,,0.4384,0.2192,0.6095,0.258366,1315.29,4750.0,0.33125,11.5978
일반남여_일반통합06_F_1524374974_25_수도권_실내_07851.wav,AWGN_30dB,0.0,1.0,1,0.932,23.79,4.119,1.852,,0.932,0.466,0.9648,0.258366,1315.29,4750.0,0.33125,11.5978
일반남여_일반통합06_F_1524374974_25_수도권_실내_07851.wav,Limiter,0.0,1.0,1,1.0,25.0,4.717,3.74,,1.0,0.5,1.0,0.258366,1315.29,4750.0,0.33125,11.5978
일반남여_일반통합06_F_1524374974_25_수도권_실내_07851.wav,Opus_32kbps,0.0,1.0,1,1.0,19.58,4.529,3.745,,1.0,0.5,1.0,0.258366,1315.29,4750.0,0.33125,11.5978
일반남여_일반통합06_F_1524374974_25_수도권_실내_07851.wav,AAC_128kbps,0.0,1.0,1,1.0,24.65,4.712,3.695,,1.0,0.5,1.0,0.258366,1315.29,4750.0,0.33125,11.5978
일반남여_일반통합06_F_1524374974_25_수도권_실내_07851.wav,TelephoneFilter,0.0,1.0,1,1.0,-9.36,3.907,2.552,,1.0,0.5,1.0,0.258366,1315.29,4750.0,0.33125,11.5978
일반남여_일반통합06_F_1524374974_25_수도권_실내_07851.wav,EnCodec_6kbps,0.5625,-0.125,0,0.0903,6.43,4.422,2.173,,0.0903,0.0452,0.1657,0.258366,1315.29,4750.0,0.33125,11.5978
일반남여_일반통합06_F_1524374974_25_수도권_실내_07851.wav,DAC,0.5,0.0,0,0.405,-8.81,4.561,3.209,,0.405,0.2025,0.5765,0.258366,1315.29,4750.0,0.33125,11.5978
일반남여_일반통합06_F_1524374974_25_수도권_실내_07853.wav,NoAttack,0.0,1.0,1,1.0,25.22,4.715,4.046,,1.0,0.5,1.0,0.301298,1030.58,3265.62,0.304813,8.1169
일반남여_일반통합06_F_1524374974_25_수도권_실내_07853.wav,MP3_128kbps,0.0,1.0,1,1.0,25.08,4.689,4.037,,1.0,0.5,1.0,0.301298,1030.58,3265.62,0.304813,8.1169
일반남여_일반통합06_F_1524374974_25_수도권_실내_07853.wav,MP3_320kbps,0.0,1.0,1,1.0,25.07,4.689,4.037,,1.0,0.5,1.0,0.301298,1030.58,3265.62,0.304813,8.1169
일반남여_일반통합06_F_1524374974_25_수도권_실내_07853.wav,Resample_44100RT,0.0,1.0,1,1.0,25.21,4.714,4.046,,1.0,0.5,1.0,0.301298,1030.58,3265.62,0.304813,8.1169
일반남여_일반통합06_F_1524374974_25_수도권_실내_07853.wav,Crop_10pct,0.0,1.0,1,0.8589,25.07,4.715,4.072,,0.8589,0.4295,0.9241,0.301298,1030.58,3265.62,0.304813,8.1169
일반남여_일반통합06_F_1524374974_25_수도권_실내_07853.wav,TSM_1.1x,0.0,1.0,0,0.3066,,4.166,1.154,,0.3066,0.1533,0.4693,0.301298,1030.58,3265.62,0.304813,8.1169
일반남여_일반통합06_F_1524374974_25_수도권_실내_07853.wav,AWGN_30dB,0.0,1.0,1,0.8503,23.96,4.066,1.844,,0.8503,0.4251,0.9191,0.301298,1030.58,3265.62,0.304813,8.1169
일반남여_일반통합06_F_1524374974_25_수도권_실내_07853.wav,Limiter,0.0,1.0,1,1.0,25.22,4.715,4.046,,1.0,0.5,1.0,0.301298,1030.58,3265.62,0.304813,8.1169
일반남여_일반통합06_F_1524374974_25_수도권_실내_07853.wav,Opus_32kbps,0.0,1.0,1,1.0,22.74,4.597,3.968,,1.0,0.5,1.0,0.301298,1030.58,3265.62,0.304813,8.1169
일반남여_일반통합06_F_1524374974_25_수도권_실내_07853.wav,AAC_128kbps,0.0,1.0,1,1.0,25.18,4.711,3.97,,1.0,0.5,1.0,0.301298,1030.58,3265.62,0.304813,8.1169
일반남여_일반통합06_F_1524374974_25_수도권_실내_07853.wav,TelephoneFilter,0.0,1.0,1,1.0,-3.79,4.065,2.593,,1.0,0.5,1.0,0.301298,1030.58,3265.62,0.304813,8.1169
일반남여_일반통합06_F_1524374974_25_수도권_실내_07853.wav,EnCodec_6kbps,0.4375,0.125,0,0.1389,7.64,4.479,1.995,,0.139,0.0695,0.244,0.301298,1030.58,3265.62,0.304813,8.1169
일반남여_일반통합06_F_1524374974_25_수도권_실내_07853.wav,DAC,0.625,-0.25,0,0.3381,-36.72,4.591,3.344,,0.3397,0.1698,0.5071,0.301298,1030.58,3265.62,0.304813,8.1169
일반남여_일반통합06_F_1524374974_25_수도권_실내_07855.wav,NoAttack,0.0,1.0,1,1.0,23.2,4.708,3.878,,1.0,0.5,1.0,0.337904,1101.05,3078.12,0.386364,14.7166
일반남여_일반통합06_F_1524374974_25_수도권_실내_07855.wav,MP3_128kbps,0.0,1.0,1,1.0,23.14,4.686,3.841,,1.0,0.5,1.0,0.337904,1101.05,3078.12,0.386364,14.7166
일반남여_일반통합06_F_1524374974_25_수도권_실내_07855.wav,MP3_320kbps,0.0,1.0,1,1.0,23.15,4.687,3.854,,1.0,0.5,1.0,0.337904,1101.05,3078.12,0.386364,14.7166
일반남여_일반통합06_F_1524374974_25_수도권_실내_07855.wav,Resample_44100RT,0.0,1.0,1,1.0,23.2,4.707,3.879,,1.0,0.5,1.0,0.337904,1101.05,3078.12,0.386364,14.7166
일반남여_일반통합06_F_1524374974_25_수도권_실내_07855.wav,Crop_10pct,0.0,1.0,1,0.6648,22.79,4.706,3.445,,0.6648,0.3324,0.7986,0.337904,1101.05,3078.12,0.386364,14.7166
일반남여_일반통합06_F_1524374974_25_수도권_실내_07855.wav,TSM_1.1x,0.0,1.0,0,0.2598,,4.166,1.143,,0.2598,0.1299,0.4125,0.337904,1101.05,3078.12,0.386364,14.7166
일반남여_일반통합06_F_1524374974_25_수도권_실내_07855.wav,AWGN_30dB,0.0,1.0,1,0.9896,22.36,3.993,2.057,,0.9896,0.4948,0.9948,0.337904,1101.05,3078.12,0.386364,14.7166
일반남여_일반통합06_F_1524374974_25_수도권_실내_07855.wav,Limiter,0.0,1.0,1,1.0,23.2,4.708,3.878,,1.0,0.5,1.0,0.337904,1101.05,3078.12,0.386364,14.7166
일반남여_일반통합06_F_1524374974_25_수도권_실내_07855.wav,Opus_32kbps,0.0,1.0,1,1.0,20.77,4.587,3.865,,1.0,0.5,1.0,0.337904,1101.05,3078.12,0.386364,14.7166
일반남여_일반통합06_F_1524374974_25_수도권_실내_07855.wav,AAC_128kbps,0.0,1.0,1,1.0,23.18,4.707,3.796,,1.0,0.5,1.0,0.337904,1101.05,3078.12,0.386364,14.7166
일반남여_일반통합06_F_1524374974_25_수도권_실내_07855.wav,TelephoneFilter,0.0,1.0,1,1.0,2.55,4.252,2.72,,1.0,0.5,1.0,0.337904,1101.05,3078.12,0.386364,14.7166
일반남여_일반통합06_F_1524374974_25_수도권_실내_07855.wav,EnCodec_6kbps,0.5,0.0,0,0.1661,5.95,4.491,2.231,,0.1667,0.0834,0.2858,0.337904,1101.05,3078.12,0.386364,14.7166
일반남여_일반통합06_F_1524374974_25_수도권_실내_07855.wav,DAC,0.5625,-0.125,0,0.4742,-6.1,4.61,3.418,,0.4749,0.2375,0.644,0.337904,1101.05,3078.12,0.386364,14.7166
일반남여_일반통합06_F_1524374974_25_수도권_실내_08316.wav,NoAttack,0.0,1.0,1,1.0,27.32,4.708,3.869,,1.0,0.5,1.0,0.371064,1096.17,3125.0,0.380682,10.1232
일반남여_일반통합06_F_1524374974_25_수도권_실내_08316.wav,MP3_128kbps,0.0,1.0,1,1.0,27.16,4.591,3.858,,1.0,0.5,1.0,0.371064,1096.17,3125.0,0.380682,10.1232
일반남여_일반통합06_F_1524374974_25_수도권_실내_08316.wav,MP3_320kbps,0.0,1.0,1,1.0,27.16,4.591,3.857,,1.0,0.5,1.0,0.371064,1096.17,3125.0,0.380682,10.1232
일반남여_일반통합06_F_1524374974_25_수도권_실내_08316.wav,Resample_44100RT,0.0,1.0,1,1.0,27.32,4.708,3.869,,1.0,0.5,1.0,0.371064,1096.17,3125.0,0.380682,10.1232
일반남여_일반통합06_F_1524374974_25_수도권_실내_08316.wav,Crop_10pct,0.0,1.0,1,0.5938,27.09,4.708,3.648,,0.5938,0.2969,0.7451,0.371064,1096.17,3125.0,0.380682,10.1232
일반남여_일반통합06_F_1524374974_25_수도권_실내_08316.wav,TSM_1.1x,0.0,1.0,0,0.256,,4.164,1.069,,0.256,0.128,0.4076,0.371064,1096.17,3125.0,0.380682,10.1232
일반남여_일반통합06_F_1524374974_25_수도권_실내_08316.wav,AWGN_30dB,0.0,1.0,1,0.8095,25.42,4.104,1.837,,0.8095,0.4047,0.8947,0.371064,1096.17,3125.0,0.380682,10.1232
일반남여_일반통합06_F_1524374974_25_수도권_실내_08316.wav,Limiter,0.0,1.0,1,1.0,27.32,4.708,3.869,,1.0,0.5,1.0,0.371064,1096.17,3125.0,0.380682,10.1232
일반남여_일반통합06_F_1524374974_25_수도권_실내_08316.wav,Opus_32kbps,0.0,1.0,1,1.0,23.69,4.488,3.877,,1.0,0.5,1.0,0.371064,1096.17,3125.0,0.380682,10.1232
일반남여_일반통합06_F_1524374974_25_수도권_실내_08316.wav,AAC_128kbps,0.0,1.0,1,1.0,27.27,4.705,3.867,,1.0,0.5,1.0,0.371064,1096.17,3125.0,0.380682,10.1232
일반남여_일반통합06_F_1524374974_25_수도권_실내_08316.wav,TelephoneFilter,0.0,1.0,1,1.0,-12.47,4.068,2.655,,1.0,0.5,1.0,0.371064,1096.17,3125.0,0.380682,10.1232
일반남여_일반통합06_F_1524374974_25_수도권_실내_08316.wav,EnCodec_6kbps,0.1875,0.625,0,0.1508,9.19,4.425,2.274,,0.1514,0.0757,0.263,0.371064,1096.17,3125.0,0.380682,10.1232
일반남여_일반통합06_F_1524374974_25_수도권_실내_08316.wav,DAC,0.6875,-0.375,0,0.4564,-6.25,4.59,3.345,,0.4571,0.2286,0.6274,0.371064,1096.17,3125.0,0.380682,10.1232
일반남여_일반통합06_F_1524374974_25_수도권_실내_08318.wav,NoAttack,0.0,1.0,1,1.0,26.43,4.717,3.83,,1.0,0.5,1.0,0.362544,1073.92,4671.88,0.392045,9.7271
일반남여_일반통합06_F_1524374974_25_수도권_실내_08318.wav,MP3_128kbps,0.0,1.0,1,1.0,26.31,4.711,3.825,,1.0,0.5,1.0,0.362544,1073.92,4671.88,0.392045,9.7271
일반남여_일반통합06_F_1524374974_25_수도권_실내_08318.wav,MP3_320kbps,0.0,1.0,1,1.0,26.31,4.711,3.821,,1.0,0.5,1.0,0.362544,1073.92,4671.88,0.392045,9.7271
일반남여_일반통합06_F_1524374974_25_수도권_실내_08318.wav,Resample_44100RT,0.0,1.0,1,1.0,26.43,4.717,3.83,,1.0,0.5,1.0,0.362544,1073.92,4671.88,0.392045,9.7271
일반남여_일반통합06_F_1524374974_25_수도권_실내_08318.wav,Crop_10pct,0.0,1.0,0,0.3222,27.91,4.717,3.697,,0.3222,0.1611,0.4874,0.362544,1073.92,4671.88,0.392045,9.7271
일반남여_일반통합06_F_1524374974_25_수도권_실내_08318.wav,TSM_1.1x,0.0,1.0,0,0.4487,,4.167,1.063,,0.4487,0.2243,0.6194,0.362544,1073.92,4671.88,0.392045,9.7271
일반남여_일반통합06_F_1524374974_25_수도권_실내_08318.wav,AWGN_30dB,0.0,1.0,1,0.8404,24.84,4.025,1.825,,0.8404,0.4202,0.9133,0.362544,1073.92,4671.88,0.392045,9.7271
일반남여_일반통합06_F_1524374974_25_수도권_실내_08318.wav,Limiter,0.0,1.0,1,1.0,26.43,4.717,3.83,,1.0,0.5,1.0,0.362544,1073.92,4671.88,0.392045,9.7271
일반남여_일반통합06_F_1524374974_25_수도권_실내_08318.wav,Opus_32kbps,0.0,1.0,1,1.0,21.71,4.602,3.817,,1.0,0.5,1.0,0.362544,1073.92,4671.88,0.392045,9.7271
일반남여_일반통합06_F_1524374974_25_수도권_실내_08318.wav,AAC_128kbps,0.0,1.0,1,1.0,26.39,4.717,3.801,,1.0,0.5,1.0,0.362544,1073.92,4671.88,0.392045,9.7271
일반남여_일반통합06_F_1524374974_25_수도권_실내_08318.wav,TelephoneFilter,0.0,1.0,1,1.0,-6.56,4.19,2.359,,1.0,0.5,1.0,0.362544,1073.92,4671.88,0.392045,9.7271
일반남여_일반통합06_F_1524374974_25_수도권_실내_08318.wav,EnCodec_6kbps,0.375,0.25,0,0.2051,7.37,4.485,2.039,,0.2059,0.103,0.3415,0.362544,1073.92,4671.88,0.392045,9.7271
일반남여_일반통합06_F_1524374974_25_수도권_실내_08318.wav,DAC,0.5625,-0.125,1,0.5169,-13.24,4.626,3.471,,0.5176,0.2588,0.6822,0.362544,1073.92,4671.88,0.392045,9.7271
통화 7727-0029.wav,NoAttack,0.0,1.0,1,1.0,24.64,4.718,4.456,,1.0,0.5,1.0,0.000429,1000.39,2437.5,0.015873,6.3197
통화 7727-0029.wav,MP3_128kbps,0.0,1.0,1,1.0,24.64,4.718,4.454,,1.0,0.5,1.0,0.000429,1000.39,2437.5,0.015873,6.3197
통화 7727-0029.wav,MP3_320kbps,0.0,1.0,1,1.0,24.63,4.718,4.454,,1.0,0.5,1.0,0.000429,1000.39,2437.5,0.015873,6.3197
통화 7727-0029.wav,Resample_44100RT,0.0,1.0,1,1.0,24.64,4.718,4.456,,1.0,0.5,1.0,0.000429,1000.39,2437.5,0.015873,6.3197
통화 7727-0029.wav,Crop_10pct,0.0,1.0,1,0.8406,26.01,,4.384,,0.8406,0.4203,0.9134,0.000429,1000.39,2437.5,0.015873,6.3197
통화 7727-0029.wav,TSM_1.1x,0.0,1.0,1,0.5592,,4.505,1.431,,0.5592,0.2796,0.7173,0.000429,1000.39,2437.5,0.015873,6.3197
통화 7727-0029.wav,AWGN_30dB,0.0,1.0,1,1.0,23.53,3.909,2.25,,1.0,0.5,1.0,0.000429,1000.39,2437.5,0.015873,6.3197
통화 7727-0029.wav,Limiter,0.0,1.0,1,1.0,24.64,4.718,4.456,,1.0,0.5,1.0,0.000429,1000.39,2437.5,0.015873,6.3197
통화 7727-0029.wav,Opus_32kbps,0.0,1.0,1,1.0,22.34,4.709,4.403,,1.0,0.5,1.0,0.000429,1000.39,2437.5,0.015873,6.3197
통화 7727-0029.wav,AAC_128kbps,0.0,1.0,1,0.9993,24.61,4.716,4.359,,1.0,0.5,1.0,0.000429,1000.39,2437.5,0.015873,6.3197
통화 7727-0029.wav,TelephoneFilter,0.0,1.0,1,1.0,-4.69,4.649,4.249,,1.0,0.5,1.0,0.000429,1000.39,2437.5,0.015873,6.3197
통화 7727-0029.wav,EnCodec_6kbps,0.3125,0.375,1,1.0,7.42,4.615,2.635,,1.0,0.5,1.0,0.000429,1000.39,2437.5,0.015873,6.3197
통화 7727-0029.wav,DAC,0.6875,-0.375,0,0.0,-12.72,4.669,4.094,,0.0,0.0,0.0,0.000429,1000.39,2437.5,0.015873,6.3197
통화 7728-0017.wav,NoAttack,0.0,1.0,1,1.0,26.92,,4.413,,1.0,0.5,1.0,0.000846,993.98,2812.5,0.017857,5.5568
통화 7728-0017.wav,MP3_128kbps,0.0,1.0,1,1.0,26.92,,4.411,,1.0,0.5,1.0,0.000846,993.98,2812.5,0.017857,5.5568
통화 7728-0017.wav,MP3_320kbps,0.0,1.0,1,1.0,26.92,,4.411,,1.0,0.5,1.0,0.000846,993.98,2812.5,0.017857,5.5568
통화 7728-0017.wav,Resample_44100RT,0.0,1.0,1,1.0,26.91,,4.413,,1.0,0.5,1.0,0.000846,993.98,2812.5,0.017857,5.5568
통화 7728-0017.wav,Crop_10pct,0.0,1.0,1,0.6366,26.93,,4.373,,0.6366,0.3183,0.778,0.000846,993.98,2812.5,0.017857,5.5568
통화 7728-0017.wav,TSM_1.1x,0.0,1.0,1,0.581,,,1.511,,0.581,0.2905,0.735,0.000846,993.98,2812.5,0.017857,5.5568
통화 7728-0017.wav,AWGN_30dB,0.0,1.0,1,1.0,25.15,,2.12,,1.0,0.5,1.0,0.000846,993.98,2812.5,0.017857,5.5568
통화 7728-0017.wav,Limiter,0.0,1.0,1,1.0,26.92,,4.413,,1.0,0.5,1.0,0.000846,993.98,2812.5,0.017857,5.5568
통화 7728-0017.wav,Opus_32kbps,0.0,1.0,1,1.0,23.87,,4.272,,1.0,0.5,1.0,0.000846,993.98,2812.5,0.017857,5.5568
통화 7728-0017.wav,AAC_128kbps,0.0,1.0,1,1.0,26.9,,4.403,,1.0,0.5,1.0,0.000846,993.98,2812.5,0.017857,5.5568
통화 7728-0017.wav,TelephoneFilter,0.0,1.0,1,1.0,-1.94,,4.306,,1.0,0.5,1.0,0.000846,993.98,2812.5,0.017857,5.5568
통화 7728-0017.wav,EnCodec_6kbps,0.125,0.75,0,0.445,8.3,,2.864,,0.445,0.2225,0.6159,0.000846,993.98,2812.5,0.017857,5.5568
통화 7728-0017.wav,DAC,0.6875,-0.375,0,0.0,-18.96,,3.826,,0.0,0.0,0.0,0.000846,993.98,2812.5,0.017857,5.5568
통화 7728-0022.wav,NoAttack,0.0,1.0,1,1.0,24.91,,3.404,,1.0,0.5,1.0,0.000559,1096.57,2515.62,0.0,4.5709
통화 7728-0022.wav,MP3_128kbps,0.0,1.0,1,1.0,24.91,,3.402,,1.0,0.5,1.0,0.000559,1096.57,2515.62,0.0,4.5709
통화 7728-0022.wav,MP3_320kbps,0.0,1.0,1,1.0,24.91,,3.401,,1.0,0.5,1.0,0.000559,1096.57,2515.62,0.0,4.5709
통화 7728-0022.wav,Resample_44100RT,0.0,1.0,1,1.0,24.91,,3.404,,1.0,0.5,1.0,0.000559,1096.57,2515.62,0.0,4.5709
통화 7728-0022.wav,Crop_10pct,0.0,1.0,0,0.3523,24.11,,4.431,,0.3523,0.1761,0.521,0.000559,1096.57,2515.62,0.0,4.5709
통화 7728-0022.wav,TSM_1.1x,0.0,1.0,0,0.4927,,,1.188,,0.4927,0.2464,0.6602,0.000559,1096.57,2515.62,0.0,4.5709
통화 7728-0022.wav,AWGN_30dB,0.0,1.0,1,1.0,23.75,,1.556,,1.0,0.5,1.0,0.000559,1096.57,2515.62,0.0,4.5709
통화 7728-0022.wav,Limiter,0.0,1.0,1,1.0,24.91,,3.404,,1.0,0.5,1.0,0.000559,1096.57,2515.62,0.0,4.5709
통화 7728-0022.wav,Opus_32kbps,0.0,1.0,1,1.0,22.41,,2.873,,1.0,0.5,1.0,0.000559,1096.57,2515.62,0.0,4.5709
통화 7728-0022.wav,AAC_128kbps,0.0,1.0,1,1.0,24.9,,3.217,,1.0,0.5,1.0,0.000559,1096.57,2515.62,0.0,4.5709
통화 7728-0022.wav,TelephoneFilter,0.0,1.0,1,1.0,-6.33,,4.185,,1.0,0.5,1.0,0.000559,1096.57,2515.62,0.0,4.5709
통화 7728-0022.wav,EnCodec_6kbps,0.375,0.25,1,1.0,7.55,,2.426,,1.0,0.5,1.0,0.000559,1096.57,2515.62,0.0,4.5709
통화 7728-0022.wav,DAC,0.5625,-0.125,0,0.0,-12.75,,3.945,,0.0,0.0,0.0,0.000559,1096.57,2515.62,0.0,4.5709
통화 7728-0038.wav,NoAttack,0.0,1.0,1,1.0,26.93,,4.233,,1.0,0.5,1.0,0.000228,953.78,2625.0,0.0,6.0821
통화 7728-0038.wav,MP3_128kbps,0.0,1.0,1,1.0,26.93,,4.233,,1.0,0.5,1.0,0.000228,953.78,2625.0,0.0,6.0821
통화 7728-0038.wav,MP3_320kbps,0.0,1.0,1,1.0,26.93,,4.233,,1.0,0.5,1.0,0.000228,953.78,2625.0,0.0,6.0821
통화 7728-0038.wav,Resample_44100RT,0.0,1.0,1,1.0,26.93,,4.233,,1.0,0.5,1.0,0.000228,953.78,2625.0,0.0,6.0821
통화 7728-0038.wav,Crop_10pct,0.0,1.0,0,0.1917,25.66,,4.383,,0.1917,0.0958,0.3217,0.000228,953.78,2625.0,0.0,6.0821
통화 7728-0038.wav,TSM_1.1x,0.0,1.0,1,1.0,,,1.314,,1.0,0.5,1.0,0.000228,953.78,2625.0,0.0,6.0821
통화 7728-0038.wav,AWGN_30dB,0.0,1.0,1,1.0,25.19,,2.091,,1.0,0.5,1.0,0.000228,953.78,2625.0,0.0,6.0821
통화 7728-0038.wav,Limiter,0.0,1.0,1,1.0,26.93,,4.233,,1.0,0.5,1.0,0.000228,953.78,2625.0,0.0,6.0821
통화 7728-0038.wav,Opus_32kbps,0.0,1.0,1,1.0,23.55,,4.149,,1.0,0.5,1.0,0.000228,953.78,2625.0,0.0,6.0821
통화 7728-0038.wav,AAC_128kbps,0.0,1.0,1,1.0,26.91,,4.179,,1.0,0.5,1.0,0.000228,953.78,2625.0,0.0,6.0821
통화 7728-0038.wav,TelephoneFilter,0.0,1.0,1,1.0,-3.88,,4.09,,1.0,0.5,1.0,0.000228,953.78,2625.0,0.0,6.0821
통화 7728-0038.wav,EnCodec_6kbps,0.5,0.0,1,0.5873,7.75,,2.571,,0.5872,0.2936,0.7399,0.000228,953.78,2625.0,0.0,6.0821
통화 7728-0038.wav,DAC,0.4375,0.125,0,0.0,-13.7,,3.701,,0.0,0.0,0.0,0.000228,953.78,2625.0,0.0,6.0821
통화 7729-0014.wav,NoAttack,0.0,1.0,1,1.0,17.66,,4.134,,1.0,0.5,1.0,0.001396,1006.3,2593.75,0.0,6.2554
통화 7729-0014.wav,MP3_128kbps,0.0,1.0,1,1.0,17.66,,4.132,,1.0,0.5,1.0,0.001396,1006.3,2593.75,0.0,6.2554
통화 7729-0014.wav,MP3_320kbps,0.0,1.0,1,1.0,17.66,,4.132,,1.0,0.5,1.0,0.001396,1006.3,2593.75,0.0,6.2554
통화 7729-0014.wav,Resample_44100RT,0.0,1.0,1,1.0,17.66,,4.134,,1.0,0.5,1.0,0.001396,1006.3,2593.75,0.0,6.2554
통화 7729-0014.wav,Crop_10pct,0.25,0.5,1,0.9964,18.02,,4.264,,0.9964,0.4982,0.9982,0.001396,1006.3,2593.75,0.0,6.2554
통화 7729-0014.wav,TSM_1.1x,0.0,1.0,1,0.9881,,,1.19,,0.9881,0.4941,0.994,0.001396,1006.3,2593.75,0.0,6.2554
통화 7729-0014.wav,AWGN_30dB,0.0,1.0,1,1.0,17.44,,3.973,,1.0,0.5,1.0,0.001396,1006.3,2593.75,0.0,6.2554
통화 7729-0014.wav,Limiter,0.0,1.0,1,1.0,17.66,,4.134,,1.0,0.5,1.0,0.001396,1006.3,2593.75,0.0,6.2554
통화 7729-0014.wav,Opus_32kbps,0.0,1.0,1,1.0,16.63,,4.084,,1.0,0.5,1.0,0.001396,1006.3,2593.75,0.0,6.2554
통화 7729-0014.wav,AAC_128kbps,0.0,1.0,1,1.0,17.68,,4.137,,1.0,0.5,1.0,0.001396,1006.3,2593.75,0.0,6.2554
통화 7729-0014.wav,TelephoneFilter,0.0,1.0,1,1.0,-3.0,,4.121,,1.0,0.5,1.0,0.001396,1006.3,2593.75,0.0,6.2554
통화 7729-0014.wav,EnCodec_6kbps,0.5625,-0.125,1,0.9995,4.75,,1.772,,0.9995,0.4997,0.9997,0.001396,1006.3,2593.75,0.0,6.2554
통화 7729-0014.wav,DAC,0.625,-0.25,0,0.0102,-24.28,,3.073,,0.0,0.0,0.0,0.001396,1006.3,2593.75,0.0,6.2554
통화 7729-0018.wav,NoAttack,0.0,1.0,1,1.0,19.66,,4.075,,1.0,0.5,1.0,0.001226,943.5,2500.0,0.0,4.6148
통화 7729-0018.wav,MP3_128kbps,0.0,1.0,1,1.0,19.66,,4.065,,1.0,0.5,1.0,0.001226,943.5,2500.0,0.0,4.6148
통화 7729-0018.wav,MP3_320kbps,0.0,1.0,1,1.0,19.66,,4.065,,1.0,0.5,1.0,0.001226,943.5,2500.0,0.0,4.6148
통화 7729-0018.wav,Resample_44100RT,0.0,1.0,1,1.0,19.66,,4.075,,1.0,0.5,1.0,0.001226,943.5,2500.0,0.0,4.6148
통화 7729-0018.wav,Crop_10pct,0.0,1.0,1,0.7011,19.88,,2.288,,0.7011,0.3506,0.8243,0.001226,943.5,2500.0,0.0,4.6148
통화 7729-0018.wav,TSM_1.1x,0.0,1.0,1,0.6478,,,1.266,,0.6478,0.3239,0.7862,0.001226,943.5,2500.0,0.0,4.6148
통화 7729-0018.wav,AWGN_30dB,0.0,1.0,1,1.0,19.24,,3.456,,1.0,0.5,1.0,0.001226,943.5,2500.0,0.0,4.6148
통화 7729-0018.wav,Limiter,0.0,1.0,1,1.0,19.66,,4.075,,1.0,0.5,1.0,0.001226,943.5,2500.0,0.0,4.6148
통화 7729-0018.wav,Opus_32kbps,0.0,1.0,1,1.0,18.42,,4.032,,1.0,0.5,1.0,0.001226,943.5,2500.0,0.0,4.6148
통화 7729-0018.wav,AAC_128kbps,0.0,1.0,1,1.0,19.64,,4.067,,1.0,0.5,1.0,0.001226,943.5,2500.0,0.0,4.6148
통화 7729-0018.wav,TelephoneFilter,0.0,1.0,1,1.0,-9.12,,4.046,,1.0,0.5,1.0,0.001226,943.5,2500.0,0.0,4.6148
통화 7729-0018.wav,EnCodec_6kbps,0.5625,-0.125,1,1.0,5.52,,1.762,,1.0,0.5,1.0,0.001226,943.5,2500.0,0.0,4.6148
통화 7729-0018.wav,DAC,0.5625,-0.125,0,0.0565,-7.55,,2.601,,0.0327,0.0164,0.0634,0.001226,943.5,2500.0,0.0,4.6148
통화 7729-0020.wav,NoAttack,0.0,1.0,1,1.0,18.45,,4.048,,1.0,0.5,1.0,0.001097,1023.13,2437.5,0.0,5.0542
통화 7729-0020.wav,MP3_128kbps,0.0,1.0,1,1.0,18.45,,4.042,,1.0,0.5,1.0,0.001097,1023.13,2437.5,0.0,5.0542
통화 7729-0020.wav,MP3_320kbps,0.0,1.0,1,1.0,18.45,,4.043,,1.0,0.5,1.0,0.001097,1023.13,2437.5,0.0,5.0542
통화 7729-0020.wav,Resample_44100RT,0.0,1.0,1,1.0,18.45,,4.048,,1.0,0.5,1.0,0.001097,1023.13,2437.5,0.0,5.0542
통화 7729-0020.wav,Crop_10pct,0.0,1.0,1,0.7571,18.22,,4.068,,0.7571,0.3786,0.8618,0.001097,1023.13,2437.5,0.0,5.0542
통화 7729-0020.wav,TSM_1.1x,0.0,1.0,1,0.8935,,,1.138,,0.8935,0.4468,0.9438,0.001097,1023.13,2437.5,0.0,5.0542
통화 7729-0020.wav,AWGN_30dB,0.0,1.0,1,1.0,18.19,,3.304,,1.0,0.5,1.0,0.001097,1023.13,2437.5,0.0,5.0542
통화 7729-0020.wav,Limiter,0.0,1.0,1,1.0,18.45,,4.048,,1.0,0.5,1.0,0.001097,1023.13,2437.5,0.0,5.0542
통화 7729-0020.wav,Opus_32kbps,0.0,1.0,1,1.0,17.52,,3.993,,1.0,0.5,1.0,0.001097,1023.13,2437.5,0.0,5.0542
통화 7729-0020.wav,AAC_128kbps,0.0,1.0,1,0.9875,18.46,,4.05,,1.0,0.5,1.0,0.001097,1023.13,2437.5,0.0,5.0542
통화 7729-0020.wav,TelephoneFilter,0.0,1.0,1,1.0,-4.38,,3.808,,1.0,0.5,1.0,0.001097,1023.13,2437.5,0.0,5.0542
통화 7729-0020.wav,EnCodec_6kbps,0.4375,0.125,1,0.7222,4.59,,1.325,,0.7275,0.3638,0.8423,0.001097,1023.13,2437.5,0.0,5.0542
통화 7729-0020.wav,DAC,0.6875,-0.375,0,0.1265,-14.69,,1.756,,0.1207,0.0603,0.2154,0.001097,1023.13,2437.5,0.0,5.0542
통화 7729-0025.wav,NoAttack,0.0,1.0,1,1.0,14.44,,3.15,,1.0,0.5,1.0,0.001506,972.54,2171.88,0.0,5.2955
통화 7729-0025.wav,MP3_128kbps,0.0,1.0,1,1.0,14.44,,3.146,,1.0,0.5,1.0,0.001506,972.54,2171.88,0.0,5.2955
통화 7729-0025.wav,MP3_320kbps,0.0,1.0,1,1.0,14.44,,3.146,,1.0,0.5,1.0,0.001506,972.54,2171.88,0.0,5.2955
통화 7729-0025.wav,Resample_44100RT,0.0,1.0,1,1.0,14.44,,3.15,,1.0,0.5,1.0,0.001506,972.54,2171.88,0.0,5.2955
통화 7729-0025.wav,Crop_10pct,0.0,1.0,1,0.608,14.42,,3.158,,0.608,0.304,0.7562,0.001506,972.54,2171.88,0.0,5.2955
통화 7729-0025.wav,TSM_1.1x,0.0,1.0,1,0.987,,,1.279,,0.987,0.4935,0.9934,0.001506,972.54,2171.88,0.0,5.2955
통화 7729-0025.wav,AWGN_30dB,0.0,1.0,1,1.0,14.31,,2.909,,1.0,0.5,1.0,0.001506,972.54,2171.88,0.0,5.2955
통화 7729-0025.wav,Limiter,0.0,1.0,1,1.0,14.44,,3.15,,1.0,0.5,1.0,0.001506,972.54,2171.88,0.0,5.2955
통화 7729-0025.wav,Opus_32kbps,0.0,1.0,1,1.0,14.14,,3.127,,1.0,0.5,1.0,0.001506,972.54,2171.88,0.0,5.2955
통화 7729-0025.wav,AAC_128kbps,0.0,1.0,1,0.9579,14.42,,3.148,,1.0,0.5,1.0,0.001506,972.54,2171.88,0.0,5.2955
통화 7729-0025.wav,TelephoneFilter,0.0,1.0,1,1.0,-1.01,,3.0,,1.0,0.5,1.0,0.001506,972.54,2171.88,0.0,5.2955
통화 7729-0025.wav,EnCodec_6kbps,0.375,0.25,1,0.561,5.23,,1.429,,0.5638,0.2819,0.721,0.001506,972.54,2171.88,0.0,5.2955
통화 7729-0025.wav,DAC,0.75,-0.5,0,0.0273,-17.98,,2.885,,0.0074,0.0037,0.0146,0.001506,972.54,2171.88,0.0,5.2955
통화 7729-0027.wav,NoAttack,0.0,1.0,1,1.0,21.61,,3.801,,1.0,0.5,1.0,0.00116,963.73,2953.12,0.0,4.3014
통화 7729-0027.wav,MP3_128kbps,0.0,1.0,1,1.0,21.61,,3.799,,1.0,0.5,1.0,0.00116,963.73,2953.12,0.0,4.3014
통화 7729-0027.wav,MP3_320kbps,0.0,1.0,1,1.0,21.61,,3.8,,1.0,0.5,1.0,0.00116,963.73,2953.12,0.0,4.3014
통화 7729-0027.wav,Resample_44100RT,0.0,1.0,1,1.0,21.61,,3.801,,1.0,0.5,1.0,0.00116,963.73,2953.12,0.0,4.3014
통화 7729-0027.wav,Crop_10pct,0.0,1.0,0,0.2335,20.49,,3.654,,0.2335,0.1167,0.3786,0.00116,963.73,2953.12,0.0,4.3014
통화 7729-0027.wav,TSM_1.1x,0.0,1.0,1,0.9871,,,1.27,,0.9871,0.4936,0.9935,0.00116,963.73,2953.12,0.0,4.3014
통화 7729-0027.wav,AWGN_30dB,0.0,1.0,1,1.0,20.99,,3.046,,1.0,0.5,1.0,0.00116,963.73,2953.12,0.0,4.3014
통화 7729-0027.wav,Limiter,0.0,1.0,1,1.0,21.61,,3.801,,1.0,0.5,1.0,0.00116,963.73,2953.12,0.0,4.3014
통화 7729-0027.wav,Opus_32kbps,0.0,1.0,1,1.0,20.0,,3.684,,1.0,0.5,1.0,0.00116,963.73,2953.12,0.0,4.3014
통화 7729-0027.wav,AAC_128kbps,0.0,1.0,1,1.0,21.61,,3.793,,1.0,0.5,1.0,0.00116,963.73,2953.12,0.0,4.3014
통화 7729-0027.wav,TelephoneFilter,0.0,1.0,1,1.0,-11.74,,3.636,,1.0,0.5,1.0,0.00116,963.73,2953.12,0.0,4.3014
통화 7729-0027.wav,EnCodec_6kbps,0.4375,0.125,1,0.9879,7.51,,1.747,,0.9878,0.4939,0.9939,0.00116,963.73,2953.12,0.0,4.3014
통화 7729-0027.wav,DAC,0.6875,-0.375,0,0.2126,-5.88,,2.892,,0.1953,0.0977,0.3268,0.00116,963.73,2953.12,0.0,4.3014
통화 7732-0011.wav,NoAttack,0.0,1.0,1,1.0,26.49,,4.209,,1.0,0.5,1.0,0.001058,1172.42,2875.0,0.150943,5.1751
통화 7732-0011.wav,MP3_128kbps,0.0,1.0,1,1.0,26.49,,4.208,,1.0,0.5,1.0,0.001058,1172.42,2875.0,0.150943,5.1751
통화 7732-0011.wav,MP3_320kbps,0.0,1.0,1,1.0,26.49,,4.208,,1.0,0.5,1.0,0.001058,1172.42,2875.0,0.150943,5.1751
통화 7732-0011.wav,Resample_44100RT,0.0,1.0,1,1.0,26.49,,4.209,,1.0,0.5,1.0,0.001058,1172.42,2875.0,0.150943,5.1751
통화 7732-0011.wav,Crop_10pct,0.0,1.0,0,0.0946,26.51,,4.151,,0.0946,0.0473,0.1728,0.001058,1172.42,2875.0,0.150943,5.1751
통화 7732-0011.wav,TSM_1.1x,0.0,1.0,1,0.6328,,,1.134,,0.6328,0.3164,0.7751,0.001058,1172.42,2875.0,0.150943,5.1751
통화 7732-0011.wav,AWGN_30dB,0.0,1.0,1,0.9574,24.81,,1.932,,0.9574,0.4787,0.9782,0.001058,1172.42,2875.0,0.150943,5.1751
통화 7732-0011.wav,Limiter,0.0,1.0,1,1.0,26.49,,4.209,,1.0,0.5,1.0,0.001058,1172.42,2875.0,0.150943,5.1751
통화 7732-0011.wav,Opus_32kbps,0.0,1.0,1,1.0,24.01,,3.959,,1.0,0.5,1.0,0.001058,1172.42,2875.0,0.150943,5.1751
통화 7732-0011.wav,AAC_128kbps,0.0,1.0,1,1.0,26.48,,4.206,,1.0,0.5,1.0,0.001058,1172.42,2875.0,0.150943,5.1751
통화 7732-0011.wav,TelephoneFilter,0.0,1.0,1,1.0,-5.88,,3.969,,1.0,0.5,1.0,0.001058,1172.42,2875.0,0.150943,5.1751
통화 7732-0011.wav,EnCodec_6kbps,0.3125,0.375,0,0.3138,6.35,,2.345,,0.3072,0.1536,0.47,0.001058,1172.42,2875.0,0.150943,5.1751
통화 7732-0011.wav,DAC,0.625,-0.25,0,0.0,-12.77,,3.223,,0.0,0.0,0.0,0.001058,1172.42,2875.0,0.150943,5.1751
통화 7732-0024.wav,NoAttack,0.0,1.0,1,1.0,23.2,,4.209,,1.0,0.5,1.0,0.000834,1123.55,2625.0,0.0,7.5035
통화 7732-0024.wav,MP3_128kbps,0.0,1.0,1,1.0,23.2,,4.184,,1.0,0.5,1.0,0.000834,1123.55,2625.0,0.0,7.5035
통화 7732-0024.wav,MP3_320kbps,0.0,1.0,1,1.0,23.2,,4.184,,1.0,0.5,1.0,0.000834,1123.55,2625.0,0.0,7.5035
통화 7732-0024.wav,Resample_44100RT,0.0,1.0,1,1.0,23.17,,4.208,,1.0,0.5,1.0,0.000834,1123.55,2625.0,0.0,7.5035
통화 7732-0024.wav,Crop_10pct,0.0,1.0,0,0.4872,22.85,,4.331,,0.4872,0.2436,0.6552,0.000834,1123.55,2625.0,0.0,7.5035
통화 7732-0024.wav,TSM_1.1x,0.0,1.0,1,0.5937,,,1.273,,0.5937,0.2968,0.745,0.000834,1123.55,2625.0,0.0,7.5035
통화 7732-0024.wav,AWGN_30dB,0.0,1.0,1,1.0,22.38,,2.201,,1.0,0.5,1.0,0.000834,1123.55,2625.0,0.0,7.5035
통화 7732-0024.wav,Limiter,0.0,1.0,1,1.0,23.2,,4.209,,1.0,0.5,1.0,0.000834,1123.55,2625.0,0.0,7.5035
통화 7732-0024.wav,Opus_32kbps,0.0,1.0,1,1.0,20.61,,4.051,,1.0,0.5,1.0,0.000834,1123.55,2625.0,0.0,7.5035
통화 7732-0024.wav,AAC_128kbps,0.0,1.0,1,1.0,23.21,,4.132,,1.0,0.5,1.0,0.000834,1123.55,2625.0,0.0,7.5035
통화 7732-0024.wav,TelephoneFilter,0.0,1.0,1,1.0,-6.4,,4.065,,1.0,0.5,1.0,0.000834,1123.55,2625.0,0.0,7.5035
통화 7732-0024.wav,EnCodec_6kbps,0.375,0.25,0,0.2245,5.65,,2.401,,0.2191,0.1095,0.3594,0.000834,1123.55,2625.0,0.0,7.5035
통화 7732-0024.wav,DAC,0.6875,-0.375,0,0.0,-12.74,,3.89,,0.0,0.0,0.0,0.000834,1123.55,2625.0,0.0,7.5035
통화 7751-0017.wav,NoAttack,0.0,1.0,1,1.0,15.47,,4.067,,1.0,0.5,1.0,0.000673,968.14,2328.12,0.0,6.4721
통화 7751-0017.wav,MP3_128kbps,0.0,1.0,1,1.0,15.46,,4.063,,1.0,0.5,1.0,0.000673,968.14,2328.12,0.0,6.4721
통화 7751-0017.wav,MP3_320kbps,0.0,1.0,1,1.0,15.46,,4.063,,1.0,0.5,1.0,0.000673,968.14,2328.12,0.0,6.4721
통화 7751-0017.wav,Resample_44100RT,0.0,1.0,1,1.0,15.47,,4.068,,1.0,0.5,1.0,0.000673,968.14,2328.12,0.0,6.4721
통화 7751-0017.wav,Crop_10pct,0.0,1.0,1,0.7746,18.41,,3.911,,0.7746,0.3873,0.873,0.000673,968.14,2328.12,0.0,6.4721
통화 7751-0017.wav,TSM_1.1x,0.0,1.0,1,0.6439,,,1.215,,0.6439,0.3219,0.7834,0.000673,968.14,2328.12,0.0,6.4721
통화 7751-0017.wav,AWGN_30dB,0.0,1.0,1,1.0,15.31,,2.651,,1.0,0.5,1.0,0.000673,968.14,2328.12,0.0,6.4721
통화 7751-0017.wav,Limiter,0.0,1.0,1,1.0,15.47,,4.067,,1.0,0.5,1.0,0.000673,968.14,2328.12,0.0,6.4721
통화 7751-0017.wav,Opus_32kbps,0.0,1.0,1,1.0,14.85,,4.082,,1.0,0.5,1.0,0.000673,968.14,2328.12,0.0,6.4721
통화 7751-0017.wav,AAC_128kbps,0.0,1.0,1,0.9679,15.46,,3.954,,1.0,0.5,1.0,0.000673,968.14,2328.12,0.0,6.4721
통화 7751-0017.wav,TelephoneFilter,0.0,1.0,1,1.0,-7.34,,4.071,,1.0,0.5,1.0,0.000673,968.14,2328.12,0.0,6.4721
통화 7751-0017.wav,EnCodec_6kbps,0.5625,-0.125,1,0.7588,3.68,,2.243,,0.7563,0.3781,0.8612,0.000673,968.14,2328.12,0.0,6.4721
통화 7751-0017.wav,DAC,0.75,-0.5,0,0.0259,-10.52,,3.186,,0.0077,0.0039,0.0154,0.000673,968.14,2328.12,0.0,6.4721
통화 7751-0024.wav,NoAttack,0.0,1.0,1,1.0,15.73,,4.23,,1.0,0.5,1.0,0.000579,1072.63,2062.5,0.0,6.0617
통화 7751-0024.wav,MP3_128kbps,0.0,1.0,1,1.0,15.73,,4.229,,1.0,0.5,1.0,0.000579,1072.63,2062.5,0.0,6.0617
통화 7751-0024.wav,MP3_320kbps,0.0,1.0,1,1.0,15.73,,4.229,,1.0,0.5,1.0,0.000579,1072.63,2062.5,0.0,6.0617
통화 7751-0024.wav,Resample_44100RT,0.0,1.0,1,1.0,15.73,,4.23,,1.0,0.5,1.0,0.000579,1072.63,2062.5,0.0,6.0617
통화 7751-0024.wav,Crop_10pct,0.0,1.0,0,0.3711,15.78,,4.292,,0.3711,0.1855,0.5413,0.000579,1072.63,2062.5,0.0,6.0617
통화 7751-0024.wav,TSM_1.1x,0.0,1.0,1,0.792,,,1.514,,0.792,0.396,0.8839,0.000579,1072.63,2062.5,0.0,6.0617
통화 7751-0024.wav,AWGN_30dB,0.0,1.0,1,1.0,15.55,,2.512,,1.0,0.5,1.0,0.000579,1072.63,2062.5,0.0,6.0617
통화 7751-0024.wav,Limiter,0.0,1.0,1,1.0,15.73,,4.23,,1.0,0.5,1.0,0.000579,1072.63,2062.5,0.0,6.0617
통화 7751-0024.wav,Opus_32kbps,0.0,1.0,1,1.0,15.26,,4.164,,1.0,0.5,1.0,0.000579,1072.63,2062.5,0.0,6.0617
통화 7751-0024.wav,AAC_128kbps,0.0,1.0,1,0.9512,15.73,,4.228,,1.0,0.5,1.0,0.000579,1072.63,2062.5,0.0,6.0617
통화 7751-0024.wav,TelephoneFilter,0.0,1.0,1,1.0,-0.23,,3.99,,1.0,0.5,1.0,0.000579,1072.63,2062.5,0.0,6.0617
통화 7751-0024.wav,EnCodec_6kbps,0.3125,0.375,1,0.7475,4.9,,2.573,,0.7511,0.3756,0.8579,0.000579,1072.63,2062.5,0.0,6.0617
통화 7751-0024.wav,DAC,0.75,-0.5,0,0.1019,-18.8,,3.823,,0.0763,0.0381,0.1418,0.000579,1072.63,2062.5,0.0,6.0617
통화 7755-0009.wav,NoAttack,0.0,1.0,1,1.0,20.49,,3.657,,1.0,0.5,1.0,0.00125,962.95,1906.25,0.0,4.7581
통화 7755-0009.wav,MP3_128kbps,0.0,1.0,1,1.0,20.49,,3.655,,1.0,0.5,1.0,0.00125,962.95,1906.25,0.0,4.7581
통화 7755-0009.wav,MP3_320kbps,0.0,1.0,1,1.0,20.49,,3.655,,1.0,0.5,1.0,0.00125,962.95,1906.25,0.0,4.7581
통화 7755-0009.wav,Resample_44100RT,0.0,1.0,1,1.0,20.49,,3.657,,1.0,0.5,1.0,0.00125,962.95,1906.25,0.0,4.7581
통화 7755-0009.wav,Crop_10pct,0.0,1.0,1,0.5277,21.7,,3.617,,0.5277,0.2639,0.6909,0.00125,962.95,1906.25,0.0,4.7581
통화 7755-0009.wav,TSM_1.1x,0.0,1.0,1,0.9055,,,1.073,,0.9055,0.4528,0.9504,0.00125,962.95,1906.25,0.0,4.7581
통화 7755-0009.wav,AWGN_30dB,0.0,1.0,1,1.0,19.95,,2.683,,1.0,0.5,1.0,0.00125,962.95,1906.25,0.0,4.7581
통화 7755-0009.wav,Limiter,0.0,1.0,1,1.0,20.49,,3.657,,1.0,0.5,1.0,0.00125,962.95,1906.25,0.0,4.7581
통화 7755-0009.wav,Opus_32kbps,0.0,1.0,1,1.0,19.15,,3.377,,1.0,0.5,1.0,0.00125,962.95,1906.25,0.0,4.7581
통화 7755-0009.wav,AAC_128kbps,0.0,1.0,1,1.0,20.48,,3.66,,1.0,0.5,1.0,0.00125,962.95,1906.25,0.0,4.7581
통화 7755-0009.wav,TelephoneFilter,0.0,1.0,1,1.0,-14.81,,3.481,,1.0,0.5,1.0,0.00125,962.95,1906.25,0.0,4.7581
통화 7755-0009.wav,EnCodec_6kbps,0.25,0.5,0,0.4633,6.51,,1.435,,0.4633,0.2316,0.6332,0.00125,962.95,1906.25,0.0,4.7581
통화 7755-0009.wav,DAC,0.6875,-0.375,0,0.0,-5.62,,1.92,,0.0,0.0,0.0,0.00125,962.95,1906.25,0.0,4.7581
통화 7755-0016.wav,NoAttack,0.0,1.0,1,1.0,19.58,,4.221,,1.0,0.5,1.0,0.000844,971.41,1968.75,0.0,6.3663
통화 7755-0016.wav,MP3_128kbps,0.0,1.0,1,1.0,19.58,,4.21,,1.0,0.5,1.0,0.000844,971.41,1968.75,0.0,6.3663
통화 7755-0016.wav,MP3_320kbps,0.0,1.0,1,1.0,19.58,,4.212,,1.0,0.5,1.0,0.000844,971.41,1968.75,0.0,6.3663
통화 7755-0016.wav,Resample_44100RT,0.0,1.0,1,1.0,19.58,,4.221,,1.0,0.5,1.0,0.000844,971.41,1968.75,0.0,6.3663
통화 7755-0016.wav,Crop_10pct,0.0,1.0,1,0.6928,19.9,,4.101,,0.6928,0.3464,0.8186,0.000844,971.41,1968.75,0.0,6.3663
통화 7755-0016.wav,TSM_1.1x,0.0,1.0,1,0.8252,,,1.287,,0.8252,0.4126,0.9042,0.000844,971.41,1968.75,0.0,6.3663
통화 7755-0016.wav,AWGN_30dB,0.0,1.0,1,1.0,19.2,,2.805,,1.0,0.5,1.0,0.000844,971.41,1968.75,0.0,6.3663
통화 7755-0016.wav,Limiter,0.0,1.0,1,1.0,19.58,,4.221,,1.0,0.5,1.0,0.000844,971.41,1968.75,0.0,6.3663
통화 7755-0016.wav,Opus_32kbps,0.0,1.0,1,1.0,18.19,,4.025,,1.0,0.5,1.0,0.000844,971.41,1968.75,0.0,6.3663
통화 7755-0016.wav,AAC_128kbps,0.0,1.0,1,1.0,19.57,,4.22,,1.0,0.5,1.0,0.000844,971.41,1968.75,0.0,6.3663
통화 7755-0016.wav,TelephoneFilter,0.0,1.0,1,1.0,-6.08,,3.977,,1.0,0.5,1.0,0.000844,971.41,1968.75,0.0,6.3663
통화 7755-0016.wav,EnCodec_6kbps,0.3125,0.375,0,0.2011,5.25,,2.014,,0.1922,0.0961,0.3224,0.000844,971.41,1968.75,0.0,6.3663
통화 7755-0016.wav,DAC,0.625,-0.25,0,0.0,-13.09,,3.099,,0.0,0.0,0.0,0.000844,971.41,1968.75,0.0,6.3663
통화 7756-0007.wav,NoAttack,0.0,1.0,1,1.0,18.72,,3.838,,1.0,0.5,1.0,0.001919,1099.6,2390.62,0.0,6.3718
통화 7756-0007.wav,MP3_128kbps,0.0,1.0,1,1.0,18.73,,3.835,,1.0,0.5,1.0,0.001919,1099.6,2390.62,0.0,6.3718
통화 7756-0007.wav,MP3_320kbps,0.0,1.0,1,1.0,18.73,,3.835,,1.0,0.5,1.0,0.001919,1099.6,2390.62,0.0,6.3718
통화 7756-0007.wav,Resample_44100RT,0.0,1.0,1,1.0,18.72,,3.837,,1.0,0.5,1.0,0.001919,1099.6,2390.62,0.0,6.3718
통화 7756-0007.wav,Crop_10pct,0.0,1.0,1,0.5594,18.25,,3.797,,0.5594,0.2797,0.7174,0.001919,1099.6,2390.62,0.0,6.3718
통화 7756-0007.wav,TSM_1.1x,0.0,1.0,1,0.5591,,,1.118,,0.5591,0.2796,0.7172,0.001919,1099.6,2390.62,0.0,6.3718
통화 7756-0007.wav,AWGN_30dB,0.0,1.0,1,1.0,18.42,,2.707,,1.0,0.5,1.0,0.001919,1099.6,2390.62,0.0,6.3718
통화 7756-0007.wav,Limiter,0.0,1.0,1,1.0,18.72,,3.838,,1.0,0.5,1.0,0.001919,1099.6,2390.62,0.0,6.3718
통화 7756-0007.wav,Opus_32kbps,0.0,1.0,1,0.9861,17.61,,3.609,,0.9861,0.493,0.993,0.001919,1099.6,2390.62,0.0,6.3718
통화 7756-0007.wav,AAC_128kbps,0.0,1.0,1,1.0,18.73,,3.808,,1.0,0.5,1.0,0.001919,1099.6,2390.62,0.0,6.3718
통화 7756-0007.wav,TelephoneFilter,0.0,1.0,1,1.0,-8.15,,3.696,,1.0,0.5,1.0,0.001919,1099.6,2390.62,0.0,6.3718
통화 7756-0007.wav,EnCodec_6kbps,0.5625,-0.125,1,0.9675,5.42,,1.952,,0.9671,0.4836,0.9833,0.001919,1099.6,2390.62,0.0,6.3718
통화 7756-0007.wav,DAC,0.6875,-0.375,0,0.0635,-8.72,,3.009,,0.0606,0.0303,0.1143,0.001919,1099.6,2390.62,0.0,6.3718
통화 7756-0014.wav,NoAttack,0.0,1.0,1,1.0,18.89,,4.145,,1.0,0.5,1.0,0.001084,1094.23,2656.25,0.0,7.5798
통화 7756-0014.wav,MP3_128kbps,0.0,1.0,1,1.0,18.89,,4.135,,1.0,0.5,1.0,0.001084,1094.23,2656.25,0.0,7.5798
통화 7756-0014.wav,MP3_320kbps,0.0,1.0,1,1.0,18.89,,4.136,,1.0,0.5,1.0,0.001084,1094.23,2656.25,0.0,7.5798
통화 7756-0014.wav,Resample_44100RT,0.0,1.0,1,1.0,18.89,,4.145,,1.0,0.5,1.0,0.001084,1094.23,2656.25,0.0,7.5798
통화 7756-0014.wav,Crop_10pct,0.0,1.0,1,0.5986,18.75,,4.239,,0.5986,0.2993,0.7489,0.001084,1094.23,2656.25,0.0,7.5798
통화 7756-0014.wav,TSM_1.1x,0.0,1.0,1,1.0,,,1.143,,1.0,0.5,1.0,0.001084,1094.23,2656.25,0.0,7.5798
통화 7756-0014.wav,AWGN_30dB,0.0,1.0,1,1.0,18.54,,2.459,,1.0,0.5,1.0,0.001084,1094.23,2656.25,0.0,7.5798
통화 7756-0014.wav,Limiter,0.0,1.0,1,1.0,18.89,,4.145,,1.0,0.5,1.0,0.001084,1094.23,2656.25,0.0,7.5798
통화 7756-0014.wav,Opus_32kbps,0.0,1.0,1,1.0,17.91,,4.132,,1.0,0.5,1.0,0.001084,1094.23,2656.25,0.0,7.5798
통화 7756-0014.wav,AAC_128kbps,0.0,1.0,1,1.0,18.89,,4.051,,1.0,0.5,1.0,0.001084,1094.23,2656.25,0.0,7.5798
통화 7756-0014.wav,TelephoneFilter,0.0,1.0,1,1.0,-1.98,,3.939,,1.0,0.5,1.0,0.001084,1094.23,2656.25,0.0,7.5798
통화 7756-0014.wav,EnCodec_6kbps,0.375,0.25,1,1.0,4.0,,1.944,,1.0,0.5,1.0,0.001084,1094.23,2656.25,0.0,7.5798
통화 7756-0014.wav,DAC,0.5625,-0.125,0,0.0593,-65.03,,3.589,,0.0392,0.0196,0.0755,0.001084,1094.23,2656.25,0.0,7.5798
통화 7756-0030.wav,NoAttack,0.0,1.0,1,1.0,21.03,,4.168,,1.0,0.5,1.0,0.00139,1021.04,2031.25,0.0,6.5263
통화 7756-0030.wav,MP3_128kbps,0.0,1.0,1,1.0,21.03,,4.165,,1.0,0.5,1.0,0.00139,1021.04,2031.25,0.0,6.5263
통화 7756-0030.wav,MP3_320kbps,0.0,1.0,1,1.0,21.03,,4.165,,1.0,0.5,1.0,0.00139,1021.04,2031.25,0.0,6.5263
통화 7756-0030.wav,Resample_44100RT,0.0,1.0,1,1.0,21.03,,4.169,,1.0,0.5,1.0,0.00139,1021.04,2031.25,0.0,6.5263
통화 7756-0030.wav,Crop_10pct,0.0,1.0,0,0.2504,21.15,,4.218,,0.2504,0.1252,0.4005,0.00139,1021.04,2031.25,0.0,6.5263
통화 7756-0030.wav,TSM_1.1x,0.0,1.0,1,0.723,,,1.27,,0.723,0.3615,0.8393,0.00139,1021.04,2031.25,0.0,6.5263
통화 7756-0030.wav,AWGN_30dB,0.0,1.0,1,1.0,20.48,,3.189,,1.0,0.5,1.0,0.00139,1021.04,2031.25,0.0,6.5263
통화 7756-0030.wav,Limiter,0.0,1.0,1,1.0,21.03,,4.168,,1.0,0.5,1.0,0.00139,1021.04,2031.25,0.0,6.5263
통화 7756-0030.wav,Opus_32kbps,0.0,1.0,1,1.0,18.78,,4.05,,1.0,0.5,1.0,0.00139,1021.04,2031.25,0.0,6.5263
통화 7756-0030.wav,AAC_128kbps,0.0,1.0,1,1.0,20.99,,4.073,,1.0,0.5,1.0,0.00139,1021.04,2031.25,0.0,6.5263
통화 7756-0030.wav,TelephoneFilter,0.0,1.0,1,1.0,-7.78,,3.965,,1.0,0.5,1.0,0.00139,1021.04,2031.25,0.0,6.5263
통화 7756-0030.wav,EnCodec_6kbps,0.5,0.0,0,0.1918,6.08,,2.06,,0.1946,0.0973,0.3258,0.00139,1021.04,2031.25,0.0,6.5263
통화 7756-0030.wav,DAC,0.6875,-0.375,0,0.0,-8.1,,3.224,,0.0,0.0,0.0,0.00139,1021.04,2031.25,0.0,6.5263
통화 7761-0025.wav,NoAttack,0.0,1.0,1,1.0,16.68,,3.751,,1.0,0.5,1.0,0.000834,980.62,1703.12,0.0,5.4065
통화 7761-0025.wav,MP3_128kbps,0.0,1.0,1,1.0,16.68,,3.749,,1.0,0.5,1.0,0.000834,980.62,1703.12,0.0,5.4065
통화 7761-0025.wav,MP3_320kbps,0.0,1.0,1,1.0,16.68,,3.748,,1.0,0.5,1.0,0.000834,980.62,1703.12,0.0,5.4065
통화 7761-0025.wav,Resample_44100RT,0.0,1.0,1,1.0,16.68,,3.751,,1.0,0.5,1.0,0.000834,980.62,1703.12,0.0,5.4065
통화 7761-0025.wav,Crop_10pct,0.0,1.0,1,0.8901,16.7,,3.754,,0.8901,0.4451,0.9419,0.000834,980.62,1703.12,0.0,5.4065
통화 7761-0025.wav,TSM_1.1x,0.0,1.0,1,0.596,,,1.178,,0.596,0.298,0.7469,0.000834,980.62,1703.12,0.0,5.4065
통화 7761-0025.wav,AWGN_30dB,0.0,1.0,1,1.0,16.5,,2.327,,1.0,0.5,1.0,0.000834,980.62,1703.12,0.0,5.4065
통화 7761-0025.wav,Limiter,0.0,1.0,1,1.0,16.68,,3.751,,1.0,0.5,1.0,0.000834,980.62,1703.12,0.0,5.4065
통화 7761-0025.wav,Opus_32kbps,0.0,1.0,1,1.0,16.22,,3.519,,1.0,0.5,1.0,0.000834,980.62,1703.12,0.0,5.4065
통화 7761-0025.wav,AAC_128kbps,0.0,1.0,1,0.9981,16.69,,3.744,,1.0,0.5,1.0,0.000834,980.62,1703.12,0.0,5.4065
통화 7761-0025.wav,TelephoneFilter,0.0,1.0,1,1.0,-9.73,,3.572,,1.0,0.5,1.0,0.000834,980.62,1703.12,0.0,5.4065
통화 7761-0025.wav,EnCodec_6kbps,0.625,-0.25,1,0.6304,6.99,,2.122,,0.6284,0.3142,0.7718,0.000834,980.62,1703.12,0.0,5.4065
통화 7761-0025.wav,DAC,0.6875,-0.375,0,0.0,-10.5,,3.133,,0.0,0.0,0.0,0.000834,980.62,1703.12,0.0,5.4065
통화 7763-0020.wav,NoAttack,0.0,1.0,1,1.0,14.38,,3.801,,1.0,0.5,1.0,0.001985,1079.08,2812.5,0.0,5.7939
통화 7763-0020.wav,MP3_128kbps,0.0,1.0,1,1.0,14.38,,3.799,,1.0,0.5,1.0,0.001985,1079.08,2812.5,0.0,5.7939
통화 7763-0020.wav,MP3_320kbps,0.0,1.0,1,1.0,14.38,,3.8,,1.0,0.5,1.0,0.001985,1079.08,2812.5,0.0,5.7939
통화 7763-0020.wav,Resample_44100RT,0.0,1.0,1,1.0,14.38,,3.801,,1.0,0.5,1.0,0.001985,1079.08,2812.5,0.0,5.7939
통화 7763-0020.wav,Crop_10pct,0.0,1.0,1,0.9131,14.4,,3.838,,0.9131,0.4566,0.9546,0.001985,1079.08,2812.5,0.0,5.7939
통화 7763-0020.wav,TSM_1.1x,0.0,1.0,1,0.9143,,,1.313,,0.9143,0.4571,0.9552,0.001985,1079.08,2812.5,0.0,5.7939
통화 7763-0020.wav,AWGN_30dB,0.0,1.0,1,1.0,14.26,,3.806,,1.0,0.5,1.0,0.001985,1079.08,2812.5,0.0,5.7939
통화 7763-0020.wav,Limiter,0.0,1.0,1,1.0,14.38,,3.801,,1.0,0.5,1.0,0.001985,1079.08,2812.5,0.0,5.7939
통화 7763-0020.wav,Opus_32kbps,0.0,1.0,1,1.0,12.39,,3.301,,1.0,0.5,1.0,0.001985,1079.08,2812.5,0.0,5.7939
통화 7763-0020.wav,AAC_128kbps,0.0,1.0,1,1.0,14.27,,3.744,,1.0,0.5,1.0,0.001985,1079.08,2812.5,0.0,5.7939
통화 7763-0020.wav,TelephoneFilter,0.0,1.0,1,1.0,-12.28,,3.718,,1.0,0.5,1.0,0.001985,1079.08,2812.5,0.0,5.7939
통화 7763-0020.wav,EnCodec_6kbps,0.625,-0.25,1,0.8776,1.71,,1.413,,0.8763,0.4382,0.9341,0.001985,1079.08,2812.5,0.0,5.7939
통화 7763-0020.wav,DAC,0.625,-0.25,0,0.0,-5.24,,2.423,,0.0,0.0,0.0,0.001985,1079.08,2812.5,0.0,5.7939
