file,stage,BER,NC,DSR,confidence,SI-SNR(dB),ViSQOL,PESQ,ODG,PLV,PhaseDiff_rad,GroupDelayMAE,SpectralFlatness,SpectralCentroid_Hz,EffectiveBandwidth99_Hz,SilenceRatio,CrestFactor
0431_민속악_판소리.wav,NoAttack,0.0,1.0,1,0.9429,48.6,4.725,4.616,,0.9997,0.0466,0.1397,0.0016,3058.53,7364.36,0.0,5.6775
0431_민속악_판소리.wav,MP3_128kbps,0.0,1.0,1,0.8619,32.91,4.696,4.61,,0.9894,0.5992,1.2428,0.0016,3058.53,7364.36,0.0,5.6775
0431_민속악_판소리.wav,MP3_320kbps,0.0,1.0,1,0.9429,46.92,4.721,4.616,,0.9988,0.232,0.5144,0.0016,3058.53,7364.36,0.0,5.6775
0431_민속악_판소리.wav,Resample_44100-16000RT,0.025,0.95,1,0.7952,21.26,2.25,4.563,,0.8942,1.0339,1.6848,0.0016,3058.53,7364.36,0.0,5.6775
0431_민속악_판소리.wav,Crop_10pct,0.225,0.55,1,0.5344,48.52,4.723,4.615,,0.9997,0.047,0.142,0.0016,3058.53,7364.36,0.0,5.6775
0431_민속악_판소리.wav,TSM_1.1x,0.55,-0.1,1,0.4127,,4.271,1.438,,,,,0.0016,3058.53,7364.36,0.0,5.6775
0431_민속악_판소리.wav,AWGN_30dB,0.0,1.0,1,0.6905,29.93,4.065,4.133,,0.9812,0.8156,1.6739,0.0016,3058.53,7364.36,0.0,5.6775
0431_민속악_판소리.wav,Limiter,0.0,1.0,1,0.9429,48.6,4.725,4.616,,0.9997,0.0466,0.1397,0.0016,3058.53,7364.36,0.0,5.6775
0431_민속악_판소리.wav,Opus_64kbps,0.175,0.65,1,0.5857,19.97,4.683,4.282,,0.9538,0.8316,1.7141,0.0016,3058.53,7364.36,0.0,5.6775
0431_민속악_판소리.wav,Opus_32kbps,1.0,-1.0,0,0.0,13.93,4.409,3.695,,0.8634,1.1916,2.1745,0.0016,3058.53,7364.36,0.0,5.6775
0431_민속악_판소리.wav,AAC_128kbps,0.0,1.0,1,0.8476,31.35,4.702,4.592,,0.9894,0.5016,1.1295,0.0016,3058.53,7364.36,0.0,5.6775
0431_민속악_판소리.wav,TelephoneFilter,1.0,-1.0,0,0.0,-5.02,1.531,3.124,,0.2761,1.4578,2.2691,0.0016,3058.53,7364.36,0.0,5.6775
0431_민속악_판소리.wav,EnCodec_6kbps,1.0,-1.0,0,0.0,1.29,2.777,1.742,,0.3499,1.535,2.5299,0.0016,3058.53,7364.36,0.0,5.6775
0431_민속악_판소리.wav,DAC,0.575,-0.15,1,0.419,-12.56,2.084,2.458,,0.1636,1.5714,2.4566,0.0016,3058.53,7364.36,0.0,5.6775
0435_민속악_판소리.wav,NoAttack,0.0,1.0,1,0.9762,48.57,4.699,4.629,,0.9997,0.0449,0.1371,0.001717,3036.01,7967.29,0.0,5.0562
0435_민속악_판소리.wav,MP3_128kbps,0.0,1.0,1,0.9095,32.69,4.659,4.616,,0.9886,0.6014,1.2859,0.001717,3036.01,7967.29,0.0,5.0562
0435_민속악_판소리.wav,MP3_320kbps,0.0,1.0,1,0.9857,46.12,4.691,4.629,,0.9983,0.2276,0.5105,0.001717,3036.01,7967.29,0.0,5.0562
0435_민속악_판소리.wav,Resample_44100-16000RT,0.0,1.0,1,0.7762,19.51,2.058,4.628,,0.8797,1.0361,1.7101,0.001717,3036.01,7967.29,0.0,5.0562
0435_민속악_판소리.wav,Crop_10pct,0.0,1.0,1,0.7196,48.54,4.711,4.629,,0.9997,0.0427,0.1319,0.001717,3036.01,7967.29,0.0,5.0562
0435_민속악_판소리.wav,TSM_1.1x,1.0,-1.0,0,0.0,,4.175,1.512,,,,,0.001717,3036.01,7967.29,0.0,5.0562
0435_민속악_판소리.wav,AWGN_30dB,0.0,1.0,1,0.681,29.95,3.981,4.021,,0.9809,0.8051,1.7009,0.001717,3036.01,7967.29,0.0,5.0562
0435_민속악_판소리.wav,Limiter,0.0,1.0,1,0.9762,48.57,4.699,4.629,,0.9997,0.0449,0.1371,0.001717,3036.01,7967.29,0.0,5.0562
0435_민속악_판소리.wav,Opus_64kbps,0.05,0.9,1,0.5619,20.69,4.656,4.072,,0.9583,0.8131,1.731,0.001717,3036.01,7967.29,0.0,5.0562
0435_민속악_판소리.wav,Opus_32kbps,0.45,0.1,1,0.4286,15.55,4.431,3.367,,0.8856,1.1685,2.1978,0.001717,3036.01,7967.29,0.0,5.0562
0435_민속악_판소리.wav,AAC_128kbps,0.0,1.0,1,0.8524,31.44,4.67,4.601,,0.9883,0.4947,1.1568,0.001717,3036.01,7967.29,0.0,5.0562
0435_민속악_판소리.wav,TelephoneFilter,0.375,0.25,1,0.3714,-5.37,1.549,3.383,,0.284,1.4611,2.2978,0.001717,3036.01,7967.29,0.0,5.0562
0435_민속악_판소리.wav,EnCodec_6kbps,1.0,-1.0,0,0.0,1.51,2.899,1.746,,0.3949,1.5314,2.5583,0.001717,3036.01,7967.29,0.0,5.0562
0435_민속악_판소리.wav,DAC,0.625,-0.25,1,0.4,-14.22,1.924,2.468,,0.1999,1.5743,2.4906,0.001717,3036.01,7967.29,0.0,5.0562
0437_민속악_판소리.wav,NoAttack,0.0,1.0,1,0.981,48.51,4.684,4.63,,0.9996,0.0568,0.1729,0.001384,3078.74,6761.43,0.004611,6.0655
0437_민속악_판소리.wav,MP3_128kbps,0.0,1.0,1,0.881,33.43,4.661,4.61,,0.9886,0.6436,1.3875,0.001384,3078.74,6761.43,0.004611,6.0655
0437_민속악_판소리.wav,MP3_320kbps,0.0,1.0,1,0.981,46.79,4.675,4.63,,0.9985,0.2468,0.5688,0.001384,3078.74,6761.43,0.004611,6.0655
0437_민속악_판소리.wav,Resample_44100-16000RT,0.0,1.0,1,0.8571,21.68,2.012,4.616,,0.8931,1.0435,1.7336,0.001384,3078.74,6761.43,0.004611,6.0655
0437_민속악_판소리.wav,Crop_10pct,0.25,0.5,1,0.6243,48.49,4.684,4.631,,0.9996,0.0592,0.1804,0.001384,3078.74,6761.43,0.004611,6.0655
0437_민속악_판소리.wav,TSM_1.1x,1.0,-1.0,0,0.0,,4.079,1.578,,,,,0.001384,3078.74,6761.43,0.004611,6.0655
0437_민속악_판소리.wav,AWGN_30dB,0.0,1.0,1,0.7143,29.94,3.986,4.003,,0.9797,0.8756,1.8274,0.001384,3078.74,6761.43,0.004611,6.0655
0437_민속악_판소리.wav,Limiter,0.0,1.0,1,0.981,48.51,4.684,4.63,,0.9996,0.0568,0.1729,0.001384,3078.74,6761.43,0.004611,6.0655
0437_민속악_판소리.wav,Opus_64kbps,0.075,0.85,1,0.5762,20.78,4.652,4.175,,0.962,0.8319,1.7827,0.001384,3078.74,6761.43,0.004611,6.0655
0437_민속악_판소리.wav,Opus_32kbps,0.3,0.4,1,0.4286,15.54,4.53,3.573,,0.8992,1.1748,2.2225,0.001384,3078.74,6761.43,0.004611,6.0655
0437_민속악_판소리.wav,AAC_128kbps,0.0,1.0,1,0.8667,32.01,4.66,4.611,,0.9886,0.5323,1.2336,0.001384,3078.74,6761.43,0.004611,6.0655
0437_민속악_판소리.wav,TelephoneFilter,0.15,0.7,1,0.4571,-6.29,1.652,3.22,,0.2604,1.4645,2.3116,0.001384,3078.74,6761.43,0.004611,6.0655
0437_민속악_판소리.wav,EnCodec_6kbps,1.0,-1.0,0,0.0,1.01,2.734,1.758,,0.3773,1.5382,2.5609,0.001384,3078.74,6761.43,0.004611,6.0655
0437_민속악_판소리.wav,DAC,1.0,-1.0,0,0.0,-12.67,1.909,2.652,,0.1949,1.5709,2.4938,0.001384,3078.74,6761.43,0.004611,6.0655
0438_민속악_판소리.wav,NoAttack,0.0,1.0,1,0.9667,48.53,4.715,4.624,,0.9997,0.0436,0.1337,0.001628,3348.36,7149.02,0.020749,4.645
0438_민속악_판소리.wav,MP3_128kbps,0.0,1.0,1,0.8952,33.09,4.689,4.611,,0.9887,0.6263,1.3377,0.001628,3348.36,7149.02,0.020749,4.645
0438_민속악_판소리.wav,MP3_320kbps,0.0,1.0,1,0.9619,46.53,4.704,4.624,,0.9984,0.2306,0.5219,0.001628,3348.36,7149.02,0.020749,4.645
0438_민속악_판소리.wav,Resample_44100-16000RT,0.0,1.0,1,0.819,21.32,2.047,4.608,,0.89,1.0366,1.7119,0.001628,3348.36,7149.02,0.020749,4.645
0438_민속악_판소리.wav,Crop_10pct,0.15,0.7,1,0.582,48.41,4.714,4.625,,0.9997,0.045,0.1382,0.001628,3348.36,7149.02,0.020749,4.645
0438_민속악_판소리.wav,TSM_1.1x,0.3,0.4,1,0.418,,4.292,1.629,,,,,0.001628,3348.36,7149.02,0.020749,4.645
0438_민속악_판소리.wav,AWGN_30dB,0.05,0.9,1,0.7,29.94,4.222,4.144,,0.9805,0.8051,1.7242,0.001628,3348.36,7149.02,0.020749,4.645
0438_민속악_판소리.wav,Limiter,0.0,1.0,1,0.9667,48.53,4.715,4.624,,0.9997,0.0436,0.1337,0.001628,3348.36,7149.02,0.020749,4.645
0438_민속악_판소리.wav,Opus_64kbps,0.425,0.15,1,0.4762,20.54,4.678,4.148,,0.9558,0.8357,1.7904,0.001628,3348.36,7149.02,0.020749,4.645
0438_민속악_판소리.wav,Opus_32kbps,0.175,0.65,1,0.3952,15.02,4.543,3.425,,0.8823,1.1853,2.2411,0.001628,3348.36,7149.02,0.020749,4.645
0438_민속악_판소리.wav,AAC_128kbps,0.0,1.0,1,0.8429,31.46,4.691,4.604,,0.9888,0.5057,1.1821,0.001628,3348.36,7149.02,0.020749,4.645
0438_민속악_판소리.wav,TelephoneFilter,1.0,-1.0,0,0.0,-3.63,1.623,3.119,,0.3079,1.4646,2.3091,0.001628,3348.36,7149.02,0.020749,4.645
0438_민속악_판소리.wav,EnCodec_6kbps,0.475,0.05,1,0.3714,0.67,2.98,1.644,,0.3682,1.5376,2.5754,0.001628,3348.36,7149.02,0.020749,4.645
0438_민속악_판소리.wav,DAC,1.0,-1.0,0,0.0,-35.66,1.909,2.42,,0.1227,1.5721,2.5069,0.001628,3348.36,7149.02,0.020749,4.645
0442_민속악_판소리.wav,NoAttack,0.0,1.0,1,0.9905,48.51,4.73,4.632,,0.9997,0.0371,0.1159,0.001319,3318.2,6847.56,0.0,4.222
0442_민속악_판소리.wav,MP3_128kbps,0.0,1.0,1,0.8619,33.89,4.702,4.611,,0.9888,0.5926,1.2619,0.001319,3318.2,6847.56,0.0,4.222
0442_민속악_판소리.wav,MP3_320kbps,0.0,1.0,1,0.981,46.55,4.723,4.632,,0.9985,0.2176,0.4804,0.001319,3318.2,6847.56,0.0,4.222
0442_민속악_판소리.wav,Resample_44100-16000RT,0.0,1.0,1,0.8286,21.89,2.005,4.594,,0.8831,1.0336,1.7041,0.001319,3318.2,6847.56,0.0,4.222
0442_민속악_판소리.wav,Crop_10pct,1.0,-1.0,0,0.0,48.65,4.73,4.636,,0.9997,0.037,0.1171,0.001319,3318.2,6847.56,0.0,4.222
0442_민속악_판소리.wav,TSM_1.1x,1.0,-1.0,0,0.0,,4.132,1.471,,,,,0.001319,3318.2,6847.56,0.0,4.222
0442_민속악_판소리.wav,AWGN_30dB,0.0,1.0,1,0.7,29.95,4.443,4.461,,0.9774,0.7728,1.6716,0.001319,3318.2,6847.56,0.0,4.222
0442_민속악_판소리.wav,Limiter,0.0,1.0,1,0.9905,48.51,4.73,4.632,,0.9997,0.0371,0.1159,0.001319,3318.2,6847.56,0.0,4.222
0442_민속악_판소리.wav,Opus_64kbps,0.1,0.8,1,0.5571,21.98,4.685,4.16,,0.9538,0.8261,1.7455,0.001319,3318.2,6847.56,0.0,4.222
0442_민속악_판소리.wav,Opus_32kbps,0.475,0.05,1,0.4095,16.45,4.489,3.488,,0.8728,1.1869,2.2175,0.001319,3318.2,6847.56,0.0,4.222
0442_민속악_판소리.wav,AAC_128kbps,0.0,1.0,1,0.8571,31.82,4.704,4.599,,0.9878,0.4935,1.1495,0.001319,3318.2,6847.56,0.0,4.222
0442_민속악_판소리.wav,TelephoneFilter,0.275,0.45,1,0.4571,-0.98,1.457,3.415,,0.3589,1.4639,2.3129,0.001319,3318.2,6847.56,0.0,4.222
0442_민속악_판소리.wav,EnCodec_6kbps,0.55,-0.1,1,0.4095,2.43,2.535,1.674,,0.3799,1.5409,2.5839,0.001319,3318.2,6847.56,0.0,4.222
0442_민속악_판소리.wav,DAC,0.5,0.0,1,0.3667,-13.86,1.871,2.341,,0.1431,1.5733,2.5171,0.001319,3318.2,6847.56,0.0,4.222
0451_민속악_판소리.wav,NoAttack,0.0,1.0,1,0.9762,48.5,4.711,4.623,,0.9996,0.0452,0.1404,0.002236,3661.87,8268.75,0.002305,6.5708
0451_민속악_판소리.wav,MP3_128kbps,0.0,1.0,1,0.9143,32.86,4.677,4.605,,0.9859,0.6789,1.4573,0.002236,3661.87,8268.75,0.002305,6.5708
0451_민속악_판소리.wav,MP3_320kbps,0.0,1.0,1,0.9762,45.0,4.698,4.622,,0.9976,0.2438,0.561,0.002236,3661.87,8268.75,0.002305,6.5708
0451_민속악_판소리.wav,Resample_44100-16000RT,0.0,1.0,1,0.8905,18.72,2.098,4.608,,0.8745,1.0371,1.7146,0.002236,3661.87,8268.75,0.002305,6.5708
0451_민속악_판소리.wav,Crop_10pct,0.0,1.0,1,0.9735,48.77,4.708,4.622,,0.9996,0.0461,0.1424,0.002236,3661.87,8268.75,0.002305,6.5708
0451_민속악_판소리.wav,TSM_1.1x,1.0,-1.0,0,0.0,,3.986,1.349,,,,,0.002236,3661.87,8268.75,0.002305,6.5708
0451_민속악_판소리.wav,AWGN_30dB,1.0,-1.0,0,0.0,29.94,4.298,4.232,,0.9788,0.8423,1.8028,0.002236,3661.87,8268.75,0.002305,6.5708
0451_민속악_판소리.wav,Limiter,0.0,1.0,1,0.9762,48.5,4.711,4.623,,0.9996,0.0452,0.1404,0.002236,3661.87,8268.75,0.002305,6.5708
0451_민속악_판소리.wav,Opus_64kbps,1.0,-1.0,0,0.0,21.83,4.664,4.311,,0.9625,0.8439,1.8119,0.002236,3661.87,8268.75,0.002305,6.5708
0451_민속악_판소리.wav,Opus_32kbps,1.0,-1.0,0,0.0,15.98,4.484,3.768,,0.9023,1.1725,2.2346,0.002236,3661.87,8268.75,0.002305,6.5708
0451_민속악_판소리.wav,AAC_128kbps,0.0,1.0,1,0.8667,30.83,4.676,4.6,,0.9859,0.5727,1.3047,0.002236,3661.87,8268.75,0.002305,6.5708
0451_민속악_판소리.wav,TelephoneFilter,1.0,-1.0,0,0.0,-7.63,1.585,3.081,,0.2938,1.4635,2.3237,0.002236,3661.87,8268.75,0.002305,6.5708
0451_민속악_판소리.wav,EnCodec_6kbps,0.575,-0.15,1,0.3857,-3.32,2.866,1.72,,0.2924,1.5378,2.5649,0.002236,3661.87,8268.75,0.002305,6.5708
0451_민속악_판소리.wav,DAC,0.6,-0.2,1,0.4048,-18.81,1.926,2.659,,0.1026,1.5731,2.4843,0.002236,3661.87,8268.75,0.002305,6.5708
0466_민속악_판소리.wav,NoAttack,0.0,1.0,1,0.9762,48.53,4.718,4.621,,0.9997,0.0403,0.1259,0.00165,3503.88,8010.35,0.001153,5.9593
0466_민속악_판소리.wav,MP3_128kbps,0.0,1.0,1,0.8571,31.98,4.683,4.601,,0.9878,0.6274,1.3538,0.00165,3503.88,8010.35,0.001153,5.9593
0466_민속악_판소리.wav,MP3_320kbps,0.0,1.0,1,0.9762,45.76,4.712,4.62,,0.9985,0.2293,0.523,0.00165,3503.88,8010.35,0.001153,5.9593
0466_민속악_판소리.wav,Resample_44100-16000RT,0.0,1.0,1,0.8476,19.01,2.23,4.614,,0.8813,1.0352,1.7154,0.00165,3503.88,8010.35,0.001153,5.9593
0466_민속악_판소리.wav,Crop_10pct,0.0,1.0,1,0.7725,48.85,4.718,4.622,,0.9997,0.0395,0.1221,0.00165,3503.88,8010.35,0.001153,5.9593
0466_민속악_판소리.wav,TSM_1.1x,0.3,0.4,1,0.455,,4.149,1.746,,,,,0.00165,3503.88,8010.35,0.001153,5.9593
0466_민속악_판소리.wav,AWGN_30dB,0.0,1.0,1,0.7143,29.94,4.144,4.233,,0.9813,0.7896,1.7039,0.00165,3503.88,8010.35,0.001153,5.9593
0466_민속악_판소리.wav,Limiter,0.0,1.0,1,0.9762,48.53,4.718,4.621,,0.9997,0.0403,0.1259,0.00165,3503.88,8010.35,0.001153,5.9593
0466_민속악_판소리.wav,Opus_64kbps,0.025,0.95,1,0.5762,20.46,4.675,4.269,,0.9563,0.8261,1.7853,0.00165,3503.88,8010.35,0.001153,5.9593
0466_민속악_판소리.wav,Opus_32kbps,1.0,-1.0,0,0.0,14.8,4.539,3.677,,0.8817,1.1833,2.2491,0.00165,3503.88,8010.35,0.001153,5.9593
0466_민속악_판소리.wav,AAC_128kbps,0.0,1.0,1,0.8238,29.8,4.695,4.567,,0.9877,0.5087,1.2082,0.00165,3503.88,8010.35,0.001153,5.9593
0466_민속악_판소리.wav,TelephoneFilter,1.0,-1.0,0,0.0,-1.02,1.542,3.185,,0.3841,1.4625,2.3175,0.00165,3503.88,8010.35,0.001153,5.9593
0466_민속악_판소리.wav,EnCodec_6kbps,0.575,-0.15,1,0.3762,-1.68,2.894,1.751,,0.3107,1.5359,2.5898,0.00165,3503.88,8010.35,0.001153,5.9593
0466_민속악_판소리.wav,DAC,1.0,-1.0,0,0.0,-14.73,2.056,2.611,,0.0837,1.5682,2.5187,0.00165,3503.88,8010.35,0.001153,5.9593
0467_민속악_판소리.wav,NoAttack,0.0,1.0,1,0.9381,48.57,4.714,4.623,,0.9997,0.0442,0.135,0.001892,3453.67,9517.68,0.0,6.3138
0467_민속악_판소리.wav,MP3_128kbps,0.0,1.0,1,0.819,31.58,4.679,4.602,,0.9874,0.597,1.2715,0.001892,3453.67,9517.68,0.0,6.3138
0467_민속악_판소리.wav,MP3_320kbps,0.0,1.0,1,0.9381,45.38,4.702,4.623,,0.9981,0.2302,0.52,0.001892,3453.67,9517.68,0.0,6.3138
0467_민속악_판소리.wav,Resample_44100-16000RT,0.0,1.0,1,0.8143,18.18,2.015,4.593,,0.8603,1.04,1.7031,0.001892,3453.67,9517.68,0.0,6.3138
0467_민속악_판소리.wav,Crop_10pct,0.0,1.0,1,0.6878,48.51,4.713,4.622,,0.9997,0.0446,0.136,0.001892,3453.67,9517.68,0.0,6.3138
0467_민속악_판소리.wav,TSM_1.1x,1.0,-1.0,0,0.0,,4.249,1.588,,,,,0.001892,3453.67,9517.68,0.0,6.3138
0467_민속악_판소리.wav,AWGN_30dB,0.0,1.0,1,0.7524,29.94,3.999,4.019,,0.9808,0.8017,1.6825,0.001892,3453.67,9517.68,0.0,6.3138
0467_민속악_판소리.wav,Limiter,0.0,1.0,1,0.9381,48.57,4.714,4.623,,0.9997,0.0442,0.135,0.001892,3453.67,9517.68,0.0,6.3138
0467_민속악_판소리.wav,Opus_64kbps,1.0,-1.0,0,0.0,20.3,4.659,4.237,,0.9525,0.8519,1.7601,0.001892,3453.67,9517.68,0.0,6.3138
0467_민속악_판소리.wav,Opus_32kbps,0.525,-0.05,1,0.4095,14.34,4.416,3.628,,0.8628,1.1991,2.2137,0.001892,3453.67,9517.68,0.0,6.3138
0467_민속악_판소리.wav,AAC_128kbps,0.0,1.0,1,0.8143,29.88,4.689,4.601,,0.9869,0.5004,1.1592,0.001892,3453.67,9517.68,0.0,6.3138
0467_민속악_판소리.wav,TelephoneFilter,1.0,-1.0,0,0.0,-2.9,1.618,3.01,,0.3196,1.4671,2.2994,0.001892,3453.67,9517.68,0.0,6.3138
0467_민속악_판소리.wav,EnCodec_6kbps,1.0,-1.0,0,0.0,-0.42,3.065,1.629,,0.3177,1.5411,2.5513,0.001892,3453.67,9517.68,0.0,6.3138
0467_민속악_판소리.wav,DAC,1.0,-1.0,0,0.0,-60.84,1.893,2.46,,0.1402,1.5729,2.4854,0.001892,3453.67,9517.68,0.0,6.3138
0477_민속악_판소리.wav,NoAttack,0.0,1.0,1,0.9762,48.58,4.722,4.627,,0.9997,0.0377,0.1186,0.001856,3413.24,6933.69,0.0,4.7235
0477_민속악_판소리.wav,MP3_128kbps,0.0,1.0,1,0.8952,32.66,4.69,4.608,,0.9867,0.6071,1.3201,0.001856,3413.24,6933.69,0.0,4.7235
0477_민속악_판소리.wav,MP3_320kbps,0.0,1.0,1,0.9762,45.6,4.712,4.627,,0.9979,0.2199,0.4903,0.001856,3413.24,6933.69,0.0,4.7235
0477_민속악_판소리.wav,Resample_44100-16000RT,0.0,1.0,1,0.8762,20.95,1.955,4.622,,0.8759,1.0328,1.7019,0.001856,3413.24,6933.69,0.0,4.7235
0477_민속악_판소리.wav,Crop_10pct,0.0,1.0,1,0.7778,48.64,4.72,4.626,,0.9997,0.0382,0.1196,0.001856,3413.24,6933.69,0.0,4.7235
0477_민속악_판소리.wav,TSM_1.1x,1.0,-1.0,0,0.0,,4.216,1.229,,,,,0.001856,3413.24,6933.69,0.0,4.7235
0477_민속악_판소리.wav,AWGN_30dB,1.0,-1.0,0,0.0,29.93,4.282,4.281,,0.9788,0.769,1.6693,0.001856,3413.24,6933.69,0.0,4.7235
0477_민속악_판소리.wav,Limiter,0.0,1.0,1,0.9762,48.58,4.722,4.627,,0.9997,0.0377,0.1186,0.001856,3413.24,6933.69,0.0,4.7235
0477_민속악_판소리.wav,Opus_64kbps,0.05,0.9,1,0.5381,21.47,4.672,4.291,,0.9549,0.822,1.7582,0.001856,3413.24,6933.69,0.0,4.7235
0477_민속악_판소리.wav,Opus_32kbps,0.35,0.3,1,0.4,15.62,4.499,3.707,,0.875,1.1786,2.2214,0.001856,3413.24,6933.69,0.0,4.7235
0477_민속악_판소리.wav,AAC_128kbps,1.0,-1.0,0,0.0,29.99,4.694,4.589,,0.9859,0.5064,1.1857,0.001856,3413.24,6933.69,0.0,4.7235
0477_민속악_판소리.wav,TelephoneFilter,1.0,-1.0,0,0.0,-0.84,1.515,3.316,,0.3691,1.4644,2.3071,0.001856,3413.24,6933.69,0.0,4.7235
0477_민속악_판소리.wav,EnCodec_6kbps,1.0,-1.0,0,0.0,0.8,2.753,1.711,,0.3346,1.5384,2.5783,0.001856,3413.24,6933.69,0.0,4.7235
0477_민속악_판소리.wav,DAC,1.0,-1.0,0,0.0,-12.72,1.85,2.512,,0.1483,1.5744,2.5121,0.001856,3413.24,6933.69,0.0,4.7235
0479_민속악_판소리.wav,NoAttack,0.0,1.0,1,0.9857,48.53,4.716,4.614,,0.9997,0.0455,0.1436,0.001607,3480.11,7450.49,0.045533,5.4076
0479_민속악_판소리.wav,MP3_128kbps,0.0,1.0,1,0.8714,32.93,4.673,4.604,,0.9874,0.648,1.4016,0.001607,3480.11,7450.49,0.045533,5.4076
0479_민속악_판소리.wav,MP3_320kbps,0.0,1.0,1,0.9905,45.42,4.705,4.613,,0.9981,0.2405,0.5538,0.001607,3480.11,7450.49,0.045533,5.4076
0479_민속악_판소리.wav,Resample_44100-16000RT,0.0,1.0,1,0.8524,20.09,1.95,4.61,,0.8831,1.0359,1.7277,0.001607,3480.11,7450.49,0.045533,5.4076
0479_민속악_판소리.wav,Crop_10pct,0.0,1.0,1,0.9735,48.43,4.714,4.613,,0.9996,0.0466,0.1475,0.001607,3480.11,7450.49,0.045533,5.4076
0479_민속악_판소리.wav,TSM_1.1x,0.45,0.1,1,0.418,,4.199,1.731,,,,,0.001607,3480.11,7450.49,0.045533,5.4076
0479_민속악_판소리.wav,AWGN_30dB,0.0,1.0,1,0.6667,29.94,4.149,4.191,,0.9799,0.8281,1.7727,0.001607,3480.11,7450.49,0.045533,5.4076
0479_민속악_판소리.wav,Limiter,0.0,1.0,1,0.9857,48.53,4.716,4.614,,0.9997,0.0455,0.1436,0.001607,3480.11,7450.49,0.045533,5.4076
0479_민속악_판소리.wav,Opus_64kbps,0.05,0.9,1,0.6143,22.03,4.661,4.298,,0.9621,0.8285,1.7887,0.001607,3480.11,7450.49,0.045533,5.4076
0479_민속악_판소리.wav,Opus_32kbps,0.375,0.25,1,0.4286,16.1,4.487,3.805,,0.8932,1.1731,2.2407,0.001607,3480.11,7450.49,0.045533,5.4076
0479_민속악_판소리.wav,AAC_128kbps,0.0,1.0,1,0.8286,30.64,4.691,4.543,,0.987,0.5393,1.2579,0.001607,3480.11,7450.49,0.045533,5.4076
0479_민속악_판소리.wav,TelephoneFilter,0.425,0.15,1,0.4381,-3.64,1.611,3.539,,0.3556,1.461,2.3101,0.001607,3480.11,7450.49,0.045533,5.4076
0479_민속악_판소리.wav,EnCodec_6kbps,0.45,0.1,1,0.3857,0.86,2.996,2.049,,0.3559,1.5381,2.5848,0.001607,3480.11,7450.49,0.045533,5.4076
0479_민속악_판소리.wav,DAC,1.0,-1.0,0,0.0,-28.83,1.841,2.858,,0.1356,1.5746,2.5165,0.001607,3480.11,7450.49,0.045533,5.4076
0484_민속악_판소리.wav,NoAttack,0.0,1.0,1,0.9619,48.58,4.681,4.619,,0.9996,0.0598,0.1818,0.001689,3034.64,7062.89,0.069741,5.308
0484_민속악_판소리.wav,MP3_128kbps,0.0,1.0,1,0.881,33.43,4.63,4.601,,0.9887,0.6174,1.3337,0.001689,3034.64,7062.89,0.069741,5.308
0484_민속악_판소리.wav,MP3_320kbps,0.0,1.0,1,0.9619,46.56,4.664,4.619,,0.9983,0.2544,0.5996,0.001689,3034.64,7062.89,0.069741,5.308
0484_민속악_판소리.wav,Resample_44100-16000RT,0.0,1.0,1,0.8286,22.02,2.401,4.604,,0.8947,1.0435,1.7446,0.001689,3034.64,7062.89,0.069741,5.308
0484_민속악_판소리.wav,Crop_10pct,0.0,1.0,1,0.7143,48.52,4.673,4.619,,0.9996,0.0632,0.1916,0.001689,3034.64,7062.89,0.069741,5.308
0484_민속악_판소리.wav,TSM_1.1x,1.0,-1.0,0,0.0,,4.173,1.941,,,,,0.001689,3034.64,7062.89,0.069741,5.308
0484_민속악_판소리.wav,AWGN_30dB,0.0,1.0,1,0.7429,29.95,3.581,3.688,,0.98,0.8943,1.8321,0.001689,3034.64,7062.89,0.069741,5.308
0484_민속악_판소리.wav,Limiter,0.0,1.0,1,0.9619,48.58,4.681,4.619,,0.9996,0.0598,0.1818,0.001689,3034.64,7062.89,0.069741,5.308
0484_민속악_판소리.wav,Opus_64kbps,0.075,0.85,1,0.6143,21.78,4.615,4.308,,0.9598,0.8133,1.7489,0.001689,3034.64,7062.89,0.069741,5.308
0484_민속악_판소리.wav,Opus_32kbps,0.15,0.7,1,0.4952,16.06,4.466,3.716,,0.8874,1.1703,2.2177,0.001689,3034.64,7062.89,0.069741,5.308
0484_민속악_판소리.wav,AAC_128kbps,0.0,1.0,1,0.8571,31.97,4.64,4.578,,0.9887,0.5038,1.1863,0.001689,3034.64,7062.89,0.069741,5.308
0484_민속악_판소리.wav,TelephoneFilter,0.1,0.8,1,0.5,-3.25,1.804,3.434,,0.3498,1.4625,2.3218,0.001689,3034.64,7062.89,0.069741,5.308
0484_민속악_판소리.wav,EnCodec_6kbps,0.575,-0.15,1,0.3762,1.28,2.959,1.91,,0.3668,1.5416,2.5727,0.001689,3034.64,7062.89,0.069741,5.308
0484_민속악_판소리.wav,DAC,0.4,0.2,1,0.3905,-21.94,2.258,2.914,,0.1191,1.5769,2.5111,0.001689,3034.64,7062.89,0.069741,5.308
0487_민속악_판소리.wav,NoAttack,0.0,1.0,1,0.9619,48.56,4.711,4.617,,0.9997,0.0484,0.1492,0.001491,3273.71,7622.75,0.04438,6.3788
0487_민속악_판소리.wav,MP3_128kbps,0.0,1.0,1,0.881,32.63,4.616,4.607,,0.9882,0.617,1.3089,0.001491,3273.71,7622.75,0.04438,6.3788
0487_민속악_판소리.wav,MP3_320kbps,0.0,1.0,1,0.9714,45.38,4.647,4.617,,0.998,0.2415,0.5564,0.001491,3273.71,7622.75,0.04438,6.3788
0487_민속악_판소리.wav,Resample_44100-16000RT,0.0,1.0,1,0.8048,20.06,2.314,4.58,,0.8846,1.0405,1.7243,0.001491,3273.71,7622.75,0.04438,6.3788
0487_민속악_판소리.wav,Crop_10pct,0.275,0.45,1,0.6032,48.47,4.709,4.618,,0.9997,0.0504,0.154,0.001491,3273.71,7622.75,0.04438,6.3788
0487_민속악_판소리.wav,TSM_1.1x,1.0,-1.0,0,0.0,,4.108,1.508,,,,,0.001491,3273.71,7622.75,0.04438,6.3788
0487_민속악_판소리.wav,AWGN_30dB,0.0,1.0,1,0.6714,29.93,3.837,3.995,,0.9815,0.8211,1.7201,0.001491,3273.71,7622.75,0.04438,6.3788
0487_민속악_판소리.wav,Limiter,0.0,1.0,1,0.9619,48.56,4.711,4.617,,0.9997,0.0484,0.1492,0.001491,3273.71,7622.75,0.04438,6.3788
0487_민속악_판소리.wav,Opus_64kbps,1.0,-1.0,0,0.0,20.26,4.609,4.19,,0.9542,0.8256,1.7551,0.001491,3273.71,7622.75,0.04438,6.3788
0487_민속악_판소리.wav,Opus_32kbps,1.0,-1.0,0,0.0,14.52,4.437,3.633,,0.8749,1.1878,2.2217,0.001491,3273.71,7622.75,0.04438,6.3788
0487_민속악_판소리.wav,AAC_128kbps,0.0,1.0,1,0.819,30.29,4.626,4.584,,0.9873,0.5098,1.1854,0.001491,3273.71,7622.75,0.04438,6.3788
0487_민속악_판소리.wav,TelephoneFilter,0.3,0.4,1,0.419,-2.13,1.767,3.248,,0.3763,1.4651,2.3112,0.001491,3273.71,7622.75,0.04438,6.3788
0487_민속악_판소리.wav,EnCodec_6kbps,1.0,-1.0,0,0.0,-1.76,2.883,1.738,,0.3247,1.543,2.5792,0.001491,3273.71,7622.75,0.04438,6.3788
0487_민속악_판소리.wav,DAC,0.5,0.0,1,0.4095,-14.01,2.167,2.512,,0.1314,1.5748,2.515,0.001491,3273.71,7622.75,0.04438,6.3788
0488_민속악_판소리.wav,NoAttack,0.0,1.0,1,0.9476,48.59,4.693,4.558,,0.9996,0.059,0.1779,0.002188,3590.32,8397.95,0.088761,4.3787
0488_민속악_판소리.wav,MP3_128kbps,0.0,1.0,1,0.8476,32.25,4.663,4.547,,0.9858,0.5926,1.2944,0.002188,3590.32,8397.95,0.088761,4.3787
0488_민속악_판소리.wav,MP3_320kbps,0.0,1.0,1,0.9524,45.16,4.678,4.558,,0.9976,0.2437,0.5663,0.002188,3590.32,8397.95,0.088761,4.3787
0488_민속악_판소리.wav,Resample_44100-16000RT,0.0,1.0,1,0.8381,18.77,2.338,4.539,,0.8493,1.0473,1.7375,0.002188,3590.32,8397.95,0.088761,4.3787
0488_민속악_판소리.wav,Crop_10pct,1.0,-1.0,0,0.0,48.97,4.71,4.603,,0.9997,0.0499,0.1515,0.002188,3590.32,8397.95,0.088761,4.3787
0488_민속악_판소리.wav,TSM_1.1x,0.475,0.05,1,0.3862,,4.139,1.646,,,,,0.002188,3590.32,8397.95,0.088761,4.3787
0488_민속악_판소리.wav,AWGN_30dB,0.0,1.0,1,0.7238,29.93,3.91,3.827,,0.9789,0.8271,1.7297,0.002188,3590.32,8397.95,0.088761,4.3787
0488_민속악_판소리.wav,Limiter,0.0,1.0,1,0.9476,48.59,4.693,4.558,,0.9996,0.059,0.1779,0.002188,3590.32,8397.95,0.088761,4.3787
0488_민속악_판소리.wav,Opus_64kbps,0.025,0.95,1,0.5619,21.66,4.653,4.308,,0.9503,0.8242,1.7483,0.002188,3590.32,8397.95,0.088761,4.3787
0488_민속악_판소리.wav,Opus_32kbps,0.25,0.5,1,0.4381,15.64,4.472,3.842,,0.8581,1.187,2.2158,0.002188,3590.32,8397.95,0.088761,4.3787
0488_민속악_판소리.wav,AAC_128kbps,0.0,1.0,1,0.8238,30.0,4.655,4.536,,0.9849,0.5071,1.1879,0.002188,3590.32,8397.95,0.088761,4.3787
0488_민속악_판소리.wav,TelephoneFilter,1.0,-1.0,0,0.0,1.33,1.849,3.274,,0.3539,1.4655,2.3317,0.002188,3590.32,8397.95,0.088761,4.3787
0488_민속악_판소리.wav,EnCodec_6kbps,1.0,-1.0,0,0.0,0.68,2.853,1.836,,0.3185,1.5435,2.5595,0.002188,3590.32,8397.95,0.088761,4.3787
0488_민속악_판소리.wav,DAC,0.475,0.05,1,0.3762,-6.28,2.209,2.553,,0.1272,1.5731,2.5018,0.002188,3590.32,8397.95,0.088761,4.3787
0496_민속악_판소리.wav,NoAttack,0.0,1.0,1,0.9714,48.48,4.706,4.633,,0.9997,0.0348,0.1128,0.001354,2761.74,5857.03,0.0,5.7066
0496_민속악_판소리.wav,MP3_128kbps,0.0,1.0,1,0.881,33.5,4.678,4.61,,0.9905,0.5796,1.2826,0.001354,2761.74,5857.03,0.0,5.7066
0496_민속악_판소리.wav,MP3_320kbps,0.0,1.0,1,0.9762,47.14,4.7,4.632,,0.9989,0.2178,0.4929,0.001354,2761.74,5857.03,0.0,5.7066
0496_민속악_판소리.wav,Resample_44100-16000RT,0.0,1.0,1,0.7905,24.67,2.153,4.63,,0.9174,1.0283,1.7237,0.001354,2761.74,5857.03,0.0,5.7066
0496_민속악_판소리.wav,Crop_10pct,0.0,1.0,1,0.7407,48.33,4.701,4.633,,0.9997,0.0355,0.1139,0.001354,2761.74,5857.03,0.0,5.7066
0496_민속악_판소리.wav,TSM_1.1x,1.0,-1.0,0,0.0,,4.23,1.661,,,,,0.001354,2761.74,5857.03,0.0,5.7066
0496_민속악_판소리.wav,AWGN_30dB,0.0,1.0,1,0.681,29.94,4.21,4.372,,0.9797,0.7743,1.7069,0.001354,2761.74,5857.03,0.0,5.7066
0496_민속악_판소리.wav,Limiter,0.0,1.0,1,0.9714,48.48,4.706,4.633,,0.9997,0.0348,0.1128,0.001354,2761.74,5857.03,0.0,5.7066
0496_민속악_판소리.wav,Opus_64kbps,1.0,-1.0,0,0.0,20.83,4.664,4.224,,0.9604,0.7762,1.7184,0.001354,2761.74,5857.03,0.0,5.7066
0496_민속악_판소리.wav,Opus_32kbps,1.0,-1.0,0,0.0,15.55,4.37,3.621,,0.8914,1.1544,2.2367,0.001354,2761.74,5857.03,0.0,5.7066
0496_민속악_판소리.wav,AAC_128kbps,0.0,1.0,1,0.9286,33.79,4.678,4.612,,0.9917,0.4861,1.1602,0.001354,2761.74,5857.03,0.0,5.7066
0496_민속악_판소리.wav,TelephoneFilter,1.0,-1.0,0,0.0,-1.65,1.474,3.436,,0.424,1.4605,2.3155,0.001354,2761.74,5857.03,0.0,5.7066
0496_민속악_판소리.wav,EnCodec_6kbps,0.625,-0.25,1,0.3905,2.76,2.866,2.0,,0.4273,1.5316,2.6041,0.001354,2761.74,5857.03,0.0,5.7066
0496_민속악_판소리.wav,DAC,1.0,-1.0,0,0.0,-22.43,2.001,3.007,,0.1597,1.5766,2.5384,0.001354,2761.74,5857.03,0.0,5.7066
0497_민속악_판소리.wav,NoAttack,0.0,1.0,1,0.9762,48.49,4.621,4.607,,0.9994,0.0872,0.2592,0.00055,1859.57,5211.04,0.002882,4.9545
0497_민속악_판소리.wav,MP3_128kbps,0.0,1.0,1,0.9476,36.53,4.58,4.603,,0.9924,0.5768,1.2971,0.00055,1859.57,5211.04,0.002882,4.9545
0497_민속악_판소리.wav,MP3_320kbps,0.0,1.0,1,0.9762,47.79,4.615,4.607,,0.9987,0.2748,0.6568,0.00055,1859.57,5211.04,0.002882,4.9545
0497_민속악_판소리.wav,Resample_44100-16000RT,0.0,1.0,1,0.9,27.71,2.416,4.591,,0.9388,1.0602,1.8119,0.00055,1859.57,5211.04,0.002882,4.9545
0497_민속악_판소리.wav,Crop_10pct,0.3,0.4,1,0.6138,48.65,4.65,4.613,,0.9994,0.0776,0.2323,0.00055,1859.57,5211.04,0.002882,4.9545
0497_민속악_판소리.wav,TSM_1.1x,1.0,-1.0,0,0.0,,4.073,1.663,,,,,0.00055,1859.57,5211.04,0.002882,4.9545
0497_민속악_판소리.wav,AWGN_30dB,0.025,0.95,1,0.6571,29.95,2.934,3.247,,0.9759,1.0457,2.0614,0.00055,1859.57,5211.04,0.002882,4.9545
0497_민속악_판소리.wav,Limiter,0.0,1.0,1,0.9762,48.49,4.621,4.607,,0.9994,0.0872,0.2592,0.00055,1859.57,5211.04,0.002882,4.9545
0497_민속악_판소리.wav,Opus_64kbps,0.0,1.0,1,0.819,23.01,4.573,4.328,,0.9702,0.7975,1.7191,0.00055,1859.57,5211.04,0.002882,4.9545
0497_민속악_판소리.wav,Opus_32kbps,0.025,0.95,1,0.6524,17.86,4.3,3.861,,0.9137,1.1708,2.2037,0.00055,1859.57,5211.04,0.002882,4.9545
0497_민속악_판소리.wav,AAC_128kbps,0.0,1.0,1,0.9476,37.26,4.589,4.589,,0.9935,0.4923,1.1678,0.00055,1859.57,5211.04,0.002882,4.9545
0497_민속악_판소리.wav,TelephoneFilter,0.125,0.75,1,0.5381,-2.92,1.756,3.771,,0.3555,1.4636,2.3463,0.00055,1859.57,5211.04,0.002882,4.9545
0497_민속악_판소리.wav,EnCodec_6kbps,1.0,-1.0,0,0.0,5.88,2.933,2.33,,0.5294,1.5355,2.563,0.00055,1859.57,5211.04,0.002882,4.9545
0497_민속악_판소리.wav,DAC,1.0,-1.0,0,0.0,-12.61,2.254,3.312,,0.2411,1.5723,2.5004,0.00055,1859.57,5211.04,0.002882,4.9545
0505_민속악_판소리.wav,NoAttack,0.0,1.0,1,0.9762,48.44,4.709,4.609,,0.9996,0.05,0.1546,0.000976,2284.4,5598.63,0.0,5.0786
0505_민속악_판소리.wav,MP3_128kbps,0.0,1.0,1,0.919,34.69,4.652,4.601,,0.9914,0.5687,1.2504,0.000976,2284.4,5598.63,0.0,5.0786
0505_민속악_판소리.wav,MP3_320kbps,0.0,1.0,1,0.9762,47.15,4.693,4.609,,0.9986,0.2336,0.5329,0.000976,2284.4,5598.63,0.0,5.0786
0505_민속악_판소리.wav,Resample_44100-16000RT,0.0,1.0,1,0.8,28.08,2.126,4.603,,0.936,1.0377,1.7444,0.000976,2284.4,5598.63,0.0,5.0786
0505_민속악_판소리.wav,Crop_10pct,0.0,1.0,1,0.7143,48.73,4.709,4.611,,0.9996,0.0452,0.1419,0.000976,2284.4,5598.63,0.0,5.0786
0505_민속악_판소리.wav,TSM_1.1x,1.0,-1.0,0,0.0,,4.252,1.649,,,,,0.000976,2284.4,5598.63,0.0,5.0786
0505_민속악_판소리.wav,AWGN_30dB,0.025,0.95,1,0.6714,29.95,3.605,3.911,,0.978,0.8787,1.8434,0.000976,2284.4,5598.63,0.0,5.0786
0505_민속악_판소리.wav,Limiter,0.0,1.0,1,0.9762,48.44,4.709,4.609,,0.9996,0.05,0.1546,0.000976,2284.4,5598.63,0.0,5.0786
0505_민속악_판소리.wav,Opus_64kbps,0.05,0.9,1,0.7476,21.31,4.654,4.351,,0.9653,0.7816,1.6923,0.000976,2284.4,5598.63,0.0,5.0786
0505_민속악_판소리.wav,Opus_32kbps,0.2,0.6,1,0.5143,15.98,4.332,3.878,,0.9011,1.169,2.2108,0.000976,2284.4,5598.63,0.0,5.0786
0505_민속악_판소리.wav,AAC_128kbps,0.0,1.0,1,0.9,34.45,4.662,4.605,,0.9924,0.4679,1.1225,0.000976,2284.4,5598.63,0.0,5.0786
0505_민속악_판소리.wav,TelephoneFilter,0.575,-0.15,1,0.4619,-2.51,1.584,3.69,,0.4077,1.4598,2.309,0.000976,2284.4,5598.63,0.0,5.0786
0505_민속악_판소리.wav,EnCodec_6kbps,0.6,-0.2,1,0.3952,3.86,2.852,2.048,,0.4783,1.5309,2.5882,0.000976,2284.4,5598.63,0.0,5.0786
0505_민속악_판소리.wav,DAC,1.0,-1.0,0,0.0,-14.99,2.003,3.082,,0.1623,1.5726,2.5263,0.000976,2284.4,5598.63,0.0,5.0786
0507_민속악_판소리.wav,NoAttack,0.0,1.0,1,0.9762,48.49,4.716,4.632,,0.9996,0.0491,0.1506,0.000824,2405.38,5770.9,0.0,5.1774
0507_민속악_판소리.wav,MP3_128kbps,0.0,1.0,1,0.9286,34.81,4.693,4.612,,0.9913,0.6121,1.303,0.000824,2405.38,5770.9,0.0,5.1774
0507_민속악_판소리.wav,MP3_320kbps,0.0,1.0,1,0.9762,47.5,4.712,4.632,,0.9988,0.2361,0.5348,0.000824,2405.38,5770.9,0.0,5.1774
0507_민속악_판소리.wav,Resample_44100-16000RT,0.0,1.0,1,0.8714,25.29,2.128,4.609,,0.9318,1.0356,1.7319,0.000824,2405.38,5770.9,0.0,5.1774
0507_민속악_판소리.wav,Crop_10pct,0.025,0.95,1,0.6825,48.35,4.718,4.63,,0.9996,0.0498,0.1513,0.000824,2405.38,5770.9,0.0,5.1774
0507_민속악_판소리.wav,TSM_1.1x,1.0,-1.0,0,0.0,,4.291,1.67,,,,,0.000824,2405.38,5770.9,0.0,5.1774
0507_민속악_판소리.wav,AWGN_30dB,0.0,1.0,1,0.719,29.94,3.913,4.184,,0.9782,0.8979,1.8478,0.000824,2405.38,5770.9,0.0,5.1774
0507_민속악_판소리.wav,Limiter,0.0,1.0,1,0.9762,47.46,4.716,4.632,,0.9996,0.0493,0.1512,0.000824,2405.38,5770.9,0.0,5.1774
0507_민속악_판소리.wav,Opus_64kbps,0.0,1.0,1,0.6714,21.72,4.669,4.35,,0.9649,0.7956,1.6955,0.000824,2405.38,5770.9,0.0,5.1774
0507_민속악_판소리.wav,Opus_32kbps,1.0,-1.0,0,0.0,16.62,4.294,3.908,,0.9038,1.1598,2.1915,0.000824,2405.38,5770.9,0.0,5.1774
0507_민속악_판소리.wav,AAC_128kbps,0.0,1.0,1,0.9476,35.0,4.696,4.619,,0.9922,0.5164,1.1809,0.000824,2405.38,5770.9,0.0,5.1774
0507_민속악_판소리.wav,TelephoneFilter,0.15,0.7,1,0.4762,-2.97,1.437,3.566,,0.3814,1.4584,2.3058,0.000824,2405.38,5770.9,0.0,5.1774
0507_민속악_판소리.wav,EnCodec_6kbps,0.6,-0.2,1,0.3714,4.28,2.796,1.946,,0.461,1.5323,2.5831,0.000824,2405.38,5770.9,0.0,5.1774
0507_민속악_판소리.wav,DAC,0.575,-0.15,1,0.3714,-13.67,1.922,2.905,,0.154,1.5721,2.515,0.000824,2405.38,5770.9,0.0,5.1774
0514_민속악_판소리.wav,NoAttack,0.0,1.0,1,0.9905,48.49,4.702,4.628,,0.9995,0.0588,0.1792,0.000524,1936.53,4694.24,0.0,4.9026
0514_민속악_판소리.wav,MP3_128kbps,0.0,1.0,1,0.9524,36.6,4.633,4.625,,0.9932,0.5913,1.2748,0.000524,1936.53,4694.24,0.0,4.9026
0514_민속악_판소리.wav,MP3_320kbps,0.0,1.0,1,0.9905,47.85,4.698,4.628,,0.999,0.2438,0.5641,0.000524,1936.53,4694.24,0.0,4.9026
0514_민속악_판소리.wav,Resample_44100-16000RT,0.0,1.0,1,0.9095,30.5,2.187,4.622,,0.9507,1.0407,1.7499,0.000524,1936.53,4694.24,0.0,4.9026
0514_민속악_판소리.wav,Crop_10pct,1.0,-1.0,0,0.0,48.31,4.699,4.627,,0.9995,0.061,0.1858,0.000524,1936.53,4694.24,0.0,4.9026
0514_민속악_판소리.wav,TSM_1.1x,1.0,-1.0,0,0.0,,4.278,1.448,,,,,0.000524,1936.53,4694.24,0.0,4.9026
0514_민속악_판소리.wav,AWGN_30dB,0.0,1.0,1,0.6905,29.94,2.99,4.174,,0.9762,0.9698,1.9672,0.000524,1936.53,4694.24,0.0,4.9026
0514_민속악_판소리.wav,Limiter,0.0,1.0,1,0.9905,35.24,4.702,4.628,,0.9995,0.0596,0.1815,0.000524,1936.53,4694.24,0.0,4.9026
0514_민속악_판소리.wav,Opus_64kbps,0.0,1.0,1,0.8571,22.06,4.629,4.443,,0.9694,0.8034,1.7086,0.000524,1936.53,4694.24,0.0,4.9026
0514_민속악_판소리.wav,Opus_32kbps,1.0,-1.0,0,0.0,16.98,4.287,4.017,,0.9116,1.181,2.2109,0.000524,1936.53,4694.24,0.0,4.9026
0514_민속악_판소리.wav,AAC_128kbps,0.0,1.0,1,0.9381,36.55,4.67,4.626,,0.9939,0.4946,1.1603,0.000524,1936.53,4694.24,0.0,4.9026
0514_민속악_판소리.wav,TelephoneFilter,1.0,-1.0,0,0.0,-5.23,1.517,3.622,,0.3283,1.4599,2.3006,0.000524,1936.53,4694.24,0.0,4.9026
0514_민속악_판소리.wav,EnCodec_6kbps,0.575,-0.15,1,0.4,5.95,2.862,2.028,,0.531,1.5246,2.5747,0.000524,1936.53,4694.24,0.0,4.9026
0514_민속악_판소리.wav,DAC,0.475,0.05,1,0.4286,-8.11,2.029,3.058,,0.2153,1.5702,2.5126,0.000524,1936.53,4694.24,0.0,4.9026
0515_민속악_판소리.wav,NoAttack,0.0,1.0,1,0.9952,48.46,4.725,4.639,,0.9996,0.0411,0.1255,0.00085,2369.37,5512.5,0.0,4.857
0515_민속악_판소리.wav,MP3_128kbps,0.0,1.0,1,0.9381,35.47,4.666,4.627,,0.9918,0.587,1.2569,0.00085,2369.37,5512.5,0.0,4.857
0515_민속악_판소리.wav,MP3_320kbps,0.0,1.0,1,0.9952,47.43,4.71,4.638,,0.9987,0.2229,0.4994,0.00085,2369.37,5512.5,0.0,4.857
0515_민속악_판소리.wav,Resample_44100-16000RT,0.0,1.0,1,0.8619,27.86,2.198,4.619,,0.9361,1.0323,1.717,0.00085,2369.37,5512.5,0.0,4.857
0515_민속악_판소리.wav,Crop_10pct,1.0,-1.0,0,0.0,48.68,4.725,4.643,,0.9996,0.0413,0.1265,0.00085,2369.37,5512.5,0.0,4.857
0515_민속악_판소리.wav,TSM_1.1x,1.0,-1.0,0,0.0,,4.326,1.83,,,,,0.00085,2369.37,5512.5,0.0,4.857
0515_민속악_판소리.wav,AWGN_30dB,0.0,1.0,1,0.7524,29.93,3.857,4.499,,0.9768,0.8608,1.8207,0.00085,2369.37,5512.5,0.0,4.857
0515_민속악_판소리.wav,Limiter,0.0,1.0,1,0.9952,48.44,4.725,4.639,,0.9996,0.0411,0.1257,0.00085,2369.37,5512.5,0.0,4.857
0515_민속악_판소리.wav,Opus_64kbps,1.0,-1.0,0,0.0,21.85,4.658,4.33,,0.9648,0.7903,1.6997,0.00085,2369.37,5512.5,0.0,4.857
0515_민속악_판소리.wav,Opus_32kbps,1.0,-1.0,0,0.0,16.78,4.256,3.815,,0.9029,1.1709,2.2151,0.00085,2369.37,5512.5,0.0,4.857
0515_민속악_판소리.wav,AAC_128kbps,0.0,1.0,1,0.9381,35.62,4.694,4.632,,0.9928,0.4982,1.1509,0.00085,2369.37,5512.5,0.0,4.857
0515_민속악_판소리.wav,TelephoneFilter,1.0,-1.0,0,0.0,-3.67,1.465,3.662,,0.3636,1.4588,2.3027,0.00085,2369.37,5512.5,0.0,4.857
0515_민속악_판소리.wav,EnCodec_6kbps,1.0,-1.0,0,0.0,4.66,2.911,1.948,,0.4866,1.5237,2.5903,0.00085,2369.37,5512.5,0.0,4.857
0515_민속악_판소리.wav,DAC,1.0,-1.0,0,0.0,-12.49,2.027,2.923,,0.2355,1.5721,2.5234,0.00085,2369.37,5512.5,0.0,4.857
0519_민속악_판소리.wav,NoAttack,0.0,1.0,1,1.0,48.55,4.645,4.596,,0.9994,0.0843,0.2482,0.001213,2044.14,5641.7,0.113545,5.4597
0519_민속악_판소리.wav,MP3_128kbps,0.0,1.0,1,0.9619,36.03,4.59,4.592,,0.9919,0.582,1.2974,0.001213,2044.14,5641.7,0.113545,5.4597
0519_민속악_판소리.wav,MP3_320kbps,0.0,1.0,1,1.0,47.7,4.632,4.596,,0.9986,0.2725,0.648,0.001213,2044.14,5641.7,0.113545,5.4597
0519_민속악_판소리.wav,Resample_44100-16000RT,0.0,1.0,1,0.919,29.17,2.291,4.594,,0.9411,1.0594,1.7929,0.001213,2044.14,5641.7,0.113545,5.4597
0519_민속악_판소리.wav,Crop_10pct,0.1,0.8,1,0.6561,48.01,4.631,4.591,,0.9993,0.0906,0.2671,0.001213,2044.14,5641.7,0.113545,5.4597
0519_민속악_판소리.wav,TSM_1.1x,1.0,-1.0,0,0.0,,4.05,1.434,,,,,0.001213,2044.14,5641.7,0.113545,5.4597
0519_민속악_판소리.wav,AWGN_30dB,0.025,0.95,1,0.7095,29.94,2.924,3.44,,0.9751,1.029,2.0532,0.001213,2044.14,5641.7,0.113545,5.4597
0519_민속악_판소리.wav,Limiter,0.0,1.0,1,1.0,48.53,4.645,4.596,,0.9994,0.0844,0.2483,0.001213,2044.14,5641.7,0.113545,5.4597
0519_민속악_판소리.wav,Opus_64kbps,0.0,1.0,1,0.8524,22.95,4.577,4.37,,0.9695,0.799,1.7149,0.001213,2044.14,5641.7,0.113545,5.4597
0519_민속악_판소리.wav,Opus_32kbps,0.0,1.0,1,0.6667,17.65,4.246,3.98,,0.9107,1.1641,2.1893,0.001213,2044.14,5641.7,0.113545,5.4597
0519_민속악_판소리.wav,AAC_128kbps,0.0,1.0,1,0.9619,36.53,4.592,4.591,,0.9931,0.4811,1.1621,0.001213,2044.14,5641.7,0.113545,5.4597
0519_민속악_판소리.wav,TelephoneFilter,0.125,0.75,1,0.5143,-4.0,1.794,3.701,,0.3725,1.4666,2.3342,0.001213,2044.14,5641.7,0.113545,5.4597
0519_민속악_판소리.wav,EnCodec_6kbps,1.0,-1.0,0,0.0,5.73,2.874,2.34,,0.5185,1.5334,2.5585,0.001213,2044.14,5641.7,0.113545,5.4597
0519_민속악_판소리.wav,DAC,0.425,0.15,1,0.4048,-10.95,2.143,3.489,,0.201,1.5768,2.4959,0.001213,2044.14,5641.7,0.113545,5.4597
Similar_Dance_00002_Cover_Arrangement_A.wav,NoAttack,0.0,1.0,1,0.9429,48.62,4.73,4.641,,0.9997,0.0292,0.0971,0.002664,2943.99,5512.5,0.0,3.4574
Similar_Dance_00002_Cover_Arrangement_A.wav,MP3_128kbps,0.0,1.0,1,0.8286,32.6,4.701,4.627,,0.9876,0.5307,1.1859,0.002664,2943.99,5512.5,0.0,3.4574
Similar_Dance_00002_Cover_Arrangement_A.wav,MP3_320kbps,0.0,1.0,1,0.9429,46.38,4.721,4.641,,0.998,0.2235,0.4837,0.002664,2943.99,5512.5,0.0,3.4574
Similar_Dance_00002_Cover_Arrangement_A.wav,Resample_44100-16000RT,0.0,1.0,1,0.7667,23.33,2.066,4.613,,0.8545,1.0249,1.7169,0.002664,2943.99,5512.5,0.0,3.4574
Similar_Dance_00002_Cover_Arrangement_A.wav,Crop_10pct,0.0,1.0,1,0.8995,48.61,4.73,4.642,,0.9997,0.0277,0.0933,0.002664,2943.99,5512.5,0.0,3.4574
Similar_Dance_00002_Cover_Arrangement_A.wav,TSM_1.1x,1.0,-1.0,0,0.0,,3.857,1.037,,,,,0.002664,2943.99,5512.5,0.0,3.4574
Similar_Dance_00002_Cover_Arrangement_A.wav,AWGN_30dB,0.0,1.0,1,0.7667,29.95,4.554,4.391,,0.9768,0.6778,1.5388,0.002664,2943.99,5512.5,0.0,3.4574
Similar_Dance_00002_Cover_Arrangement_A.wav,Limiter,0.0,1.0,1,0.9429,20.29,4.704,4.613,,0.9992,0.0396,0.1412,0.002664,2943.99,5512.5,0.0,3.4574
Similar_Dance_00002_Cover_Arrangement_A.wav,Opus_64kbps,1.0,-1.0,0,0.0,20.34,4.628,4.215,,0.9448,0.8222,1.7312,0.002664,2943.99,5512.5,0.0,3.4574
Similar_Dance_00002_Cover_Arrangement_A.wav,Opus_32kbps,1.0,-1.0,0,0.0,15.61,4.409,1.082,,0.8402,1.1635,2.2089,0.002664,2943.99,5512.5,0.0,3.4574
Similar_Dance_00002_Cover_Arrangement_A.wav,AAC_128kbps,0.0,1.0,1,0.7952,30.88,4.689,4.615,,0.9876,0.4534,1.0976,0.002664,2943.99,5512.5,0.0,3.4574
Similar_Dance_00002_Cover_Arrangement_A.wav,TelephoneFilter,1.0,-1.0,0,0.0,-21.23,1.534,2.918,,0.0999,1.4613,2.2767,0.002664,2943.99,5512.5,0.0,3.4574
Similar_Dance_00002_Cover_Arrangement_A.wav,EnCodec_6kbps,1.0,-1.0,0,0.0,9.71,2.48,2.062,,0.4985,1.5167,2.5606,0.002664,2943.99,5512.5,0.0,3.4574
Similar_Dance_00002_Cover_Arrangement_A.wav,DAC,0.475,0.05,1,0.3952,3.25,1.883,3.39,,0.2949,1.5685,2.5019,0.002664,2943.99,5512.5,0.0,3.4574
Similar_Dance_00002_Cover_Genre_A.wav,NoAttack,0.0,1.0,1,0.9524,48.62,4.73,4.643,,0.9998,0.0239,0.0801,0.002699,2969.49,5770.9,0.0,3.08
Similar_Dance_00002_Cover_Genre_A.wav,MP3_128kbps,0.0,1.0,1,0.8238,32.49,4.693,4.627,,0.9882,0.5105,1.1523,0.002699,2969.49,5770.9,0.0,3.08
Similar_Dance_00002_Cover_Genre_A.wav,MP3_320kbps,0.0,1.0,1,0.9571,45.72,4.716,4.644,,0.998,0.2163,0.4602,0.002699,2969.49,5770.9,0.0,3.08
Similar_Dance_00002_Cover_Genre_A.wav,Resample_44100-16000RT,0.0,1.0,1,0.719,22.96,2.022,4.618,,0.864,1.0265,1.7084,0.002699,2969.49,5770.9,0.0,3.08
Similar_Dance_00002_Cover_Genre_A.wav,Crop_10pct,0.275,0.45,1,0.5132,48.67,4.731,4.644,,0.9998,0.024,0.082,0.002699,2969.49,5770.9,0.0,3.08
Similar_Dance_00002_Cover_Genre_A.wav,TSM_1.1x,0.5,0.0,1,0.3915,,3.988,1.2,,,,,0.002699,2969.49,5770.9,0.0,3.08
Similar_Dance_00002_Cover_Genre_A.wav,AWGN_30dB,0.0,1.0,1,0.7238,29.92,4.606,4.613,,0.9793,0.6253,1.4547,0.002699,2969.49,5770.9,0.0,3.08
Similar_Dance_00002_Cover_Genre_A.wav,Limiter,0.0,1.0,1,0.9286,22.81,4.713,4.59,,0.9993,0.0413,0.1435,0.002699,2969.49,5770.9,0.0,3.08
Similar_Dance_00002_Cover_Genre_A.wav,Opus_64kbps,0.075,0.85,1,0.5762,19.53,4.618,4.292,,0.9436,0.8215,1.7406,0.002699,2969.49,5770.9,0.0,3.08
Similar_Dance_00002_Cover_Genre_A.wav,Opus_32kbps,1.0,-1.0,0,0.0,14.45,4.311,3.575,,0.8389,1.1625,2.2255,0.002699,2969.49,5770.9,0.0,3.08
Similar_Dance_00002_Cover_Genre_A.wav,AAC_128kbps,0.0,1.0,1,0.8381,31.11,4.686,4.621,,0.9887,0.4382,1.0674,0.002699,2969.49,5770.9,0.0,3.08
Similar_Dance_00002_Cover_Genre_A.wav,TelephoneFilter,0.525,-0.05,1,0.3952,-14.38,1.427,3.083,,0.1122,1.4592,2.2653,0.002699,2969.49,5770.9,0.0,3.08
Similar_Dance_00002_Cover_Genre_A.wav,EnCodec_6kbps,1.0,-1.0,0,0.0,8.43,2.335,2.004,,0.502,1.5178,2.5743,0.002699,2969.49,5770.9,0.0,3.08
Similar_Dance_00002_Cover_Genre_A.wav,DAC,1.0,-1.0,0,0.0,0.7,1.854,2.089,,0.2767,1.5723,2.5172,0.002699,2969.49,5770.9,0.0,3.08
Similar_Dance_00002_Cover_Instrument_A.wav,NoAttack,0.0,1.0,1,0.9762,48.65,4.72,4.625,,0.9996,0.0549,0.1682,0.002472,2565.35,3359.18,0.0,7.7911
Similar_Dance_00002_Cover_Instrument_A.wav,MP3_128kbps,0.0,1.0,1,0.9,34.22,4.653,4.62,,0.9889,0.5901,1.2826,0.002472,2565.35,3359.18,0.0,7.7911
Similar_Dance_00002_Cover_Instrument_A.wav,MP3_320kbps,0.0,1.0,1,0.9762,45.13,4.677,4.625,,0.9969,0.2626,0.5807,0.002472,2565.35,3359.18,0.0,7.7911
Similar_Dance_00002_Cover_Instrument_A.wav,Resample_44100-16000RT,0.0,1.0,1,0.8667,27.85,1.868,4.616,,0.917,1.04,1.7259,0.002472,2565.35,3359.18,0.0,7.7911
Similar_Dance_00002_Cover_Instrument_A.wav,Crop_10pct,0.0,1.0,1,0.9524,47.92,4.72,4.624,,0.9995,0.0563,0.1725,0.002472,2565.35,3359.18,0.0,7.7911
Similar_Dance_00002_Cover_Instrument_A.wav,TSM_1.1x,1.0,-1.0,0,0.0,,4.016,1.612,,,,,0.002472,2565.35,3359.18,0.0,7.7911
Similar_Dance_00002_Cover_Instrument_A.wav,AWGN_30dB,0.0,1.0,1,0.7238,29.93,4.122,4.382,,0.9737,0.8666,1.8332,0.002472,2565.35,3359.18,0.0,7.7911
Similar_Dance_00002_Cover_Instrument_A.wav,Limiter,0.0,1.0,1,0.9571,20.41,4.718,4.61,,0.9992,0.0567,0.1762,0.002472,2565.35,3359.18,0.0,7.7911
Similar_Dance_00002_Cover_Instrument_A.wav,Opus_64kbps,0.0,1.0,1,0.7,21.91,4.57,4.451,,0.9606,0.8335,1.7159,0.002472,2565.35,3359.18,0.0,7.7911
Similar_Dance_00002_Cover_Instrument_A.wav,Opus_32kbps,1.0,-1.0,0,0.0,16.75,4.315,3.996,,0.891,1.1592,2.1584,0.002472,2565.35,3359.18,0.0,7.7911
Similar_Dance_00002_Cover_Instrument_A.wav,AAC_128kbps,0.0,1.0,1,0.8667,30.01,4.655,4.596,,0.9887,0.5211,1.1942,0.002472,2565.35,3359.18,0.0,7.7911
Similar_Dance_00002_Cover_Instrument_A.wav,TelephoneFilter,1.0,-1.0,0,0.0,-6.66,1.403,3.895,,0.3259,1.4596,2.2946,0.002472,2565.35,3359.18,0.0,7.7911
Similar_Dance_00002_Cover_Instrument_A.wav,EnCodec_6kbps,0.6,-0.2,1,0.4048,6.74,2.27,2.234,,0.5373,1.5274,2.524,0.002472,2565.35,3359.18,0.0,7.7911
Similar_Dance_00002_Cover_Instrument_A.wav,DAC,1.0,-1.0,0,0.0,-7.16,1.718,3.229,,0.2386,1.5719,2.4724,0.002472,2565.35,3359.18,0.0,7.7911
Similar_Dance_00002_Cover_Instrument_C.wav,NoAttack,0.0,1.0,1,0.9714,48.63,4.719,4.626,,0.9996,0.0552,0.1698,0.002676,2601.02,3359.18,0.0,7.8174
Similar_Dance_00002_Cover_Instrument_C.wav,MP3_128kbps,0.0,1.0,1,0.9238,34.21,4.651,4.622,,0.9889,0.5882,1.2777,0.002676,2601.02,3359.18,0.0,7.8174
Similar_Dance_00002_Cover_Instrument_C.wav,MP3_320kbps,0.0,1.0,1,0.9667,45.24,4.674,4.626,,0.997,0.2618,0.5825,0.002676,2601.02,3359.18,0.0,7.8174
Similar_Dance_00002_Cover_Instrument_C.wav,Resample_44100-16000RT,0.0,1.0,1,0.8571,27.89,1.883,4.612,,0.9173,1.0401,1.7249,0.002676,2601.02,3359.18,0.0,7.8174
Similar_Dance_00002_Cover_Instrument_C.wav,Crop_10pct,0.025,0.95,1,0.6667,48.96,4.72,4.626,,0.9996,0.056,0.1699,0.002676,2601.02,3359.18,0.0,7.8174
Similar_Dance_00002_Cover_Instrument_C.wav,TSM_1.1x,1.0,-1.0,0,0.0,,4.026,1.49,,,,,0.002676,2601.02,3359.18,0.0,7.8174
Similar_Dance_00002_Cover_Instrument_C.wav,AWGN_30dB,0.0,1.0,1,0.7,29.95,4.108,4.377,,0.9736,0.8666,1.8347,0.002676,2601.02,3359.18,0.0,7.8174
Similar_Dance_00002_Cover_Instrument_C.wav,Limiter,0.0,1.0,1,0.9619,20.61,4.718,4.606,,0.9992,0.0569,0.1776,0.002676,2601.02,3359.18,0.0,7.8174
Similar_Dance_00002_Cover_Instrument_C.wav,Opus_64kbps,0.025,0.95,1,0.7333,21.75,4.588,4.434,,0.9605,0.8374,1.7226,0.002676,2601.02,3359.18,0.0,7.8174
Similar_Dance_00002_Cover_Instrument_C.wav,Opus_32kbps,0.525,-0.05,1,0.4333,16.75,4.291,3.89,,0.8892,1.1654,2.1601,0.002676,2601.02,3359.18,0.0,7.8174
Similar_Dance_00002_Cover_Instrument_C.wav,AAC_128kbps,0.0,1.0,1,0.8571,29.85,4.653,4.589,,0.9888,0.5168,1.1835,0.002676,2601.02,3359.18,0.0,7.8174
Similar_Dance_00002_Cover_Instrument_C.wav,TelephoneFilter,1.0,-1.0,0,0.0,-6.74,1.413,3.887,,0.3214,1.4621,2.291,0.002676,2601.02,3359.18,0.0,7.8174
Similar_Dance_00002_Cover_Instrument_C.wav,EnCodec_6kbps,0.3,0.4,1,0.3952,6.68,2.289,2.144,,0.5377,1.5278,2.5236,0.002676,2601.02,3359.18,0.0,7.8174
Similar_Dance_00002_Cover_Instrument_C.wav,DAC,1.0,-1.0,0,0.0,-7.05,1.733,3.219,,0.2494,1.579,2.4679,0.002676,2601.02,3359.18,0.0,7.8174
Similar_Dance_00002_Cover_Rhythm_A.wav,NoAttack,0.0,1.0,1,0.9667,48.41,4.729,4.641,,0.9996,0.0339,0.1171,0.001062,2411.21,3014.65,0.0,3.9134
Similar_Dance_00002_Cover_Rhythm_A.wav,MP3_128kbps,0.0,1.0,1,0.9143,36.44,4.692,4.628,,0.9901,0.5362,1.2167,0.001062,2411.21,3014.65,0.0,3.9134
Similar_Dance_00002_Cover_Rhythm_A.wav,MP3_320kbps,0.0,1.0,1,0.9667,46.51,4.718,4.641,,0.998,0.2306,0.5033,0.001062,2411.21,3014.65,0.0,3.9134
Similar_Dance_00002_Cover_Rhythm_A.wav,Resample_44100-16000RT,0.0,1.0,1,0.8667,26.78,1.974,4.618,,0.8957,1.0303,1.7346,0.001062,2411.21,3014.65,0.0,3.9134
Similar_Dance_00002_Cover_Rhythm_A.wav,Crop_10pct,0.1,0.8,1,0.6825,48.43,4.729,4.639,,0.9996,0.0339,0.1169,0.001062,2411.21,3014.65,0.0,3.9134
Similar_Dance_00002_Cover_Rhythm_A.wav,TSM_1.1x,1.0,-1.0,0,0.0,,3.938,1.201,,,,,0.001062,2411.21,3014.65,0.0,3.9134
Similar_Dance_00002_Cover_Rhythm_A.wav,AWGN_30dB,0.0,1.0,1,0.7905,29.92,4.507,4.5,,0.9704,0.7784,1.7574,0.001062,2411.21,3014.65,0.0,3.9134
Similar_Dance_00002_Cover_Rhythm_A.wav,Limiter,0.0,1.0,1,0.9714,29.11,4.726,4.611,,0.9993,0.0403,0.1398,0.001062,2411.21,3014.65,0.0,3.9134
Similar_Dance_00002_Cover_Rhythm_A.wav,Opus_64kbps,0.0,1.0,1,0.7619,20.5,4.611,4.079,,0.9539,0.8399,1.7811,0.001062,2411.21,3014.65,0.0,3.9134
Similar_Dance_00002_Cover_Rhythm_A.wav,Opus_32kbps,1.0,-1.0,0,0.0,15.91,4.331,3.443,,0.8749,1.1774,2.2427,0.001062,2411.21,3014.65,0.0,3.9134
Similar_Dance_00002_Cover_Rhythm_A.wav,AAC_128kbps,0.0,1.0,1,0.919,34.29,4.686,4.61,,0.99,0.4637,1.1287,0.001062,2411.21,3014.65,0.0,3.9134
Similar_Dance_00002_Cover_Rhythm_A.wav,TelephoneFilter,1.0,-1.0,0,0.0,-21.57,1.385,1.598,,0.187,1.4612,2.2896,0.001062,2411.21,3014.65,0.0,3.9134
Similar_Dance_00002_Cover_Rhythm_A.wav,EnCodec_6kbps,1.0,-1.0,0,0.0,9.89,2.293,1.536,,0.5925,1.5236,2.5857,0.001062,2411.21,3014.65,0.0,3.9134
Similar_Dance_00002_Cover_Rhythm_A.wav,DAC,0.375,0.25,1,0.3952,2.84,1.795,2.909,,0.3904,1.5701,2.5189,0.001062,2411.21,3014.65,0.0,3.9134
Similar_Dance_00002_Cover_Tempo_A.wav,NoAttack,0.0,1.0,1,0.9714,48.86,4.727,4.625,,0.9997,0.0391,0.115,0.00677,3267.76,6847.56,0.0,9.9875
Similar_Dance_00002_Cover_Tempo_A.wav,MP3_128kbps,0.0,1.0,1,0.7571,27.82,4.672,4.611,,0.9844,0.555,1.1684,0.00677,3267.76,6847.56,0.0,9.9875
Similar_Dance_00002_Cover_Tempo_A.wav,MP3_320kbps,0.0,1.0,1,0.9667,42.46,4.693,4.626,,0.997,0.2408,0.5003,0.00677,3267.76,6847.56,0.0,9.9875
Similar_Dance_00002_Cover_Tempo_A.wav,Resample_44100-16000RT,0.0,1.0,1,0.7095,21.08,1.96,4.606,,0.8689,1.0293,1.6587,0.00677,3267.76,6847.56,0.0,9.9875
Similar_Dance_00002_Cover_Tempo_A.wav,Crop_10pct,0.0,1.0,1,0.746,49.18,4.728,4.625,,0.9998,0.0368,0.1095,0.00677,3267.76,6847.56,0.0,9.9875
Similar_Dance_00002_Cover_Tempo_A.wav,TSM_1.1x,1.0,-1.0,0,0.0,,4.121,1.439,,,,,0.00677,3267.76,6847.56,0.0,9.9875
Similar_Dance_00002_Cover_Tempo_A.wav,AWGN_30dB,0.075,0.85,1,0.6905,29.95,4.405,4.402,,0.9839,0.6926,1.4662,0.00677,3267.76,6847.56,0.0,9.9875
Similar_Dance_00002_Cover_Tempo_A.wav,Limiter,0.0,1.0,1,0.9714,48.86,4.727,4.625,,0.9997,0.0391,0.115,0.00677,3267.76,6847.56,0.0,9.9875
Similar_Dance_00002_Cover_Tempo_A.wav,Opus_64kbps,0.0,1.0,1,0.6048,18.49,4.611,4.271,,0.9516,0.7729,1.5726,0.00677,3267.76,6847.56,0.0,9.9875
Similar_Dance_00002_Cover_Tempo_A.wav,Opus_32kbps,0.475,0.05,1,0.4857,13.37,4.446,3.703,,0.8533,1.1232,2.0213,0.00677,3267.76,6847.56,0.0,9.9875
Similar_Dance_00002_Cover_Tempo_A.wav,AAC_128kbps,0.0,1.0,1,0.7571,25.87,4.673,4.406,,0.9863,0.4842,1.0725,0.00677,3267.76,6847.56,0.0,9.9875
Similar_Dance_00002_Cover_Tempo_A.wav,TelephoneFilter,1.0,-1.0,0,0.0,-1.38,1.475,3.465,,0.346,1.4583,2.265,0.00677,3267.76,6847.56,0.0,9.9875
Similar_Dance_00002_Cover_Tempo_A.wav,EnCodec_6kbps,0.375,0.25,1,0.4238,2.02,2.495,1.937,,0.4126,1.5296,2.4339,0.00677,3267.76,6847.56,0.0,9.9875
Similar_Dance_00002_Cover_Tempo_A.wav,DAC,0.45,0.1,1,0.419,-22.41,1.854,3.015,,0.1613,1.5729,2.3886,0.00677,3267.76,6847.56,0.0,9.9875
Similar_Dance_00002_Cover_Tempo_C.wav,NoAttack,0.0,1.0,1,0.9667,48.74,4.721,4.63,,0.9996,0.0527,0.1556,0.005124,3032.46,6072.36,0.0,8.6989
Similar_Dance_00002_Cover_Tempo_C.wav,MP3_128kbps,0.0,1.0,1,0.8143,29.57,4.656,4.607,,0.9856,0.5992,1.2403,0.005124,3032.46,6072.36,0.0,8.6989
Similar_Dance_00002_Cover_Tempo_C.wav,MP3_320kbps,0.0,1.0,1,0.9571,41.41,4.676,4.629,,0.9964,0.2599,0.5557,0.005124,3032.46,6072.36,0.0,8.6989
Similar_Dance_00002_Cover_Tempo_C.wav,Resample_44100-16000RT,0.0,1.0,1,0.7667,22.63,1.979,4.603,,0.8934,1.0385,1.6711,0.005124,3032.46,6072.36,0.0,8.6989
Similar_Dance_00002_Cover_Tempo_C.wav,Crop_10pct,0.025,0.95,1,0.619,48.73,4.721,4.63,,0.9996,0.054,0.1584,0.005124,3032.46,6072.36,0.0,8.6989
Similar_Dance_00002_Cover_Tempo_C.wav,TSM_1.1x,1.0,-1.0,0,0.0,,3.947,1.393,,,,,0.005124,3032.46,6072.36,0.0,8.6989
Similar_Dance_00002_Cover_Tempo_C.wav,AWGN_30dB,1.0,-1.0,0,0.0,29.94,4.157,4.482,,0.9817,0.8155,1.6582,0.005124,3032.46,6072.36,0.0,8.6989
Similar_Dance_00002_Cover_Tempo_C.wav,Limiter,0.0,1.0,1,0.9667,48.74,4.721,4.63,,0.9996,0.0527,0.1556,0.005124,3032.46,6072.36,0.0,8.6989
Similar_Dance_00002_Cover_Tempo_C.wav,Opus_64kbps,0.0,1.0,1,0.619,18.49,4.571,4.235,,0.9522,0.8213,1.6422,0.005124,3032.46,6072.36,0.0,8.6989
Similar_Dance_00002_Cover_Tempo_C.wav,Opus_32kbps,1.0,-1.0,0,0.0,13.35,4.355,3.666,,0.8681,1.1404,2.0387,0.005124,3032.46,6072.36,0.0,8.6989
Similar_Dance_00002_Cover_Tempo_C.wav,AAC_128kbps,0.0,1.0,1,0.7857,27.82,4.66,4.461,,0.987,0.5328,1.1518,0.005124,3032.46,6072.36,0.0,8.6989
Similar_Dance_00002_Cover_Tempo_C.wav,TelephoneFilter,1.0,-1.0,0,0.0,0.77,1.498,3.634,,0.4518,1.459,2.2604,0.005124,3032.46,6072.36,0.0,8.6989
Similar_Dance_00002_Cover_Tempo_C.wav,EnCodec_6kbps,0.5,0.0,1,0.381,0.16,2.392,1.742,,0.4148,1.5338,2.4306,0.005124,3032.46,6072.36,0.0,8.6989
Similar_Dance_00002_Cover_Tempo_C.wav,DAC,1.0,-1.0,0,0.0,-26.54,1.842,2.789,,0.143,1.577,2.3739,0.005124,3032.46,6072.36,0.0,8.6989
Similar_Dance_00002_Cover_Timbre_A.wav,NoAttack,0.0,1.0,1,0.9571,48.66,4.721,4.627,,0.9996,0.0496,0.1529,0.002745,2693.09,4177.44,0.0,9.21
Similar_Dance_00002_Cover_Timbre_A.wav,MP3_128kbps,0.0,1.0,1,0.8619,33.22,4.66,4.619,,0.9881,0.5875,1.2769,0.002745,2693.09,4177.44,0.0,9.21
Similar_Dance_00002_Cover_Timbre_A.wav,MP3_320kbps,0.0,1.0,1,0.9619,44.58,4.683,4.627,,0.9969,0.258,0.5685,0.002745,2693.09,4177.44,0.0,9.21
Similar_Dance_00002_Cover_Timbre_A.wav,Resample_44100-16000RT,0.0,1.0,1,0.8143,26.3,1.848,4.62,,0.9064,1.0351,1.71,0.002745,2693.09,4177.44,0.0,9.21
Similar_Dance_00002_Cover_Timbre_A.wav,Crop_10pct,0.0,1.0,1,0.9259,47.61,4.721,4.626,,0.9996,0.0511,0.1577,0.002745,2693.09,4177.44,0.0,9.21
Similar_Dance_00002_Cover_Timbre_A.wav,TSM_1.1x,0.425,0.15,1,0.4127,,3.975,1.554,,,,,0.002745,2693.09,4177.44,0.0,9.21
Similar_Dance_00002_Cover_Timbre_A.wav,AWGN_30dB,0.0,1.0,1,0.7,29.94,4.24,4.436,,0.9757,0.8207,1.7572,0.002745,2693.09,4177.44,0.0,9.21
Similar_Dance_00002_Cover_Timbre_A.wav,Limiter,0.0,1.0,1,0.9571,24.12,4.721,4.616,,0.9994,0.051,0.1583,0.002745,2693.09,4177.44,0.0,9.21
Similar_Dance_00002_Cover_Timbre_A.wav,Opus_64kbps,0.0,1.0,1,0.6762,21.06,4.586,4.389,,0.9559,0.8435,1.7368,0.002745,2693.09,4177.44,0.0,9.21
Similar_Dance_00002_Cover_Timbre_A.wav,Opus_32kbps,1.0,-1.0,0,0.0,16.3,4.318,3.824,,0.8773,1.1689,2.1686,0.002745,2693.09,4177.44,0.0,9.21
Similar_Dance_00002_Cover_Timbre_A.wav,AAC_128kbps,0.0,1.0,1,0.8286,29.41,4.661,4.487,,0.9879,0.514,1.1763,0.002745,2693.09,4177.44,0.0,9.21
Similar_Dance_00002_Cover_Timbre_A.wav,TelephoneFilter,1.0,-1.0,0,0.0,-4.63,1.43,3.812,,0.3714,1.4571,2.2924,0.002745,2693.09,4177.44,0.0,9.21
Similar_Dance_00002_Cover_Timbre_A.wav,EnCodec_6kbps,0.625,-0.25,1,0.3714,5.78,2.347,2.131,,0.5036,1.5248,2.5282,0.002745,2693.09,4177.44,0.0,9.21
Similar_Dance_00002_Cover_Timbre_A.wav,DAC,1.0,-1.0,0,0.0,-10.42,1.717,3.117,,0.2143,1.575,2.4693,0.002745,2693.09,4177.44,0.0,9.21
Similar_Dance_00002_Cover_Timbre_C.wav,NoAttack,0.0,1.0,1,0.9714,48.64,4.721,4.624,,0.9996,0.0498,0.1533,0.002584,2671.42,4177.44,0.0,9.3181
Similar_Dance_00002_Cover_Timbre_C.wav,MP3_128kbps,0.0,1.0,1,0.9143,33.07,4.663,4.615,,0.988,0.5869,1.2744,0.002584,2671.42,4177.44,0.0,9.3181
Similar_Dance_00002_Cover_Timbre_C.wav,MP3_320kbps,0.0,1.0,1,0.9762,44.44,4.685,4.624,,0.9969,0.2568,0.5689,0.002584,2671.42,4177.44,0.0,9.3181
Similar_Dance_00002_Cover_Timbre_C.wav,Resample_44100-16000RT,0.0,1.0,1,0.8095,26.42,1.885,4.61,,0.9095,1.0365,1.7159,0.002584,2671.42,4177.44,0.0,9.3181
Similar_Dance_00002_Cover_Timbre_C.wav,Crop_10pct,0.0,1.0,1,0.7884,48.67,4.72,4.623,,0.9996,0.0511,0.158,0.002584,2671.42,4177.44,0.0,9.3181
Similar_Dance_00002_Cover_Timbre_C.wav,TSM_1.1x,1.0,-1.0,0,0.0,,4.047,1.636,,,,,0.002584,2671.42,4177.44,0.0,9.3181
Similar_Dance_00002_Cover_Timbre_C.wav,AWGN_30dB,0.0,1.0,1,0.7286,29.95,4.244,4.426,,0.976,0.8219,1.7552,0.002584,2671.42,4177.44,0.0,9.3181
Similar_Dance_00002_Cover_Timbre_C.wav,Limiter,0.0,1.0,1,0.9714,23.92,4.72,4.612,,0.9994,0.0511,0.1584,0.002584,2671.42,4177.44,0.0,9.3181
Similar_Dance_00002_Cover_Timbre_C.wav,Opus_64kbps,0.0,1.0,1,0.6429,21.24,4.583,4.377,,0.9571,0.8298,1.7141,0.002584,2671.42,4177.44,0.0,9.3181
Similar_Dance_00002_Cover_Timbre_C.wav,Opus_32kbps,1.0,-1.0,0,0.0,16.18,4.302,3.839,,0.8803,1.157,2.1528,0.002584,2671.42,4177.44,0.0,9.3181
Similar_Dance_00002_Cover_Timbre_C.wav,AAC_128kbps,0.0,1.0,1,0.8381,29.43,4.662,4.586,,0.9883,0.5119,1.1754,0.002584,2671.42,4177.44,0.0,9.3181
Similar_Dance_00002_Cover_Timbre_C.wav,TelephoneFilter,0.525,-0.05,1,0.4381,-4.57,1.425,3.814,,0.3769,1.4594,2.2911,0.002584,2671.42,4177.44,0.0,9.3181
Similar_Dance_00002_Cover_Timbre_C.wav,EnCodec_6kbps,0.575,-0.15,1,0.4238,5.62,2.327,2.098,,0.5014,1.5296,2.5289,0.002584,2671.42,4177.44,0.0,9.3181
Similar_Dance_00002_Cover_Timbre_C.wav,DAC,1.0,-1.0,0,0.0,-10.31,1.738,3.124,,0.2139,1.5687,2.4655,0.002584,2671.42,4177.44,0.0,9.3181
Similar_Dance_00002_Org.wav,NoAttack,0.0,1.0,1,0.9286,48.7,4.731,4.644,,0.9998,0.0364,0.1017,0.0023,2850.75,8613.28,0.0,2.2712
Similar_Dance_00002_Org.wav,MP3_128kbps,0.0,1.0,1,0.8,31.66,4.706,4.626,,0.9896,0.5204,1.0742,0.0023,2850.75,8613.28,0.0,2.2712
Similar_Dance_00002_Org.wav,MP3_320kbps,0.0,1.0,1,0.9333,46.97,4.731,4.643,,0.9991,0.2142,0.4418,0.0023,2850.75,8613.28,0.0,2.2712
Similar_Dance_00002_Org.wav,Resample_44100-16000RT,0.0,1.0,1,0.8,19.03,1.96,4.639,,0.8078,1.0304,1.7055,0.0023,2850.75,8613.28,0.0,2.2712
Similar_Dance_00002_Org.wav,Crop_10pct,0.0,1.0,1,0.8042,48.73,4.731,4.643,,0.9998,0.0359,0.1003,0.0023,2850.75,8613.28,0.0,2.2712
Similar_Dance_00002_Org.wav,TSM_1.1x,1.0,-1.0,0,0.0,,4.336,1.191,,,,,0.0023,2850.75,8613.28,0.0,2.2712
Similar_Dance_00002_Org.wav,AWGN_30dB,0.0,1.0,1,0.7905,29.93,4.188,4.604,,0.9814,0.6754,1.4415,0.0023,2850.75,8613.28,0.0,2.2712
Similar_Dance_00002_Org.wav,Limiter,0.0,1.0,1,0.9286,24.31,4.729,4.477,,0.9994,0.0664,0.1735,0.0023,2850.75,8613.28,0.0,2.2712
Similar_Dance_00002_Org.wav,Opus_64kbps,0.0,1.0,1,0.6095,20.18,4.688,4.257,,0.9528,0.7296,1.5039,0.0023,2850.75,8613.28,0.0,2.2712
Similar_Dance_00002_Org.wav,Opus_32kbps,0.575,-0.15,1,0.3857,15.19,4.576,3.77,,0.8437,1.1064,2.0126,0.0023,2850.75,8613.28,0.0,2.2712
Similar_Dance_00002_Org.wav,AAC_128kbps,0.0,1.0,1,0.8095,31.42,4.722,4.625,,0.9911,0.432,0.9698,0.0023,2850.75,8613.28,0.0,2.2712
Similar_Dance_00002_Org.wav,TelephoneFilter,1.0,-1.0,0,0.0,-8.57,1.636,3.558,,0.1508,1.4607,2.268,0.0023,2850.75,8613.28,0.0,2.2712
Similar_Dance_00002_Org.wav,EnCodec_6kbps,1.0,-1.0,0,0.0,8.06,3.155,2.126,,0.4822,1.5246,2.4866,0.0023,2850.75,8613.28,0.0,2.2712
Similar_Dance_00002_Org.wav,DAC,1.0,-1.0,0,0.0,-2.15,1.834,3.26,,0.2976,1.5716,2.4487,0.0023,2850.75,8613.28,0.0,2.2712
Similar_Dance_00003_Cover_Arrangement_A.wav,NoAttack,0.0,1.0,1,0.9524,48.73,4.724,4.638,,0.9997,0.0423,0.1368,0.003077,2438.82,4478.91,0.0,5.1918
Similar_Dance_00003_Cover_Arrangement_A.wav,MP3_128kbps,0.0,1.0,1,0.8048,31.22,4.653,4.628,,0.9869,0.5313,1.1968,0.003077,2438.82,4478.91,0.0,5.1918
Similar_Dance_00003_Cover_Arrangement_A.wav,MP3_320kbps,0.0,1.0,1,0.9524,43.53,4.674,4.637,,0.9975,0.2369,0.5188,0.003077,2438.82,4478.91,0.0,5.1918
Similar_Dance_00003_Cover_Arrangement_A.wav,Resample_44100-16000RT,0.0,1.0,1,0.7524,25.16,2.007,4.638,,0.8955,1.0333,1.6999,0.003077,2438.82,4478.91,0.0,5.1918
Similar_Dance_00003_Cover_Arrangement_A.wav,Crop_10pct,0.3,0.4,1,0.4868,48.81,4.724,4.635,,0.9997,0.0432,0.1389,0.003077,2438.82,4478.91,0.0,5.1918
Similar_Dance_00003_Cover_Arrangement_A.wav,TSM_1.1x,0.525,-0.05,1,0.4286,,4.089,1.333,,,,,0.003077,2438.82,4478.91,0.0,5.1918
Similar_Dance_00003_Cover_Arrangement_A.wav,AWGN_30dB,0.0,1.0,1,0.6714,29.93,4.054,4.216,,0.9781,0.7736,1.6748,0.003077,2438.82,4478.91,0.0,5.1918
Similar_Dance_00003_Cover_Arrangement_A.wav,Limiter,0.0,1.0,1,0.9476,36.08,4.724,4.626,,0.9996,0.0435,0.1409,0.003077,2438.82,4478.91,0.0,5.1918
Similar_Dance_00003_Cover_Arrangement_A.wav,Opus_64kbps,0.0,1.0,1,0.6381,20.64,4.619,4.402,,0.9628,0.7509,1.608,0.003077,2438.82,4478.91,0.0,5.1918
Similar_Dance_00003_Cover_Arrangement_A.wav,Opus_32kbps,1.0,-1.0,0,0.0,15.88,4.499,4.053,,0.8846,1.1073,2.0758,0.003077,2438.82,4478.91,0.0,5.1918
Similar_Dance_00003_Cover_Arrangement_A.wav,AAC_128kbps,0.0,1.0,1,0.7905,29.27,4.652,4.586,,0.9882,0.4419,1.0631,0.003077,2438.82,4478.91,0.0,5.1918
Similar_Dance_00003_Cover_Arrangement_A.wav,TelephoneFilter,0.45,0.1,1,0.4095,-10.38,1.477,3.458,,0.1695,1.4604,2.2689,0.003077,2438.82,4478.91,0.0,5.1918
Similar_Dance_00003_Cover_Arrangement_A.wav,EnCodec_6kbps,1.0,-1.0,0,0.0,6.98,2.616,2.483,,0.5222,1.5217,2.4854,0.003077,2438.82,4478.91,0.0,5.1918
Similar_Dance_00003_Cover_Arrangement_A.wav,DAC,0.475,0.05,1,0.3714,-1.14,1.909,3.561,,0.2876,1.5714,2.4387,0.003077,2438.82,4478.91,0.0,5.1918
Similar_Dance_00003_Cover_Genre_A.wav,NoAttack,0.0,1.0,1,0.9571,48.7,4.724,4.626,,0.9992,0.0849,0.256,0.001945,2054.41,3359.18,0.0,3.0002
Similar_Dance_00003_Cover_Genre_A.wav,MP3_128kbps,0.0,1.0,1,0.9143,35.44,4.709,4.61,,0.9897,0.6367,1.3849,0.001945,2054.41,3359.18,0.0,3.0002
Similar_Dance_00003_Cover_Genre_A.wav,MP3_320kbps,0.0,1.0,1,0.9619,47.29,4.72,4.626,,0.9979,0.292,0.6635,0.001945,2054.41,3359.18,0.0,3.0002
Similar_Dance_00003_Cover_Genre_A.wav,Resample_44100-16000RT,0.0,1.0,1,0.919,29.6,1.942,4.626,,0.924,1.0569,1.7728,0.001945,2054.41,3359.18,0.0,3.0002
Similar_Dance_00003_Cover_Genre_A.wav,Crop_10pct,0.0,1.0,1,0.8466,48.65,4.724,4.626,,0.9992,0.0848,0.2539,0.001945,2054.41,3359.18,0.0,3.0002
Similar_Dance_00003_Cover_Genre_A.wav,TSM_1.1x,1.0,-1.0,0,0.0,,4.22,1.208,,,,,0.001945,2054.41,3359.18,0.0,3.0002
Similar_Dance_00003_Cover_Genre_A.wav,AWGN_30dB,0.125,0.75,1,0.6,29.94,3.841,3.937,,0.9709,0.9995,2.02,0.001945,2054.41,3359.18,0.0,3.0002
Similar_Dance_00003_Cover_Genre_A.wav,Limiter,0.0,1.0,1,0.9476,19.33,4.717,4.544,,0.9974,0.122,0.3826,0.001945,2054.41,3359.18,0.0,3.0002
Similar_Dance_00003_Cover_Genre_A.wav,Opus_64kbps,0.0,1.0,1,0.8143,22.7,4.699,4.392,,0.9732,0.7522,1.6252,0.001945,2054.41,3359.18,0.0,3.0002
Similar_Dance_00003_Cover_Genre_A.wav,Opus_32kbps,0.025,0.95,1,0.5238,19.08,4.638,3.84,,0.9223,1.0691,2.0501,0.001945,2054.41,3359.18,0.0,3.0002
Similar_Dance_00003_Cover_Genre_A.wav,AAC_128kbps,0.0,1.0,1,0.8714,32.7,4.706,4.51,,0.9898,0.557,1.2705,0.001945,2054.41,3359.18,0.0,3.0002
Similar_Dance_00003_Cover_Genre_A.wav,TelephoneFilter,0.425,0.15,1,0.4,-24.89,1.348,3.083,,0.1582,1.4634,2.2944,0.001945,2054.41,3359.18,0.0,3.0002
Similar_Dance_00003_Cover_Genre_A.wav,EnCodec_6kbps,1.0,-1.0,0,0.0,10.21,2.405,2.043,,0.598,1.5265,2.4842,0.001945,2054.41,3359.18,0.0,3.0002
Similar_Dance_00003_Cover_Genre_A.wav,DAC,0.4,0.2,1,0.3952,3.49,1.775,2.992,,0.4218,1.5646,2.4498,0.001945,2054.41,3359.18,0.0,3.0002
Similar_Dance_00003_Cover_Instrument_A.wav,NoAttack,0.0,1.0,1,0.9762,48.66,4.72,4.635,,0.9996,0.0618,0.1876,0.001322,2140.62,3962.11,0.0,3.9388
Similar_Dance_00003_Cover_Instrument_A.wav,MP3_128kbps,0.0,1.0,1,0.9048,33.95,4.701,4.624,,0.9901,0.6031,1.3231,0.001322,2140.62,3962.11,0.0,3.9388
Similar_Dance_00003_Cover_Instrument_A.wav,MP3_320kbps,0.0,1.0,1,0.9762,46.31,4.718,4.635,,0.9979,0.2664,0.5872,0.001322,2140.62,3962.11,0.0,3.9388
Similar_Dance_00003_Cover_Instrument_A.wav,Resample_44100-16000RT,0.0,1.0,1,0.9,29.15,1.962,4.634,,0.9317,1.0395,1.7354,0.001322,2140.62,3962.11,0.0,3.9388
Similar_Dance_00003_Cover_Instrument_A.wav,Crop_10pct,0.0,1.0,1,0.6931,48.73,4.719,4.637,,0.9996,0.0614,0.1872,0.001322,2140.62,3962.11,0.0,3.9388
Similar_Dance_00003_Cover_Instrument_A.wav,TSM_1.1x,0.5,0.0,1,0.418,,4.289,1.167,,,,,0.001322,2140.62,3962.11,0.0,3.9388
Similar_Dance_00003_Cover_Instrument_A.wav,AWGN_30dB,0.0,1.0,1,0.6762,29.95,4.031,4.299,,0.978,0.8692,1.8265,0.001322,2140.62,3962.11,0.0,3.9388
Similar_Dance_00003_Cover_Instrument_A.wav,Limiter,0.0,1.0,1,0.9762,23.42,4.716,4.608,,0.9991,0.0713,0.2249,0.001322,2140.62,3962.11,0.0,3.9388
Similar_Dance_00003_Cover_Instrument_A.wav,Opus_64kbps,0.0,1.0,1,0.7952,21.57,4.693,4.403,,0.9732,0.7123,1.5684,0.001322,2140.62,3962.11,0.0,3.9388
Similar_Dance_00003_Cover_Instrument_A.wav,Opus_32kbps,0.05,0.9,1,0.5714,16.95,4.564,4.03,,0.9189,1.037,2.023,0.001322,2140.62,3962.11,0.0,3.9388
Similar_Dance_00003_Cover_Instrument_A.wav,AAC_128kbps,0.0,1.0,1,0.8476,30.08,4.698,4.574,,0.9896,0.5252,1.2155,0.001322,2140.62,3962.11,0.0,3.9388
Similar_Dance_00003_Cover_Instrument_A.wav,TelephoneFilter,1.0,-1.0,0,0.0,-11.58,1.353,3.523,,0.1638,1.4654,2.2682,0.001322,2140.62,3962.11,0.0,3.9388
Similar_Dance_00003_Cover_Instrument_A.wav,EnCodec_6kbps,0.675,-0.35,1,0.4333,7.13,2.355,2.144,,0.5696,1.5185,2.5053,0.001322,2140.62,3962.11,0.0,3.9388
Similar_Dance_00003_Cover_Instrument_A.wav,DAC,0.6,-0.2,1,0.4,-2.1,1.874,3.132,,0.3772,1.562,2.4409,0.001322,2140.62,3962.11,0.0,3.9388
Similar_Dance_00003_Cover_Instrument_C.wav,NoAttack,0.0,1.0,1,0.9857,48.45,4.637,4.467,,0.9991,0.1421,0.405,0.00112,1309.64,3186.91,0.001157,4.9179
Similar_Dance_00003_Cover_Instrument_C.wav,MP3_128kbps,0.0,1.0,1,0.9048,33.72,4.585,4.464,,0.9908,0.6959,1.5351,0.00112,1309.64,3186.91,0.001157,4.9179
Similar_Dance_00003_Cover_Instrument_C.wav,MP3_320kbps,0.0,1.0,1,0.9857,45.69,4.6,4.467,,0.9973,0.3885,0.9342,0.00112,1309.64,3186.91,0.001157,4.9179
Similar_Dance_00003_Cover_Instrument_C.wav,Resample_44100-16000RT,0.0,1.0,1,0.9095,30.09,2.42,4.47,,0.9527,1.098,1.9085,0.00112,1309.64,3186.91,0.001157,4.9179
Similar_Dance_00003_Cover_Instrument_C.wav,Crop_10pct,1.0,-1.0,0,0.0,48.47,4.636,4.463,,0.9991,0.1391,0.3988,0.00112,1309.64,3186.91,0.001157,4.9179
Similar_Dance_00003_Cover_Instrument_C.wav,TSM_1.1x,1.0,-1.0,0,0.0,,4.076,1.135,,,,,0.00112,1309.64,3186.91,0.001157,4.9179
Similar_Dance_00003_Cover_Instrument_C.wav,AWGN_30dB,0.075,0.85,1,0.6048,29.71,2.47,2.621,,0.9807,1.1461,2.18,0.00112,1309.64,3186.91,0.001157,4.9179
Similar_Dance_00003_Cover_Instrument_C.wav,Limiter,0.0,1.0,1,0.9857,48.45,4.637,4.467,,0.9991,0.1421,0.405,0.00112,1309.64,3186.91,0.001157,4.9179
Similar_Dance_00003_Cover_Instrument_C.wav,Opus_64kbps,0.0,1.0,1,0.8571,15.86,4.525,4.324,,0.9161,0.8324,1.7956,0.00112,1309.64,3186.91,0.001157,4.9179
Similar_Dance_00003_Cover_Instrument_C.wav,Opus_32kbps,0.0,1.0,1,0.7,14.27,4.414,3.869,,0.8721,1.1476,2.1961,0.00112,1309.64,3186.91,0.001157,4.9179
Similar_Dance_00003_Cover_Instrument_C.wav,AAC_128kbps,0.0,1.0,1,0.8714,31.67,4.565,4.303,,0.9916,0.5997,1.3977,0.00112,1309.64,3186.91,0.001157,4.9179
Similar_Dance_00003_Cover_Instrument_C.wav,TelephoneFilter,1.0,-1.0,0,0.0,-10.76,1.995,3.5,,0.227,1.4808,2.3884,0.00112,1309.64,3186.91,0.001157,4.9179
Similar_Dance_00003_Cover_Instrument_C.wav,EnCodec_6kbps,1.0,-1.0,0,0.0,7.21,2.445,1.896,,0.654,1.5236,2.5567,0.00112,1309.64,3186.91,0.001157,4.9179
Similar_Dance_00003_Cover_Instrument_C.wav,DAC,1.0,-1.0,0,0.0,-1.78,2.313,3.182,,0.4617,1.5576,2.4785,0.00112,1309.64,3186.91,0.001157,4.9179
Similar_Dance_00003_Cover_Rhythm_A.wav,NoAttack,0.0,1.0,1,0.9905,48.44,4.683,4.634,,0.9994,0.0695,0.2239,0.000334,1541.84,2497.85,0.0,5.5411
Similar_Dance_00003_Cover_Rhythm_A.wav,MP3_128kbps,0.0,1.0,1,0.9857,38.98,4.301,4.63,,0.9919,0.568,1.3111,0.000334,1541.84,2497.85,0.0,5.5411
Similar_Dance_00003_Cover_Rhythm_A.wav,MP3_320kbps,0.0,1.0,1,0.9905,44.48,4.366,4.634,,0.9958,0.2574,0.603,0.000334,1541.84,2497.85,0.0,5.5411
Similar_Dance_00003_Cover_Rhythm_A.wav,Resample_44100-16000RT,0.0,1.0,1,0.9857,40.15,1.851,4.634,,0.9741,1.0435,1.7861,0.000334,1541.84,2497.85,0.0,5.5411
Similar_Dance_00003_Cover_Rhythm_A.wav,Crop_10pct,0.125,0.75,1,0.7354,48.44,4.683,4.633,,0.9994,0.0693,0.2235,0.000334,1541.84,2497.85,0.0,5.5411
Similar_Dance_00003_Cover_Rhythm_A.wav,TSM_1.1x,1.0,-1.0,0,0.0,,4.261,1.729,,,,,0.000334,1541.84,2497.85,0.0,5.5411
Similar_Dance_00003_Cover_Rhythm_A.wav,AWGN_30dB,0.025,0.95,1,0.6429,29.93,2.219,4.464,,0.9733,1.048,2.1232,0.000334,1541.84,2497.85,0.0,5.5411
Similar_Dance_00003_Cover_Rhythm_A.wav,Limiter,0.0,1.0,1,0.9905,48.44,4.683,4.634,,0.9994,0.0695,0.2239,0.000334,1541.84,2497.85,0.0,5.5411
Similar_Dance_00003_Cover_Rhythm_A.wav,Opus_64kbps,0.0,1.0,1,0.9905,24.21,4.221,4.489,,0.9728,0.7607,1.659,0.000334,1541.84,2497.85,0.0,5.5411
Similar_Dance_00003_Cover_Rhythm_A.wav,Opus_32kbps,0.0,1.0,1,0.8,18.84,4.061,4.199,,0.9374,1.0862,2.1492,0.000334,1541.84,2497.85,0.0,5.5411
Similar_Dance_00003_Cover_Rhythm_A.wav,AAC_128kbps,0.0,1.0,1,0.9905,38.81,4.311,4.625,,0.9927,0.4943,1.2169,0.000334,1541.84,2497.85,0.0,5.5411
Similar_Dance_00003_Cover_Rhythm_A.wav,TelephoneFilter,1.0,-1.0,0,0.0,1.73,1.255,4.099,,0.5353,1.4552,2.312,0.000334,1541.84,2497.85,0.0,5.5411
Similar_Dance_00003_Cover_Rhythm_A.wav,EnCodec_6kbps,0.65,-0.3,1,0.3762,7.41,2.299,2.51,,0.6528,1.5183,2.596,0.000334,1541.84,2497.85,0.0,5.5411
Similar_Dance_00003_Cover_Rhythm_A.wav,DAC,0.575,-0.15,1,0.4,-16.93,1.775,3.529,,0.2874,1.5729,2.5376,0.000334,1541.84,2497.85,0.0,5.5411
Similar_Dance_00003_Cover_Tempo_A.wav,NoAttack,0.0,1.0,1,0.9857,48.59,4.705,4.588,,0.9995,0.0673,0.2031,0.001292,1795.63,3531.45,0.0,6.0507
Similar_Dance_00003_Cover_Tempo_A.wav,MP3_128kbps,0.0,1.0,1,0.9476,35.09,4.628,4.581,,0.9911,0.5701,1.294,0.001292,1795.63,3531.45,0.0,6.0507
Similar_Dance_00003_Cover_Tempo_A.wav,MP3_320kbps,0.0,1.0,1,0.9857,46.79,4.668,4.588,,0.9974,0.2696,0.6021,0.001292,1795.63,3531.45,0.0,6.0507
Similar_Dance_00003_Cover_Tempo_A.wav,Resample_44100-16000RT,0.0,1.0,1,0.9286,33.04,1.836,4.59,,0.9539,1.0389,1.7406,0.001292,1795.63,3531.45,0.0,6.0507
Similar_Dance_00003_Cover_Tempo_A.wav,Crop_10pct,0.0,1.0,1,0.9471,48.55,4.704,4.585,,0.9995,0.067,0.2019,0.001292,1795.63,3531.45,0.0,6.0507
Similar_Dance_00003_Cover_Tempo_A.wav,TSM_1.1x,1.0,-1.0,0,0.0,,4.206,1.212,,,,,0.001292,1795.63,3531.45,0.0,6.0507
Similar_Dance_00003_Cover_Tempo_A.wav,AWGN_30dB,0.0,1.0,1,0.7,29.95,3.449,3.758,,0.9766,0.9233,1.9224,0.001292,1795.63,3531.45,0.0,6.0507
Similar_Dance_00003_Cover_Tempo_A.wav,Limiter,0.0,1.0,1,0.9857,48.59,4.705,4.588,,0.9995,0.0673,0.2031,0.001292,1795.63,3531.45,0.0,6.0507
Similar_Dance_00003_Cover_Tempo_A.wav,Opus_64kbps,0.0,1.0,1,0.8524,21.06,4.599,4.373,,0.9725,0.7593,1.6439,0.001292,1795.63,3531.45,0.0,6.0507
Similar_Dance_00003_Cover_Tempo_A.wav,Opus_32kbps,1.0,-1.0,0,0.0,16.5,4.445,3.986,,0.9213,1.0922,2.1076,0.001292,1795.63,3531.45,0.0,6.0507
Similar_Dance_00003_Cover_Tempo_A.wav,AAC_128kbps,0.0,1.0,1,0.9476,33.96,4.643,4.529,,0.9922,0.4995,1.2055,0.001292,1795.63,3531.45,0.0,6.0507
Similar_Dance_00003_Cover_Tempo_A.wav,TelephoneFilter,1.0,-1.0,0,0.0,-14.8,1.291,3.579,,0.2042,1.458,2.2718,0.001292,1795.63,3531.45,0.0,6.0507
Similar_Dance_00003_Cover_Tempo_A.wav,EnCodec_6kbps,0.525,-0.05,1,0.3905,8.11,2.228,2.158,,0.6143,1.5126,2.5174,0.001292,1795.63,3531.45,0.0,6.0507
Similar_Dance_00003_Cover_Tempo_A.wav,DAC,1.0,-1.0,0,0.0,0.28,1.714,3.213,,0.3566,1.5691,2.4607,0.001292,1795.63,3531.45,0.0,6.0507
Similar_Dance_00003_Cover_Tempo_C.wav,NoAttack,0.0,1.0,1,0.9905,48.48,4.702,4.614,,0.9995,0.0691,0.2139,0.001104,1680.82,2627.05,0.0,6.074
Similar_Dance_00003_Cover_Tempo_C.wav,MP3_128kbps,0.0,1.0,1,0.9667,35.48,4.571,4.609,,0.9913,0.5874,1.3519,0.001104,1680.82,2627.05,0.0,6.074
Similar_Dance_00003_Cover_Tempo_C.wav,MP3_320kbps,0.0,1.0,1,0.9905,46.16,4.613,4.614,,0.9973,0.2698,0.6227,0.001104,1680.82,2627.05,0.0,6.074
Similar_Dance_00003_Cover_Tempo_C.wav,Resample_44100-16000RT,0.0,1.0,1,0.9238,33.87,1.85,4.614,,0.9571,1.0442,1.7713,0.001104,1680.82,2627.05,0.0,6.074
Similar_Dance_00003_Cover_Tempo_C.wav,Crop_10pct,1.0,-1.0,0,0.0,48.57,4.706,4.612,,0.9995,0.067,0.2091,0.001104,1680.82,2627.05,0.0,6.074
Similar_Dance_00003_Cover_Tempo_C.wav,TSM_1.1x,1.0,-1.0,0,0.0,,3.995,1.178,,,,,0.001104,1680.82,2627.05,0.0,6.074
Similar_Dance_00003_Cover_Tempo_C.wav,AWGN_30dB,0.025,0.95,1,0.6429,29.94,3.306,3.842,,0.9768,0.9383,1.9717,0.001104,1680.82,2627.05,0.0,6.074
Similar_Dance_00003_Cover_Tempo_C.wav,Limiter,0.0,1.0,1,0.9905,48.48,4.702,4.614,,0.9995,0.0691,0.2139,0.001104,1680.82,2627.05,0.0,6.074
Similar_Dance_00003_Cover_Tempo_C.wav,Opus_64kbps,0.0,1.0,1,0.8762,22.22,4.514,4.451,,0.9732,0.7872,1.7153,0.001104,1680.82,2627.05,0.0,6.074
Similar_Dance_00003_Cover_Tempo_C.wav,Opus_32kbps,0.05,0.9,1,0.5762,17.03,4.35,4.037,,0.9262,1.101,2.1481,0.001104,1680.82,2627.05,0.0,6.074
Similar_Dance_00003_Cover_Tempo_C.wav,AAC_128kbps,0.0,1.0,1,0.9571,34.11,4.584,4.596,,0.992,0.5161,1.2613,0.001104,1680.82,2627.05,0.0,6.074
Similar_Dance_00003_Cover_Tempo_C.wav,TelephoneFilter,1.0,-1.0,0,0.0,-10.45,1.23,3.817,,0.2763,1.4606,2.2953,0.001104,1680.82,2627.05,0.0,6.074
Similar_Dance_00003_Cover_Tempo_C.wav,EnCodec_6kbps,0.575,-0.15,1,0.3905,7.97,2.218,1.978,,0.634,1.5072,2.558,0.001104,1680.82,2627.05,0.0,6.074
Similar_Dance_00003_Cover_Tempo_C.wav,DAC,1.0,-1.0,0,0.0,-2.35,1.702,3.54,,0.3479,1.5689,2.4988,0.001104,1680.82,2627.05,0.0,6.074
Similar_Dance_00003_Cover_Timbre_A.wav,NoAttack,0.0,1.0,1,0.9905,48.62,4.62,4.465,,0.999,0.1695,0.4758,0.000307,1099.04,2928.52,0.0,5.5843
Similar_Dance_00003_Cover_Timbre_A.wav,MP3_128kbps,0.0,1.0,1,0.9571,35.24,4.564,4.457,,0.9919,0.7934,1.693,0.000307,1099.04,2928.52,0.0,5.5843
Similar_Dance_00003_Cover_Timbre_A.wav,MP3_320kbps,0.0,1.0,1,0.9905,46.03,4.576,4.464,,0.9973,0.4515,1.0923,0.000307,1099.04,2928.52,0.0,5.5843
Similar_Dance_00003_Cover_Timbre_A.wav,Resample_44100-16000RT,0.0,1.0,1,0.9667,34.88,2.703,4.466,,0.9718,1.1138,1.9406,0.000307,1099.04,2928.52,0.0,5.5843
Similar_Dance_00003_Cover_Timbre_A.wav,Crop_10pct,1.0,-1.0,0,0.0,48.67,4.621,4.452,,0.999,0.1679,0.4699,0.000307,1099.04,2928.52,0.0,5.5843
Similar_Dance_00003_Cover_Timbre_A.wav,TSM_1.1x,1.0,-1.0,0,0.0,,4.005,1.188,,,,,0.000307,1099.04,2928.52,0.0,5.5843
Similar_Dance_00003_Cover_Timbre_A.wav,AWGN_30dB,0.05,0.9,1,0.4952,29.73,2.25,2.564,,0.982,1.2271,2.2956,0.000307,1099.04,2928.52,0.0,5.5843
Similar_Dance_00003_Cover_Timbre_A.wav,Limiter,0.0,1.0,1,0.9905,48.62,4.62,4.465,,0.999,0.1695,0.4758,0.000307,1099.04,2928.52,0.0,5.5843
Similar_Dance_00003_Cover_Timbre_A.wav,Opus_64kbps,0.0,1.0,1,0.919,16.57,4.53,4.283,,0.922,0.8426,1.8327,0.000307,1099.04,2928.52,0.0,5.5843
Similar_Dance_00003_Cover_Timbre_A.wav,Opus_32kbps,0.0,1.0,1,0.7524,15.09,4.49,3.76,,0.894,1.1132,2.1733,0.000307,1099.04,2928.52,0.0,5.5843
Similar_Dance_00003_Cover_Timbre_A.wav,AAC_128kbps,0.0,1.0,1,0.9667,36.51,4.517,4.369,,0.9936,0.7077,1.5794,0.000307,1099.04,2928.52,0.0,5.5843
Similar_Dance_00003_Cover_Timbre_A.wav,TelephoneFilter,1.0,-1.0,0,0.0,-9.28,2.189,3.665,,0.271,1.4827,2.4076,0.000307,1099.04,2928.52,0.0,5.5843
Similar_Dance_00003_Cover_Timbre_A.wav,EnCodec_6kbps,0.5,0.0,1,0.381,7.39,2.547,1.902,,0.7047,1.5225,2.5546,0.000307,1099.04,2928.52,0.0,5.5843
Similar_Dance_00003_Cover_Timbre_A.wav,DAC,1.0,-1.0,0,0.0,-2.84,2.561,3.199,,0.5059,1.5597,2.4767,0.000307,1099.04,2928.52,0.0,5.5843
Similar_Dance_00003_Cover_Timbre_C.wav,NoAttack,0.0,1.0,1,0.9857,48.45,4.637,4.467,,0.9991,0.1421,0.405,0.00112,1309.64,3186.91,0.001157,4.9179
Similar_Dance_00003_Cover_Timbre_C.wav,MP3_128kbps,0.0,1.0,1,0.9048,33.72,4.585,4.464,,0.9908,0.6959,1.5351,0.00112,1309.64,3186.91,0.001157,4.9179
Similar_Dance_00003_Cover_Timbre_C.wav,MP3_320kbps,0.0,1.0,1,0.9857,45.69,4.6,4.467,,0.9973,0.3885,0.9342,0.00112,1309.64,3186.91,0.001157,4.9179
Similar_Dance_00003_Cover_Timbre_C.wav,Resample_44100-16000RT,0.0,1.0,1,0.9095,30.09,2.42,4.47,,0.9527,1.098,1.9085,0.00112,1309.64,3186.91,0.001157,4.9179
Similar_Dance_00003_Cover_Timbre_C.wav,Crop_10pct,0.0,1.0,1,0.7513,48.53,4.636,4.468,,0.9991,0.1386,0.3957,0.00112,1309.64,3186.91,0.001157,4.9179
Similar_Dance_00003_Cover_Timbre_C.wav,TSM_1.1x,1.0,-1.0,0,0.0,,4.076,1.135,,,,,0.00112,1309.64,3186.91,0.001157,4.9179
Similar_Dance_00003_Cover_Timbre_C.wav,AWGN_30dB,0.1,0.8,1,0.5905,29.69,2.491,2.625,,0.9807,1.1441,2.1828,0.00112,1309.64,3186.91,0.001157,4.9179
Similar_Dance_00003_Cover_Timbre_C.wav,Limiter,0.0,1.0,1,0.9857,48.45,4.637,4.467,,0.9991,0.1421,0.405,0.00112,1309.64,3186.91,0.001157,4.9179
Similar_Dance_00003_Cover_Timbre_C.wav,Opus_64kbps,0.0,1.0,1,0.8571,15.86,4.525,4.324,,0.9161,0.8324,1.7956,0.00112,1309.64,3186.91,0.001157,4.9179
Similar_Dance_00003_Cover_Timbre_C.wav,Opus_32kbps,0.0,1.0,1,0.7,14.27,4.414,3.869,,0.8721,1.1476,2.1961,0.00112,1309.64,3186.91,0.001157,4.9179
Similar_Dance_00003_Cover_Timbre_C.wav,AAC_128kbps,0.0,1.0,1,0.8714,31.67,4.565,4.303,,0.9916,0.5997,1.3977,0.00112,1309.64,3186.91,0.001157,4.9179
Similar_Dance_00003_Cover_Timbre_C.wav,TelephoneFilter,1.0,-1.0,0,0.0,-10.76,1.995,3.5,,0.227,1.4808,2.3884,0.00112,1309.64,3186.91,0.001157,4.9179
Similar_Dance_00003_Cover_Timbre_C.wav,EnCodec_6kbps,1.0,-1.0,0,0.0,7.21,2.445,1.896,,0.654,1.5236,2.5567,0.00112,1309.64,3186.91,0.001157,4.9179
Similar_Dance_00003_Cover_Timbre_C.wav,DAC,1.0,-1.0,0,0.0,-1.78,2.313,3.182,,0.4617,1.5576,2.4785,0.00112,1309.64,3186.91,0.001157,4.9179
Similar_Dance_00003_Org.wav,NoAttack,0.0,1.0,1,0.9238,48.66,4.727,4.638,,0.9997,0.04,0.1262,0.004595,2717.89,4521.97,0.0,3.2307
Similar_Dance_00003_Org.wav,MP3_128kbps,0.0,1.0,1,0.7714,29.96,4.662,4.623,,0.9808,0.5106,1.1193,0.004595,2717.89,4521.97,0.0,3.2307
Similar_Dance_00003_Org.wav,MP3_320kbps,0.0,1.0,1,0.919,39.57,4.681,4.638,,0.9931,0.2108,0.453,0.004595,2717.89,4521.97,0.0,3.2307
Similar_Dance_00003_Org.wav,Resample_44100-16000RT,0.0,1.0,1,0.7429,22.75,2.167,4.636,,0.8462,1.034,1.6958,0.004595,2717.89,4521.97,0.0,3.2307
Similar_Dance_00003_Org.wav,Crop_10pct,1.0,-1.0,0,0.0,48.65,4.728,4.641,,0.9997,0.0395,0.1242,0.004595,2717.89,4521.97,0.0,3.2307
Similar_Dance_00003_Org.wav,TSM_1.1x,1.0,-1.0,0,0.0,,4.121,1.2,,,,,0.004595,2717.89,4521.97,0.0,3.2307
Similar_Dance_00003_Org.wav,AWGN_30dB,0.0,1.0,1,0.6524,29.94,3.918,4.334,,0.9781,0.7185,1.5447,0.004595,2717.89,4521.97,0.0,3.2307
Similar_Dance_00003_Org.wav,Limiter,0.0,1.0,1,0.9048,22.49,4.722,4.592,,0.9987,0.0583,0.1918,0.004595,2717.89,4521.97,0.0,3.2307
Similar_Dance_00003_Org.wav,Opus_64kbps,0.025,0.95,1,0.6095,21.28,4.647,4.422,,0.9586,0.6592,1.4486,0.004595,2717.89,4521.97,0.0,3.2307
Similar_Dance_00003_Org.wav,Opus_32kbps,1.0,-1.0,0,0.0,16.59,4.579,3.965,,0.869,1.0585,1.9772,0.004595,2717.89,4521.97,0.0,3.2307
Similar_Dance_00003_Org.wav,AAC_128kbps,0.0,1.0,1,0.7238,26.66,4.679,4.568,,0.9842,0.3876,0.9491,0.004595,2717.89,4521.97,0.0,3.2307
Similar_Dance_00003_Org.wav,TelephoneFilter,1.0,-1.0,0,0.0,-16.24,1.885,3.181,,0.0586,1.4605,2.2512,0.004595,2717.89,4521.97,0.0,3.2307
Similar_Dance_00003_Org.wav,EnCodec_6kbps,0.5,0.0,1,0.381,8.05,2.961,2.26,,0.4828,1.5268,2.4635,0.004595,2717.89,4521.97,0.0,3.2307
Similar_Dance_00003_Org.wav,DAC,1.0,-1.0,0,0.0,0.74,2.103,3.185,,0.3004,1.5738,2.4343,0.004595,2717.89,4521.97,0.0,3.2307
Similar_Trot_00138_Cover_Arrangement_A.wav,NoAttack,0.0,1.0,1,0.9762,48.61,4.695,4.64,,0.9996,0.0476,0.1507,0.001421,2045.41,3962.11,0.0,4.6614
Similar_Trot_00138_Cover_Arrangement_A.wav,MP3_128kbps,0.0,1.0,1,0.9095,33.9,4.655,4.635,,0.9902,0.5346,1.215,0.001421,2045.41,3962.11,0.0,4.6614
Similar_Trot_00138_Cover_Arrangement_A.wav,MP3_320kbps,0.0,1.0,1,0.9762,45.61,4.686,4.64,,0.9979,0.2428,0.535,0.001421,2045.41,3962.11,0.0,4.6614
Similar_Trot_00138_Cover_Arrangement_A.wav,Resample_44100-16000RT,0.0,1.0,1,0.8714,29.11,1.874,4.64,,0.929,1.0335,1.7235,0.001421,2045.41,3962.11,0.0,4.6614
Similar_Trot_00138_Cover_Arrangement_A.wav,Crop_10pct,0.05,0.9,1,0.6032,48.68,4.691,4.64,,0.9996,0.0493,0.1555,0.001421,2045.41,3962.11,0.0,4.6614
Similar_Trot_00138_Cover_Arrangement_A.wav,TSM_1.1x,1.0,-1.0,0,0.0,,4.192,1.34,,,,,0.001421,2045.41,3962.11,0.0,4.6614
Similar_Trot_00138_Cover_Arrangement_A.wav,AWGN_30dB,0.0,1.0,1,0.7095,29.92,3.83,4.336,,0.9768,0.8346,1.7814,0.001421,2045.41,3962.11,0.0,4.6614
Similar_Trot_00138_Cover_Arrangement_A.wav,Limiter,0.0,1.0,1,0.9762,48.61,4.695,4.64,,0.9996,0.0476,0.1507,0.001421,2045.41,3962.11,0.0,4.6614
Similar_Trot_00138_Cover_Arrangement_A.wav,Opus_64kbps,0.0,1.0,1,0.8048,21.55,4.631,4.464,,0.967,0.7407,1.6011,0.001421,2045.41,3962.11,0.0,4.6614
Similar_Trot_00138_Cover_Arrangement_A.wav,Opus_32kbps,1.0,-1.0,0,0.0,16.75,4.493,4.16,,0.9058,1.0738,2.0745,0.001421,2045.41,3962.11,0.0,4.6614
Similar_Trot_00138_Cover_Arrangement_A.wav,AAC_128kbps,0.0,1.0,1,0.8667,30.76,4.664,4.614,,0.9898,0.4641,1.0999,0.001421,2045.41,3962.11,0.0,4.6614
Similar_Trot_00138_Cover_Arrangement_A.wav,TelephoneFilter,0.575,-0.15,1,0.3762,-9.95,1.366,3.534,,0.1631,1.4627,2.2782,0.001421,2045.41,3962.11,0.0,4.6614
Similar_Trot_00138_Cover_Arrangement_A.wav,EnCodec_6kbps,0.65,-0.3,1,0.4,6.69,2.286,2.413,,0.5543,1.524,2.5278,0.001421,2045.41,3962.11,0.0,4.6614
Similar_Trot_00138_Cover_Arrangement_A.wav,DAC,1.0,-1.0,0,0.0,-4.88,1.779,3.301,,0.3395,1.57,2.4705,0.001421,2045.41,3962.11,0.0,4.6614
Similar_Trot_00138_Cover_Genre_A.wav,NoAttack,0.0,1.0,1,0.9524,48.52,4.711,4.644,,0.9998,0.027,0.0908,0.004257,2695.34,4306.64,0.0,4.8955
Similar_Trot_00138_Cover_Genre_A.wav,MP3_128kbps,0.0,1.0,1,0.8762,31.97,4.657,4.621,,0.9881,0.4899,1.1434,0.004257,2695.34,4306.64,0.0,4.8955
Similar_Trot_00138_Cover_Genre_A.wav,MP3_320kbps,0.0,1.0,1,0.9524,44.91,4.694,4.643,,0.9974,0.222,0.4645,0.004257,2695.34,4306.64,0.0,4.8955
Similar_Trot_00138_Cover_Genre_A.wav,Resample_44100-16000RT,0.0,1.0,1,0.7286,27.11,2.001,4.644,,0.906,1.0224,1.6988,0.004257,2695.34,4306.64,0.0,4.8955
Similar_Trot_00138_Cover_Genre_A.wav,Crop_10pct,0.0,1.0,1,0.8942,48.51,4.712,4.644,,0.9998,0.0272,0.0913,0.004257,2695.34,4306.64,0.0,4.8955
Similar_Trot_00138_Cover_Genre_A.wav,TSM_1.1x,0.475,0.05,1,0.418,,4.136,1.279,,,,,0.004257,2695.34,4306.64,0.0,4.8955
Similar_Trot_00138_Cover_Genre_A.wav,AWGN_30dB,0.0,1.0,1,0.7571,29.91,4.333,4.611,,0.9778,0.6549,1.5235,0.004257,2695.34,4306.64,0.0,4.8955
Similar_Trot_00138_Cover_Genre_A.wav,Limiter,0.0,1.0,1,0.9524,37.52,4.71,4.644,,0.9997,0.0287,0.096,0.004257,2695.34,4306.64,0.0,4.8955
Similar_Trot_00138_Cover_Genre_A.wav,Opus_64kbps,0.025,0.95,1,0.6714,20.17,4.622,4.368,,0.9555,0.7268,1.5881,0.004257,2695.34,4306.64,0.0,4.8955
Similar_Trot_00138_Cover_Genre_A.wav,Opus_32kbps,0.15,0.7,1,0.4857,15.42,4.471,3.764,,0.8739,1.0886,2.1092,0.004257,2695.34,4306.64,0.0,4.8955
Similar_Trot_00138_Cover_Genre_A.wav,AAC_128kbps,0.0,1.0,1,0.8238,28.99,4.663,4.59,,0.988,0.4271,1.0623,0.004257,2695.34,4306.64,0.0,4.8955
Similar_Trot_00138_Cover_Genre_A.wav,TelephoneFilter,1.0,-1.0,0,0.0,-9.57,1.348,3.531,,0.1957,1.457,2.2465,0.004257,2695.34,4306.64,0.0,4.8955
Similar_Trot_00138_Cover_Genre_A.wav,EnCodec_6kbps,1.0,-1.0,0,0.0,6.33,2.222,2.422,,0.4584,1.5206,2.5454,0.004257,2695.34,4306.64,0.0,4.8955
Similar_Trot_00138_Cover_Genre_A.wav,DAC,0.55,-0.1,1,0.3952,-1.98,1.896,3.474,,0.2273,1.5693,2.4847,0.004257,2695.34,4306.64,0.0,4.8955
Similar_Trot_00138_Cover_Instrument_A.wav,NoAttack,0.0,1.0,1,0.981,48.63,4.718,4.625,,0.9996,0.0509,0.1516,0.001413,1918.79,3660.64,0.0,6.5998
Similar_Trot_00138_Cover_Instrument_A.wav,MP3_128kbps,0.0,1.0,1,0.8905,32.78,4.68,4.623,,0.9897,0.547,1.2029,0.001413,1918.79,3660.64,0.0,6.5998
Similar_Trot_00138_Cover_Instrument_A.wav,MP3_320kbps,0.0,1.0,1,0.981,46.48,4.715,4.625,,0.9978,0.2447,0.5252,0.001413,1918.79,3660.64,0.0,6.5998
Similar_Trot_00138_Cover_Instrument_A.wav,Resample_44100-16000RT,0.0,1.0,1,0.8571,30.01,1.889,4.625,,0.9393,1.0336,1.708,0.001413,1918.79,3660.64,0.0,6.5998
Similar_Trot_00138_Cover_Instrument_A.wav,Crop_10pct,0.05,0.9,1,0.6296,48.62,4.718,4.62,,0.9996,0.0518,0.1563,0.001413,1918.79,3660.64,0.0,6.5998
Similar_Trot_00138_Cover_Instrument_A.wav,TSM_1.1x,0.5,0.0,1,0.381,,4.047,1.193,,,,,0.001413,1918.79,3660.64,0.0,6.5998
Similar_Trot_00138_Cover_Instrument_A.wav,AWGN_30dB,0.0,1.0,1,0.7238,29.95,3.994,3.87,,0.979,0.807,1.7161,0.001413,1918.79,3660.64,0.0,6.5998
Similar_Trot_00138_Cover_Instrument_A.wav,Limiter,0.0,1.0,1,0.981,48.63,4.718,4.625,,0.9996,0.0509,0.1516,0.001413,1918.79,3660.64,0.0,6.5998
Similar_Trot_00138_Cover_Instrument_A.wav,Opus_64kbps,0.0,1.0,1,0.7952,20.35,4.638,4.485,,0.9639,0.7733,1.5959,0.001413,1918.79,3660.64,0.0,6.5998
Similar_Trot_00138_Cover_Instrument_A.wav,Opus_32kbps,1.0,-1.0,0,0.0,14.95,4.45,4.103,,0.8985,1.1105,2.0539,0.001413,1918.79,3660.64,0.0,6.5998
Similar_Trot_00138_Cover_Instrument_A.wav,AAC_128kbps,0.0,1.0,1,0.8762,30.69,4.689,4.577,,0.991,0.4617,1.0804,0.001413,1918.79,3660.64,0.0,6.5998
Similar_Trot_00138_Cover_Instrument_A.wav,TelephoneFilter,0.625,-0.25,1,0.3905,-17.56,1.434,3.54,,0.1479,1.4616,2.2291,0.001413,1918.79,3660.64,0.0,6.5998
Similar_Trot_00138_Cover_Instrument_A.wav,EnCodec_6kbps,0.6,-0.2,1,0.3857,6.65,2.342,2.567,,0.5418,1.5127,2.4582,0.001413,1918.79,3660.64,0.0,6.5998
Similar_Trot_00138_Cover_Instrument_A.wav,DAC,1.0,-1.0,0,0.0,-0.75,1.797,3.362,,0.3191,1.5688,2.4142,0.001413,1918.79,3660.64,0.0,6.5998
Similar_Trot_00138_Cover_Instrument_C.wav,NoAttack,0.0,1.0,1,0.9857,48.61,4.718,4.634,,0.9996,0.0491,0.1483,0.001248,1807.08,3316.11,0.0,6.0965
Similar_Trot_00138_Cover_Instrument_C.wav,MP3_128kbps,0.0,1.0,1,0.9286,33.97,4.676,4.633,,0.9904,0.5385,1.1943,0.001248,1807.08,3316.11,0.0,6.0965
Similar_Trot_00138_Cover_Instrument_C.wav,MP3_320kbps,0.0,1.0,1,0.9905,46.57,4.711,4.634,,0.9978,0.2405,0.5223,0.001248,1807.08,3316.11,0.0,6.0965
Similar_Trot_00138_Cover_Instrument_C.wav,Resample_44100-16000RT,0.0,1.0,1,0.8762,30.49,1.845,4.637,,0.9416,1.0294,1.7139,0.001248,1807.08,3316.11,0.0,6.0965
Similar_Trot_00138_Cover_Instrument_C.wav,Crop_10pct,0.0,1.0,1,0.7989,48.65,4.718,4.637,,0.9996,0.0483,0.1459,0.001248,1807.08,3316.11,0.0,6.0965
Similar_Trot_00138_Cover_Instrument_C.wav,TSM_1.1x,0.425,0.15,1,0.4339,,4.037,1.157,,,,,0.001248,1807.08,3316.11,0.0,6.0965
Similar_Trot_00138_Cover_Instrument_C.wav,AWGN_30dB,0.025,0.95,1,0.6476,29.93,3.92,4.07,,0.978,0.8175,1.7447,0.001248,1807.08,3316.11,0.0,6.0965
Similar_Trot_00138_Cover_Instrument_C.wav,Limiter,0.0,1.0,1,0.9857,48.61,4.718,4.634,,0.9996,0.0491,0.1483,0.001248,1807.08,3316.11,0.0,6.0965
Similar_Trot_00138_Cover_Instrument_C.wav,Opus_64kbps,0.0,1.0,1,0.8,20.92,4.627,4.446,,0.9666,0.7842,1.6203,0.001248,1807.08,3316.11,0.0,6.0965
Similar_Trot_00138_Cover_Instrument_C.wav,Opus_32kbps,0.15,0.7,1,0.4714,15.65,4.435,4.12,,0.9053,1.1216,2.0753,0.001248,1807.08,3316.11,0.0,6.0965
Similar_Trot_00138_Cover_Instrument_C.wav,AAC_128kbps,0.0,1.0,1,0.8429,31.47,4.686,4.612,,0.991,0.4558,1.0753,0.001248,1807.08,3316.11,0.0,6.0965
Similar_Trot_00138_Cover_Instrument_C.wav,TelephoneFilter,1.0,-1.0,0,0.0,-18.62,1.391,3.512,,0.2205,1.4636,2.2451,0.001248,1807.08,3316.11,0.0,6.0965
Similar_Trot_00138_Cover_Instrument_C.wav,EnCodec_6kbps,1.0,-1.0,0,0.0,7.76,2.318,2.597,,0.5876,1.5131,2.4811,0.001248,1807.08,3316.11,0.0,6.0965
Similar_Trot_00138_Cover_Instrument_C.wav,DAC,1.0,-1.0,0,0.0,-0.19,1.758,3.432,,0.3773,1.5731,2.4396,0.001248,1807.08,3316.11,0.0,6.0965
Similar_Trot_00138_Cover_Rhythm_A.wav,NoAttack,0.0,1.0,1,0.9714,48.76,4.723,4.6,,0.9996,0.042,0.127,0.001558,2488.42,4392.77,0.0,4.0851
Similar_Trot_00138_Cover_Rhythm_A.wav,MP3_128kbps,0.0,1.0,1,0.9143,34.21,4.704,4.54,,0.9893,0.5115,1.1208,0.001558,2488.42,4392.77,0.0,4.0851
Similar_Trot_00138_Cover_Rhythm_A.wav,MP3_320kbps,0.0,1.0,1,0.9714,46.98,4.719,4.6,,0.9982,0.2403,0.5007,0.001558,2488.42,4392.77,0.0,4.0851
Similar_Trot_00138_Cover_Rhythm_A.wav,Resample_44100-16000RT,0.0,1.0,1,0.7905,25.45,2.039,4.599,,0.8901,1.0303,1.6988,0.001558,2488.42,4392.77,0.0,4.0851
Similar_Trot_00138_Cover_Rhythm_A.wav,Crop_10pct,0.0,1.0,1,0.8042,48.75,4.723,4.602,,0.9996,0.0422,0.1279,0.001558,2488.42,4392.77,0.0,4.0851
Similar_Trot_00138_Cover_Rhythm_A.wav,TSM_1.1x,1.0,-1.0,0,0.0,,4.241,1.162,,,,,0.001558,2488.42,4392.77,0.0,4.0851
Similar_Trot_00138_Cover_Rhythm_A.wav,AWGN_30dB,0.025,0.95,1,0.7476,29.95,4.335,3.658,,0.9729,0.7624,1.6505,0.001558,2488.42,4392.77,0.0,4.0851
Similar_Trot_00138_Cover_Rhythm_A.wav,Limiter,0.0,1.0,1,0.9667,44.64,4.723,4.599,,0.9996,0.0428,0.1293,0.001558,2488.42,4392.77,0.0,4.0851
Similar_Trot_00138_Cover_Rhythm_A.wav,Opus_64kbps,0.0,1.0,1,0.8333,20.14,4.675,3.992,,0.9604,0.7336,1.5403,0.001558,2488.42,4392.77,0.0,4.0851
Similar_Trot_00138_Cover_Rhythm_A.wav,Opus_32kbps,0.175,0.65,1,0.5,16.23,4.556,3.389,,0.8792,1.0696,2.0198,0.001558,2488.42,4392.77,0.0,4.0851
Similar_Trot_00138_Cover_Rhythm_A.wav,AAC_128kbps,0.0,1.0,1,0.9143,32.39,4.705,4.4,,0.9904,0.4425,1.027,0.001558,2488.42,4392.77,0.0,4.0851
Similar_Trot_00138_Cover_Rhythm_A.wav,TelephoneFilter,1.0,-1.0,0,0.0,-16.4,1.319,2.645,,0.0943,1.467,2.2431,0.001558,2488.42,4392.77,0.0,4.0851
Similar_Trot_00138_Cover_Rhythm_A.wav,EnCodec_6kbps,1.0,-1.0,0,0.0,9.58,2.155,2.264,,0.5098,1.5244,2.4809,0.001558,2488.42,4392.77,0.0,4.0851
Similar_Trot_00138_Cover_Rhythm_A.wav,DAC,0.5,0.0,1,0.3714,2.19,1.846,3.109,,0.3259,1.5713,2.4393,0.001558,2488.42,4392.77,0.0,4.0851
Similar_Trot_00138_Cover_Tempo_B.wav,NoAttack,0.0,1.0,1,0.981,48.56,4.72,4.63,,0.9997,0.0448,0.1352,0.001271,1846.1,3402.25,0.0,6.168
Similar_Trot_00138_Cover_Tempo_B.wav,MP3_128kbps,0.0,1.0,1,0.9238,33.61,4.678,4.626,,0.9902,0.5277,1.1694,0.001271,1846.1,3402.25,0.0,6.168
Similar_Trot_00138_Cover_Tempo_B.wav,MP3_320kbps,0.0,1.0,1,0.981,46.62,4.713,4.63,,0.9978,0.2341,0.5041,0.001271,1846.1,3402.25,0.0,6.168
Similar_Trot_00138_Cover_Tempo_B.wav,Resample_44100-16000RT,0.0,1.0,1,0.8381,30.77,1.846,4.629,,0.9417,1.0271,1.6987,0.001271,1846.1,3402.25,0.0,6.168
Similar_Trot_00138_Cover_Tempo_B.wav,Crop_10pct,0.275,0.45,1,0.619,48.51,4.72,4.633,,0.9996,0.0458,0.1386,0.001271,1846.1,3402.25,0.0,6.168
Similar_Trot_00138_Cover_Tempo_B.wav,TSM_1.1x,1.0,-1.0,0,0.0,,4.145,1.201,,,,,0.001271,1846.1,3402.25,0.0,6.168
Similar_Trot_00138_Cover_Tempo_B.wav,AWGN_30dB,0.025,0.95,1,0.7286,29.93,3.995,4.205,,0.9779,0.7979,1.71,0.001271,1846.1,3402.25,0.0,6.168
Similar_Trot_00138_Cover_Tempo_B.wav,Limiter,0.0,1.0,1,0.981,48.56,4.72,4.63,,0.9997,0.0448,0.1352,0.001271,1846.1,3402.25,0.0,6.168
Similar_Trot_00138_Cover_Tempo_B.wav,Opus_64kbps,0.0,1.0,1,0.7952,20.73,4.629,4.486,,0.966,0.7684,1.5895,0.001271,1846.1,3402.25,0.0,6.168
Similar_Trot_00138_Cover_Tempo_B.wav,Opus_32kbps,1.0,-1.0,0,0.0,15.59,4.447,4.179,,0.905,1.1128,2.0478,0.001271,1846.1,3402.25,0.0,6.168
Similar_Trot_00138_Cover_Tempo_B.wav,AAC_128kbps,0.0,1.0,1,0.881,30.88,4.686,4.585,,0.9909,0.4414,1.0417,0.001271,1846.1,3402.25,0.0,6.168
Similar_Trot_00138_Cover_Tempo_B.wav,TelephoneFilter,0.55,-0.1,1,0.4238,-17.64,1.396,3.513,,0.2162,1.4608,2.2335,0.001271,1846.1,3402.25,0.0,6.168
Similar_Trot_00138_Cover_Tempo_B.wav,EnCodec_6kbps,1.0,-1.0,0,0.0,7.6,2.348,2.65,,0.582,1.5125,2.4588,0.001271,1846.1,3402.25,0.0,6.168
Similar_Trot_00138_Cover_Tempo_B.wav,DAC,0.625,-0.25,1,0.3571,-0.43,1.757,3.472,,0.3687,1.571,2.4202,0.001271,1846.1,3402.25,0.0,6.168
Similar_Trot_00138_Cover_Tempo_D.wav,NoAttack,0.0,1.0,1,0.9762,48.57,4.718,4.644,,0.9997,0.036,0.1126,0.001584,2002.09,3875.98,0.0,6.123
Similar_Trot_00138_Cover_Tempo_D.wav,MP3_128kbps,0.0,1.0,1,0.881,33.43,4.668,4.629,,0.9903,0.5086,1.1374,0.001584,2002.09,3875.98,0.0,6.123
Similar_Trot_00138_Cover_Tempo_D.wav,MP3_320kbps,0.0,1.0,1,0.981,46.41,4.709,4.644,,0.9977,0.2291,0.4792,0.001584,2002.09,3875.98,0.0,6.123
Similar_Trot_00138_Cover_Tempo_D.wav,Resample_44100-16000RT,0.0,1.0,1,0.7762,30.09,1.901,4.641,,0.9361,1.025,1.6943,0.001584,2002.09,3875.98,0.0,6.123
Similar_Trot_00138_Cover_Tempo_D.wav,Crop_10pct,0.0,1.0,1,0.9735,48.57,4.718,4.644,,0.9997,0.0354,0.1108,0.001584,2002.09,3875.98,0.0,6.123
Similar_Trot_00138_Cover_Tempo_D.wav,TSM_1.1x,1.0,-1.0,0,0.0,,4.143,1.233,,,,,0.001584,2002.09,3875.98,0.0,6.123
Similar_Trot_00138_Cover_Tempo_D.wav,AWGN_30dB,0.0,1.0,1,0.6952,29.94,4.177,4.44,,0.9784,0.742,1.6341,0.001584,2002.09,3875.98,0.0,6.123
Similar_Trot_00138_Cover_Tempo_D.wav,Limiter,0.0,1.0,1,0.9762,48.57,4.718,4.644,,0.9997,0.036,0.1126,0.001584,2002.09,3875.98,0.0,6.123
Similar_Trot_00138_Cover_Tempo_D.wav,Opus_64kbps,0.0,1.0,1,0.7667,20.39,4.615,4.413,,0.9631,0.7627,1.5849,0.001584,2002.09,3875.98,0.0,6.123
Similar_Trot_00138_Cover_Tempo_D.wav,Opus_32kbps,0.275,0.45,1,0.4857,15.32,4.416,4.106,,0.8977,1.1163,2.0639,0.001584,2002.09,3875.98,0.0,6.123
Similar_Trot_00138_Cover_Tempo_D.wav,AAC_128kbps,0.0,1.0,1,0.8667,30.63,4.679,4.625,,0.9909,0.4249,1.0166,0.001584,2002.09,3875.98,0.0,6.123
Similar_Trot_00138_Cover_Tempo_D.wav,TelephoneFilter,0.7,-0.4,1,0.3762,-17.13,1.372,3.466,,0.1919,1.456,2.2367,0.001584,2002.09,3875.98,0.0,6.123
Similar_Trot_00138_Cover_Tempo_D.wav,EnCodec_6kbps,1.0,-1.0,0,0.0,7.22,2.273,2.727,,0.5539,1.5157,2.4844,0.001584,2002.09,3875.98,0.0,6.123
Similar_Trot_00138_Cover_Tempo_D.wav,DAC,0.425,0.15,1,0.4048,-0.53,1.801,3.486,,0.3447,1.5722,2.4381,0.001584,2002.09,3875.98,0.0,6.123
Similar_Trot_00138_Cover_Timbre_A.wav,NoAttack,0.0,1.0,1,0.9952,48.64,4.716,4.614,,0.9996,0.0542,0.1627,0.00103,1746.56,2971.58,0.0,5.113
Similar_Trot_00138_Cover_Timbre_A.wav,MP3_128kbps,0.0,1.0,1,0.9524,35.35,4.676,4.613,,0.9905,0.5424,1.2046,0.00103,1746.56,2971.58,0.0,5.113
Similar_Trot_00138_Cover_Timbre_A.wav,MP3_320kbps,0.0,1.0,1,0.9952,47.15,4.711,4.614,,0.9978,0.2472,0.5343,0.00103,1746.56,2971.58,0.0,5.113
Similar_Trot_00138_Cover_Timbre_A.wav,Resample_44100-16000RT,0.0,1.0,1,0.9286,31.98,1.851,4.616,,0.942,1.0353,1.7107,0.00103,1746.56,2971.58,0.0,5.113
Similar_Trot_00138_Cover_Timbre_A.wav,Crop_10pct,0.0,1.0,1,0.8677,48.68,4.718,4.623,,0.9996,0.0541,0.1617,0.00103,1746.56,2971.58,0.0,5.113
Similar_Trot_00138_Cover_Timbre_A.wav,TSM_1.1x,0.475,0.05,1,0.3968,,4.017,1.167,,,,,0.00103,1746.56,2971.58,0.0,5.113
Similar_Trot_00138_Cover_Timbre_A.wav,AWGN_30dB,0.0,1.0,1,0.719,29.94,3.782,3.866,,0.9741,0.8704,1.8241,0.00103,1746.56,2971.58,0.0,5.113
Similar_Trot_00138_Cover_Timbre_A.wav,Limiter,0.0,1.0,1,0.9952,48.64,4.716,4.614,,0.9996,0.0542,0.1627,0.00103,1746.56,2971.58,0.0,5.113
Similar_Trot_00138_Cover_Timbre_A.wav,Opus_64kbps,0.0,1.0,1,0.8476,21.98,4.639,4.437,,0.9669,0.7809,1.6141,0.00103,1746.56,2971.58,0.0,5.113
Similar_Trot_00138_Cover_Timbre_A.wav,Opus_32kbps,1.0,-1.0,0,0.0,16.86,4.448,4.095,,0.9068,1.1168,2.0742,0.00103,1746.56,2971.58,0.0,5.113
Similar_Trot_00138_Cover_Timbre_A.wav,AAC_128kbps,0.0,1.0,1,0.9524,32.84,4.685,4.583,,0.9913,0.457,1.07,0.00103,1746.56,2971.58,0.0,5.113
Similar_Trot_00138_Cover_Timbre_A.wav,TelephoneFilter,1.0,-1.0,0,0.0,-26.9,1.42,3.436,,0.2267,1.4571,2.2397,0.00103,1746.56,2971.58,0.0,5.113
Similar_Trot_00138_Cover_Timbre_A.wav,EnCodec_6kbps,1.0,-1.0,0,0.0,9.47,2.317,2.08,,0.6019,1.5137,2.4634,0.00103,1746.56,2971.58,0.0,5.113
Similar_Trot_00138_Cover_Timbre_A.wav,DAC,0.45,0.1,1,0.4476,1.67,1.762,3.487,,0.406,1.5705,2.4178,0.00103,1746.56,2971.58,0.0,5.113
Similar_Trot_00138_Cover_Timbre_C.wav,NoAttack,0.0,1.0,1,0.9619,48.6,4.717,4.623,,0.9996,0.0503,0.1516,0.001186,1782.08,3273.05,0.0,5.5725
Similar_Trot_00138_Cover_Timbre_C.wav,MP3_128kbps,0.0,1.0,1,0.919,33.76,4.676,4.622,,0.9903,0.5408,1.1995,0.001186,1782.08,3273.05,0.0,5.5725
Similar_Trot_00138_Cover_Timbre_C.wav,MP3_320kbps,0.0,1.0,1,0.9667,46.63,4.71,4.622,,0.9978,0.2418,0.5269,0.001186,1782.08,3273.05,0.0,5.5725
Similar_Trot_00138_Cover_Timbre_C.wav,Resample_44100-16000RT,0.0,1.0,1,0.8667,30.68,1.844,4.627,,0.9422,1.0342,1.7115,0.001186,1782.08,3273.05,0.0,5.5725
Similar_Trot_00138_Cover_Timbre_C.wav,Crop_10pct,0.0,1.0,1,0.8466,48.61,4.719,4.627,,0.9996,0.0507,0.153,0.001186,1782.08,3273.05,0.0,5.5725
Similar_Trot_00138_Cover_Timbre_C.wav,TSM_1.1x,0.425,0.15,1,0.3915,,4.091,1.166,,,,,0.001186,1782.08,3273.05,0.0,5.5725
Similar_Trot_00138_Cover_Timbre_C.wav,AWGN_30dB,0.05,0.9,1,0.6952,29.94,3.902,4.033,,0.978,0.8242,1.7565,0.001186,1782.08,3273.05,0.0,5.5725
Similar_Trot_00138_Cover_Timbre_C.wav,Limiter,0.0,1.0,1,0.9619,48.6,4.717,4.623,,0.9996,0.0503,0.1516,0.001186,1782.08,3273.05,0.0,5.5725
Similar_Trot_00138_Cover_Timbre_C.wav,Opus_64kbps,0.0,1.0,1,0.8286,20.93,4.632,4.478,,0.9672,0.7837,1.6171,0.001186,1782.08,3273.05,0.0,5.5725
Similar_Trot_00138_Cover_Timbre_C.wav,Opus_32kbps,1.0,-1.0,0,0.0,15.59,4.449,4.101,,0.9061,1.1243,2.0731,0.001186,1782.08,3273.05,0.0,5.5725
Similar_Trot_00138_Cover_Timbre_C.wav,AAC_128kbps,0.0,1.0,1,0.8857,31.55,4.683,4.603,,0.9911,0.4589,1.0797,0.001186,1782.08,3273.05,0.0,5.5725
Similar_Trot_00138_Cover_Timbre_C.wav,TelephoneFilter,0.625,-0.25,1,0.3952,-18.52,1.398,3.447,,0.219,1.4582,2.2399,0.001186,1782.08,3273.05,0.0,5.5725
Similar_Trot_00138_Cover_Timbre_C.wav,EnCodec_6kbps,0.575,-0.15,1,0.419,7.72,2.332,2.698,,0.5879,1.5151,2.4782,0.001186,1782.08,3273.05,0.0,5.5725
Similar_Trot_00138_Cover_Timbre_C.wav,DAC,0.575,-0.15,1,0.381,-0.05,1.756,3.454,,0.3802,1.5736,2.4371,0.001186,1782.08,3273.05,0.0,5.5725
Similar_Trot_00138_Org.wav,NoAttack,0.0,1.0,1,0.9429,48.61,4.727,4.642,,0.9997,0.0413,0.1165,0.002399,2571.78,4478.91,0.0,7.15
Similar_Trot_00138_Org.wav,MP3_128kbps,0.0,1.0,1,0.8381,32.61,4.672,4.639,,0.9912,0.5137,1.1075,0.002399,2571.78,4478.91,0.0,7.15
Similar_Trot_00138_Org.wav,MP3_320kbps,0.0,1.0,1,0.9381,47.23,4.726,4.642,,0.9993,0.2076,0.451,0.002399,2571.78,4478.91,0.0,7.15
Similar_Trot_00138_Org.wav,Resample_44100-16000RT,0.0,1.0,1,0.7571,22.98,1.749,4.636,,0.8749,1.0291,1.6946,0.002399,2571.78,4478.91,0.0,7.15
Similar_Trot_00138_Org.wav,Crop_10pct,1.0,-1.0,0,0.0,48.63,4.726,4.637,,0.9997,0.0416,0.1169,0.002399,2571.78,4478.91,0.0,7.15
Similar_Trot_00138_Org.wav,TSM_1.1x,1.0,-1.0,0,0.0,,4.336,1.074,,,,,0.002399,2571.78,4478.91,0.0,7.15
Similar_Trot_00138_Org.wav,AWGN_30dB,0.0,1.0,1,0.7905,29.96,4.05,4.48,,0.9816,0.7093,1.5232,0.002399,2571.78,4478.91,0.0,7.15
Similar_Trot_00138_Org.wav,Limiter,0.0,1.0,1,0.9429,48.61,4.727,4.642,,0.9997,0.0413,0.1165,0.002399,2571.78,4478.91,0.0,7.15
Similar_Trot_00138_Org.wav,Opus_64kbps,1.0,-1.0,0,0.0,20.15,4.637,4.455,,0.9557,0.7738,1.6107,0.002399,2571.78,4478.91,0.0,7.15
Similar_Trot_00138_Org.wav,Opus_32kbps,1.0,-1.0,0,0.0,14.86,4.474,4.126,,0.8579,1.1414,2.1101,0.002399,2571.78,4478.91,0.0,7.15
Similar_Trot_00138_Org.wav,AAC_128kbps,0.0,1.0,1,0.8238,32.78,4.713,4.637,,0.9927,0.4177,0.9861,0.002399,2571.78,4478.91,0.0,7.15
Similar_Trot_00138_Org.wav,TelephoneFilter,1.0,-1.0,0,0.0,-4.98,1.452,3.591,,0.1927,1.4609,2.2575,0.002399,2571.78,4478.91,0.0,7.15
Similar_Trot_00138_Org.wav,EnCodec_6kbps,0.625,-0.25,1,0.3857,4.69,2.585,2.368,,0.4889,1.5238,2.5132,0.002399,2571.78,4478.91,0.0,7.15
Similar_Trot_00138_Org.wav,DAC,0.525,-0.05,1,0.4143,-9.81,1.651,3.476,,0.2555,1.5696,2.4612,0.002399,2571.78,4478.91,0.0,7.15
Similar_Trot_00162_Cover_Arrangement_A.wav,NoAttack,0.0,1.0,1,0.981,48.58,4.708,4.642,,0.9996,0.0437,0.144,0.001925,1995.45,2411.72,0.0,5.0498
Similar_Trot_00162_Cover_Arrangement_A.wav,MP3_128kbps,0.0,1.0,1,0.9429,35.41,4.653,4.63,,0.9907,0.5348,1.2096,0.001925,1995.45,2411.72,0.0,5.0498
Similar_Trot_00162_Cover_Arrangement_A.wav,MP3_320kbps,0.0,1.0,1,0.981,46.98,4.683,4.642,,0.9979,0.24,0.5329,0.001925,1995.45,2411.72,0.0,5.0498
Similar_Trot_00162_Cover_Arrangement_A.wav,Resample_44100-16000RT,0.0,1.0,1,0.8905,28.79,1.761,4.635,,0.9246,1.0328,1.7336,0.001925,1995.45,2411.72,0.0,5.0498
Similar_Trot_00162_Cover_Arrangement_A.wav,Crop_10pct,1.0,-1.0,0,0.0,48.56,4.71,4.643,,0.9996,0.0445,0.1456,0.001925,1995.45,2411.72,0.0,5.0498
Similar_Trot_00162_Cover_Arrangement_A.wav,TSM_1.1x,1.0,-1.0,0,0.0,,4.165,1.17,,,,,0.001925,1995.45,2411.72,0.0,5.0498
Similar_Trot_00162_Cover_Arrangement_A.wav,AWGN_30dB,0.0,1.0,1,0.7476,29.93,3.818,4.396,,0.9731,0.8402,1.8195,0.001925,1995.45,2411.72,0.0,5.0498
Similar_Trot_00162_Cover_Arrangement_A.wav,Limiter,0.0,1.0,1,0.981,48.58,4.708,4.642,,0.9996,0.0437,0.144,0.001925,1995.45,2411.72,0.0,5.0498
Similar_Trot_00162_Cover_Arrangement_A.wav,Opus_64kbps,0.0,1.0,1,0.8095,21.88,4.601,4.44,,0.9691,0.7652,1.6352,0.001925,1995.45,2411.72,0.0,5.0498
Similar_Trot_00162_Cover_Arrangement_A.wav,Opus_32kbps,1.0,-1.0,0,0.0,17.32,4.479,4.124,,0.9088,1.1134,2.1131,0.001925,1995.45,2411.72,0.0,5.0498
Similar_Trot_00162_Cover_Arrangement_A.wav,AAC_128kbps,0.0,1.0,1,0.9143,33.8,4.652,4.61,,0.9913,0.4517,1.0993,0.001925,1995.45,2411.72,0.0,5.0498
Similar_Trot_00162_Cover_Arrangement_A.wav,TelephoneFilter,0.5,0.0,1,0.4095,-26.31,1.372,3.59,,0.2638,1.4621,2.2934,0.001925,1995.45,2411.72,0.0,5.0498
Similar_Trot_00162_Cover_Arrangement_A.wav,EnCodec_6kbps,1.0,-1.0,0,0.0,9.44,2.374,2.198,,0.6288,1.5175,2.529,0.001925,1995.45,2411.72,0.0,5.0498
Similar_Trot_00162_Cover_Arrangement_A.wav,DAC,0.525,-0.05,1,0.381,0.83,1.649,3.563,,0.421,1.5699,2.4764,0.001925,1995.45,2411.72,0.0,5.0498
Similar_Trot_00162_Cover_Genre_A.wav,NoAttack,0.0,1.0,1,0.9571,48.79,4.727,4.643,,0.9997,0.0353,0.1096,0.003794,2677.12,6029.3,0.0,7.561
Similar_Trot_00162_Cover_Genre_A.wav,MP3_128kbps,0.0,1.0,1,0.781,29.21,4.695,4.63,,0.9866,0.5237,1.1572,0.003794,2677.12,6029.3,0.0,7.561
Similar_Trot_00162_Cover_Genre_A.wav,MP3_320kbps,0.0,1.0,1,0.9571,44.83,4.715,4.643,,0.9978,0.232,0.4866,0.003794,2677.12,6029.3,0.0,7.561
Similar_Trot_00162_Cover_Genre_A.wav,Resample_44100-16000RT,0.0,1.0,1,0.7286,23.02,1.863,4.64,,0.8905,1.0265,1.6524,0.003794,2677.12,6029.3,0.0,7.561
Similar_Trot_00162_Cover_Genre_A.wav,Crop_10pct,0.0,1.0,1,0.7249,48.73,4.727,4.643,,0.9997,0.0356,0.1097,0.003794,2677.12,6029.3,0.0,7.561
Similar_Trot_00162_Cover_Genre_A.wav,TSM_1.1x,0.5,0.0,1,0.3968,,4.086,1.183,,,,,0.003794,2677.12,6029.3,0.0,7.561
Similar_Trot_00162_Cover_Genre_A.wav,AWGN_30dB,0.0,1.0,1,0.7429,29.94,4.407,4.492,,0.9822,0.6936,1.5113,0.003794,2677.12,6029.3,0.0,7.561
Similar_Trot_00162_Cover_Genre_A.wav,Limiter,0.0,1.0,1,0.9571,48.79,4.727,4.643,,0.9997,0.0353,0.1096,0.003794,2677.12,6029.3,0.0,7.561
Similar_Trot_00162_Cover_Genre_A.wav,Opus_64kbps,0.0,1.0,1,0.6381,19.38,4.66,4.422,,0.9602,0.7317,1.5314,0.003794,2677.12,6029.3,0.0,7.561
Similar_Trot_00162_Cover_Genre_A.wav,Opus_32kbps,0.225,0.55,1,0.4429,14.19,4.447,4.031,,0.875,1.08,1.9991,0.003794,2677.12,6029.3,0.0,7.561
Similar_Trot_00162_Cover_Genre_A.wav,AAC_128kbps,0.0,1.0,1,0.7381,26.13,4.7,4.534,,0.9878,0.4486,1.0462,0.003794,2677.12,6029.3,0.0,7.561
Similar_Trot_00162_Cover_Genre_A.wav,TelephoneFilter,1.0,-1.0,0,0.0,-16.56,1.472,2.896,,0.1028,1.4576,2.233,0.003794,2677.12,6029.3,0.0,7.561
Similar_Trot_00162_Cover_Genre_A.wav,EnCodec_6kbps,0.45,0.1,1,0.4048,5.14,2.561,2.28,,0.4535,1.5186,2.4192,0.003794,2677.12,6029.3,0.0,7.561
Similar_Trot_00162_Cover_Genre_A.wav,DAC,0.625,-0.25,1,0.3619,-0.74,1.781,3.251,,0.2708,1.5672,2.3965,0.003794,2677.12,6029.3,0.0,7.561
Similar_Trot_00162_Cover_Instrument_A.wav,NoAttack,0.0,1.0,1,0.9905,48.54,4.705,4.603,,0.9995,0.0613,0.1927,0.00152,1851.95,3100.78,0.002313,5.2043
Similar_Trot_00162_Cover_Instrument_A.wav,MP3_128kbps,0.0,1.0,1,0.919,35.51,4.645,4.6,,0.9907,0.5765,1.2892,0.00152,1851.95,3100.78,0.002313,5.2043
Similar_Trot_00162_Cover_Instrument_A.wav,MP3_320kbps,0.0,1.0,1,0.9905,46.12,4.673,4.603,,0.9976,0.2621,0.5894,0.00152,1851.95,3100.78,0.002313,5.2043
Similar_Trot_00162_Cover_Instrument_A.wav,Resample_44100-16000RT,0.0,1.0,1,0.9,30.92,1.929,4.6,,0.9437,1.0413,1.7529,0.00152,1851.95,3100.78,0.002313,5.2043
Similar_Trot_00162_Cover_Instrument_A.wav,Crop_10pct,0.4,0.2,1,0.6614,48.53,4.704,4.6,,0.9995,0.0605,0.1914,0.00152,1851.95,3100.78,0.002313,5.2043
Similar_Trot_00162_Cover_Instrument_A.wav,TSM_1.1x,0.525,-0.05,1,0.4392,,4.262,1.233,,,,,0.00152,1851.95,3100.78,0.002313,5.2043
Similar_Trot_00162_Cover_Instrument_A.wav,AWGN_30dB,0.0,1.0,1,0.7238,29.94,3.558,4.105,,0.9733,0.9411,1.9601,0.00152,1851.95,3100.78,0.002313,5.2043
Similar_Trot_00162_Cover_Instrument_A.wav,Limiter,0.0,1.0,1,0.9905,29.26,4.705,4.602,,0.9993,0.0643,0.2038,0.00152,1851.95,3100.78,0.002313,5.2043
Similar_Trot_00162_Cover_Instrument_A.wav,Opus_64kbps,0.0,1.0,1,0.8429,21.61,4.579,4.429,,0.9688,0.8057,1.7095,0.00152,1851.95,3100.78,0.002313,5.2043
Similar_Trot_00162_Cover_Instrument_A.wav,Opus_32kbps,1.0,-1.0,0,0.0,16.91,4.468,4.04,,0.9161,1.1253,2.1598,0.00152,1851.95,3100.78,0.002313,5.2043
Similar_Trot_00162_Cover_Instrument_A.wav,AAC_128kbps,0.0,1.0,1,0.8905,30.93,4.65,4.598,,0.9911,0.5019,1.1918,0.00152,1851.95,3100.78,0.002313,5.2043
Similar_Trot_00162_Cover_Instrument_A.wav,TelephoneFilter,1.0,-1.0,0,0.0,-15.18,1.33,3.56,,0.1848,1.4636,2.295,0.00152,1851.95,3100.78,0.002313,5.2043
Similar_Trot_00162_Cover_Instrument_A.wav,EnCodec_6kbps,1.0,-1.0,0,0.0,8.8,2.239,2.546,,0.6237,1.5248,2.5588,0.00152,1851.95,3100.78,0.002313,5.2043
Similar_Trot_00162_Cover_Instrument_A.wav,DAC,0.55,-0.1,1,0.4095,0.19,1.827,3.411,,0.3835,1.5695,2.4864,0.00152,1851.95,3100.78,0.002313,5.2043
Similar_Trot_00162_Cover_Instrument_C.wav,NoAttack,0.0,1.0,1,0.9667,48.58,4.707,4.608,,0.9995,0.0575,0.1819,0.001802,2060.63,3574.51,0.004049,6.2157
Similar_Trot_00162_Cover_Instrument_C.wav,MP3_128kbps,0.0,1.0,1,0.9,34.18,4.646,4.604,,0.9896,0.5665,1.2755,0.001802,2060.63,3574.51,0.004049,6.2157
Similar_Trot_00162_Cover_Instrument_C.wav,MP3_320kbps,0.0,1.0,1,0.9667,45.65,4.677,4.608,,0.9976,0.2594,0.5821,0.001802,2060.63,3574.51,0.004049,6.2157
Similar_Trot_00162_Cover_Instrument_C.wav,Resample_44100-16000RT,0.0,1.0,1,0.9143,29.25,2.033,4.606,,0.9324,1.0375,1.7474,0.001802,2060.63,3574.51,0.004049,6.2157
Similar_Trot_00162_Cover_Instrument_C.wav,Crop_10pct,0.0,1.0,1,0.9312,48.62,4.706,4.607,,0.9995,0.0574,0.182,0.001802,2060.63,3574.51,0.004049,6.2157
Similar_Trot_00162_Cover_Instrument_C.wav,TSM_1.1x,1.0,-1.0,0,0.0,,4.244,1.339,,,,,0.001802,2060.63,3574.51,0.004049,6.2157
Similar_Trot_00162_Cover_Instrument_C.wav,AWGN_30dB,0.05,0.9,1,0.6476,29.96,3.711,4.126,,0.9729,0.9073,1.9092,0.001802,2060.63,3574.51,0.004049,6.2157
Similar_Trot_00162_Cover_Instrument_C.wav,Limiter,0.0,1.0,1,0.9714,30.0,4.706,4.605,,0.9994,0.0594,0.1895,0.001802,2060.63,3574.51,0.004049,6.2157
Similar_Trot_00162_Cover_Instrument_C.wav,Opus_64kbps,0.0,1.0,1,0.8143,21.36,4.574,4.409,,0.9644,0.7996,1.7042,0.001802,2060.63,3574.51,0.004049,6.2157
Similar_Trot_00162_Cover_Instrument_C.wav,Opus_32kbps,1.0,-1.0,0,0.0,16.76,4.462,3.899,,0.9024,1.1192,2.1616,0.001802,2060.63,3574.51,0.004049,6.2157
Similar_Trot_00162_Cover_Instrument_C.wav,AAC_128kbps,0.0,1.0,1,0.919,30.82,4.651,4.482,,0.9901,0.4939,1.1769,0.001802,2060.63,3574.51,0.004049,6.2157
Similar_Trot_00162_Cover_Instrument_C.wav,TelephoneFilter,1.0,-1.0,0,0.0,-11.66,1.419,3.616,,0.1612,1.465,2.2932,0.001802,2060.63,3574.51,0.004049,6.2157
Similar_Trot_00162_Cover_Instrument_C.wav,EnCodec_6kbps,1.0,-1.0,0,0.0,8.06,2.352,2.538,,0.5789,1.5247,2.5526,0.001802,2060.63,3574.51,0.004049,6.2157
Similar_Trot_00162_Cover_Instrument_C.wav,DAC,0.45,0.1,1,0.3952,-0.9,1.933,3.387,,0.3511,1.5691,2.4854,0.001802,2060.63,3574.51,0.004049,6.2157
Similar_Trot_00162_Cover_Rhythm_B.wav,NoAttack,0.0,1.0,1,0.9286,48.81,4.728,4.641,,0.9997,0.0331,0.1041,0.004671,2779.66,6459.96,0.0,7.9523
Similar_Trot_00162_Cover_Rhythm_B.wav,MP3_128kbps,0.0,1.0,1,0.7524,27.97,4.7,4.62,,0.9852,0.5126,1.1223,0.004671,2779.66,6459.96,0.0,7.9523
Similar_Trot_00162_Cover_Rhythm_B.wav,MP3_320kbps,0.0,1.0,1,0.9238,45.46,4.723,4.641,,0.9981,0.2283,0.4719,0.004671,2779.66,6459.96,0.0,7.9523
Similar_Trot_00162_Cover_Rhythm_B.wav,Resample_44100-16000RT,1.0,-1.0,0,0.0,21.67,1.867,4.639,,0.8728,1.024,1.6368,0.004671,2779.66,6459.96,0.0,7.9523
Similar_Trot_00162_Cover_Rhythm_B.wav,Crop_10pct,1.0,-1.0,0,0.0,48.65,4.728,4.644,,0.9997,0.0328,0.1041,0.004671,2779.66,6459.96,0.0,7.9523
Similar_Trot_00162_Cover_Rhythm_B.wav,TSM_1.1x,0.425,0.15,1,0.3862,,4.077,1.126,,,,,0.004671,2779.66,6459.96,0.0,7.9523
Similar_Trot_00162_Cover_Rhythm_B.wav,AWGN_30dB,0.0,1.0,1,0.681,29.94,4.38,4.483,,0.9818,0.6861,1.4906,0.004671,2779.66,6459.96,0.0,7.9523
Similar_Trot_00162_Cover_Rhythm_B.wav,Limiter,0.0,1.0,1,0.9286,48.81,4.728,4.641,,0.9997,0.0331,0.1041,0.004671,2779.66,6459.96,0.0,7.9523
Similar_Trot_00162_Cover_Rhythm_B.wav,Opus_64kbps,0.0,1.0,1,0.6333,18.47,4.655,4.297,,0.9531,0.7566,1.5548,0.004671,2779.66,6459.96,0.0,7.9523
Similar_Trot_00162_Cover_Rhythm_B.wav,Opus_32kbps,1.0,-1.0,0,0.0,13.52,4.517,3.771,,0.8529,1.1118,2.0059,0.004671,2779.66,6459.96,0.0,7.9523
Similar_Trot_00162_Cover_Rhythm_B.wav,AAC_128kbps,0.0,1.0,1,0.7952,26.75,4.712,4.579,,0.9891,0.4188,0.9815,0.004671,2779.66,6459.96,0.0,7.9523
Similar_Trot_00162_Cover_Rhythm_B.wav,TelephoneFilter,0.35,0.3,1,0.4143,-25.66,1.517,2.539,,0.084,1.461,2.2207,0.004671,2779.66,6459.96,0.0,7.9523
Similar_Trot_00162_Cover_Rhythm_B.wav,EnCodec_6kbps,0.5,0.0,1,0.4238,5.14,2.596,2.364,,0.4221,1.521,2.3937,0.004671,2779.66,6459.96,0.0,7.9523
Similar_Trot_00162_Cover_Rhythm_B.wav,DAC,1.0,-1.0,0,0.0,0.66,1.786,3.269,,0.289,1.5669,2.3618,0.004671,2779.66,6459.96,0.0,7.9523
Similar_Trot_00162_Cover_Tempo_A.wav,NoAttack,0.0,1.0,1,0.9714,48.54,4.689,4.632,,0.9994,0.0694,0.2261,0.001856,1915.13,2971.58,0.0,6.9944
Similar_Trot_00162_Cover_Tempo_A.wav,MP3_128kbps,0.0,1.0,1,0.9048,34.23,4.595,4.631,,0.9896,0.6057,1.3999,0.001856,1915.13,2971.58,0.0,6.9944
Similar_Trot_00162_Cover_Tempo_A.wav,MP3_320kbps,0.0,1.0,1,0.9667,46.05,4.64,4.632,,0.9973,0.2731,0.6457,0.001856,1915.13,2971.58,0.0,6.9944
Similar_Trot_00162_Cover_Tempo_A.wav,Resample_44100-16000RT,0.0,1.0,1,0.919,31.38,1.945,4.632,,0.9455,1.0435,1.7699,0.001856,1915.13,2971.58,0.0,6.9944
Similar_Trot_00162_Cover_Tempo_A.wav,Crop_10pct,0.125,0.75,1,0.6296,48.29,4.686,4.635,,0.9994,0.071,0.2308,0.001856,1915.13,2971.58,0.0,6.9944
Similar_Trot_00162_Cover_Tempo_A.wav,TSM_1.1x,1.0,-1.0,0,0.0,,4.232,1.316,,,,,0.001856,1915.13,2971.58,0.0,6.9944
Similar_Trot_00162_Cover_Tempo_A.wav,AWGN_30dB,1.0,-1.0,0,0.0,29.94,3.229,4.263,,0.9732,0.9757,2.0223,0.001856,1915.13,2971.58,0.0,6.9944
Similar_Trot_00162_Cover_Tempo_A.wav,Limiter,0.0,1.0,1,0.9714,38.39,4.69,4.632,,0.9994,0.0702,0.2283,0.001856,1915.13,2971.58,0.0,6.9944
Similar_Trot_00162_Cover_Tempo_A.wav,Opus_64kbps,0.0,1.0,1,0.8524,21.75,4.579,4.438,,0.9715,0.7673,1.7078,0.001856,1915.13,2971.58,0.0,6.9944
Similar_Trot_00162_Cover_Tempo_A.wav,Opus_32kbps,0.025,0.95,1,0.5905,17.45,4.45,4.136,,0.922,1.0821,2.1508,0.001856,1915.13,2971.58,0.0,6.9944
Similar_Trot_00162_Cover_Tempo_A.wav,AAC_128kbps,0.0,1.0,1,0.8619,32.54,4.615,4.507,,0.9904,0.5419,1.3233,0.001856,1915.13,2971.58,0.0,6.9944
Similar_Trot_00162_Cover_Tempo_A.wav,TelephoneFilter,0.6,-0.2,1,0.4238,-13.33,1.307,3.788,,0.1656,1.4591,2.2972,0.001856,1915.13,2971.58,0.0,6.9944
Similar_Trot_00162_Cover_Tempo_A.wav,EnCodec_6kbps,1.0,-1.0,0,0.0,8.3,2.365,2.342,,0.5935,1.5221,2.5551,0.001856,1915.13,2971.58,0.0,6.9944
Similar_Trot_00162_Cover_Tempo_A.wav,DAC,1.0,-1.0,0,0.0,0.12,1.835,3.606,,0.3381,1.5696,2.493,0.001856,1915.13,2971.58,0.0,6.9944
Similar_Trot_00162_Cover_Tempo_C.wav,NoAttack,0.0,1.0,1,0.9667,48.58,4.684,4.624,,0.9994,0.0815,0.2667,0.001465,1933.83,4134.38,0.022556,8.219
Similar_Trot_00162_Cover_Tempo_C.wav,MP3_128kbps,0.0,1.0,1,0.9095,32.66,4.645,4.616,,0.9887,0.6407,1.4778,0.001465,1933.83,4134.38,0.022556,8.219
Similar_Trot_00162_Cover_Tempo_C.wav,MP3_320kbps,0.0,1.0,1,0.9762,46.03,4.677,4.624,,0.9975,0.2943,0.7125,0.001465,1933.83,4134.38,0.022556,8.219
Similar_Trot_00162_Cover_Tempo_C.wav,Resample_44100-16000RT,0.0,1.0,1,0.8905,27.61,1.973,4.622,,0.934,1.0531,1.8043,0.001465,1933.83,4134.38,0.022556,8.219
Similar_Trot_00162_Cover_Tempo_C.wav,Crop_10pct,1.0,-1.0,0,0.0,48.71,4.684,4.587,,0.9994,0.0806,0.2619,0.001465,1933.83,4134.38,0.022556,8.219
Similar_Trot_00162_Cover_Tempo_C.wav,TSM_1.1x,1.0,-1.0,0,0.0,,4.223,1.252,,,,,0.001465,1933.83,4134.38,0.022556,8.219
Similar_Trot_00162_Cover_Tempo_C.wav,AWGN_30dB,0.45,0.1,1,0.6,29.94,3.152,4.056,,0.9754,1.0068,2.0583,0.001465,1933.83,4134.38,0.022556,8.219
Similar_Trot_00162_Cover_Tempo_C.wav,Limiter,0.0,1.0,1,0.9619,36.04,4.684,4.609,,0.9993,0.0822,0.2692,0.001465,1933.83,4134.38,0.022556,8.219
Similar_Trot_00162_Cover_Tempo_C.wav,Opus_64kbps,0.0,1.0,1,0.819,21.36,4.615,4.425,,0.9692,0.8307,1.8221,0.001465,1933.83,4134.38,0.022556,8.219
Similar_Trot_00162_Cover_Tempo_C.wav,Opus_32kbps,0.05,0.9,1,0.619,16.39,4.468,4.02,,0.9115,1.1258,2.2177,0.001465,1933.83,4134.38,0.022556,8.219
Similar_Trot_00162_Cover_Tempo_C.wav,AAC_128kbps,0.0,1.0,1,0.9143,30.08,4.655,4.592,,0.99,0.5668,1.3643,0.001465,1933.83,4134.38,0.022556,8.219
Similar_Trot_00162_Cover_Tempo_C.wav,TelephoneFilter,1.0,-1.0,0,0.0,-13.63,1.472,3.59,,0.1573,1.462,2.3287,0.001465,1933.83,4134.38,0.022556,8.219
Similar_Trot_00162_Cover_Tempo_C.wav,EnCodec_6kbps,1.0,-1.0,0,0.0,7.36,2.381,2.24,,0.5707,1.5277,2.5652,0.001465,1933.83,4134.38,0.022556,8.219
Similar_Trot_00162_Cover_Tempo_C.wav,DAC,0.475,0.05,1,0.3714,-0.9,1.865,3.33,,0.3391,1.5696,2.5046,0.001465,1933.83,4134.38,0.022556,8.219
Similar_Trot_00162_Cover_Timbre_A.wav,NoAttack,0.0,1.0,1,0.9714,48.57,4.713,4.615,,0.9996,0.0531,0.1703,0.002162,2221.2,3703.71,0.0,6.4657
Similar_Trot_00162_Cover_Timbre_A.wav,MP3_128kbps,0.0,1.0,1,0.8952,34.05,4.661,4.612,,0.9892,0.5611,1.2656,0.002162,2221.2,3703.71,0.0,6.4657
Similar_Trot_00162_Cover_Timbre_A.wav,MP3_320kbps,0.0,1.0,1,0.981,45.08,4.686,4.615,,0.9975,0.2552,0.5683,0.002162,2221.2,3703.71,0.0,6.4657
Similar_Trot_00162_Cover_Timbre_A.wav,Resample_44100-16000RT,0.0,1.0,1,0.881,28.85,2.004,4.613,,0.9278,1.0371,1.7365,0.002162,2221.2,3703.71,0.0,6.4657
Similar_Trot_00162_Cover_Timbre_A.wav,Crop_10pct,0.0,1.0,1,0.9577,48.53,4.712,4.615,,0.9996,0.0525,0.1681,0.002162,2221.2,3703.71,0.0,6.4657
Similar_Trot_00162_Cover_Timbre_A.wav,TSM_1.1x,1.0,-1.0,0,0.0,,4.245,1.334,,,,,0.002162,2221.2,3703.71,0.0,6.4657
Similar_Trot_00162_Cover_Timbre_A.wav,AWGN_30dB,0.075,0.85,1,0.6619,29.94,3.755,4.228,,0.9729,0.8855,1.8804,0.002162,2221.2,3703.71,0.0,6.4657
Similar_Trot_00162_Cover_Timbre_A.wav,Limiter,0.0,1.0,1,0.9714,42.94,4.713,4.615,,0.9995,0.0536,0.1717,0.002162,2221.2,3703.71,0.0,6.4657
Similar_Trot_00162_Cover_Timbre_A.wav,Opus_64kbps,0.0,1.0,1,0.7714,21.47,4.599,4.45,,0.9635,0.7845,1.6853,0.002162,2221.2,3703.71,0.0,6.4657
Similar_Trot_00162_Cover_Timbre_A.wav,Opus_32kbps,1.0,-1.0,0,0.0,17.18,4.486,4.015,,0.8997,1.1037,2.1475,0.002162,2221.2,3703.71,0.0,6.4657
Similar_Trot_00162_Cover_Timbre_A.wav,AAC_128kbps,0.0,1.0,1,0.919,30.59,4.665,4.596,,0.9897,0.4876,1.1739,0.002162,2221.2,3703.71,0.0,6.4657
Similar_Trot_00162_Cover_Timbre_A.wav,TelephoneFilter,0.575,-0.15,1,0.419,-9.97,1.394,3.688,,0.1119,1.4631,2.2819,0.002162,2221.2,3703.71,0.0,6.4657
Similar_Trot_00162_Cover_Timbre_A.wav,EnCodec_6kbps,1.0,-1.0,0,0.0,7.72,2.299,2.578,,0.5514,1.5252,2.5536,0.002162,2221.2,3703.71,0.0,6.4657
Similar_Trot_00162_Cover_Timbre_A.wav,DAC,0.5,0.0,1,0.4095,-1.68,1.898,3.546,,0.3052,1.5701,2.4915,0.002162,2221.2,3703.71,0.0,6.4657
Similar_Trot_00162_Cover_Timbre_C.wav,NoAttack,0.0,1.0,1,0.9619,48.55,4.707,4.609,,0.9996,0.0538,0.1707,0.002064,2153.16,3617.58,0.0,6.3376
Similar_Trot_00162_Cover_Timbre_C.wav,MP3_128kbps,0.0,1.0,1,0.9095,34.22,4.661,4.608,,0.9895,0.5595,1.265,0.002064,2153.16,3617.58,0.0,6.3376
Similar_Trot_00162_Cover_Timbre_C.wav,MP3_320kbps,0.0,1.0,1,0.9571,45.46,4.681,4.609,,0.9976,0.2575,0.5694,0.002064,2153.16,3617.58,0.0,6.3376
Similar_Trot_00162_Cover_Timbre_C.wav,Resample_44100-16000RT,0.0,1.0,1,0.8857,28.96,2.032,4.611,,0.9288,1.0368,1.7388,0.002064,2153.16,3617.58,0.0,6.3376
Similar_Trot_00162_Cover_Timbre_C.wav,Crop_10pct,0.075,0.85,1,0.5979,48.21,4.705,4.606,,0.9995,0.0546,0.1733,0.002064,2153.16,3617.58,0.0,6.3376
Similar_Trot_00162_Cover_Timbre_C.wav,TSM_1.1x,1.0,-1.0,0,0.0,,4.263,1.342,,,,,0.002064,2153.16,3617.58,0.0,6.3376
Similar_Trot_00162_Cover_Timbre_C.wav,AWGN_30dB,0.075,0.85,1,0.6714,29.93,3.732,4.2,,0.9728,0.8909,1.8838,0.002064,2153.16,3617.58,0.0,6.3376
Similar_Trot_00162_Cover_Timbre_C.wav,Limiter,0.0,1.0,1,0.9619,38.68,4.707,4.609,,0.9995,0.0551,0.1746,0.002064,2153.16,3617.58,0.0,6.3376
Similar_Trot_00162_Cover_Timbre_C.wav,Opus_64kbps,0.0,1.0,1,0.8048,21.32,4.576,4.434,,0.9634,0.7899,1.6945,0.002064,2153.16,3617.58,0.0,6.3376
Similar_Trot_00162_Cover_Timbre_C.wav,Opus_32kbps,0.175,0.65,1,0.5238,17.17,4.47,4.062,,0.8997,1.1135,2.1559,0.002064,2153.16,3617.58,0.0,6.3376
Similar_Trot_00162_Cover_Timbre_C.wav,AAC_128kbps,0.0,1.0,1,0.881,31.11,4.654,4.503,,0.99,0.4888,1.1712,0.002064,2153.16,3617.58,0.0,6.3376
Similar_Trot_00162_Cover_Timbre_C.wav,TelephoneFilter,0.525,-0.05,1,0.4143,-11.03,1.422,3.627,,0.1279,1.463,2.2848,0.002064,2153.16,3617.58,0.0,6.3376
Similar_Trot_00162_Cover_Timbre_C.wav,EnCodec_6kbps,0.575,-0.15,1,0.4048,8.02,2.35,2.544,,0.5634,1.5223,2.554,0.002064,2153.16,3617.58,0.0,6.3376
Similar_Trot_00162_Cover_Timbre_C.wav,DAC,1.0,-1.0,0,0.0,-1.21,1.915,3.612,,0.3228,1.5678,2.4868,0.002064,2153.16,3617.58,0.0,6.3376
Similar_Trot_00162_Org.wav,NoAttack,0.0,1.0,1,0.981,48.57,4.72,4.64,,0.9996,0.0481,0.1444,0.002133,2167.52,3100.78,0.0,4.8766
Similar_Trot_00162_Org.wav,MP3_128kbps,0.0,1.0,1,0.8905,34.68,4.635,4.634,,0.9908,0.5342,1.1617,0.002133,2167.52,3100.78,0.0,4.8766
Similar_Trot_00162_Org.wav,MP3_320kbps,0.0,1.0,1,0.981,47.14,4.71,4.64,,0.9985,0.2163,0.4831,0.002133,2167.52,3100.78,0.0,4.8766
Similar_Trot_00162_Org.wav,Resample_44100-16000RT,0.0,1.0,1,0.8238,24.49,1.97,4.632,,0.8931,1.0339,1.7106,0.002133,2167.52,3100.78,0.0,4.8766
Similar_Trot_00162_Org.wav,Crop_10pct,0.0,1.0,1,0.8148,48.49,4.721,4.64,,0.9996,0.0483,0.1451,0.002133,2167.52,3100.78,0.0,4.8766
Similar_Trot_00162_Org.wav,TSM_1.1x,1.0,-1.0,0,0.0,,4.193,1.136,,,,,0.002133,2167.52,3100.78,0.0,4.8766
Similar_Trot_00162_Org.wav,AWGN_30dB,0.0,1.0,1,0.7762,29.94,3.481,4.441,,0.974,0.8449,1.7839,0.002133,2167.52,3100.78,0.0,4.8766
Similar_Trot_00162_Org.wav,Limiter,0.0,1.0,1,0.981,37.56,4.72,4.582,,0.9996,0.0487,0.1461,0.002133,2167.52,3100.78,0.0,4.8766
Similar_Trot_00162_Org.wav,Opus_64kbps,0.0,1.0,1,0.7238,21.19,4.668,4.388,,0.9684,0.7268,1.5618,0.002133,2167.52,3100.78,0.0,4.8766
Similar_Trot_00162_Org.wav,Opus_32kbps,0.1,0.8,1,0.5286,16.66,4.538,3.944,,0.8983,1.0885,2.0618,0.002133,2167.52,3100.78,0.0,4.8766
Similar_Trot_00162_Org.wav,AAC_128kbps,0.0,1.0,1,0.8857,32.65,4.694,4.616,,0.9916,0.4139,1.0155,0.002133,2167.52,3100.78,0.0,4.8766
Similar_Trot_00162_Org.wav,TelephoneFilter,0.45,0.1,1,0.4095,-24.2,1.571,3.208,,0.2391,1.4632,2.2727,0.002133,2167.52,3100.78,0.0,4.8766
Similar_Trot_00162_Org.wav,EnCodec_6kbps,0.55,-0.1,1,0.4143,10.51,2.865,2.476,,0.5995,1.5214,2.4817,0.002133,2167.52,3100.78,0.0,4.8766
Similar_Trot_00162_Org.wav,DAC,1.0,-1.0,0,0.0,3.16,1.843,3.383,,0.4234,1.5654,2.4488,0.002133,2167.52,3100.78,0.0,4.8766
일반남여_일반통합06_F_1524374974_25_수도권_실내_07802.wav,NoAttack,0.0,1.0,1,0.9206,50.31,4.7,4.284,,0.9991,0.7657,1.3426,0.268887,1410.77,4134.38,0.291874,6.5853
일반남여_일반통합06_F_1524374974_25_수도권_실내_07802.wav,MP3_128kbps,0.0,1.0,1,0.9048,48.53,4.702,4.269,,0.9988,1.0116,1.6851,0.268887,1410.77,4134.38,0.291874,6.5853
일반남여_일반통합06_F_1524374974_25_수도권_실내_07802.wav,MP3_320kbps,0.0,1.0,1,0.9048,50.24,4.7,4.284,,0.999,1.003,1.6667,0.268887,1410.77,4134.38,0.291874,6.5853
일반남여_일반통합06_F_1524374974_25_수도권_실내_07802.wav,Resample_44100-16000RT,0.0,1.0,1,0.9206,50.25,4.699,4.284,,0.9991,0.8201,1.3631,0.268887,1410.77,4134.38,0.291874,6.5853
일반남여_일반통합06_F_1524374974_25_수도권_실내_07802.wav,Crop_10pct,1.0,-1.0,0,0.0,50.44,4.699,4.385,,0.9991,0.7541,1.3823,0.268887,1410.77,4134.38,0.291874,6.5853
일반남여_일반통합06_F_1524374974_25_수도권_실내_07802.wav,TSM_1.1x,1.0,-1.0,0,0.0,,4.38,1.277,,,,,0.268887,1410.77,4134.38,0.291874,6.5853
일반남여_일반통합06_F_1524374974_25_수도권_실내_07802.wav,AWGN_30dB,1.0,-1.0,0,0.0,29.95,1.519,2.565,,0.9886,1.3633,2.2537,0.268887,1410.77,4134.38,0.291874,6.5853
일반남여_일반통합06_F_1524374974_25_수도권_실내_07802.wav,Limiter,0.0,1.0,1,0.9206,50.31,4.7,4.284,,0.9991,0.7657,1.3426,0.268887,1410.77,4134.38,0.291874,6.5853
일반남여_일반통합06_F_1524374974_25_수도권_실내_07802.wav,Opus_64kbps,1.0,-1.0,0,0.0,26.64,4.695,4.218,,0.9883,1.057,1.7815,0.268887,1410.77,4134.38,0.291874,6.5853
일반남여_일반통합06_F_1524374974_25_수도권_실내_07802.wav,Opus_32kbps,0.2,0.6,1,0.6349,20.37,4.461,4.226,,0.953,1.2206,2.0344,0.268887,1410.77,4134.38,0.291874,6.5853
일반남여_일반통합06_F_1524374974_25_수도권_실내_07802.wav,AAC_128kbps,0.0,1.0,1,0.9048,48.28,4.694,4.266,,0.9987,1.0145,1.6875,0.268887,1410.77,4134.38,0.291874,6.5853
일반남여_일반통합06_F_1524374974_25_수도권_실내_07802.wav,TelephoneFilter,1.0,-1.0,0,0.0,-11.29,4.085,2.936,,0.4045,1.2018,1.8009,0.268887,1410.77,4134.38,0.291874,6.5853
일반남여_일반통합06_F_1524374974_25_수도권_실내_07802.wav,EnCodec_6kbps,1.0,-1.0,0,0.0,7.8,4.429,2.069,,0.5993,1.5424,2.3459,0.268887,1410.77,4134.38,0.291874,6.5853
일반남여_일반통합06_F_1524374974_25_수도권_실내_07802.wav,DAC,1.0,-1.0,0,0.0,-7.2,4.561,3.553,,0.36,1.5426,2.1483,0.268887,1410.77,4134.38,0.291874,6.5853
일반남여_일반통합06_F_1524374974_25_수도권_실내_07811.wav,NoAttack,0.0,1.0,1,0.9206,50.18,4.709,4.366,,0.9988,0.7566,1.4007,0.209909,1499.63,5254.1,0.256803,10.6194
일반남여_일반통합06_F_1524374974_25_수도권_실내_07811.wav,MP3_128kbps,0.0,1.0,1,0.9206,48.28,4.708,4.345,,0.9984,0.9965,1.6982,0.209909,1499.63,5254.1,0.256803,10.6194
일반남여_일반통합06_F_1524374974_25_수도권_실내_07811.wav,MP3_320kbps,0.0,1.0,1,0.9206,50.07,4.708,4.359,,0.9987,0.9825,1.6738,0.209909,1499.63,5254.1,0.256803,10.6194
일반남여_일반통합06_F_1524374974_25_수도권_실내_07811.wav,Resample_44100-16000RT,0.0,1.0,1,0.9206,50.02,4.708,4.367,,0.9988,0.8164,1.3893,0.209909,1499.63,5254.1,0.256803,10.6194
일반남여_일반통합06_F_1524374974_25_수도권_실내_07811.wav,Crop_10pct,0.0,1.0,1,0.873,50.75,4.708,4.36,,0.9988,0.7567,1.3797,0.209909,1499.63,5254.1,0.256803,10.6194
일반남여_일반통합06_F_1524374974_25_수도권_실내_07811.wav,TSM_1.1x,1.0,-1.0,0,0.0,,4.475,1.336,,,,,0.209909,1499.63,5254.1,0.256803,10.6194
일반남여_일반통합06_F_1524374974_25_수도권_실내_07811.wav,AWGN_30dB,1.0,-1.0,0,0.0,29.97,1.552,2.469,,0.9865,1.385,2.319,0.209909,1499.63,5254.1,0.256803,10.6194
일반남여_일반통합06_F_1524374974_25_수도권_실내_07811.wav,Limiter,0.0,1.0,1,0.9206,50.18,4.709,4.366,,0.9988,0.7566,1.4007,0.209909,1499.63,5254.1,0.256803,10.6194
일반남여_일반통합06_F_1524374974_25_수도권_실내_07811.wav,Opus_64kbps,0.0,1.0,1,0.8889,27.4,4.705,4.357,,0.9881,1.0546,1.8108,0.209909,1499.63,5254.1,0.256803,10.6194
일반남여_일반통합06_F_1524374974_25_수도권_실내_07811.wav,Opus_32kbps,1.0,-1.0,0,0.0,20.53,4.53,4.091,,0.9605,1.192,2.0219,0.209909,1499.63,5254.1,0.256803,10.6194
일반남여_일반통합06_F_1524374974_25_수도권_실내_07811.wav,AAC_128kbps,0.0,1.0,1,0.9206,46.45,4.665,4.356,,0.9983,1.0032,1.699,0.209909,1499.63,5254.1,0.256803,10.6194
일반남여_일반통합06_F_1524374974_25_수도권_실내_07811.wav,TelephoneFilter,1.0,-1.0,0,0.0,-0.72,4.241,2.931,,0.5601,1.27,1.959,0.209909,1499.63,5254.1,0.256803,10.6194
일반남여_일반통합06_F_1524374974_25_수도권_실내_07811.wav,EnCodec_6kbps,1.0,-1.0,0,0.0,7.11,4.48,2.233,,0.6377,1.5438,2.3364,0.209909,1499.63,5254.1,0.256803,10.6194
일반남여_일반통합06_F_1524374974_25_수도권_실내_07811.wav,DAC,1.0,-1.0,0,0.0,-27.99,4.609,3.321,,0.3373,1.572,2.1299,0.209909,1499.63,5254.1,0.256803,10.6194
일반남여_일반통합06_F_1524374974_25_수도권_실내_07812.wav,NoAttack,0.0,1.0,1,0.8413,50.44,4.682,4.41,,0.9988,0.7557,1.3843,0.231058,1217.77,3359.18,0.315464,8.6882
일반남여_일반통합06_F_1524374974_25_수도권_실내_07812.wav,MP3_128kbps,0.0,1.0,1,0.8571,48.69,4.683,4.401,,0.9984,1.0088,1.7127,0.231058,1217.77,3359.18,0.315464,8.6882
일반남여_일반통합06_F_1524374974_25_수도권_실내_07812.wav,MP3_320kbps,0.0,1.0,1,0.8571,50.37,4.682,4.41,,0.9987,0.9975,1.6869,0.231058,1217.77,3359.18,0.315464,8.6882
일반남여_일반통합06_F_1524374974_25_수도권_실내_07812.wav,Resample_44100-16000RT,0.0,1.0,1,0.8413,50.41,4.675,4.41,,0.9988,0.823,1.395,0.231058,1217.77,3359.18,0.315464,8.6882
일반남여_일반통합06_F_1524374974_25_수도권_실내_07812.wav,Crop_10pct,0.2,0.6,1,0.6905,49.34,4.686,4.415,,0.9986,0.744,1.3272,0.231058,1217.77,3359.18,0.315464,8.6882
일반남여_일반통합06_F_1524374974_25_수도권_실내_07812.wav,TSM_1.1x,1.0,-1.0,0,0.0,,4.339,1.421,,,,,0.231058,1217.77,3359.18,0.315464,8.6882
일반남여_일반통합06_F_1524374974_25_수도권_실내_07812.wav,AWGN_30dB,1.0,-1.0,0,0.0,29.93,1.467,2.339,,0.9865,1.3969,2.326,0.231058,1217.77,3359.18,0.315464,8.6882
일반남여_일반통합06_F_1524374974_25_수도권_실내_07812.wav,Limiter,0.0,1.0,1,0.8413,50.44,4.682,4.41,,0.9988,0.7557,1.3843,0.231058,1217.77,3359.18,0.315464,8.6882
일반남여_일반통합06_F_1524374974_25_수도권_실내_07812.wav,Opus_64kbps,0.0,1.0,1,0.8571,27.82,4.677,4.365,,0.9892,1.0618,1.8089,0.231058,1217.77,3359.18,0.315464,8.6882
일반남여_일반통합06_F_1524374974_25_수도권_실내_07812.wav,Opus_32kbps,1.0,-1.0,0,0.0,21.4,4.535,4.324,,0.9613,1.1724,1.9808,0.231058,1217.77,3359.18,0.315464,8.6882
일반남여_일반통합06_F_1524374974_25_수도권_실내_07812.wav,AAC_128kbps,0.0,1.0,1,0.873,49.08,4.647,4.408,,0.9984,1.0184,1.7185,0.231058,1217.77,3359.18,0.315464,8.6882
일반남여_일반통합06_F_1524374974_25_수도권_실내_07812.wav,TelephoneFilter,1.0,-1.0,0,0.0,-2.55,4.16,3.21,,0.5131,1.2207,1.9061,0.231058,1217.77,3359.18,0.315464,8.6882
일반남여_일반통합06_F_1524374974_25_수도권_실내_07812.wav,EnCodec_6kbps,1.0,-1.0,0,0.0,8.4,4.415,2.283,,0.6514,1.5482,2.3555,0.231058,1217.77,3359.18,0.315464,8.6882
일반남여_일반통합06_F_1524374974_25_수도권_실내_07812.wav,DAC,1.0,-1.0,0,0.0,-58.08,4.568,3.704,,0.3968,1.5669,2.163,0.231058,1217.77,3359.18,0.315464,8.6882
일반남여_일반통합06_F_1524374974_25_수도권_실내_07814.wav,NoAttack,0.1,0.8,1,0.8571,50.62,4.71,4.339,,0.9993,0.7141,1.2555,0.311452,1610.58,6072.36,0.350626,10.2796
일반남여_일반통합06_F_1524374974_25_수도권_실내_07814.wav,MP3_128kbps,0.1,0.8,1,0.8571,47.3,4.712,4.329,,0.9991,0.9091,1.4922,0.311452,1610.58,6072.36,0.350626,10.2796
일반남여_일반통합06_F_1524374974_25_수도권_실내_07814.wav,MP3_320kbps,1.0,-1.0,0,0.0,50.56,4.71,4.339,,0.9993,0.8987,1.4707,0.311452,1610.58,6072.36,0.350626,10.2796
일반남여_일반통합06_F_1524374974_25_수도권_실내_07814.wav,Resample_44100-16000RT,0.1,0.8,1,0.8571,50.47,4.709,4.339,,0.9993,0.7548,1.2451,0.311452,1610.58,6072.36,0.350626,10.2796
일반남여_일반통합06_F_1524374974_25_수도권_실내_07814.wav,Crop_10pct,0.175,0.65,1,0.619,50.5,4.707,4.293,,0.9993,0.697,1.184,0.311452,1610.58,6072.36,0.350626,10.2796
일반남여_일반통합06_F_1524374974_25_수도권_실내_07814.wav,TSM_1.1x,1.0,-1.0,0,0.0,,4.387,1.359,,,,,0.311452,1610.58,6072.36,0.350626,10.2796
일반남여_일반통합06_F_1524374974_25_수도권_실내_07814.wav,AWGN_30dB,1.0,-1.0,0,0.0,29.95,1.609,2.999,,0.9909,1.3536,2.2167,0.311452,1610.58,6072.36,0.350626,10.2796
일반남여_일반통합06_F_1524374974_25_수도권_실내_07814.wav,Limiter,0.1,0.8,1,0.8571,50.62,4.71,4.339,,0.9993,0.7141,1.2555,0.311452,1610.58,6072.36,0.350626,10.2796
일반남여_일반통합06_F_1524374974_25_수도권_실내_07814.wav,Opus_64kbps,0.1,0.8,1,0.7778,24.93,4.694,4.32,,0.9899,0.9553,1.5869,0.311452,1610.58,6072.36,0.350626,10.2796
일반남여_일반통합06_F_1524374974_25_수도권_실내_07814.wav,Opus_32kbps,1.0,-1.0,0,0.0,17.58,4.42,4.353,,0.9426,1.1518,1.9137,0.311452,1610.58,6072.36,0.350626,10.2796
일반남여_일반통합06_F_1524374974_25_수도권_실내_07814.wav,AAC_128kbps,1.0,-1.0,0,0.0,46.12,4.703,4.325,,0.9987,0.9234,1.5019,0.311452,1610.58,6072.36,0.350626,10.2796
일반남여_일반통합06_F_1524374974_25_수도권_실내_07814.wav,TelephoneFilter,0.575,-0.15,1,0.5714,-1.87,3.954,2.933,,0.5102,1.1476,1.7484,0.311452,1610.58,6072.36,0.350626,10.2796
일반남여_일반통합06_F_1524374974_25_수도권_실내_07814.wav,EnCodec_6kbps,1.0,-1.0,0,0.0,6.3,4.437,2.444,,0.642,1.5387,2.3283,0.311452,1610.58,6072.36,0.350626,10.2796
일반남여_일반통합06_F_1524374974_25_수도권_실내_07814.wav,DAC,1.0,-1.0,0,0.0,-24.64,4.554,3.861,,0.2637,1.5833,2.1395,0.311452,1610.58,6072.36,0.350626,10.2796
일반남여_일반통합06_F_1524374974_25_수도권_실내_07820.wav,NoAttack,0.0,1.0,1,0.873,50.53,4.697,4.199,,0.9989,0.8062,1.4218,0.250422,1399.28,2110.25,0.32483,9.6284
일반남여_일반통합06_F_1524374974_25_수도권_실내_07820.wav,MP3_128kbps,0.0,1.0,1,0.873,48.29,4.697,4.183,,0.9986,1.0289,1.7321,0.250422,1399.28,2110.25,0.32483,9.6284
일반남여_일반통합06_F_1524374974_25_수도권_실내_07820.wav,MP3_320kbps,0.0,1.0,1,0.8571,50.49,4.697,4.198,,0.9989,1.0193,1.7058,0.250422,1399.28,2110.25,0.32483,9.6284
일반남여_일반통합06_F_1524374974_25_수도권_실내_07820.wav,Resample_44100-16000RT,0.0,1.0,1,0.873,50.5,4.696,4.199,,0.9989,0.8428,1.3896,0.250422,1399.28,2110.25,0.32483,9.6284
일반남여_일반통합06_F_1524374974_25_수도권_실내_07820.wav,Crop_10pct,0.2,0.6,1,0.6032,50.7,4.703,4.244,,0.999,0.7646,1.3774,0.250422,1399.28,2110.25,0.32483,9.6284
일반남여_일반통합06_F_1524374974_25_수도권_실내_07820.wav,TSM_1.1x,0.55,-0.1,1,0.5556,,4.445,1.506,,,,,0.250422,1399.28,2110.25,0.32483,9.6284
일반남여_일반통합06_F_1524374974_25_수도권_실내_07820.wav,AWGN_30dB,1.0,-1.0,0,0.0,29.94,1.521,2.392,,0.9886,1.3851,2.2959,0.250422,1399.28,2110.25,0.32483,9.6284
일반남여_일반통합06_F_1524374974_25_수도권_실내_07820.wav,Limiter,0.0,1.0,1,0.873,50.53,4.697,4.199,,0.9989,0.8062,1.4218,0.250422,1399.28,2110.25,0.32483,9.6284
일반남여_일반통합06_F_1524374974_25_수도권_실내_07820.wav,Opus_64kbps,1.0,-1.0,0,0.0,28.44,4.692,4.192,,0.9912,1.0841,1.8157,0.250422,1399.28,2110.25,0.32483,9.6284
일반남여_일반통합06_F_1524374974_25_수도권_실내_07820.wav,Opus_32kbps,1.0,-1.0,0,0.0,21.99,4.533,4.269,,0.9661,1.2428,2.0708,0.250422,1399.28,2110.25,0.32483,9.6284
일반남여_일반통합06_F_1524374974_25_수도권_실내_07820.wav,AAC_128kbps,0.0,1.0,1,0.873,48.09,4.674,4.229,,0.9985,1.0507,1.7399,0.250422,1399.28,2110.25,0.32483,9.6284
일반남여_일반통합06_F_1524374974_25_수도권_실내_07820.wav,TelephoneFilter,0.4,0.2,1,0.5079,-4.72,4.144,3.197,,0.5371,1.2605,1.9234,0.250422,1399.28,2110.25,0.32483,9.6284
일반남여_일반통합06_F_1524374974_25_수도권_실내_07820.wav,EnCodec_6kbps,1.0,-1.0,0,0.0,8.39,4.51,2.363,,0.6911,1.534,2.2985,0.250422,1399.28,2110.25,0.32483,9.6284
일반남여_일반통합06_F_1524374974_25_수도권_실내_07820.wav,DAC,1.0,-1.0,0,0.0,-17.66,4.606,3.567,,0.353,1.557,2.101,0.250422,1399.28,2110.25,0.32483,9.6284
일반남여_일반통합06_F_1524374974_25_수도권_실내_07822.wav,NoAttack,0.0,1.0,1,0.9048,50.52,4.705,4.445,,0.9991,0.6905,1.2782,0.266937,1344.71,2756.25,0.307823,7.3951
일반남여_일반통합06_F_1524374974_25_수도권_실내_07822.wav,MP3_128kbps,0.0,1.0,1,0.9048,49.17,4.706,4.438,,0.9989,0.9302,1.5712,0.266937,1344.71,2756.25,0.307823,7.3951
일반남여_일반통합06_F_1524374974_25_수도권_실내_07822.wav,MP3_320kbps,0.0,1.0,1,0.9048,50.49,4.705,4.444,,0.999,0.9216,1.5557,0.266937,1344.71,2756.25,0.307823,7.3951
일반남여_일반통합06_F_1524374974_25_수도권_실내_07822.wav,Resample_44100-16000RT,0.0,1.0,1,0.9048,50.47,4.702,4.445,,0.999,0.7612,1.3142,0.266937,1344.71,2756.25,0.307823,7.3951
일반남여_일반통합06_F_1524374974_25_수도권_실내_07822.wav,Crop_10pct,0.0,1.0,1,0.9048,50.55,4.7,4.453,,0.9991,0.6866,1.3223,0.266937,1344.71,2756.25,0.307823,7.3951
일반남여_일반통합06_F_1524374974_25_수도권_실내_07822.wav,TSM_1.1x,1.0,-1.0,0,0.0,,4.425,1.352,,,,,0.266937,1344.71,2756.25,0.307823,7.3951
일반남여_일반통합06_F_1524374974_25_수도권_실내_07822.wav,AWGN_30dB,1.0,-1.0,0,0.0,29.97,1.996,2.435,,0.9895,1.3787,2.2725,0.266937,1344.71,2756.25,0.307823,7.3951
일반남여_일반통합06_F_1524374974_25_수도권_실내_07822.wav,Limiter,0.0,1.0,1,0.9048,50.52,4.705,4.445,,0.9991,0.6905,1.2782,0.266937,1344.71,2756.25,0.307823,7.3951
일반남여_일반통합06_F_1524374974_25_수도권_실내_07822.wav,Opus_64kbps,0.025,0.95,1,0.8571,27.36,4.698,4.384,,0.9895,0.9759,1.673,0.266937,1344.71,2756.25,0.307823,7.3951
일반남여_일반통합06_F_1524374974_25_수도권_실내_07822.wav,Opus_32kbps,0.425,0.15,1,0.619,21.24,4.489,4.335,,0.959,1.1868,1.9812,0.266937,1344.71,2756.25,0.307823,7.3951
일반남여_일반통합06_F_1524374974_25_수도권_실내_07822.wav,AAC_128kbps,0.0,1.0,1,0.8889,48.27,4.702,4.422,,0.9986,0.9396,1.5834,0.266937,1344.71,2756.25,0.307823,7.3951
일반남여_일반통합06_F_1524374974_25_수도권_실내_07822.wav,TelephoneFilter,1.0,-1.0,0,0.0,-4.06,4.025,2.804,,0.5243,1.1652,1.82,0.266937,1344.71,2756.25,0.307823,7.3951
일반남여_일반통합06_F_1524374974_25_수도권_실내_07822.wav,EnCodec_6kbps,1.0,-1.0,0,0.0,8.87,4.472,2.242,,0.6778,1.5368,2.3503,0.266937,1344.71,2756.25,0.307823,7.3951
일반남여_일반통합06_F_1524374974_25_수도권_실내_07822.wav,DAC,1.0,-1.0,0,0.0,-23.48,4.585,3.654,,0.3643,1.5812,2.1806,0.266937,1344.71,2756.25,0.307823,7.3951
일반남여_일반통합06_F_1524374974_25_수도권_실내_07826.wav,NoAttack,0.0,1.0,1,0.9048,51.15,4.69,4.376,,0.999,0.8513,1.4031,0.353189,1653.51,1550.39,0.440767,9.2449
일반남여_일반통합06_F_1524374974_25_수도권_실내_07826.wav,MP3_128kbps,0.0,1.0,1,0.9048,48.59,4.693,4.364,,0.9987,1.0255,1.6895,0.353189,1653.51,1550.39,0.440767,9.2449
일반남여_일반통합06_F_1524374974_25_수도권_실내_07826.wav,MP3_320kbps,0.0,1.0,1,0.9048,51.09,4.69,4.37,,0.9989,1.0183,1.6729,0.353189,1653.51,1550.39,0.440767,9.2449
일반남여_일반통합06_F_1524374974_25_수도권_실내_07826.wav,Resample_44100-16000RT,0.0,1.0,1,0.9048,51.14,4.687,4.376,,0.999,0.9025,1.4059,0.353189,1653.51,1550.39,0.440767,9.2449
일반남여_일반통합06_F_1524374974_25_수도권_실내_07826.wav,Crop_10pct,0.15,0.7,1,0.6825,51.13,4.693,4.311,,0.999,0.8357,1.3284,0.353189,1653.51,1550.39,0.440767,9.2449
일반남여_일반통합06_F_1524374974_25_수도권_실내_07826.wav,TSM_1.1x,1.0,-1.0,0,0.0,,4.466,1.333,,,,,0.353189,1653.51,1550.39,0.440767,9.2449
일반남여_일반통합06_F_1524374974_25_수도권_실내_07826.wav,AWGN_30dB,1.0,-1.0,0,0.0,29.98,1.461,2.588,,0.987,1.4062,2.3271,0.353189,1653.51,1550.39,0.440767,9.2449
일반남여_일반통합06_F_1524374974_25_수도권_실내_07826.wav,Limiter,0.0,1.0,1,0.9048,51.15,4.69,4.376,,0.999,0.8513,1.4031,0.353189,1653.51,1550.39,0.440767,9.2449
일반남여_일반통합06_F_1524374974_25_수도권_실내_07826.wav,Opus_64kbps,0.425,0.15,1,0.8095,29.4,4.685,4.311,,0.9917,1.0815,1.7876,0.353189,1653.51,1550.39,0.440767,9.2449
일반남여_일반통합06_F_1524374974_25_수도권_실내_07826.wav,Opus_32kbps,0.575,-0.15,1,0.6508,23.24,4.509,4.37,,0.9714,1.2146,2.0261,0.353189,1653.51,1550.39,0.440767,9.2449
일반남여_일반통합06_F_1524374974_25_수도권_실내_07826.wav,AAC_128kbps,0.0,1.0,1,0.9048,49.51,4.686,4.373,,0.9986,1.0413,1.6967,0.353189,1653.51,1550.39,0.440767,9.2449
일반남여_일반통합06_F_1524374974_25_수도권_실내_07826.wav,TelephoneFilter,0.5,0.0,1,0.6032,-8.39,4.189,3.582,,0.5133,1.1723,1.7117,0.353189,1653.51,1550.39,0.440767,9.2449
일반남여_일반통합06_F_1524374974_25_수도권_실내_07826.wav,EnCodec_6kbps,1.0,-1.0,0,0.0,10.26,4.407,2.536,,0.743,1.548,2.3835,0.353189,1653.51,1550.39,0.440767,9.2449
일반남여_일반통합06_F_1524374974_25_수도권_실내_07826.wav,DAC,1.0,-1.0,0,0.0,-10.33,4.602,4.027,,0.4093,1.5502,2.192,0.353189,1653.51,1550.39,0.440767,9.2449
일반남여_일반통합06_F_1524374974_25_수도권_실내_07834.wav,NoAttack,0.025,0.95,1,0.8889,50.45,4.698,4.499,,0.9993,0.6699,1.2473,0.2876,1335.75,4306.64,0.315331,8.0369
일반남여_일반통합06_F_1524374974_25_수도권_실내_07834.wav,MP3_128kbps,0.025,0.95,1,0.9048,48.62,4.699,4.495,,0.999,0.9103,1.5337,0.2876,1335.75,4306.64,0.315331,8.0369
일반남여_일반통합06_F_1524374974_25_수도권_실내_07834.wav,MP3_320kbps,0.025,0.95,1,0.9048,50.39,4.698,4.5,,0.9992,0.9018,1.5234,0.2876,1335.75,4306.64,0.315331,8.0369
일반남여_일반통합06_F_1524374974_25_수도권_실내_07834.wav,Resample_44100-16000RT,0.025,0.95,1,0.8889,50.37,4.697,4.499,,0.9993,0.7301,1.2631,0.2876,1335.75,4306.64,0.315331,8.0369
일반남여_일반통합06_F_1524374974_25_수도권_실내_07834.wav,Crop_10pct,0.0,1.0,1,0.8571,50.45,4.693,4.534,,0.9992,0.7603,1.3991,0.2876,1335.75,4306.64,0.315331,8.0369
일반남여_일반통합06_F_1524374974_25_수도권_실내_07834.wav,TSM_1.1x,1.0,-1.0,0,0.0,,4.391,1.321,,,,,0.2876,1335.75,4306.64,0.315331,8.0369
일반남여_일반통합06_F_1524374974_25_수도권_실내_07834.wav,AWGN_30dB,0.5,0.0,1,0.5714,29.97,1.584,2.6,,0.99,1.3601,2.242,0.2876,1335.75,4306.64,0.315331,8.0369
일반남여_일반통합06_F_1524374974_25_수도권_실내_07834.wav,Limiter,0.025,0.95,1,0.8889,50.45,4.698,4.499,,0.9993,0.6699,1.2473,0.2876,1335.75,4306.64,0.315331,8.0369
일반남여_일반통합06_F_1524374974_25_수도권_실내_07834.wav,Opus_64kbps,1.0,-1.0,0,0.0,26.72,4.693,4.426,,0.9896,0.9566,1.6326,0.2876,1335.75,4306.64,0.315331,8.0369
일반남여_일반통합06_F_1524374974_25_수도권_실내_07834.wav,Opus_32kbps,1.0,-1.0,0,0.0,19.14,4.386,4.165,,0.9488,1.1348,1.9021,0.2876,1335.75,4306.64,0.315331,8.0369
일반남여_일반통합06_F_1524374974_25_수도권_실내_07834.wav,AAC_128kbps,0.0,1.0,1,0.8889,47.78,4.692,4.499,,0.9989,0.9135,1.5316,0.2876,1335.75,4306.64,0.315331,8.0369
일반남여_일반통합06_F_1524374974_25_수도권_실내_07834.wav,TelephoneFilter,1.0,-1.0,0,0.0,-3.67,3.973,2.772,,0.5024,1.1562,1.7736,0.2876,1335.75,4306.64,0.315331,8.0369
일반남여_일반통합06_F_1524374974_25_수도권_실내_07834.wav,EnCodec_6kbps,1.0,-1.0,0,0.0,6.57,4.48,2.141,,0.6127,1.5454,2.3398,0.2876,1335.75,4306.64,0.315331,8.0369
일반남여_일반통합06_F_1524374974_25_수도권_실내_07834.wav,DAC,0.55,-0.1,1,0.5556,-19.95,4.559,3.548,,0.42,1.5765,2.1498,0.2876,1335.75,4306.64,0.315331,8.0369
일반남여_일반통합06_F_1524374974_25_수도권_실내_07836.wav,NoAttack,0.1,0.8,1,0.8571,51.44,4.706,4.323,,0.9994,0.719,1.2022,0.373639,1753.52,2928.52,0.419263,8.0914
일반남여_일반통합06_F_1524374974_25_수도권_실내_07836.wav,MP3_128kbps,0.125,0.75,1,0.8333,48.78,4.707,4.307,,0.9992,0.8923,1.46,0.373639,1753.52,2928.52,0.419263,8.0914
일반남여_일반통합06_F_1524374974_25_수도권_실내_07836.wav,MP3_320kbps,0.1,0.8,1,0.8571,51.36,4.707,4.322,,0.9993,0.8863,1.456,0.373639,1753.52,2928.52,0.419263,8.0914
일반남여_일반통합06_F_1524374974_25_수도권_실내_07836.wav,Resample_44100-16000RT,0.1,0.8,1,0.8571,51.37,4.705,4.323,,0.9994,0.8054,1.245,0.373639,1753.52,2928.52,0.419263,8.0914
일반남여_일반통합06_F_1524374974_25_수도권_실내_07836.wav,Crop_10pct,1.0,-1.0,0,0.0,51.85,4.721,4.441,,0.9995,0.6733,1.1506,0.373639,1753.52,2928.52,0.419263,8.0914
일반남여_일반통합06_F_1524374974_25_수도권_실내_07836.wav,TSM_1.1x,0.625,-0.25,1,0.6667,,4.449,1.635,,,,,0.373639,1753.52,2928.52,0.419263,8.0914
일반남여_일반통합06_F_1524374974_25_수도권_실내_07836.wav,AWGN_30dB,1.0,-1.0,0,0.0,29.95,1.597,2.995,,0.9921,1.363,2.2239,0.373639,1753.52,2928.52,0.419263,8.0914
일반남여_일반통합06_F_1524374974_25_수도권_실내_07836.wav,Limiter,0.1,0.8,1,0.8571,51.44,4.706,4.323,,0.9994,0.719,1.2022,0.373639,1753.52,2928.52,0.419263,8.0914
일반남여_일반통합06_F_1524374974_25_수도권_실내_07836.wav,Opus_64kbps,0.175,0.65,1,0.7857,26.51,4.701,4.277,,0.9915,0.9386,1.5502,0.373639,1753.52,2928.52,0.419263,8.0914
일반남여_일반통합06_F_1524374974_25_수도권_실내_07836.wav,Opus_32kbps,0.55,-0.1,1,0.6429,18.82,4.313,4.352,,0.9532,1.1177,1.8603,0.373639,1753.52,2928.52,0.419263,8.0914
일반남여_일반통합06_F_1524374974_25_수도권_실내_07836.wav,AAC_128kbps,1.0,-1.0,0,0.0,47.44,4.677,4.302,,0.9991,0.8996,1.4689,0.373639,1753.52,2928.52,0.419263,8.0914
일반남여_일반통합06_F_1524374974_25_수도권_실내_07836.wav,TelephoneFilter,1.0,-1.0,0,0.0,-1.08,3.997,3.349,,0.543,1.1034,1.6387,0.373639,1753.52,2928.52,0.419263,8.0914
일반남여_일반통합06_F_1524374974_25_수도권_실내_07836.wav,EnCodec_6kbps,1.0,-1.0,0,0.0,6.78,4.388,2.447,,0.6513,1.5365,2.3247,0.373639,1753.52,2928.52,0.419263,8.0914
일반남여_일반통합06_F_1524374974_25_수도권_실내_07836.wav,DAC,0.625,-0.25,1,0.6429,-15.13,4.553,3.814,,0.2408,1.5794,2.1618,0.373639,1753.52,2928.52,0.419263,8.0914
일반남여_일반통합06_F_1524374974_25_수도권_실내_07838.wav,NoAttack,0.0,1.0,1,0.8571,50.79,4.712,4.5,,0.9989,0.6674,1.2391,0.294377,1199.62,5211.04,0.350626,11.8851
일반남여_일반통합06_F_1524374974_25_수도권_실내_07838.wav,MP3_128kbps,0.0,1.0,1,0.8571,48.11,4.712,4.49,,0.9985,0.8819,1.5001,0.294377,1199.62,5211.04,0.350626,11.8851
일반남여_일반통합06_F_1524374974_25_수도권_실내_07838.wav,MP3_320kbps,0.0,1.0,1,0.8571,50.71,4.712,4.497,,0.9988,0.8699,1.4831,0.294377,1199.62,5211.04,0.350626,11.8851
일반남여_일반통합06_F_1524374974_25_수도권_실내_07838.wav,Resample_44100-16000RT,0.0,1.0,1,0.8571,50.67,4.711,4.5,,0.9989,0.724,1.2518,0.294377,1199.62,5211.04,0.350626,11.8851
일반남여_일반통합06_F_1524374974_25_수도권_실내_07838.wav,Crop_10pct,1.0,-1.0,0,0.0,50.68,4.713,4.537,,0.9988,0.6522,1.1777,0.294377,1199.62,5211.04,0.350626,11.8851
일반남여_일반통합06_F_1524374974_25_수도권_실내_07838.wav,TSM_1.1x,1.0,-1.0,0,0.0,,4.365,1.25,,,,,0.294377,1199.62,5211.04,0.350626,11.8851
일반남여_일반통합06_F_1524374974_25_수도권_실내_07838.wav,AWGN_30dB,1.0,-1.0,0,0.0,29.97,1.556,2.422,,0.988,1.4052,2.3118,0.294377,1199.62,5211.04,0.350626,11.8851
일반남여_일반통합06_F_1524374974_25_수도권_실내_07838.wav,Limiter,0.0,1.0,1,0.8571,50.79,4.712,4.5,,0.9989,0.6674,1.2391,0.294377,1199.62,5211.04,0.350626,11.8851
일반남여_일반통합06_F_1524374974_25_수도권_실내_07838.wav,Opus_64kbps,0.05,0.9,1,0.7937,27.19,4.704,4.453,,0.9891,0.9249,1.5914,0.294377,1199.62,5211.04,0.350626,11.8851
일반남여_일반통합06_F_1524374974_25_수도권_실내_07838.wav,Opus_32kbps,1.0,-1.0,0,0.0,18.45,4.524,4.396,,0.9457,1.1023,1.8462,0.294377,1199.62,5211.04,0.350626,11.8851
일반남여_일반통합06_F_1524374974_25_수도권_실내_07838.wav,AAC_128kbps,0.0,1.0,1,0.8571,46.23,4.639,4.485,,0.9984,0.8889,1.5107,0.294377,1199.62,5211.04,0.350626,11.8851
일반남여_일반통합06_F_1524374974_25_수도권_실내_07838.wav,TelephoneFilter,0.625,-0.25,1,0.6349,-2.61,4.024,2.814,,0.438,1.0973,1.715,0.294377,1199.62,5211.04,0.350626,11.8851
일반남여_일반통합06_F_1524374974_25_수도권_실내_07838.wav,EnCodec_6kbps,1.0,-1.0,0,0.0,5.98,4.445,2.277,,0.5762,1.5438,2.3519,0.294377,1199.62,5211.04,0.350626,11.8851
일반남여_일반통합06_F_1524374974_25_수도권_실내_07838.wav,DAC,1.0,-1.0,0,0.0,-26.38,4.562,3.687,,0.3954,1.5644,2.1791,0.294377,1199.62,5211.04,0.350626,11.8851
일반남여_일반통합06_F_1524374974_25_수도권_실내_07840.wav,NoAttack,1.0,-1.0,0,0.0,51.05,4.719,4.352,,0.9992,0.6234,1.1194,0.393581,993.53,2583.98,0.412698,5.3878
일반남여_일반통합06_F_1524374974_25_수도권_실내_07840.wav,MP3_128kbps,1.0,-1.0,0,0.0,49.23,4.719,4.349,,0.999,0.82,1.3765,0.393581,993.53,2583.98,0.412698,5.3878
일반남여_일반통합06_F_1524374974_25_수도권_실내_07840.wav,MP3_320kbps,1.0,-1.0,0,0.0,51.01,4.719,4.356,,0.9992,0.8158,1.3597,0.393581,993.53,2583.98,0.412698,5.3878
일반남여_일반통합06_F_1524374974_25_수도권_실내_07840.wav,Resample_44100-16000RT,1.0,-1.0,0,0.0,51.03,4.718,4.352,,0.9992,0.7297,1.198,0.393581,993.53,2583.98,0.412698,5.3878
일반남여_일반통합06_F_1524374974_25_수도권_실내_07840.wav,Crop_10pct,1.0,-1.0,0,0.0,51.2,4.719,4.344,,0.9992,0.5922,1.1255,0.393581,993.53,2583.98,0.412698,5.3878
일반남여_일반통합06_F_1524374974_25_수도권_실내_07840.wav,TSM_1.1x,1.0,-1.0,0,0.0,,4.316,1.358,,,,,0.393581,993.53,2583.98,0.412698,5.3878
일반남여_일반통합06_F_1524374974_25_수도권_실내_07840.wav,AWGN_30dB,1.0,-1.0,0,0.0,29.97,1.514,2.784,,0.9891,1.3938,2.2662,0.393581,993.53,2583.98,0.412698,5.3878
일반남여_일반통합06_F_1524374974_25_수도권_실내_07840.wav,Limiter,1.0,-1.0,0,0.0,51.05,4.719,4.352,,0.9992,0.6234,1.1194,0.393581,993.53,2583.98,0.412698,5.3878
일반남여_일반통합06_F_1524374974_25_수도권_실내_07840.wav,Opus_64kbps,1.0,-1.0,0,0.0,29.6,4.707,4.264,,0.9916,0.8689,1.4704,0.393581,993.53,2583.98,0.412698,5.3878
일반남여_일반통합06_F_1524374974_25_수도권_실내_07840.wav,Opus_32kbps,0.375,0.25,1,0.7381,22.75,4.494,4.146,,0.9625,1.1167,1.8514,0.393581,993.53,2583.98,0.412698,5.3878
일반남여_일반통합06_F_1524374974_25_수도권_실내_07840.wav,AAC_128kbps,0.125,0.75,1,0.8095,48.65,4.715,4.36,,0.9988,0.8258,1.3777,0.393581,993.53,2583.98,0.412698,5.3878
일반남여_일반통합06_F_1524374974_25_수도권_실내_07840.wav,TelephoneFilter,1.0,-1.0,0,0.0,-9.74,3.96,3.003,,0.5062,1.0288,1.5585,0.393581,993.53,2583.98,0.412698,5.3878
일반남여_일반통합06_F_1524374974_25_수도권_실내_07840.wav,EnCodec_6kbps,1.0,-1.0,0,0.0,9.78,4.448,2.201,,0.6927,1.5367,2.3342,0.393581,993.53,2583.98,0.412698,5.3878
일반남여_일반통합06_F_1524374974_25_수도권_실내_07840.wav,DAC,1.0,-1.0,0,0.0,-8.63,4.566,3.564,,0.4406,1.5502,2.1888,0.393581,993.53,2583.98,0.412698,5.3878
일반남여_일반통합06_F_1524374974_25_수도권_실내_07843.wav,NoAttack,0.25,0.5,1,0.7857,51.01,4.714,4.381,,0.9991,0.6489,1.1595,0.381062,978.95,1550.39,0.412178,8.7247
일반남여_일반통합06_F_1524374974_25_수도권_실내_07843.wav,MP3_128kbps,0.25,0.5,1,0.7619,46.55,4.715,4.369,,0.9987,0.8325,1.3942,0.381062,978.95,1550.39,0.412178,8.7247
일반남여_일반통합06_F_1524374974_25_수도권_실내_07843.wav,MP3_320kbps,0.25,0.5,1,0.7857,50.94,4.714,4.382,,0.999,0.824,1.3752,0.381062,978.95,1550.39,0.412178,8.7247
일반남여_일반통합06_F_1524374974_25_수도권_실내_07843.wav,Resample_44100-16000RT,0.25,0.5,1,0.7857,51.0,4.713,4.381,,0.9991,0.7732,1.2535,0.381062,978.95,1550.39,0.412178,8.7247
일반남여_일반통합06_F_1524374974_25_수도권_실내_07843.wav,Crop_10pct,0.3,0.4,1,0.7381,51.43,4.713,4.365,,0.9991,0.6331,1.0882,0.381062,978.95,1550.39,0.412178,8.7247
일반남여_일반통합06_F_1524374974_25_수도권_실내_07843.wav,TSM_1.1x,0.5,0.0,1,0.6905,,4.462,1.459,,,,,0.381062,978.95,1550.39,0.412178,8.7247
일반남여_일반통합06_F_1524374974_25_수도권_실내_07843.wav,AWGN_30dB,1.0,-1.0,0,0.0,30.01,1.518,2.525,,0.989,1.4036,2.2892,0.381062,978.95,1550.39,0.412178,8.7247
일반남여_일반통합06_F_1524374974_25_수도권_실내_07843.wav,Limiter,0.25,0.5,1,0.7857,51.01,4.714,4.381,,0.9991,0.6489,1.1595,0.381062,978.95,1550.39,0.412178,8.7247
일반남여_일반통합06_F_1524374974_25_수도권_실내_07843.wav,Opus_64kbps,0.525,-0.05,1,0.6429,28.0,4.703,4.347,,0.9918,0.8886,1.5068,0.381062,978.95,1550.39,0.412178,8.7247
일반남여_일반통합06_F_1524374974_25_수도권_실내_07843.wav,Opus_32kbps,1.0,-1.0,0,0.0,22.06,4.505,4.306,,0.9704,1.0788,1.809,0.381062,978.95,1550.39,0.412178,8.7247
일반남여_일반통합06_F_1524374974_25_수도권_실내_07843.wav,AAC_128kbps,0.275,0.45,1,0.7857,49.25,4.688,4.378,,0.9988,0.8407,1.3963,0.381062,978.95,1550.39,0.412178,8.7247
일반남여_일반통합06_F_1524374974_25_수도권_실내_07843.wav,TelephoneFilter,1.0,-1.0,0,0.0,-1.92,4.177,3.766,,0.5826,1.0427,1.5877,0.381062,978.95,1550.39,0.412178,8.7247
일반남여_일반통합06_F_1524374974_25_수도권_실내_07843.wav,EnCodec_6kbps,1.0,-1.0,0,0.0,8.81,4.445,2.297,,0.7136,1.5445,2.3488,0.381062,978.95,1550.39,0.412178,8.7247
일반남여_일반통합06_F_1524374974_25_수도권_실내_07843.wav,DAC,0.575,-0.15,1,0.5952,-26.86,4.639,3.654,,0.407,1.5605,2.1855,0.381062,978.95,1550.39,0.412178,8.7247
일반남여_일반통합06_F_1524374974_25_수도권_실내_07845.wav,NoAttack,0.025,0.95,1,0.8095,50.78,4.711,4.419,,0.9991,0.6549,1.2122,0.341753,1100.68,1851.86,0.362264,6.4236
일반남여_일반통합06_F_1524374974_25_수도권_실내_07845.wav,MP3_128kbps,0.025,0.95,1,0.7778,47.64,4.711,4.412,,0.9988,0.8612,1.4595,0.341753,1100.68,1851.86,0.362264,6.4236
일반남여_일반통합06_F_1524374974_25_수도권_실내_07845.wav,MP3_320kbps,0.025,0.95,1,0.7937,50.74,4.711,4.416,,0.9991,0.8526,1.4374,0.341753,1100.68,1851.86,0.362264,6.4236
일반남여_일반통합06_F_1524374974_25_수도권_실내_07845.wav,Resample_44100-16000RT,0.025,0.95,1,0.8095,50.78,4.711,4.419,,0.9991,0.7152,1.2471,0.341753,1100.68,1851.86,0.362264,6.4236
일반남여_일반통합06_F_1524374974_25_수도권_실내_07845.wav,Crop_10pct,1.0,-1.0,0,0.0,50.91,4.718,4.556,,0.9991,0.6196,1.1314,0.341753,1100.68,1851.86,0.362264,6.4236
일반남여_일반통합06_F_1524374974_25_수도권_실내_07845.wav,TSM_1.1x,1.0,-1.0,0,0.0,,4.31,1.532,,,,,0.341753,1100.68,1851.86,0.362264,6.4236
일반남여_일반통합06_F_1524374974_25_수도권_실내_07845.wav,AWGN_30dB,1.0,-1.0,0,0.0,29.94,1.494,2.603,,0.9888,1.3897,2.2885,0.341753,1100.68,1851.86,0.362264,6.4236
일반남여_일반통합06_F_1524374974_25_수도권_실내_07845.wav,Limiter,0.025,0.95,1,0.8095,50.78,4.711,4.419,,0.9991,0.6549,1.2122,0.341753,1100.68,1851.86,0.362264,6.4236
일반남여_일반통합06_F_1524374974_25_수도권_실내_07845.wav,Opus_64kbps,0.025,0.95,1,0.7302,28.5,4.7,4.378,,0.9915,0.9058,1.5453,0.341753,1100.68,1851.86,0.362264,6.4236
일반남여_일반통합06_F_1524374974_25_수도권_실내_07845.wav,Opus_32kbps,0.425,0.15,1,0.5873,22.84,4.514,4.372,,0.9698,1.1534,1.9231,0.341753,1100.68,1851.86,0.362264,6.4236
일반남여_일반통합06_F_1524374974_25_수도권_실내_07845.wav,AAC_128kbps,0.025,0.95,1,0.7937,48.57,4.707,4.421,,0.9986,0.865,1.4621,0.341753,1100.68,1851.86,0.362264,6.4236
일반남여_일반통합06_F_1524374974_25_수도권_실내_07845.wav,TelephoneFilter,1.0,-1.0,0,0.0,-4.16,4.097,3.51,,0.536,1.0564,1.6449,0.341753,1100.68,1851.86,0.362264,6.4236
일반남여_일반통합06_F_1524374974_25_수도권_실내_07845.wav,EnCodec_6kbps,1.0,-1.0,0,0.0,9.34,4.428,2.17,,0.704,1.5444,2.363,0.341753,1100.68,1851.86,0.362264,6.4236
일반남여_일반통합06_F_1524374974_25_수도권_실내_07845.wav,DAC,1.0,-1.0,0,0.0,-25.3,4.596,3.647,,0.4064,1.5593,2.2216,0.341753,1100.68,1851.86,0.362264,6.4236
일반남여_일반통합06_F_1524374974_25_수도권_실내_07847.wav,NoAttack,0.225,0.55,1,0.7143,51.58,4.717,4.384,,0.9994,0.7462,1.1907,0.445724,1259.98,1679.59,0.501305,9.2831
일반남여_일반통합06_F_1524374974_25_수도권_실내_07847.wav,MP3_128kbps,0.15,0.7,1,0.7619,45.96,4.717,4.367,,0.9988,0.81,1.3193,0.445724,1259.98,1679.59,0.501305,9.2831
일반남여_일반통합06_F_1524374974_25_수도권_실내_07847.wav,MP3_320kbps,0.2,0.6,1,0.7619,51.5,4.717,4.382,,0.9994,0.7991,1.2964,0.445724,1259.98,1679.59,0.501305,9.2831
일반남여_일반통합06_F_1524374974_25_수도권_실내_07847.wav,Resample_44100-16000RT,0.225,0.55,1,0.7143,51.55,4.717,4.384,,0.9994,0.9098,1.3233,0.445724,1259.98,1679.59,0.501305,9.2831
일반남여_일반통합06_F_1524374974_25_수도권_실내_07847.wav,Crop_10pct,1.0,-1.0,0,0.0,51.94,4.714,4.295,,0.9994,0.7345,1.1303,0.445724,1259.98,1679.59,0.501305,9.2831
일반남여_일반통합06_F_1524374974_25_수도권_실내_07847.wav,TSM_1.1x,0.375,0.25,1,0.6905,,4.496,1.444,,,,,0.445724,1259.98,1679.59,0.501305,9.2831
일반남여_일반통합06_F_1524374974_25_수도권_실내_07847.wav,AWGN_30dB,1.0,-1.0,0,0.0,29.99,1.528,2.965,,0.9906,1.3908,2.2461,0.445724,1259.98,1679.59,0.501305,9.2831
일반남여_일반통합06_F_1524374974_25_수도권_실내_07847.wav,Limiter,0.225,0.55,1,0.7143,51.58,4.717,4.384,,0.9994,0.7462,1.1907,0.445724,1259.98,1679.59,0.501305,9.2831
일반남여_일반통합06_F_1524374974_25_수도권_실내_07847.wav,Opus_64kbps,1.0,-1.0,0,0.0,28.14,4.705,4.306,,0.992,0.8528,1.3995,0.445724,1259.98,1679.59,0.501305,9.2831
일반남여_일반통합06_F_1524374974_25_수도권_실내_07847.wav,Opus_32kbps,1.0,-1.0,0,0.0,21.49,4.513,4.334,,0.9649,1.1709,1.9246,0.445724,1259.98,1679.59,0.501305,9.2831
일반남여_일반통합06_F_1524374974_25_수도권_실내_07847.wav,AAC_128kbps,0.2,0.6,1,0.7619,47.27,4.713,4.373,,0.9989,0.8205,1.3254,0.445724,1259.98,1679.59,0.501305,9.2831
일반남여_일반통합06_F_1524374974_25_수도권_실내_07847.wav,TelephoneFilter,1.0,-1.0,0,0.0,-3.63,4.208,3.792,,0.5477,0.9694,1.4384,0.445724,1259.98,1679.59,0.501305,9.2831
일반남여_일반통합06_F_1524374974_25_수도권_실내_07847.wav,EnCodec_6kbps,1.0,-1.0,0,0.0,7.69,4.495,2.845,,0.6828,1.5511,2.358,0.445724,1259.98,1679.59,0.501305,9.2831
일반남여_일반통합06_F_1524374974_25_수도권_실내_07847.wav,DAC,1.0,-1.0,0,0.0,-22.84,4.638,3.989,,0.2352,1.5616,2.1952,0.445724,1259.98,1679.59,0.501305,9.2831
일반남여_일반통합06_F_1524374974_25_수도권_실내_07849.wav,NoAttack,0.175,0.65,1,0.8095,51.09,4.714,4.28,,0.999,0.6312,1.085,0.41596,1300.07,1593.46,0.450425,10.9116
일반남여_일반통합06_F_1524374974_25_수도권_실내_07849.wav,MP3_128kbps,0.125,0.75,1,0.8333,49.03,4.714,4.264,,0.9986,0.8634,1.4231,0.41596,1300.07,1593.46,0.450425,10.9116
일반남여_일반통합06_F_1524374974_25_수도권_실내_07849.wav,MP3_320kbps,0.075,0.85,1,0.8571,50.92,4.714,4.282,,0.9989,0.8523,1.4042,0.41596,1300.07,1593.46,0.450425,10.9116
일반남여_일반통합06_F_1524374974_25_수도권_실내_07849.wav,Resample_44100-16000RT,0.175,0.65,1,0.8095,51.07,4.713,4.28,,0.999,0.7096,1.1362,0.41596,1300.07,1593.46,0.450425,10.9116
일반남여_일반통합06_F_1524374974_25_수도권_실내_07849.wav,Crop_10pct,0.25,0.5,1,1.0,51.37,4.724,4.348,,0.999,0.5894,1.0201,0.41596,1300.07,1593.46,0.450425,10.9116
일반남여_일반통합06_F_1524374974_25_수도권_실내_07849.wav,TSM_1.1x,1.0,-1.0,0,0.0,,4.494,1.563,,,,,0.41596,1300.07,1593.46,0.450425,10.9116
일반남여_일반통합06_F_1524374974_25_수도권_실내_07849.wav,AWGN_30dB,0.675,-0.35,1,0.5476,29.96,1.587,2.69,,0.9871,1.417,2.2883,0.41596,1300.07,1593.46,0.450425,10.9116
일반남여_일반통합06_F_1524374974_25_수도권_실내_07849.wav,Limiter,0.175,0.65,1,0.8095,51.09,4.714,4.28,,0.999,0.6312,1.085,0.41596,1300.07,1593.46,0.450425,10.9116
일반남여_일반통합06_F_1524374974_25_수도권_실내_07849.wav,Opus_64kbps,0.1,0.8,1,0.8333,26.83,4.703,4.2,,0.9898,0.9036,1.4992,0.41596,1300.07,1593.46,0.450425,10.9116
일반남여_일반통합06_F_1524374974_25_수도권_실내_07849.wav,Opus_32kbps,1.0,-1.0,0,0.0,21.67,4.485,4.305,,0.966,1.0734,1.7754,0.41596,1300.07,1593.46,0.450425,10.9116
일반남여_일반통합06_F_1524374974_25_수도권_실내_07849.wav,AAC_128kbps,0.125,0.75,1,0.8333,47.09,4.685,4.155,,0.9983,0.8672,1.4199,0.41596,1300.07,1593.46,0.450425,10.9116
일반남여_일반통합06_F_1524374974_25_수도권_실내_07849.wav,TelephoneFilter,1.0,-1.0,0,0.0,0.26,4.177,3.484,,0.5929,1.0066,1.5164,0.41596,1300.07,1593.46,0.450425,10.9116
일반남여_일반통합06_F_1524374974_25_수도권_실내_07849.wav,EnCodec_6kbps,1.0,-1.0,0,0.0,8.04,4.553,2.477,,0.6913,1.5455,2.3091,0.41596,1300.07,1593.46,0.450425,10.9116
일반남여_일반통합06_F_1524374974_25_수도권_실내_07849.wav,DAC,1.0,-1.0,0,0.0,-17.39,4.569,3.961,,0.3316,1.5818,2.1448,0.41596,1300.07,1593.46,0.450425,10.9116
일반남여_일반통합06_F_1524374974_25_수도권_실내_07851.wav,NoAttack,0.1,0.8,1,0.8571,50.55,4.696,4.227,,0.999,0.763,1.3146,0.282506,1589.23,4737.3,0.369615,11.8024
일반남여_일반통합06_F_1524374974_25_수도권_실내_07851.wav,MP3_128kbps,0.1,0.8,1,0.8571,46.82,4.698,4.203,,0.9988,0.998,1.6592,0.282506,1589.23,4737.3,0.369615,11.8024
일반남여_일반통합06_F_1524374974_25_수도권_실내_07851.wav,MP3_320kbps,0.1,0.8,1,0.8571,50.47,4.697,4.214,,0.999,0.9857,1.644,0.282506,1589.23,4737.3,0.369615,11.8024
일반남여_일반통합06_F_1524374974_25_수도권_실내_07851.wav,Resample_44100-16000RT,0.1,0.8,1,0.8571,50.51,4.694,4.228,,0.999,0.8256,1.3149,0.282506,1589.23,4737.3,0.369615,11.8024
일반남여_일반통합06_F_1524374974_25_수도권_실내_07851.wav,Crop_10pct,1.0,-1.0,0,0.0,50.58,4.7,4.235,,0.9991,0.7978,1.4036,0.282506,1589.23,4737.3,0.369615,11.8024
일반남여_일반통합06_F_1524374974_25_수도권_실내_07851.wav,TSM_1.1x,0.6,-0.2,1,0.6429,,4.281,1.187,,,,,0.282506,1589.23,4737.3,0.369615,11.8024
일반남여_일반통합06_F_1524374974_25_수도권_실내_07851.wav,AWGN_30dB,0.625,-0.25,1,0.6667,29.96,1.567,2.315,,0.9902,1.3833,2.28,0.282506,1589.23,4737.3,0.369615,11.8024
일반남여_일반통합06_F_1524374974_25_수도권_실내_07851.wav,Limiter,0.1,0.8,1,0.8571,50.55,4.696,4.227,,0.999,0.763,1.3146,0.282506,1589.23,4737.3,0.369615,11.8024
일반남여_일반통합06_F_1524374974_25_수도권_실내_07851.wav,Opus_64kbps,0.175,0.65,1,0.8571,26.29,4.688,4.172,,0.9914,1.0421,1.7487,0.282506,1589.23,4737.3,0.369615,11.8024
일반남여_일반통합06_F_1524374974_25_수도권_실내_07851.wav,Opus_32kbps,1.0,-1.0,0,0.0,17.97,4.443,4.129,,0.9547,1.1443,1.9018,0.282506,1589.23,4737.3,0.369615,11.8024
일반남여_일반통합06_F_1524374974_25_수도권_실내_07851.wav,AAC_128kbps,0.125,0.75,1,0.8333,46.43,4.616,4.219,,0.9986,1.0103,1.6706,0.282506,1589.23,4737.3,0.369615,11.8024
일반남여_일반통합06_F_1524374974_25_수도권_실내_07851.wav,TelephoneFilter,1.0,-1.0,0,0.0,-8.98,3.956,2.823,,0.4259,1.2156,1.8182,0.282506,1589.23,4737.3,0.369615,11.8024
일반남여_일반통합06_F_1524374974_25_수도권_실내_07851.wav,EnCodec_6kbps,1.0,-1.0,0,0.0,6.25,4.416,2.2,,0.596,1.5392,2.2885,0.282506,1589.23,4737.3,0.369615,11.8024
일반남여_일반통합06_F_1524374974_25_수도권_실내_07851.wav,DAC,1.0,-1.0,0,0.0,-9.04,4.529,3.246,,0.4023,1.5563,2.084,0.282506,1589.23,4737.3,0.369615,11.8024
일반남여_일반통합06_F_1524374974_25_수도권_실내_07853.wav,NoAttack,0.025,0.95,1,0.8413,50.91,4.71,4.411,,0.999,0.6549,1.2286,0.305291,997.2,3273.05,0.320388,8.1627
일반남여_일반통합06_F_1524374974_25_수도권_실내_07853.wav,MP3_128kbps,0.0,1.0,1,0.8571,48.42,4.71,4.391,,0.9986,0.8584,1.4641,0.305291,997.2,3273.05,0.320388,8.1627
일반남여_일반통합06_F_1524374974_25_수도권_실내_07853.wav,MP3_320kbps,0.0,1.0,1,0.8571,50.84,4.71,4.4,,0.9989,0.8454,1.4435,0.305291,997.2,3273.05,0.320388,8.1627
일반남여_일반통합06_F_1524374974_25_수도권_실내_07853.wav,Resample_44100-16000RT,0.025,0.95,1,0.8254,50.65,4.709,4.412,,0.999,0.7407,1.2525,0.305291,997.2,3273.05,0.320388,8.1627
일반남여_일반통합06_F_1524374974_25_수도권_실내_07853.wav,Crop_10pct,0.1,0.8,1,0.881,51.24,4.707,4.382,,0.9989,0.6454,1.1907,0.305291,997.2,3273.05,0.320388,8.1627
일반남여_일반통합06_F_1524374974_25_수도권_실내_07853.wav,TSM_1.1x,1.0,-1.0,0,0.0,,4.424,1.47,,,,,0.305291,997.2,3273.05,0.320388,8.1627
일반남여_일반통합06_F_1524374974_25_수도권_실내_07853.wav,AWGN_30dB,1.0,-1.0,0,0.0,29.97,1.532,2.38,,0.9882,1.3972,2.2897,0.305291,997.2,3273.05,0.320388,8.1627
일반남여_일반통합06_F_1524374974_25_수도권_실내_07853.wav,Limiter,0.025,0.95,1,0.8413,50.91,4.71,4.411,,0.999,0.6549,1.2286,0.305291,997.2,3273.05,0.320388,8.1627
일반남여_일반통합06_F_1524374974_25_수도권_실내_07853.wav,Opus_64kbps,0.05,0.9,1,0.8254,28.93,4.704,4.361,,0.9909,0.8943,1.5433,0.305291,997.2,3273.05,0.320388,8.1627
일반남여_일반통합06_F_1524374974_25_수도권_실내_07853.wav,Opus_32kbps,1.0,-1.0,0,0.0,20.76,4.542,4.226,,0.9597,1.1988,2.0045,0.305291,997.2,3273.05,0.320388,8.1627
일반남여_일반통합06_F_1524374974_25_수도권_실내_07853.wav,AAC_128kbps,0.0,1.0,1,0.8571,49.08,4.707,4.385,,0.9986,0.8668,1.47,0.305291,997.2,3273.05,0.320388,8.1627
일반남여_일반통합06_F_1524374974_25_수도권_실내_07853.wav,TelephoneFilter,1.0,-1.0,0,0.0,-3.58,4.089,2.728,,0.5197,1.0797,1.7063,0.305291,997.2,3273.05,0.320388,8.1627
일반남여_일반통합06_F_1524374974_25_수도권_실내_07853.wav,EnCodec_6kbps,1.0,-1.0,0,0.0,7.84,4.438,1.986,,0.6459,1.5376,2.3534,0.305291,997.2,3273.05,0.320388,8.1627
일반남여_일반통합06_F_1524374974_25_수도권_실내_07853.wav,DAC,0.6,-0.2,1,0.5714,-25.38,4.572,3.658,,0.3178,1.5589,2.2016,0.305291,997.2,3273.05,0.320388,8.1627
일반남여_일반통합06_F_1524374974_25_수도권_실내_07855.wav,NoAttack,0.125,0.75,1,0.7937,50.91,4.715,4.42,,0.9989,0.7513,1.2508,0.370211,1353.17,3057.71,0.430928,15.0449
일반남여_일반통합06_F_1524374974_25_수도권_실내_07855.wav,MP3_128kbps,0.1,0.8,1,0.8095,48.16,4.716,4.394,,0.9985,0.9236,1.5422,0.370211,1353.17,3057.71,0.430928,15.0449
일반남여_일반통합06_F_1524374974_25_수도권_실내_07855.wav,MP3_320kbps,0.1,0.8,1,0.8095,50.77,4.715,4.411,,0.9988,0.9127,1.5194,0.370211,1353.17,3057.71,0.430928,15.0449
일반남여_일반통합06_F_1524374974_25_수도권_실내_07855.wav,Resample_44100-16000RT,0.125,0.75,1,0.8095,50.71,4.714,4.42,,0.9989,0.8331,1.297,0.370211,1353.17,3057.71,0.430928,15.0449
일반남여_일반통합06_F_1524374974_25_수도권_실내_07855.wav,Crop_10pct,1.0,-1.0,0,0.0,51.07,4.717,4.475,,0.9989,0.733,1.183,0.370211,1353.17,3057.71,0.430928,15.0449
일반남여_일반통합06_F_1524374974_25_수도권_실내_07855.wav,TSM_1.1x,1.0,-1.0,0,0.0,,4.469,1.653,,,,,0.370211,1353.17,3057.71,0.430928,15.0449
일반남여_일반통합06_F_1524374974_25_수도권_실내_07855.wav,AWGN_30dB,1.0,-1.0,0,0.0,29.95,1.527,2.512,,0.9878,1.4143,2.3009,0.370211,1353.17,3057.71,0.430928,15.0449
일반남여_일반통합06_F_1524374974_25_수도권_실내_07855.wav,Limiter,0.125,0.75,1,0.7937,50.91,4.715,4.42,,0.9989,0.7513,1.2508,0.370211,1353.17,3057.71,0.430928,15.0449
일반남여_일반통합06_F_1524374974_25_수도권_실내_07855.wav,Opus_64kbps,0.4,0.2,1,0.7937,27.28,4.709,4.386,,0.9899,0.9785,1.6216,0.370211,1353.17,3057.71,0.430928,15.0449
일반남여_일반통합06_F_1524374974_25_수도권_실내_07855.wav,Opus_32kbps,1.0,-1.0,0,0.0,19.47,4.546,4.394,,0.9584,1.1665,1.923,0.370211,1353.17,3057.71,0.430928,15.0449
일반남여_일반통합06_F_1524374974_25_수도권_실내_07855.wav,AAC_128kbps,0.1,0.8,1,0.8095,48.92,4.713,4.41,,0.9985,0.938,1.5434,0.370211,1353.17,3057.71,0.430928,15.0449
일반남여_일반통합06_F_1524374974_25_수도권_실내_07855.wav,TelephoneFilter,1.0,-1.0,0,0.0,2.85,4.289,2.953,,0.5501,1.0915,1.6146,0.370211,1353.17,3057.71,0.430928,15.0449
일반남여_일반통합06_F_1524374974_25_수도권_실내_07855.wav,EnCodec_6kbps,1.0,-1.0,0,0.0,5.4,4.462,2.222,,0.6119,1.5525,2.3002,0.370211,1353.17,3057.71,0.430928,15.0449
일반남여_일반통합06_F_1524374974_25_수도권_실내_07855.wav,DAC,0.575,-0.15,1,0.6032,-7.08,4.6,3.682,,0.3214,1.5667,2.1216,0.370211,1353.17,3057.71,0.430928,15.0449
일반남여_일반통합06_F_1524374974_25_수도권_실내_08316.wav,NoAttack,0.0,1.0,1,0.7778,51.34,4.705,4.263,,0.999,0.7189,1.2369,0.380927,1402.24,3143.85,0.424742,10.1381
일반남여_일반통합06_F_1524374974_25_수도권_실내_08316.wav,MP3_128kbps,1.0,-1.0,0,0.0,47.49,4.708,4.255,,0.9986,0.8836,1.4521,0.380927,1402.24,3143.85,0.424742,10.1381
일반남여_일반통합06_F_1524374974_25_수도권_실내_08316.wav,MP3_320kbps,0.025,0.95,1,0.7619,51.25,4.705,4.263,,0.9989,0.8745,1.4313,0.380927,1402.24,3143.85,0.424742,10.1381
일반남여_일반통합06_F_1524374974_25_수도권_실내_08316.wav,Resample_44100-16000RT,0.0,1.0,1,0.7778,51.3,4.703,4.266,,0.999,0.8344,1.3065,0.380927,1402.24,3143.85,0.424742,10.1381
일반남여_일반통합06_F_1524374974_25_수도권_실내_08316.wav,Crop_10pct,0.2,0.6,1,0.7857,51.34,4.703,4.267,,0.999,0.7479,1.3277,0.380927,1402.24,3143.85,0.424742,10.1381
일반남여_일반통합06_F_1524374974_25_수도권_실내_08316.wav,TSM_1.1x,0.5,0.0,1,0.6667,,4.476,1.544,,,,,0.380927,1402.24,3143.85,0.424742,10.1381
일반남여_일반통합06_F_1524374974_25_수도권_실내_08316.wav,AWGN_30dB,1.0,-1.0,0,0.0,29.95,2.126,2.349,,0.9876,1.407,2.2997,0.380927,1402.24,3143.85,0.424742,10.1381
일반남여_일반통합06_F_1524374974_25_수도권_실내_08316.wav,Limiter,0.0,1.0,1,0.7778,51.34,4.705,4.263,,0.999,0.7189,1.2369,0.380927,1402.24,3143.85,0.424742,10.1381
일반남여_일반통합06_F_1524374974_25_수도권_실내_08316.wav,Opus_64kbps,1.0,-1.0,0,0.0,27.78,4.696,4.22,,0.9895,0.912,1.5221,0.380927,1402.24,3143.85,0.424742,10.1381
일반남여_일반통합06_F_1524374974_25_수도권_실내_08316.wav,Opus_32kbps,1.0,-1.0,0,0.0,22.03,4.454,4.209,,0.9592,1.1889,1.9734,0.380927,1402.24,3143.85,0.424742,10.1381
일반남여_일반통합06_F_1524374974_25_수도권_실내_08316.wav,AAC_128kbps,1.0,-1.0,0,0.0,48.89,4.672,4.27,,0.9986,0.881,1.4477,0.380927,1402.24,3143.85,0.424742,10.1381
일반남여_일반통합06_F_1524374974_25_수도권_실내_08316.wav,TelephoneFilter,1.0,-1.0,0,0.0,-11.98,4.137,2.892,,0.4443,1.0587,1.5929,0.380927,1402.24,3143.85,0.424742,10.1381
일반남여_일반통합06_F_1524374974_25_수도권_실내_08316.wav,EnCodec_6kbps,1.0,-1.0,0,0.0,9.19,4.436,2.329,,0.6269,1.5522,2.3233,0.380927,1402.24,3143.85,0.424742,10.1381
일반남여_일반통합06_F_1524374974_25_수도권_실내_08316.wav,DAC,1.0,-1.0,0,0.0,-6.6,4.546,3.815,,0.4556,1.55,2.1925,0.380927,1402.24,3143.85,0.424742,10.1381
일반남여_일반통합06_F_1524374974_25_수도권_실내_08318.wav,NoAttack,0.0,1.0,1,0.8095,51.87,4.713,4.301,,0.9991,0.6206,1.1135,0.384506,1271.7,4651.17,0.461856,9.7112
일반남여_일반통합06_F_1524374974_25_수도권_실내_08318.wav,MP3_128kbps,0.0,1.0,1,0.8095,48.96,4.713,4.275,,0.9988,0.841,1.4099,0.384506,1271.7,4651.17,0.461856,9.7112
일반남여_일반통합06_F_1524374974_25_수도권_실내_08318.wav,MP3_320kbps,0.0,1.0,1,0.7937,51.75,4.713,4.298,,0.999,0.8328,1.3893,0.384506,1271.7,4651.17,0.461856,9.7112
일반남여_일반통합06_F_1524374974_25_수도권_실내_08318.wav,Resample_44100-16000RT,0.0,1.0,1,0.7937,51.75,4.713,4.303,,0.999,0.6999,1.1633,0.384506,1271.7,4651.17,0.461856,9.7112
일반남여_일반통합06_F_1524374974_25_수도권_실내_08318.wav,Crop_10pct,0.2,0.6,1,0.6667,50.71,4.717,4.219,,0.9989,0.5925,1.0296,0.384506,1271.7,4651.17,0.461856,9.7112
일반남여_일반통합06_F_1524374974_25_수도권_실내_08318.wav,TSM_1.1x,1.0,-1.0,0,0.0,,4.452,1.235,,,,,0.384506,1271.7,4651.17,0.461856,9.7112
일반남여_일반통합06_F_1524374974_25_수도권_실내_08318.wav,AWGN_30dB,1.0,-1.0,0,0.0,29.97,2.082,2.296,,0.9903,1.4263,2.304,0.384506,1271.7,4651.17,0.461856,9.7112
일반남여_일반통합06_F_1524374974_25_수도권_실내_08318.wav,Limiter,0.0,1.0,1,0.8095,51.87,4.713,4.301,,0.9991,0.6206,1.1135,0.384506,1271.7,4651.17,0.461856,9.7112
일반남여_일반통합06_F_1524374974_25_수도권_실내_08318.wav,Opus_64kbps,1.0,-1.0,0,0.0,26.53,4.705,4.225,,0.9907,0.8782,1.4835,0.384506,1271.7,4651.17,0.461856,9.7112
일반남여_일반통합06_F_1524374974_25_수도권_실내_08318.wav,Opus_32kbps,1.0,-1.0,0,0.0,19.12,4.545,4.203,,0.9544,1.1306,1.8738,0.384506,1271.7,4651.17,0.461856,9.7112
일반남여_일반통합06_F_1524374974_25_수도권_실내_08318.wav,AAC_128kbps,0.0,1.0,1,0.8095,47.86,4.713,4.274,,0.9985,0.8525,1.4184,0.384506,1271.7,4651.17,0.461856,9.7112
일반남여_일반통합06_F_1524374974_25_수도권_실내_08318.wav,TelephoneFilter,1.0,-1.0,0,0.0,-6.25,4.26,2.511,,0.4678,1.0327,1.5629,0.384506,1271.7,4651.17,0.461856,9.7112
일반남여_일반통합06_F_1524374974_25_수도권_실내_08318.wav,EnCodec_6kbps,1.0,-1.0,0,0.0,6.62,4.553,2.423,,0.6359,1.55,2.308,0.384506,1271.7,4651.17,0.461856,9.7112
일반남여_일반통합06_F_1524374974_25_수도권_실내_08318.wav,DAC,1.0,-1.0,0,0.0,-12.19,4.658,3.739,,0.4419,1.5459,2.1352,0.384506,1271.7,4651.17,0.461856,9.7112
통화 7727-0029.wav,NoAttack,0.075,0.85,1,1.0,49.8,4.731,4.629,,0.9997,0.7656,1.5053,1e-06,921.08,2454.79,0.017442,6.3683
통화 7727-0029.wav,MP3_128kbps,0.075,0.85,1,1.0,48.7,4.731,4.584,,0.9997,1.2837,2.1343,1e-06,921.08,2454.79,0.017442,6.3683
통화 7727-0029.wav,MP3_320kbps,0.075,0.85,1,1.0,49.74,4.731,4.603,,0.9997,1.2798,2.1286,1e-06,921.08,2454.79,0.017442,6.3683
통화 7727-0029.wav,Resample_44100-16000RT,0.075,0.85,1,1.0,49.81,4.731,4.629,,0.9997,1.0265,1.7184,1e-06,921.08,2454.79,0.017442,6.3683
통화 7727-0029.wav,Crop_10pct,0.3,0.4,1,1.0,50.25,,4.627,,0.9998,0.7228,1.4131,1e-06,921.08,2454.79,0.017442,6.3683
통화 7727-0029.wav,TSM_1.1x,1.0,-1.0,0,0.0,,4.598,1.574,,,,,1e-06,921.08,2454.79,0.017442,6.3683
통화 7727-0029.wav,AWGN_30dB,1.0,-1.0,0,0.0,29.94,1.479,1.993,,0.9958,1.3338,2.2424,1e-06,921.08,2454.79,0.017442,6.3683
통화 7727-0029.wav,Limiter,0.075,0.85,1,1.0,49.8,4.731,4.629,,0.9997,0.7656,1.5053,1e-06,921.08,2454.79,0.017442,6.3683
통화 7727-0029.wav,Opus_64kbps,1.0,-1.0,0,0.0,26.62,4.727,4.493,,0.9925,1.3185,2.2183,1e-06,921.08,2454.79,0.017442,6.3683
통화 7727-0029.wav,Opus_32kbps,1.0,-1.0,0,0.0,20.32,4.717,3.941,,0.9758,1.3539,2.2951,1e-06,921.08,2454.79,0.017442,6.3683
통화 7727-0029.wav,AAC_128kbps,1.0,-1.0,0,0.0,46.47,4.731,4.116,,0.9996,1.2876,2.1423,1e-06,921.08,2454.79,0.017442,6.3683
통화 7727-0029.wav,TelephoneFilter,0.325,0.35,1,1.0,-4.38,4.653,4.292,,0.5076,1.4531,2.2279,1e-06,921.08,2454.79,0.017442,6.3683
통화 7727-0029.wav,EnCodec_6kbps,0.425,0.15,1,1.0,7.67,4.624,2.4,,0.6403,1.5119,2.4022,1e-06,921.08,2454.79,0.017442,6.3683
통화 7727-0029.wav,DAC,1.0,-1.0,0,0.0,-13.21,4.681,3.989,,0.4218,1.5475,2.2257,1e-06,921.08,2454.79,0.017442,6.3683
통화 7728-0017.wav,NoAttack,1.0,-1.0,0,0.0,49.54,,4.488,,0.9996,0.785,1.5512,0.000159,904.59,2799.32,0.013158,5.5422
통화 7728-0017.wav,MP3_128kbps,1.0,-1.0,0,0.0,45.85,,4.46,,0.9994,1.2697,2.1243,0.000159,904.59,2799.32,0.013158,5.5422
통화 7728-0017.wav,MP3_320kbps,1.0,-1.0,0,0.0,49.46,,4.484,,0.9996,1.2597,2.1225,0.000159,904.59,2799.32,0.013158,5.5422
통화 7728-0017.wav,Resample_44100-16000RT,1.0,-1.0,0,0.0,49.11,,4.493,,0.9995,1.0395,1.7596,0.000159,904.59,2799.32,0.013158,5.5422
통화 7728-0017.wav,Crop_10pct,1.0,-1.0,0,0.0,47.94,,4.448,,0.9996,0.7242,1.4177,0.000159,904.59,2799.32,0.013158,5.5422
통화 7728-0017.wav,TSM_1.1x,1.0,-1.0,0,0.0,,,2.21,,,,,0.000159,904.59,2799.32,0.013158,5.5422
통화 7728-0017.wav,AWGN_30dB,1.0,-1.0,0,0.0,29.94,,1.964,,0.9938,1.3337,2.2669,0.000159,904.59,2799.32,0.013158,5.5422
통화 7728-0017.wav,Limiter,1.0,-1.0,0,0.0,49.54,,4.488,,0.9996,0.785,1.5512,0.000159,904.59,2799.32,0.013158,5.5422
통화 7728-0017.wav,Opus_64kbps,1.0,-1.0,0,0.0,28.05,,4.432,,0.9938,1.2909,2.1859,0.000159,904.59,2799.32,0.013158,5.5422
통화 7728-0017.wav,Opus_32kbps,0.525,-0.05,1,1.0,21.1,,4.048,,0.9748,1.329,2.2752,0.000159,904.59,2799.32,0.013158,5.5422
통화 7728-0017.wav,AAC_128kbps,0.575,-0.15,1,1.0,45.98,,4.254,,0.9994,1.2788,2.1153,0.000159,904.59,2799.32,0.013158,5.5422
통화 7728-0017.wav,TelephoneFilter,0.525,-0.05,1,1.0,-1.59,,4.397,,0.5353,1.4371,2.2016,0.000159,904.59,2799.32,0.013158,5.5422
통화 7728-0017.wav,EnCodec_6kbps,1.0,-1.0,0,0.0,8.61,,2.643,,0.6313,1.4708,2.4249,0.000159,904.59,2799.32,0.013158,5.5422
통화 7728-0017.wav,DAC,0.55,-0.1,1,1.0,-19.34,,4.067,,0.5142,1.5246,2.2608,0.000159,904.59,2799.32,0.013158,5.5422
통화 7728-0022.wav,NoAttack,1.0,-1.0,0,0.0,50.06,,4.592,,0.9998,0.7574,1.4817,2.3e-05,1027.45,2497.85,0.0,4.5919
통화 7728-0022.wav,MP3_128kbps,0.45,0.1,1,1.0,47.59,,4.575,,0.9997,1.2631,2.085,2.3e-05,1027.45,2497.85,0.0,4.5919
통화 7728-0022.wav,MP3_320kbps,0.45,0.1,1,1.0,50.03,,4.584,,0.9998,1.2567,2.095,2.3e-05,1027.45,2497.85,0.0,4.5919
통화 7728-0022.wav,Resample_44100-16000RT,1.0,-1.0,0,0.0,50.05,,4.592,,0.9998,1.007,1.6734,2.3e-05,1027.45,2497.85,0.0,4.5919
통화 7728-0022.wav,Crop_10pct,1.0,-1.0,0,0.0,49.74,,4.592,,0.9998,0.6937,1.3437,2.3e-05,1027.45,2497.85,0.0,4.5919
통화 7728-0022.wav,TSM_1.1x,1.0,-1.0,0,0.0,,,1.338,,,,,2.3e-05,1027.45,2497.85,0.0,4.5919
통화 7728-0022.wav,AWGN_30dB,0.575,-0.15,1,1.0,29.98,,1.918,,0.9966,1.3218,2.2268,2.3e-05,1027.45,2497.85,0.0,4.5919
통화 7728-0022.wav,Limiter,1.0,-1.0,0,0.0,50.06,,4.592,,0.9998,0.7574,1.4817,2.3e-05,1027.45,2497.85,0.0,4.5919
통화 7728-0022.wav,Opus_64kbps,1.0,-1.0,0,0.0,26.45,,4.376,,0.9932,1.2945,2.1661,2.3e-05,1027.45,2497.85,0.0,4.5919
통화 7728-0022.wav,Opus_32kbps,1.0,-1.0,0,0.0,20.82,,3.474,,0.9764,1.3272,2.2579,2.3e-05,1027.45,2497.85,0.0,4.5919
통화 7728-0022.wav,AAC_128kbps,1.0,-1.0,0,0.0,47.45,,4.051,,0.9997,1.2769,2.0997,2.3e-05,1027.45,2497.85,0.0,4.5919
통화 7728-0022.wav,TelephoneFilter,0.55,-0.1,1,1.0,-5.99,,4.157,,0.502,1.4426,2.1747,2.3e-05,1027.45,2497.85,0.0,4.5919
통화 7728-0022.wav,EnCodec_6kbps,0.5,0.0,1,1.0,7.72,,2.319,,0.6463,1.5179,2.3825,2.3e-05,1027.45,2497.85,0.0,4.5919
통화 7728-0022.wav,DAC,1.0,-1.0,0,0.0,-12.55,,2.561,,0.4003,1.5214,2.2075,2.3e-05,1027.45,2497.85,0.0,4.5919
통화 7728-0038.wav,NoAttack,1.0,-1.0,0,0.0,49.69,,4.632,,0.9997,0.8118,1.557,1.5e-05,867.76,2627.05,0.0,6.131
통화 7728-0038.wav,MP3_128kbps,1.0,-1.0,0,0.0,45.61,,4.596,,0.9994,1.2711,2.1373,1.5e-05,867.76,2627.05,0.0,6.131
통화 7728-0038.wav,MP3_320kbps,1.0,-1.0,0,0.0,49.66,,4.612,,0.9996,1.2683,2.1418,1.5e-05,867.76,2627.05,0.0,6.131
통화 7728-0038.wav,Resample_44100-16000RT,1.0,-1.0,0,0.0,49.69,,4.632,,0.9996,1.0469,1.7535,1.5e-05,867.76,2627.05,0.0,6.131
통화 7728-0038.wav,Crop_10pct,1.0,-1.0,0,0.0,49.93,,4.632,,0.9997,0.7575,1.4582,1.5e-05,867.76,2627.05,0.0,6.131
통화 7728-0038.wav,TSM_1.1x,1.0,-1.0,0,0.0,,,1.628,,,,,1.5e-05,867.76,2627.05,0.0,6.131
통화 7728-0038.wav,AWGN_30dB,1.0,-1.0,0,0.0,29.97,,1.908,,0.9945,1.3449,2.269,1.5e-05,867.76,2627.05,0.0,6.131
통화 7728-0038.wav,Limiter,1.0,-1.0,0,0.0,49.69,,4.632,,0.9997,0.8118,1.557,1.5e-05,867.76,2627.05,0.0,6.131
통화 7728-0038.wav,Opus_64kbps,1.0,-1.0,0,0.0,29.04,,4.463,,0.9943,1.2939,2.1985,1.5e-05,867.76,2627.05,0.0,6.131
통화 7728-0038.wav,Opus_32kbps,1.0,-1.0,0,0.0,20.6,,4.041,,0.9747,1.3365,2.2953,1.5e-05,867.76,2627.05,0.0,6.131
통화 7728-0038.wav,AAC_128kbps,1.0,-1.0,0,0.0,40.9,,4.26,,0.9994,1.2764,2.127,1.5e-05,867.76,2627.05,0.0,6.131
통화 7728-0038.wav,TelephoneFilter,1.0,-1.0,0,0.0,-3.55,,4.315,,0.5301,1.4404,2.2312,1.5e-05,867.76,2627.05,0.0,6.131
통화 7728-0038.wav,EnCodec_6kbps,1.0,-1.0,0,0.0,8.25,,2.312,,0.6637,1.5355,2.4045,1.5e-05,867.76,2627.05,0.0,6.131
통화 7728-0038.wav,DAC,1.0,-1.0,0,0.0,-11.53,,3.939,,0.5293,1.615,2.2356,1.5e-05,867.76,2627.05,0.0,6.131
통화 7729-0014.wav,NoAttack,1.0,-1.0,0,0.0,49.93,,4.568,,0.9998,0.7897,1.5021,2e-05,945.0,2583.98,0.0,6.3503
통화 7729-0014.wav,MP3_128kbps,1.0,-1.0,0,0.0,43.29,,3.774,,0.9995,1.2799,2.132,2e-05,945.0,2583.98,0.0,6.3503
통화 7729-0014.wav,MP3_320kbps,1.0,-1.0,0,0.0,48.64,,4.122,,0.9996,1.2709,2.1189,2e-05,945.0,2583.98,0.0,6.3503
통화 7729-0014.wav,Resample_44100-16000RT,1.0,-1.0,0,0.0,49.9,,4.57,,0.9998,1.0307,1.6701,2e-05,945.0,2583.98,0.0,6.3503
통화 7729-0014.wav,Crop_10pct,1.0,-1.0,0,0.0,49.92,,4.569,,0.9998,0.7471,1.4149,2e-05,945.0,2583.98,0.0,6.3503
통화 7729-0014.wav,TSM_1.1x,1.0,-1.0,0,0.0,,,1.331,,,,,2e-05,945.0,2583.98,0.0,6.3503
통화 7729-0014.wav,AWGN_30dB,1.0,-1.0,0,0.0,29.91,,1.899,,0.9965,1.3165,2.2188,2e-05,945.0,2583.98,0.0,6.3503
통화 7729-0014.wav,Limiter,1.0,-1.0,0,0.0,49.93,,4.568,,0.9998,0.7897,1.5021,2e-05,945.0,2583.98,0.0,6.3503
통화 7729-0014.wav,Opus_64kbps,1.0,-1.0,0,0.0,23.11,,3.602,,0.9876,1.3144,2.2105,2e-05,945.0,2583.98,0.0,6.3503
통화 7729-0014.wav,Opus_32kbps,1.0,-1.0,0,0.0,18.31,,3.066,,0.9595,1.3531,2.3114,2e-05,945.0,2583.98,0.0,6.3503
통화 7729-0014.wav,AAC_128kbps,1.0,-1.0,0,0.0,41.38,,3.823,,0.9993,1.2805,2.1349,2e-05,945.0,2583.98,0.0,6.3503
통화 7729-0014.wav,TelephoneFilter,1.0,-1.0,0,0.0,-2.49,,3.749,,0.5143,1.4412,2.2412,2e-05,945.0,2583.98,0.0,6.3503
통화 7729-0014.wav,EnCodec_6kbps,1.0,-1.0,0,0.0,4.48,,1.374,,0.5225,1.5393,2.3723,2e-05,945.0,2583.98,0.0,6.3503
통화 7729-0014.wav,DAC,1.0,-1.0,0,0.0,-20.48,,2.428,,0.4508,1.5189,2.2244,2e-05,945.0,2583.98,0.0,6.3503
통화 7729-0018.wav,NoAttack,1.0,-1.0,0,0.0,50.37,,4.589,,0.9998,0.7634,1.455,0.000158,886.82,2497.85,0.0,4.6046
통화 7729-0018.wav,MP3_128kbps,1.0,-1.0,0,0.0,46.84,,3.714,,0.9995,1.2727,2.1239,0.000158,886.82,2497.85,0.0,4.6046
통화 7729-0018.wav,MP3_320kbps,1.0,-1.0,0,0.0,49.36,,4.055,,0.9996,1.27,2.1108,0.000158,886.82,2497.85,0.0,4.6046
통화 7729-0018.wav,Resample_44100-16000RT,1.0,-1.0,0,0.0,50.32,,4.589,,0.9997,1.0045,1.6279,0.000158,886.82,2497.85,0.0,4.6046
통화 7729-0018.wav,Crop_10pct,1.0,-1.0,0,0.0,50.75,,4.591,,0.9998,0.6762,1.3043,0.000158,886.82,2497.85,0.0,4.6046
통화 7729-0018.wav,TSM_1.1x,1.0,-1.0,0,0.0,,,1.792,,,,,0.000158,886.82,2497.85,0.0,4.6046
통화 7729-0018.wav,AWGN_30dB,1.0,-1.0,0,0.0,29.96,,1.849,,0.9949,1.3302,2.2468,0.000158,886.82,2497.85,0.0,4.6046
통화 7729-0018.wav,Limiter,1.0,-1.0,0,0.0,50.37,,4.589,,0.9998,0.7634,1.455,0.000158,886.82,2497.85,0.0,4.6046
통화 7729-0018.wav,Opus_64kbps,1.0,-1.0,0,0.0,25.55,,3.573,,0.9893,1.3022,2.2096,0.000158,886.82,2497.85,0.0,4.6046
통화 7729-0018.wav,Opus_32kbps,1.0,-1.0,0,0.0,19.32,,2.852,,0.9589,1.3441,2.3078,0.000158,886.82,2497.85,0.0,4.6046
통화 7729-0018.wav,AAC_128kbps,1.0,-1.0,0,0.0,43.33,,3.761,,0.9993,1.2746,2.1408,0.000158,886.82,2497.85,0.0,4.6046
통화 7729-0018.wav,TelephoneFilter,1.0,-1.0,0,0.0,-8.52,,3.635,,0.5038,1.4368,2.2637,0.000158,886.82,2497.85,0.0,4.6046
통화 7729-0018.wav,EnCodec_6kbps,1.0,-1.0,0,0.0,6.07,,1.522,,0.5415,1.5849,2.3274,0.000158,886.82,2497.85,0.0,4.6046
통화 7729-0018.wav,DAC,1.0,-1.0,0,0.0,-8.49,,2.543,,0.4156,1.4849,2.1982,0.000158,886.82,2497.85,0.0,4.6046
통화 7729-0020.wav,NoAttack,1.0,-1.0,0,0.0,50.4,,4.632,,0.9997,0.7362,1.4157,9e-06,945.57,2454.79,0.0,5.1434
통화 7729-0020.wav,MP3_128kbps,1.0,-1.0,0,0.0,44.88,,4.157,,0.9994,1.2985,2.1544,9e-06,945.57,2454.79,0.0,5.1434
통화 7729-0020.wav,MP3_320kbps,1.0,-1.0,0,0.0,49.61,,4.424,,0.9996,1.2856,2.1483,9e-06,945.57,2454.79,0.0,5.1434
통화 7729-0020.wav,Resample_44100-16000RT,1.0,-1.0,0,0.0,50.4,,4.632,,0.9997,0.9653,1.6067,9e-06,945.57,2454.79,0.0,5.1434
통화 7729-0020.wav,Crop_10pct,1.0,-1.0,0,0.0,50.98,,4.63,,0.9998,0.7275,1.412,9e-06,945.57,2454.79,0.0,5.1434
통화 7729-0020.wav,TSM_1.1x,1.0,-1.0,0,0.0,,,1.258,,,,,9e-06,945.57,2454.79,0.0,5.1434
통화 7729-0020.wav,AWGN_30dB,1.0,-1.0,0,0.0,29.9,,1.994,,0.9955,1.3364,2.227,9e-06,945.57,2454.79,0.0,5.1434
통화 7729-0020.wav,Limiter,1.0,-1.0,0,0.0,50.4,,4.632,,0.9997,0.7362,1.4157,9e-06,945.57,2454.79,0.0,5.1434
통화 7729-0020.wav,Opus_64kbps,1.0,-1.0,0,0.0,24.01,,3.946,,0.9862,1.3273,2.2322,9e-06,945.57,2454.79,0.0,5.1434
통화 7729-0020.wav,Opus_32kbps,1.0,-1.0,0,0.0,19.4,,1.847,,0.9635,1.364,2.3059,9e-06,945.57,2454.79,0.0,5.1434
통화 7729-0020.wav,AAC_128kbps,1.0,-1.0,0,0.0,43.08,,3.773,,0.9993,1.2857,2.1522,9e-06,945.57,2454.79,0.0,5.1434
통화 7729-0020.wav,TelephoneFilter,1.0,-1.0,0,0.0,-3.9,,3.855,,0.5587,1.4706,2.2367,9e-06,945.57,2454.79,0.0,5.1434
통화 7729-0020.wav,EnCodec_6kbps,1.0,-1.0,0,0.0,5.51,,1.629,,0.5333,1.493,2.3393,9e-06,945.57,2454.79,0.0,5.1434
통화 7729-0020.wav,DAC,1.0,-1.0,0,0.0,-12.2,,2.799,,0.3613,1.4854,2.183,9e-06,945.57,2454.79,0.0,5.1434
통화 7729-0025.wav,NoAttack,1.0,-1.0,0,0.0,49.67,,4.627,,0.9997,0.8585,1.552,5e-06,924.57,2153.32,0.0,5.308
통화 7729-0025.wav,MP3_128kbps,1.0,-1.0,0,0.0,46.55,,3.974,,0.9995,1.3069,2.1486,5e-06,924.57,2153.32,0.0,5.308
통화 7729-0025.wav,MP3_320kbps,1.0,-1.0,0,0.0,48.79,,4.32,,0.9996,1.3058,2.1681,5e-06,924.57,2153.32,0.0,5.308
통화 7729-0025.wav,Resample_44100-16000RT,1.0,-1.0,0,0.0,49.68,,4.627,,0.9997,1.0784,1.7225,5e-06,924.57,2153.32,0.0,5.308
통화 7729-0025.wav,Crop_10pct,1.0,-1.0,0,0.0,50.22,,4.628,,0.9997,0.761,1.4356,5e-06,924.57,2153.32,0.0,5.308
통화 7729-0025.wav,TSM_1.1x,1.0,-1.0,0,0.0,,,1.726,,,,,5e-06,924.57,2153.32,0.0,5.308
통화 7729-0025.wav,AWGN_30dB,1.0,-1.0,0,0.0,29.91,,1.999,,0.9951,1.3357,2.2504,5e-06,924.57,2153.32,0.0,5.308
통화 7729-0025.wav,Limiter,1.0,-1.0,0,0.0,49.67,,4.627,,0.9997,0.8585,1.552,5e-06,924.57,2153.32,0.0,5.308
통화 7729-0025.wav,Opus_64kbps,1.0,-1.0,0,0.0,24.04,,3.795,,0.9895,1.3313,2.2321,5e-06,924.57,2153.32,0.0,5.308
통화 7729-0025.wav,Opus_32kbps,1.0,-1.0,0,0.0,18.82,,3.324,,0.9635,1.3752,2.32,5e-06,924.57,2153.32,0.0,5.308
통화 7729-0025.wav,AAC_128kbps,1.0,-1.0,0,0.0,38.13,,3.169,,0.9983,1.304,2.1744,5e-06,924.57,2153.32,0.0,5.308
통화 7729-0025.wav,TelephoneFilter,1.0,-1.0,0,0.0,-0.25,,3.856,,0.6025,1.4553,2.297,5e-06,924.57,2153.32,0.0,5.308
통화 7729-0025.wav,EnCodec_6kbps,1.0,-1.0,0,0.0,5.36,,1.727,,0.5385,1.5327,2.39,5e-06,924.57,2153.32,0.0,5.308
통화 7729-0025.wav,DAC,1.0,-1.0,0,0.0,-19.31,,3.091,,0.3959,1.615,2.2095,5e-06,924.57,2153.32,0.0,5.308
통화 7729-0027.wav,NoAttack,1.0,-1.0,0,0.0,49.71,,4.603,,0.9997,0.7976,1.5319,6e-06,877.92,2971.58,0.0,4.302
통화 7729-0027.wav,MP3_128kbps,1.0,-1.0,0,0.0,45.91,,3.647,,0.9993,1.2905,2.1717,6e-06,877.92,2971.58,0.0,4.302
통화 7729-0027.wav,MP3_320kbps,1.0,-1.0,0,0.0,48.85,,3.984,,0.9995,1.2748,2.1567,6e-06,877.92,2971.58,0.0,4.302
통화 7729-0027.wav,Resample_44100-16000RT,1.0,-1.0,0,0.0,49.71,,4.603,,0.9997,1.0337,1.7358,6e-06,877.92,2971.58,0.0,4.302
통화 7729-0027.wav,Crop_10pct,1.0,-1.0,0,0.0,49.18,,4.597,,0.9997,0.7432,1.3957,6e-06,877.92,2971.58,0.0,4.302
통화 7729-0027.wav,TSM_1.1x,1.0,-1.0,0,0.0,,,1.524,,,,,6e-06,877.92,2971.58,0.0,4.302
통화 7729-0027.wav,AWGN_30dB,1.0,-1.0,0,0.0,29.91,,1.759,,0.9943,1.3346,2.275,6e-06,877.92,2971.58,0.0,4.302
통화 7729-0027.wav,Limiter,1.0,-1.0,0,0.0,49.71,,4.603,,0.9997,0.7976,1.5319,6e-06,877.92,2971.58,0.0,4.302
통화 7729-0027.wav,Opus_64kbps,1.0,-1.0,0,0.0,26.82,,3.38,,0.9874,1.3243,2.2596,6e-06,877.92,2971.58,0.0,4.302
통화 7729-0027.wav,Opus_32kbps,1.0,-1.0,0,0.0,19.99,,2.742,,0.9567,1.396,2.3531,6e-06,877.92,2971.58,0.0,4.302
통화 7729-0027.wav,AAC_128kbps,1.0,-1.0,0,0.0,42.85,,3.676,,0.999,1.2875,2.1845,6e-06,877.92,2971.58,0.0,4.302
통화 7729-0027.wav,TelephoneFilter,1.0,-1.0,0,0.0,-11.08,,3.428,,0.492,1.4524,2.3122,6e-06,877.92,2971.58,0.0,4.302
통화 7729-0027.wav,EnCodec_6kbps,1.0,-1.0,0,0.0,7.25,,1.554,,0.5734,1.5896,2.4052,6e-06,877.92,2971.58,0.0,4.302
통화 7729-0027.wav,DAC,1.0,-1.0,0,0.0,-5.41,,2.445,,0.4991,1.4952,2.2486,6e-06,877.92,2971.58,0.0,4.302
통화 7732-0011.wav,NoAttack,1.0,-1.0,0,0.0,49.21,,4.618,,0.9995,0.8256,1.5232,5.7e-05,1059.46,2885.45,0.208333,5.2166
통화 7732-0011.wav,MP3_128kbps,1.0,-1.0,0,0.0,48.86,,4.603,,0.9995,1.2806,2.1428,5.7e-05,1059.46,2885.45,0.208333,5.2166
통화 7732-0011.wav,MP3_320kbps,1.0,-1.0,0,0.0,49.18,,4.612,,0.9995,1.2738,2.1254,5.7e-05,1059.46,2885.45,0.208333,5.2166
통화 7732-0011.wav,Resample_44100-16000RT,1.0,-1.0,0,0.0,49.21,,4.618,,0.9995,1.0395,1.7089,5.7e-05,1059.46,2885.45,0.208333,5.2166
통화 7732-0011.wav,Crop_10pct,1.0,-1.0,0,0.0,47.55,,4.602,,0.9994,0.7744,1.4009,5.7e-05,1059.46,2885.45,0.208333,5.2166
통화 7732-0011.wav,TSM_1.1x,1.0,-1.0,0,0.0,,,1.233,,,,,5.7e-05,1059.46,2885.45,0.208333,5.2166
통화 7732-0011.wav,AWGN_30dB,1.0,-1.0,0,0.0,30.01,,1.908,,0.9933,1.3831,2.3091,5.7e-05,1059.46,2885.45,0.208333,5.2166
통화 7732-0011.wav,Limiter,1.0,-1.0,0,0.0,49.21,,4.618,,0.9995,0.8256,1.5232,5.7e-05,1059.46,2885.45,0.208333,5.2166
통화 7732-0011.wav,Opus_64kbps,1.0,-1.0,0,0.0,28.19,,4.404,,0.9934,1.3034,2.201,5.7e-05,1059.46,2885.45,0.208333,5.2166
통화 7732-0011.wav,Opus_32kbps,1.0,-1.0,0,0.0,21.58,,3.858,,0.9781,1.3592,2.2607,5.7e-05,1059.46,2885.45,0.208333,5.2166
통화 7732-0011.wav,AAC_128kbps,0.325,0.35,1,1.0,47.32,,3.978,,0.9994,1.2814,2.1195,5.7e-05,1059.46,2885.45,0.208333,5.2166
통화 7732-0011.wav,TelephoneFilter,1.0,-1.0,0,0.0,-5.6,,4.171,,0.5268,1.4544,2.2104,5.7e-05,1059.46,2885.45,0.208333,5.2166
통화 7732-0011.wav,EnCodec_6kbps,0.475,0.05,1,1.0,6.92,,2.265,,0.6215,1.5646,2.3227,5.7e-05,1059.46,2885.45,0.208333,5.2166
통화 7732-0011.wav,DAC,0.525,-0.05,1,1.0,-12.4,,3.504,,0.4195,1.5604,2.1508,5.7e-05,1059.46,2885.45,0.208333,5.2166
통화 7732-0024.wav,NoAttack,1.0,-1.0,0,0.0,49.74,,4.418,,0.9998,0.7647,1.4713,5.3e-05,1029.93,2627.05,0.0,7.488
통화 7732-0024.wav,MP3_128kbps,1.0,-1.0,0,0.0,46.94,,4.387,,0.9995,1.2596,2.0765,5.3e-05,1029.93,2627.05,0.0,7.488
통화 7732-0024.wav,MP3_320kbps,1.0,-1.0,0,0.0,49.27,,4.403,,0.9997,1.2534,2.076,5.3e-05,1029.93,2627.05,0.0,7.488
통화 7732-0024.wav,Resample_44100-16000RT,1.0,-1.0,0,0.0,46.8,,4.421,,0.9994,1.0126,1.6872,5.3e-05,1029.93,2627.05,0.0,7.488
통화 7732-0024.wav,Crop_10pct,1.0,-1.0,0,0.0,50.06,,4.392,,0.9997,0.7149,1.3628,5.3e-05,1029.93,2627.05,0.0,7.488
통화 7732-0024.wav,TSM_1.1x,1.0,-1.0,0,0.0,,,1.436,,,,,5.3e-05,1029.93,2627.05,0.0,7.488
통화 7732-0024.wav,AWGN_30dB,1.0,-1.0,0,0.0,29.93,,1.979,,0.9955,1.3077,2.2009,5.3e-05,1029.93,2627.05,0.0,7.488
통화 7732-0024.wav,Limiter,1.0,-1.0,0,0.0,49.74,,4.418,,0.9998,0.7647,1.4713,5.3e-05,1029.93,2627.05,0.0,7.488
통화 7732-0024.wav,Opus_64kbps,1.0,-1.0,0,0.0,28.61,,4.336,,0.9948,1.2787,2.1465,5.3e-05,1029.93,2627.05,0.0,7.488
통화 7732-0024.wav,Opus_32kbps,1.0,-1.0,0,0.0,18.2,,3.766,,0.9738,1.3208,2.2131,5.3e-05,1029.93,2627.05,0.0,7.488
통화 7732-0024.wav,AAC_128kbps,1.0,-1.0,0,0.0,39.21,,3.797,,0.9992,1.2641,2.0859,5.3e-05,1029.93,2627.05,0.0,7.488
통화 7732-0024.wav,TelephoneFilter,1.0,-1.0,0,0.0,-6.11,,4.242,,0.5105,1.4233,2.1547,5.3e-05,1029.93,2627.05,0.0,7.488
통화 7732-0024.wav,EnCodec_6kbps,0.6,-0.2,1,1.0,5.45,,2.006,,0.5779,1.4802,2.3336,5.3e-05,1029.93,2627.05,0.0,7.488
통화 7732-0024.wav,DAC,0.425,0.15,1,1.0,-11.5,,3.7,,0.4022,1.5027,2.1364,5.3e-05,1029.93,2627.05,0.0,7.488
통화 7751-0017.wav,NoAttack,1.0,-1.0,0,0.0,50.29,,4.599,,0.9997,0.7311,1.4086,2.8e-05,893.7,2325.59,0.0,6.6914
통화 7751-0017.wav,MP3_128kbps,1.0,-1.0,0,0.0,41.22,,4.301,,0.9995,1.2678,2.1608,2.8e-05,893.7,2325.59,0.0,6.6914
통화 7751-0017.wav,MP3_320kbps,1.0,-1.0,0,0.0,49.95,,4.481,,0.9997,1.2636,2.1373,2.8e-05,893.7,2325.59,0.0,6.6914
통화 7751-0017.wav,Resample_44100-16000RT,1.0,-1.0,0,0.0,50.29,,4.599,,0.9997,0.9869,1.5992,2.8e-05,893.7,2325.59,0.0,6.6914
통화 7751-0017.wav,Crop_10pct,1.0,-1.0,0,0.0,49.07,,4.58,,0.9997,0.6443,1.2384,2.8e-05,893.7,2325.59,0.0,6.6914
통화 7751-0017.wav,TSM_1.1x,1.0,-1.0,0,0.0,,,1.568,,,,,2.8e-05,893.7,2325.59,0.0,6.6914
통화 7751-0017.wav,AWGN_30dB,1.0,-1.0,0,0.0,29.86,,1.955,,0.9959,1.3292,2.2705,2.8e-05,893.7,2325.59,0.0,6.6914
통화 7751-0017.wav,Limiter,1.0,-1.0,0,0.0,50.29,,4.599,,0.9997,0.7311,1.4086,2.8e-05,893.7,2325.59,0.0,6.6914
통화 7751-0017.wav,Opus_64kbps,1.0,-1.0,0,0.0,24.38,,4.164,,0.9929,1.2972,2.2219,2.8e-05,893.7,2325.59,0.0,6.6914
통화 7751-0017.wav,Opus_32kbps,1.0,-1.0,0,0.0,19.07,,3.458,,0.9748,1.3577,2.2987,2.8e-05,893.7,2325.59,0.0,6.6914
통화 7751-0017.wav,AAC_128kbps,1.0,-1.0,0,0.0,42.31,,3.485,,0.9991,1.2763,2.1684,2.8e-05,893.7,2325.59,0.0,6.6914
통화 7751-0017.wav,TelephoneFilter,1.0,-1.0,0,0.0,-6.71,,4.153,,0.468,1.4446,2.2317,2.8e-05,893.7,2325.59,0.0,6.6914
통화 7751-0017.wav,EnCodec_6kbps,1.0,-1.0,0,0.0,4.02,,1.769,,0.5788,1.5308,2.3025,2.8e-05,893.7,2325.59,0.0,6.6914
통화 7751-0017.wav,DAC,1.0,-1.0,0,0.0,-9.17,,3.183,,0.3215,1.4583,2.1579,2.8e-05,893.7,2325.59,0.0,6.6914
통화 7751-0024.wav,NoAttack,1.0,-1.0,0,0.0,50.25,,4.631,,0.9998,0.782,1.53,4.3e-05,1032.07,2067.19,0.0,6.0652
통화 7751-0024.wav,MP3_128kbps,1.0,-1.0,0,0.0,48.29,,4.518,,0.9996,1.2767,2.141,4.3e-05,1032.07,2067.19,0.0,6.0652
통화 7751-0024.wav,MP3_320kbps,1.0,-1.0,0,0.0,50.07,,4.581,,0.9997,1.2623,2.1147,4.3e-05,1032.07,2067.19,0.0,6.0652
통화 7751-0024.wav,Resample_44100-16000RT,1.0,-1.0,0,0.0,50.25,,4.631,,0.9997,1.0434,1.7376,4.3e-05,1032.07,2067.19,0.0,6.0652
통화 7751-0024.wav,Crop_10pct,1.0,-1.0,0,0.0,50.54,,4.63,,0.9998,0.6525,1.2656,4.3e-05,1032.07,2067.19,0.0,6.0652
통화 7751-0024.wav,TSM_1.1x,1.0,-1.0,0,0.0,,,1.802,,,,,4.3e-05,1032.07,2067.19,0.0,6.0652
통화 7751-0024.wav,AWGN_30dB,1.0,-1.0,0,0.0,29.96,,2.045,,0.9961,1.3305,2.258,4.3e-05,1032.07,2067.19,0.0,6.0652
통화 7751-0024.wav,Limiter,1.0,-1.0,0,0.0,50.25,,4.631,,0.9998,0.782,1.53,4.3e-05,1032.07,2067.19,0.0,6.0652
통화 7751-0024.wav,Opus_64kbps,1.0,-1.0,0,0.0,23.27,,4.451,,0.991,1.292,2.2122,4.3e-05,1032.07,2067.19,0.0,6.0652
통화 7751-0024.wav,Opus_32kbps,1.0,-1.0,0,0.0,18.54,,3.768,,0.971,1.3301,2.287,4.3e-05,1032.07,2067.19,0.0,6.0652
통화 7751-0024.wav,AAC_128kbps,1.0,-1.0,0,0.0,43.37,,4.365,,0.9995,1.2638,2.1404,4.3e-05,1032.07,2067.19,0.0,6.0652
통화 7751-0024.wav,TelephoneFilter,1.0,-1.0,0,0.0,0.33,,4.257,,0.594,1.4491,2.2341,4.3e-05,1032.07,2067.19,0.0,6.0652
통화 7751-0024.wav,EnCodec_6kbps,1.0,-1.0,0,0.0,5.19,,2.139,,0.607,1.4813,2.3672,4.3e-05,1032.07,2067.19,0.0,6.0652
통화 7751-0024.wav,DAC,1.0,-1.0,0,0.0,-15.48,,3.657,,0.3332,1.5071,2.2179,4.3e-05,1032.07,2067.19,0.0,6.0652
통화 7755-0009.wav,NoAttack,1.0,-1.0,0,0.0,50.17,,4.633,,0.9997,0.7773,1.5324,4e-06,862.01,1894.92,0.0,4.7604
통화 7755-0009.wav,MP3_128kbps,1.0,-1.0,0,0.0,48.2,,3.886,,0.9996,1.3047,2.1741,4e-06,862.01,1894.92,0.0,4.7604
통화 7755-0009.wav,MP3_320kbps,1.0,-1.0,0,0.0,49.62,,4.22,,0.9997,1.3013,2.1839,4e-06,862.01,1894.92,0.0,4.7604
통화 7755-0009.wav,Resample_44100-16000RT,1.0,-1.0,0,0.0,50.17,,4.633,,0.9997,1.0352,1.7014,4e-06,862.01,1894.92,0.0,4.7604
통화 7755-0009.wav,Crop_10pct,1.0,-1.0,0,0.0,50.21,,4.63,,0.9997,0.7155,1.4012,4e-06,862.01,1894.92,0.0,4.7604
통화 7755-0009.wav,TSM_1.1x,1.0,-1.0,0,0.0,,,1.183,,,,,4e-06,862.01,1894.92,0.0,4.7604
통화 7755-0009.wav,AWGN_30dB,1.0,-1.0,0,0.0,29.97,,1.742,,0.9954,1.3502,2.2642,4e-06,862.01,1894.92,0.0,4.7604
통화 7755-0009.wav,Limiter,1.0,-1.0,0,0.0,50.17,,4.633,,0.9997,0.7773,1.5324,4e-06,862.01,1894.92,0.0,4.7604
통화 7755-0009.wav,Opus_64kbps,1.0,-1.0,0,0.0,24.33,,3.664,,0.9884,1.3317,2.2754,4e-06,862.01,1894.92,0.0,4.7604
통화 7755-0009.wav,Opus_32kbps,1.0,-1.0,0,0.0,20.26,,2.839,,0.967,1.3788,2.3307,4e-06,862.01,1894.92,0.0,4.7604
통화 7755-0009.wav,AAC_128kbps,1.0,-1.0,0,0.0,45.34,,3.919,,0.9995,1.3078,2.1978,4e-06,862.01,1894.92,0.0,4.7604
통화 7755-0009.wav,TelephoneFilter,1.0,-1.0,0,0.0,-13.9,,3.589,,0.4984,1.4652,2.2859,4e-06,862.01,1894.92,0.0,4.7604
통화 7755-0009.wav,EnCodec_6kbps,1.0,-1.0,0,0.0,6.51,,1.257,,0.5725,1.4967,2.3481,4e-06,862.01,1894.92,0.0,4.7604
통화 7755-0009.wav,DAC,1.0,-1.0,0,0.0,-4.63,,1.694,,0.4363,1.5272,2.2229,4e-06,862.01,1894.92,0.0,4.7604
통화 7755-0016.wav,NoAttack,1.0,-1.0,0,0.0,49.79,,4.409,,0.9997,0.7792,1.4801,2e-05,907.63,1981.05,0.0,6.4096
통화 7755-0016.wav,MP3_128kbps,1.0,-1.0,0,0.0,38.41,,4.181,,0.9992,1.2656,2.1112,2e-05,907.63,1981.05,0.0,6.4096
통화 7755-0016.wav,MP3_320kbps,1.0,-1.0,0,0.0,49.38,,4.337,,0.9997,1.2698,2.0903,2e-05,907.63,1981.05,0.0,6.4096
통화 7755-0016.wav,Resample_44100-16000RT,1.0,-1.0,0,0.0,49.62,,4.412,,0.9997,1.0291,1.6838,2e-05,907.63,1981.05,0.0,6.4096
통화 7755-0016.wav,Crop_10pct,1.0,-1.0,0,0.0,50.27,,4.38,,0.9998,0.7216,1.3755,2e-05,907.63,1981.05,0.0,6.4096
통화 7755-0016.wav,TSM_1.1x,1.0,-1.0,0,0.0,,,1.595,,,,,2e-05,907.63,1981.05,0.0,6.4096
통화 7755-0016.wav,AWGN_30dB,1.0,-1.0,0,0.0,30.02,,1.94,,0.9953,1.3151,2.2323,2e-05,907.63,1981.05,0.0,6.4096
통화 7755-0016.wav,Limiter,1.0,-1.0,0,0.0,49.79,,4.409,,0.9997,0.7792,1.4801,2e-05,907.63,1981.05,0.0,6.4096
통화 7755-0016.wav,Opus_64kbps,1.0,-1.0,0,0.0,25.35,,3.952,,0.9919,1.2867,2.1851,2e-05,907.63,1981.05,0.0,6.4096
통화 7755-0016.wav,Opus_32kbps,1.0,-1.0,0,0.0,18.07,,3.291,,0.9691,1.3417,2.3089,2e-05,907.63,1981.05,0.0,6.4096
통화 7755-0016.wav,AAC_128kbps,1.0,-1.0,0,0.0,36.45,,3.823,,0.9992,1.2686,2.1226,2e-05,907.63,1981.05,0.0,6.4096
통화 7755-0016.wav,TelephoneFilter,1.0,-1.0,0,0.0,-5.7,,3.991,,0.5062,1.4324,2.2007,2e-05,907.63,1981.05,0.0,6.4096
통화 7755-0016.wav,EnCodec_6kbps,1.0,-1.0,0,0.0,4.86,,1.697,,0.5833,1.563,2.3913,2e-05,907.63,1981.05,0.0,6.4096
통화 7755-0016.wav,DAC,1.0,-1.0,0,0.0,-11.71,,2.986,,0.3702,1.5052,2.2241,2e-05,907.63,1981.05,0.0,6.4096
통화 7756-0007.wav,NoAttack,1.0,-1.0,0,0.0,50.37,,4.506,,0.9998,0.7593,1.4626,0.00012,1002.0,2368.65,0.0,6.3915
통화 7756-0007.wav,MP3_128kbps,1.0,-1.0,0,0.0,45.87,,4.111,,0.9995,1.2703,2.1283,0.00012,1002.0,2368.65,0.0,6.3915
통화 7756-0007.wav,MP3_320kbps,1.0,-1.0,0,0.0,49.89,,4.376,,0.9997,1.2603,2.1289,0.00012,1002.0,2368.65,0.0,6.3915
통화 7756-0007.wav,Resample_44100-16000RT,1.0,-1.0,0,0.0,50.27,,4.51,,0.9997,1.0106,1.6601,0.00012,1002.0,2368.65,0.0,6.3915
통화 7756-0007.wav,Crop_10pct,1.0,-1.0,0,0.0,50.21,,4.51,,0.9998,0.7032,1.3449,0.00012,1002.0,2368.65,0.0,6.3915
통화 7756-0007.wav,TSM_1.1x,1.0,-1.0,0,0.0,,,1.389,,,,,0.00012,1002.0,2368.65,0.0,6.3915
통화 7756-0007.wav,AWGN_30dB,1.0,-1.0,0,0.0,29.93,,1.835,,0.9954,1.3262,2.2478,0.00012,1002.0,2368.65,0.0,6.3915
통화 7756-0007.wav,Limiter,1.0,-1.0,0,0.0,50.37,,4.506,,0.9998,0.7593,1.4626,0.00012,1002.0,2368.65,0.0,6.3915
통화 7756-0007.wav,Opus_64kbps,1.0,-1.0,0,0.0,25.52,,3.884,,0.9907,1.2926,2.1974,0.00012,1002.0,2368.65,0.0,6.3915
통화 7756-0007.wav,Opus_32kbps,1.0,-1.0,0,0.0,19.16,,3.155,,0.9685,1.3298,2.2837,0.00012,1002.0,2368.65,0.0,6.3915
통화 7756-0007.wav,AAC_128kbps,1.0,-1.0,0,0.0,43.93,,4.032,,0.9994,1.2776,2.1345,0.00012,1002.0,2368.65,0.0,6.3915
통화 7756-0007.wav,TelephoneFilter,1.0,-1.0,0,0.0,-7.67,,3.913,,0.4907,1.4373,2.2056,0.00012,1002.0,2368.65,0.0,6.3915
통화 7756-0007.wav,EnCodec_6kbps,1.0,-1.0,0,0.0,5.64,,1.754,,0.5547,1.4888,2.3479,0.00012,1002.0,2368.65,0.0,6.3915
통화 7756-0007.wav,DAC,1.0,-1.0,0,0.0,-8.64,,2.874,,0.3541,1.512,2.2414,0.00012,1002.0,2368.65,0.0,6.3915
통화 7756-0014.wav,NoAttack,1.0,-1.0,0,0.0,50.15,,4.621,,0.9997,0.8286,1.5243,0.000117,1010.23,2670.12,0.0,7.5598
통화 7756-0014.wav,MP3_128kbps,1.0,-1.0,0,0.0,48.23,,4.481,,0.9996,1.2732,2.1266,0.000117,1010.23,2670.12,0.0,7.5598
통화 7756-0014.wav,MP3_320kbps,1.0,-1.0,0,0.0,49.92,,4.559,,0.9996,1.2648,2.1193,0.000117,1010.23,2670.12,0.0,7.5598
통화 7756-0014.wav,Resample_44100-16000RT,1.0,-1.0,0,0.0,50.12,,4.621,,0.9997,1.0474,1.7057,0.000117,1010.23,2670.12,0.0,7.5598
통화 7756-0014.wav,Crop_10pct,1.0,-1.0,0,0.0,50.67,,4.634,,0.9998,0.7788,1.439,0.000117,1010.23,2670.12,0.0,7.5598
통화 7756-0014.wav,TSM_1.1x,1.0,-1.0,0,0.0,,,1.423,,,,,0.000117,1010.23,2670.12,0.0,7.5598
통화 7756-0014.wav,AWGN_30dB,1.0,-1.0,0,0.0,29.95,,1.905,,0.9953,1.3271,2.2608,0.000117,1010.23,2670.12,0.0,7.5598
통화 7756-0014.wav,Limiter,1.0,-1.0,0,0.0,50.15,,4.621,,0.9997,0.8286,1.5243,0.000117,1010.23,2670.12,0.0,7.5598
통화 7756-0014.wav,Opus_64kbps,1.0,-1.0,0,0.0,24.92,,4.352,,0.9927,1.3043,2.2078,0.000117,1010.23,2670.12,0.0,7.5598
통화 7756-0014.wav,Opus_32kbps,1.0,-1.0,0,0.0,18.71,,3.59,,0.9705,1.3276,2.2726,0.000117,1010.23,2670.12,0.0,7.5598
통화 7756-0014.wav,AAC_128kbps,1.0,-1.0,0,0.0,43.42,,3.831,,0.9992,1.2769,2.1268,0.000117,1010.23,2670.12,0.0,7.5598
통화 7756-0014.wav,TelephoneFilter,1.0,-1.0,0,0.0,-1.71,,4.152,,0.5269,1.4587,2.1837,0.000117,1010.23,2670.12,0.0,7.5598
통화 7756-0014.wav,EnCodec_6kbps,1.0,-1.0,0,0.0,4.0,,1.848,,0.5754,1.5687,2.3643,0.000117,1010.23,2670.12,0.0,7.5598
통화 7756-0014.wav,DAC,1.0,-1.0,0,0.0,-34.79,,3.441,,0.2724,1.6088,2.2317,0.000117,1010.23,2670.12,0.0,7.5598
통화 7756-0030.wav,NoAttack,1.0,-1.0,0,0.0,50.34,,4.569,,0.9998,0.7602,1.4809,5.3e-05,946.79,2024.12,0.0,6.6072
통화 7756-0030.wav,MP3_128kbps,1.0,-1.0,0,0.0,45.86,,3.987,,0.9995,1.2666,2.1316,5.3e-05,946.79,2024.12,0.0,6.6072
통화 7756-0030.wav,MP3_320kbps,1.0,-1.0,0,0.0,49.62,,4.32,,0.9996,1.2584,2.1151,5.3e-05,946.79,2024.12,0.0,6.6072
통화 7756-0030.wav,Resample_44100-16000RT,1.0,-1.0,0,0.0,50.3,,4.572,,0.9997,1.0216,1.6914,5.3e-05,946.79,2024.12,0.0,6.6072
통화 7756-0030.wav,Crop_10pct,1.0,-1.0,0,0.0,50.35,,4.564,,0.9998,0.6881,1.371,5.3e-05,946.79,2024.12,0.0,6.6072
통화 7756-0030.wav,TSM_1.1x,1.0,-1.0,0,0.0,,,1.542,,,,,5.3e-05,946.79,2024.12,0.0,6.6072
통화 7756-0030.wav,AWGN_30dB,1.0,-1.0,0,0.0,29.94,,1.871,,0.9954,1.3246,2.242,5.3e-05,946.79,2024.12,0.0,6.6072
통화 7756-0030.wav,Limiter,1.0,-1.0,0,0.0,50.34,,4.569,,0.9998,0.7602,1.4809,5.3e-05,946.79,2024.12,0.0,6.6072
통화 7756-0030.wav,Opus_64kbps,1.0,-1.0,0,0.0,24.8,,3.821,,0.9904,1.2943,2.2104,5.3e-05,946.79,2024.12,0.0,6.6072
통화 7756-0030.wav,Opus_32kbps,1.0,-1.0,0,0.0,19.68,,3.161,,0.9657,1.3503,2.3084,5.3e-05,946.79,2024.12,0.0,6.6072
통화 7756-0030.wav,AAC_128kbps,1.0,-1.0,0,0.0,41.1,,3.946,,0.9992,1.276,2.1455,5.3e-05,946.79,2024.12,0.0,6.6072
통화 7756-0030.wav,TelephoneFilter,1.0,-1.0,0,0.0,-7.34,,3.889,,0.5017,1.4468,2.2474,5.3e-05,946.79,2024.12,0.0,6.6072
통화 7756-0030.wav,EnCodec_6kbps,1.0,-1.0,0,0.0,6.23,,1.693,,0.58,1.5531,2.3746,5.3e-05,946.79,2024.12,0.0,6.6072
통화 7756-0030.wav,DAC,1.0,-1.0,0,0.0,-9.75,,2.874,,0.4231,1.5374,2.2317,5.3e-05,946.79,2024.12,0.0,6.6072
통화 7761-0025.wav,NoAttack,1.0,-1.0,0,0.0,49.45,,4.605,,0.9996,0.7627,1.4503,1.6e-05,930.08,1679.59,0.0,5.4498
통화 7761-0025.wav,MP3_128kbps,1.0,-1.0,0,0.0,47.83,,4.247,,0.9994,1.2821,2.1289,1.6e-05,930.08,1679.59,0.0,5.4498
통화 7761-0025.wav,MP3_320kbps,1.0,-1.0,0,0.0,49.22,,4.475,,0.9995,1.2728,2.1181,1.6e-05,930.08,1679.59,0.0,5.4498
통화 7761-0025.wav,Resample_44100-16000RT,1.0,-1.0,0,0.0,49.45,,4.605,,0.9996,1.0017,1.6396,1.6e-05,930.08,1679.59,0.0,5.4498
통화 7761-0025.wav,Crop_10pct,1.0,-1.0,0,0.0,49.53,,4.6,,0.9997,0.7149,1.3587,1.6e-05,930.08,1679.59,0.0,5.4498
통화 7761-0025.wav,TSM_1.1x,1.0,-1.0,0,0.0,,,1.395,,,,,1.6e-05,930.08,1679.59,0.0,5.4498
통화 7761-0025.wav,AWGN_30dB,1.0,-1.0,0,0.0,29.9,,1.742,,0.9937,1.3344,2.2693,1.6e-05,930.08,1679.59,0.0,5.4498
통화 7761-0025.wav,Limiter,1.0,-1.0,0,0.0,49.45,,4.605,,0.9996,0.7627,1.4503,1.6e-05,930.08,1679.59,0.0,5.4498
통화 7761-0025.wav,Opus_64kbps,1.0,-1.0,0,0.0,24.22,,4.064,,0.9902,1.3068,2.2142,1.6e-05,930.08,1679.59,0.0,5.4498
통화 7761-0025.wav,Opus_32kbps,1.0,-1.0,0,0.0,20.25,,3.162,,0.9714,1.3524,2.3153,1.6e-05,930.08,1679.59,0.0,5.4498
통화 7761-0025.wav,AAC_128kbps,1.0,-1.0,0,0.0,45.69,,4.188,,0.9993,1.2871,2.15,1.6e-05,930.08,1679.59,0.0,5.4498
통화 7761-0025.wav,TelephoneFilter,1.0,-1.0,0,0.0,-8.99,,4.004,,0.5752,1.4274,2.2633,1.6e-05,930.08,1679.59,0.0,5.4498
통화 7761-0025.wav,EnCodec_6kbps,1.0,-1.0,0,0.0,8.21,,1.783,,0.6483,1.5677,2.3308,1.6e-05,930.08,1679.59,0.0,5.4498
통화 7761-0025.wav,DAC,1.0,-1.0,0,0.0,-9.26,,3.101,,0.3162,1.5431,2.2022,1.6e-05,930.08,1679.59,0.0,5.4498
통화 7763-0020.wav,NoAttack,1.0,-1.0,0,0.0,51.29,,4.526,,0.9999,0.7512,1.4678,1.4e-05,1004.17,2799.32,0.0,5.8016
통화 7763-0020.wav,MP3_128kbps,1.0,-1.0,0,0.0,41.63,,2.716,,0.9994,1.2802,2.1717,1.4e-05,1004.17,2799.32,0.0,5.8016
통화 7763-0020.wav,MP3_320kbps,1.0,-1.0,0,0.0,46.02,,3.15,,0.9996,1.2779,2.1582,1.4e-05,1004.17,2799.32,0.0,5.8016
통화 7763-0020.wav,Resample_44100-16000RT,1.0,-1.0,0,0.0,51.27,,4.529,,0.9999,1.0042,1.6755,1.4e-05,1004.17,2799.32,0.0,5.8016
통화 7763-0020.wav,Crop_10pct,1.0,-1.0,0,0.0,51.6,,4.529,,0.9999,0.7019,1.3643,1.4e-05,1004.17,2799.32,0.0,5.8016
통화 7763-0020.wav,TSM_1.1x,1.0,-1.0,0,0.0,,,1.321,,,,,1.4e-05,1004.17,2799.32,0.0,5.8016
통화 7763-0020.wav,AWGN_30dB,1.0,-1.0,0,0.0,29.98,,1.832,,0.9984,1.304,2.2108,1.4e-05,1004.17,2799.32,0.0,5.8016
통화 7763-0020.wav,Limiter,1.0,-1.0,0,0.0,51.29,,4.526,,0.9999,0.7512,1.4678,1.4e-05,1004.17,2799.32,0.0,5.8016
통화 7763-0020.wav,Opus_64kbps,1.0,-1.0,0,0.0,20.83,,2.608,,0.9849,1.3287,2.2581,1.4e-05,1004.17,2799.32,0.0,5.8016
통화 7763-0020.wav,Opus_32kbps,1.0,-1.0,0,0.0,13.39,,2.262,,0.9305,1.3562,2.3718,1.4e-05,1004.17,2799.32,0.0,5.8016
통화 7763-0020.wav,AAC_128kbps,1.0,-1.0,0,0.0,36.47,,2.737,,0.999,1.287,2.1883,1.4e-05,1004.17,2799.32,0.0,5.8016
통화 7763-0020.wav,TelephoneFilter,1.0,-1.0,0,0.0,-11.0,,2.617,,0.4094,1.4269,2.2409,1.4e-05,1004.17,2799.32,0.0,5.8016
통화 7763-0020.wav,EnCodec_6kbps,1.0,-1.0,0,0.0,1.34,,1.218,,0.3659,1.5552,2.441,1.4e-05,1004.17,2799.32,0.0,5.8016
통화 7763-0020.wav,DAC,1.0,-1.0,0,0.0,-5.02,,2.1,,0.298,1.5175,2.2795,1.4e-05,1004.17,2799.32,0.0,5.8016
